<?xml version="1.0" encoding="UTF-8" ?>
<fiche_emploi_metier>
<type_fiche>2</type_fiche>
<libelle_type_fiche>priorise</libelle_type_fiche>
<version_SI>
<version_rome>333</version_rome>
<date_version_si>01/10/2017</date_version_si>
<mois_version_si>Octobre</mois_version_si>
<annee_version_si>2017</annee_version_si>
</version_SI>
<bloc_code_rome>
<code_rome>A1101</code_rome>
<intitule>Conduite d&#0039;engins agricoles et forestiers</intitule>
<code_ogr>6</code_ogr>
<riasec_majeur>R</riasec_majeur>
<riasec_mineur>i</riasec_mineur>
</bloc_code_rome>
<bloc_appellation nbItemAppellation="21">
<item_app>
<code_ogr>11987</code_ogr>
<libelle>Chauffeur / Chauffeuse de machines agricoles</libelle>
<libelle_court>Chauffeur / Chauffeuse de machines agricoles</libelle_court>
<priorisation>1</priorisation>
</item_app>
<item_app>
<code_ogr>12862</code_ogr>
<libelle>Conducteur / Conductrice d&#0039;abatteuses</libelle>
<libelle_court>Conducteur / Conductrice d&#0039;abatteuses</libelle_court>
<priorisation>1</priorisation>
</item_app>
<item_app>
<code_ogr>38874</code_ogr>
<libelle>Conducteur / Conductrice d&#0039;automoteur de r&#0233;colte</libelle>
<libelle_court>Conducteur / Conductrice d&#0039;automoteur de r&#0233;colte</libelle_court>
<priorisation>1</priorisation>
</item_app>
<item_app>
<code_ogr>13232</code_ogr>
<libelle>Conducteur / Conductrice de machines &#0224; vendanger</libelle>
<libelle_court>Conducteur / Conductrice de machines &#0224; vendanger</libelle_court>
<priorisation>1</priorisation>
</item_app>
<item_app>
<code_ogr>38878</code_ogr>
<libelle>Conducteur / Conductrice de mat&#0233;riels de semis</libelle>
<libelle_court>Conducteur / Conductrice de mat&#0233;riels de semis</libelle_court>
<priorisation>1</priorisation>
</item_app>
<item_app>
<code_ogr>38875</code_ogr>
<libelle>Conducteur / Conductrice de pulv&#0233;risateur</libelle>
<libelle_court>Conducteur / Conductrice de pulv&#0233;risateur</libelle_court>
<priorisation>1</priorisation>
</item_app>
<item_app>
<code_ogr>13197</code_ogr>
<libelle>Conducteur / Conductrice de t&#0234;te d&#0039;abattage</libelle>
<libelle_court>Conducteur / Conductrice  de t&#0234;te d&#0039;abattage</libelle_court>
<priorisation>1</priorisation>
</item_app>
<item_app>
<code_ogr>13201</code_ogr>
<libelle>Conducteur / Conductrice de tracteur</libelle>
<libelle_court>Conducteur / Conductrice de tracteur</libelle_court>
<priorisation>1</priorisation>
</item_app>
<item_app>
<code_ogr>38879</code_ogr>
<libelle>Conducteur / Conductrice de tracto-benne</libelle>
<libelle_court>Conducteur / Conductrice de tracto-benne</libelle_court>
<priorisation>1</priorisation>
</item_app>
<item_app>
<code_ogr>13248</code_ogr>
<libelle>Conducteur / Conductrice d&#0039;engins de d&#0233;bardage</libelle>
<libelle_court>Conducteur / Conductrice d&#0039;engins de d&#0233;bardage</libelle_court>
<priorisation>1</priorisation>
</item_app>
<item_app>
<code_ogr>13254</code_ogr>
<libelle>Conducteur / Conductrice d&#0039;engins d&#0039;exploitation agricole</libelle>
<libelle_court>Conducteur / Conductrice d&#0039;engins d&#0039;exploitation agricole</libelle_court>
<priorisation>1</priorisation>
</item_app>
<item_app>
<code_ogr>13255</code_ogr>
<libelle>Conducteur / Conductrice d&#0039;engins d&#0039;exploitation foresti&#0232;re</libelle>
<libelle_court>Conducteur / Conductrice d&#0039;engins d&#0039;exploitation foresti&#0232;re</libelle_court>
<priorisation>1</priorisation>
</item_app>
<item_app>
<code_ogr>13256</code_ogr>
<libelle>Conducteur / Conductrice d&#0039;engins forestiers</libelle>
<libelle_court>Conducteur / Conductrice d&#0039;engins forestiers</libelle_court>
<priorisation>1</priorisation>
</item_app>
<item_app>
<code_ogr>38877</code_ogr>
<libelle>Conducteur / Conductrice d&#0039;&#0233;pareuse</libelle>
<libelle_court>Conducteur / Conductrice d&#0039;&#0233;pareuse</libelle_court>
<priorisation>1</priorisation>
</item_app>
<item_app>
<code_ogr>13886</code_ogr>
<libelle>D&#0233;bardeur / D&#0233;bardeuse</libelle>
<libelle_court>D&#0233;bardeur / D&#0233;bardeuse</libelle_court>
<priorisation>1</priorisation>
</item_app>
<item_app>
<code_ogr>13887</code_ogr>
<libelle>D&#0233;bardeur forestier / D&#0233;bardeuse foresti&#0232;re</libelle>
<libelle_court>D&#0233;bardeur forestier / D&#0233;bardeuse foresti&#0232;re</libelle_court>
<priorisation>1</priorisation>
</item_app>
<item_app>
<code_ogr>17055</code_ogr>
<libelle>Op&#0233;rateur / Op&#0233;ratrice d&#0039;abatteuse</libelle>
<libelle_court>Op&#0233;rateur / Op&#0233;ratrice d&#0039;abatteuse</libelle_court>
<priorisation>1</priorisation>
</item_app>
<item_app>
<code_ogr>38876</code_ogr>
<libelle>Op&#0233;rateur / Op&#0233;ratrice d&#0039;&#0233;pandage</libelle>
<libelle_court>Op&#0233;rateur / Op&#0233;ratrice d&#0039;&#0233;pandage</libelle_court>
<priorisation>1</priorisation>
</item_app>
<item_app>
<code_ogr>17751</code_ogr>
<libelle>Pilote de machines d&#0039;abattage</libelle>
<libelle_court>Pilote de machines d&#0039;abattage</libelle_court>
<priorisation>1</priorisation>
</item_app>
<item_app>
<code_ogr>20404</code_ogr>
<libelle>Tractoriste agricole</libelle>
<libelle_court>Tractoriste agricole</libelle_court>
<priorisation>1</priorisation>
</item_app>
<item_app>
<code_ogr>20405</code_ogr>
<libelle>Tractoriste forestier / Tractoriste foresti&#0232;re</libelle>
<libelle_court>Tractoriste forestier / Tractoriste foresti&#0232;re</libelle_court>
<priorisation>1</priorisation>
</item_app>
</bloc_appellation>
<definition nbItemDefinition="1">
R&#0233;alise des travaux m&#0233;canis&#0233;s agricoles, sylvicoles ou forestiers (pr&#0233;paration des sols, semis, r&#0233;colte, abattage d&#0039;arbres, ...) selon les objectifs de production (quantit&#0233;, qualit&#0233;, ...), la commande du client, les r&#0232;gles d&#0039;hygi&#0232;ne, de s&#0233;curit&#0233; et la r&#0233;glementation environnementale.
</definition>
<acces_emploi_metier nbItemAccesEmploiMetier="5">
Cet emploi/m&#0233;tier est accessible avec un CAP/BEP dans le secteur agricole (production agricole, agro&#0233;quipement, ...) ou forestier (travaux forestiers, ...).
Il est &#0233;galement accessible avec une exp&#0233;rience professionnelle dans le m&#0234;me secteur sans dipl&#0244;me particulier.
Un Certificat de Sp&#0233;cialisation Agricole -CSA- tracteurs et machines agricoles (utilisation et maintenance) peut en faciliter l&#0039;acc&#0232;s.
Un Bac ou un BTS peut &#0234;tre demand&#0233; selon la technicit&#0233; des engins utilis&#0233;s.
Les permis C, C1, CE, C1E (pr&#0233;c&#0233;demment C et EC) peuvent &#0234;tre requis.
</acces_emploi_metier>
<condition_exercice_activite nbItemConditionExercice="5">
L&#0039;activit&#0233; de cet emploi/m&#0233;tier s&#0039;exerce au sein de structures agricoles (exploitation, Entreprise de Travaux Agricoles -ETA-, Coop&#0233;rative d&#0039;Utilisation du Mat&#0233;riel Agricole -CUMA-, ...) ou foresti&#0232;res (p&#0233;pini&#0232;res foresti&#0232;res, Entreprises de Travaux Forestiers - ETF, exploitations foresti&#0232;res, ...), en contact avec diff&#0233;rents intervenants (techniciens de coop&#0233;ratives, clients, ...).
Elle varie selon le secteur (agricole, forestier), le type d&#0039;&#0233;quipement et le degr&#0233; de m&#0233;canisation de la structure.
L&#0039;activit&#0233; peut impliquer la manipulation de charges.
Le port d&#0039;Equipements de Protection Individuelle -EPI- (casque anti-bruit, lunettes, pantalon de s&#0233;curit&#0233;, ...) peut &#0234;tre exig&#0233;.
Cet emploi/m&#0233;tier peut s&#0039;exercer en horaires fractionn&#0233;s, en soir&#0233;e, les fins de semaines, jours f&#0233;ri&#0233;s et &#0234;tre soumis &#0224; des pics d&#0039;activit&#0233;.
</condition_exercice_activite>
<bloc_environnement_de_travail nbItemEnvTrav="8">
<item_env>
<code_ogr>23833</code_ogr>
<libelle>Coop&#0233;rative agricole</libelle>
<code_type_section_env>1</code_type_section_env>
<priorisation>1</priorisation>
</item_env>
<item_env>
<code_ogr>23902</code_ogr>
<libelle>Entreprise de travaux agricoles</libelle>
<code_type_section_env>1</code_type_section_env>
<priorisation>1</priorisation>
</item_env>
<item_env>
<code_ogr>23904</code_ogr>
<libelle>Entreprise de travaux forestiers</libelle>
<code_type_section_env>1</code_type_section_env>
<priorisation>1</priorisation>
</item_env>
<item_env>
<code_ogr>23929</code_ogr>
<libelle>Exploitation agricole</libelle>
<code_type_section_env>1</code_type_section_env>
<priorisation>1</priorisation>
</item_env>
<item_env>
<code_ogr>23932</code_ogr>
<libelle>Exploitation foresti&#0232;re</libelle>
<code_type_section_env>1</code_type_section_env>
<priorisation>1</priorisation>
</item_env>
<item_env>
<code_ogr>23933</code_ogr>
<libelle>Exploitation viticole / vinicole</libelle>
<code_type_section_env>1</code_type_section_env>
<priorisation>1</priorisation>
</item_env>
<item_env>
<code_ogr>24033</code_ogr>
<libelle>P&#0233;pini&#0232;re</libelle>
<code_type_section_env>1</code_type_section_env>
<priorisation>1</priorisation>
</item_env>
<item_env>
<code_ogr>24844</code_ogr>
<libelle>Travail en ind&#0233;pendant</libelle>
<code_type_section_env>3</code_type_section_env>
<priorisation>1</priorisation>
</item_env>
</bloc_environnement_de_travail>
<bloc_activites_de_base nbBlocActiviteBase="1">
<activites_de_base nbItemActivite_AB="8">
<item_ab>
<code_ogr>125978</code_ogr>
<libelle>Pr&#0233;parer le mat&#0233;riel, les mat&#0233;riaux et les outillages</libelle>
<code_type_activite>3</code_type_activite>
<code_type_item_activite>2</code_type_item_activite>
<position_item>1</position_item>
<priorisation>1</priorisation>
<riasec_majeur>R</riasec_majeur>
</item_ab>
<item_ab>
<code_ogr>122704</code_ogr>
<libelle>Identifier le type d&#0039;intervention</libelle>
<code_type_activite>3</code_type_activite>
<code_type_item_activite>2</code_type_item_activite>
<position_item>2</position_item>
<priorisation>1</priorisation>
<riasec_majeur>R</riasec_majeur>
</item_ab>
<item_ab>
<code_ogr>122564</code_ogr>
<libelle>S&#0233;curiser un &#0233;quipement</libelle>
<code_type_activite>3</code_type_activite>
<code_type_item_activite>2</code_type_item_activite>
<position_item>3</position_item>
<priorisation>1</priorisation>
<riasec_majeur>R</riasec_majeur>
</item_ab>
<item_ab>
<code_ogr>122563</code_ogr>
<libelle>Atteler un &#0233;quipement</libelle>
<code_type_activite>3</code_type_activite>
<code_type_item_activite>2</code_type_item_activite>
<position_item>4</position_item>
<priorisation>1</priorisation>
<riasec_majeur>R</riasec_majeur>
</item_ab>
<item_ab>
<code_ogr>100003</code_ogr>
<libelle>Conduire les engins agricoles vers le lieu de production (champs, for&#0234;t), de stockage, de livraison (fermes, coop&#0233;ratives)</libelle>
<code_type_activite>3</code_type_activite>
<code_type_item_activite>2</code_type_item_activite>
<position_item>5</position_item>
<priorisation>1</priorisation>
<riasec_majeur>R</riasec_majeur>
</item_ab>
<item_ab>
<code_ogr>123536</code_ogr>
<libelle>Mat&#0233;rialiser une implantation de parcelle ou de passage</libelle>
<code_type_activite>3</code_type_activite>
<code_type_item_activite>2</code_type_item_activite>
<position_item>6</position_item>
<priorisation>1</priorisation>
<riasec_majeur>R</riasec_majeur>
</item_ab>
<item_ab>
<code_ogr>121951</code_ogr>
<libelle>Approvisionner des engins d&#0039;exploitation</libelle>
<code_type_activite>3</code_type_activite>
<code_type_item_activite>2</code_type_item_activite>
<position_item>7</position_item>
<priorisation>1</priorisation>
<riasec_majeur>R</riasec_majeur>
</item_ab>
<item_ab>
<code_ogr>125816</code_ogr>
<libelle>R&#0233;aliser une op&#0233;ration de maintenance</libelle>
<code_type_activite>3</code_type_activite>
<code_type_item_activite>2</code_type_item_activite>
<position_item>8</position_item>
<priorisation>1</priorisation>
<riasec_majeur>R</riasec_majeur>
</item_ab>
</activites_de_base>
<savoir_theorique_et_proceduraux nbItemSTP_AB="17">
<item_ab_stp>
<code_ogr>116765</code_ogr>
<libelle>Proc&#0233;dures de maintenance de mat&#0233;riel</libelle>
<code_type_competence>1</code_type_competence>
<position_item>1</position_item>
<priorisation>1</priorisation>
</item_ab_stp>
<item_ab_stp>
<code_ogr>116766</code_ogr>
<libelle>Proc&#0233;dures de maintenance de locaux</libelle>
<code_type_competence>1</code_type_competence>
<position_item>2</position_item>
<priorisation>1</priorisation>
</item_ab_stp>
<item_ab_stp>
<code_ogr>104547</code_ogr>
<libelle>Pneumatique</libelle>
<code_type_competence>1</code_type_competence>
<position_item>3</position_item>
<priorisation>1</priorisation>
</item_ab_stp>
<item_ab_stp>
<code_ogr>109995</code_ogr>
<libelle>Utilisation de syst&#0232;me informatique (embarqu&#0233; ou fixe)</libelle>
<code_type_competence>1</code_type_competence>
<position_item>4</position_item>
<priorisation>1</priorisation>
</item_ab_stp>
<item_ab_stp>
<code_ogr>100010</code_ogr>
<libelle>Utilisation d&#0039;engins forestiers</libelle>
<code_type_competence>1</code_type_competence>
<position_item>5</position_item>
<priorisation>1</priorisation>
</item_ab_stp>
<item_ab_stp>
<code_ogr>104514</code_ogr>
<libelle>M&#0233;canique</libelle>
<code_type_competence>1</code_type_competence>
<position_item>6</position_item>
<priorisation>1</priorisation>
</item_ab_stp>
<item_ab_stp>
<code_ogr>100011</code_ogr>
<libelle>Techniques culturales</libelle>
<code_type_competence>1</code_type_competence>
<position_item>7</position_item>
<priorisation>1</priorisation>
</item_ab_stp>
<item_ab_stp>
<code_ogr>100057</code_ogr>
<libelle>Techniques de pr&#0233;servation de la biodiversit&#0233;</libelle>
<code_type_competence>1</code_type_competence>
<position_item>8</position_item>
<priorisation>1</priorisation>
</item_ab_stp>
<item_ab_stp>
<code_ogr>100131</code_ogr>
<libelle>Biologie v&#0233;g&#0233;tale</libelle>
<code_type_competence>1</code_type_competence>
<position_item>9</position_item>
<priorisation>1</priorisation>
</item_ab_stp>
<item_ab_stp>
<code_ogr>122001</code_ogr>
<libelle>Engins agricoles</libelle>
<code_type_competence>1</code_type_competence>
<position_item>10</position_item>
<priorisation>1</priorisation>
</item_ab_stp>
<item_ab_stp>
<code_ogr>100017</code_ogr>
<libelle>R&#0232;gles de s&#0233;curit&#0233;</libelle>
<code_type_competence>1</code_type_competence>
<position_item>11</position_item>
<priorisation>1</priorisation>
</item_ab_stp>
<item_ab_stp>
<code_ogr>118331</code_ogr>
<libelle>Utilisation d&#0039;outillages manuels</libelle>
<code_type_competence>1</code_type_competence>
<position_item>12</position_item>
<priorisation>1</priorisation>
</item_ab_stp>
<item_ab_stp>
<code_ogr>100007</code_ogr>
<libelle>Techniques de soudage</libelle>
<code_type_competence>1</code_type_competence>
<position_item>13</position_item>
<priorisation>1</priorisation>
</item_ab_stp>
<item_ab_stp>
<code_ogr>100016</code_ogr>
<libelle>Gestes et postures de manutention</libelle>
<code_type_competence>1</code_type_competence>
<position_item>14</position_item>
<priorisation>1</priorisation>
</item_ab_stp>
<item_ab_stp>
<code_ogr>100015</code_ogr>
<libelle>Normes environnementales</libelle>
<code_type_competence>1</code_type_competence>
<position_item>15</position_item>
<priorisation>1</priorisation>
</item_ab_stp>
<item_ab_stp>
<code_ogr>100104</code_ogr>
<libelle>Agronomie</libelle>
<code_type_competence>1</code_type_competence>
<position_item>16</position_item>
<priorisation>1</priorisation>
</item_ab_stp>
<item_ab_stp>
<code_ogr>104425</code_ogr>
<libelle>Hydraulique</libelle>
<code_type_competence>1</code_type_competence>
<position_item>17</position_item>
<priorisation>1</priorisation>
</item_ab_stp>
</savoir_theorique_et_proceduraux>
<savoir_action nbItemSA_AB="0">
</savoir_action>
</bloc_activites_de_base>
<bloc_activites_specifiques nbBlocActiviteSpecifique="7">
<bloc>
<position_bloc>1</position_bloc>
<activite_specifique nbItemActivite_AS="1">
<item_as>
<code_ogr>120405</code_ogr>
<libelle>Utiliser un engin n&#0233;cessitant une habilitation</libelle>
<code_type_activite>3</code_type_activite>
<code_type_item_activite>2</code_type_item_activite>
<position_item>1</position_item>
<priorisation>1</priorisation>
<riasec_majeur>R</riasec_majeur>
</item_as>
</activite_specifique>
<savoir_theorique_et_proceduraux nbItemSTP_AS="6">
<item_as_stp>
<code_ogr>123701</code_ogr>
<libelle>Tracteur et petits engins de chantiers mobiles (CACES R 372-1)</libelle>
<code_type_competence>1</code_type_competence>
<position_item>1</position_item>
<priorisation>1</priorisation>
</item_as_stp>
<item_as_stp>
<code_ogr>123704</code_ogr>
<libelle>Engins d&#0039;extraction ou de chargement &#0224; d&#0233;placement s&#0233;quentiel (CACES R 372-2)</libelle>
<code_type_competence>1</code_type_competence>
<position_item>2</position_item>
<priorisation>1</priorisation>
</item_as_stp>
<item_as_stp>
<code_ogr>123717</code_ogr>
<libelle>Engins de transport ou d&#0039;extraction transport (CACES R 372-8)</libelle>
<code_type_competence>1</code_type_competence>
<position_item>3</position_item>
<priorisation>1</priorisation>
</item_as_stp>
<item_as_stp>
<code_ogr>123699</code_ogr>
<libelle>Engins de manutention, chariot de chantier (CACES R 372-9)</libelle>
<code_type_competence>1</code_type_competence>
<position_item>4</position_item>
<priorisation>1</priorisation>
</item_as_stp>
<item_as_stp>
<code_ogr>123721</code_ogr>
<libelle>Chariots &#0233;l&#0233;vateurs &#0224; m&#0226;t r&#0233;tractable (CACES R 389-5)</libelle>
<code_type_competence>1</code_type_competence>
<position_item>5</position_item>
<priorisation>1</priorisation>
</item_as_stp>
<item_as_stp>
<code_ogr>120408</code_ogr>
<libelle>Grues auxiliaires de chargement de v&#0233;hicules (CACES R 390)</libelle>
<code_type_competence>1</code_type_competence>
<position_item>6</position_item>
<priorisation>1</priorisation>
</item_as_stp>
</savoir_theorique_et_proceduraux>
<savoir_action nbItemSA_AS="0">
</savoir_action>
</bloc>
<bloc>
<position_bloc>3</position_bloc>
<activite_specifique nbItemActivite_AS="3">
<item_as>
<code_ogr>117548</code_ogr>
<libelle>Stocker un produit</libelle>
<code_type_activite>3</code_type_activite>
<code_type_item_activite>2</code_type_item_activite>
<position_item>1</position_item>
<priorisation>1</priorisation>
<riasec_majeur>R</riasec_majeur>
</item_as>
<item_as>
<code_ogr>117489</code_ogr>
<libelle>D&#0233;barder une grume</libelle>
<code_type_activite>3</code_type_activite>
<code_type_item_activite>2</code_type_item_activite>
<position_item>2</position_item>
<priorisation>1</priorisation>
<riasec_majeur>R</riasec_majeur>
</item_as>
<item_as>
<code_ogr>117492</code_ogr>
<libelle>Empiler des grumes</libelle>
<code_type_activite>3</code_type_activite>
<code_type_item_activite>2</code_type_item_activite>
<position_item>3</position_item>
<priorisation>1</priorisation>
<riasec_majeur>R</riasec_majeur>
</item_as>
</activite_specifique>
<savoir_theorique_et_proceduraux nbItemSTP_AS="2">
<item_as_stp>
<code_ogr>100019</code_ogr>
<libelle>Caract&#0233;ristiques des &#0233;cosyst&#0232;mes</libelle>
<code_type_competence>1</code_type_competence>
<position_item>1</position_item>
<priorisation>1</priorisation>
</item_as_stp>
<item_as_stp>
<code_ogr>100018</code_ogr>
<libelle>Utilisation de d&#0233;busqueur</libelle>
<code_type_competence>1</code_type_competence>
<position_item>2</position_item>
<priorisation>1</priorisation>
</item_as_stp>
</savoir_theorique_et_proceduraux>
<savoir_action nbItemSA_AS="0">
</savoir_action>
</bloc>
<bloc>
<position_bloc>4</position_bloc>
<activite_specifique nbItemActivite_AS="1">
<item_as>
<code_ogr>122853</code_ogr>
<libelle>R&#0233;colter un produit &#0224; maturit&#0233; selon les consignes de calibrage</libelle>
<code_type_activite>3</code_type_activite>
<code_type_item_activite>2</code_type_item_activite>
<position_item>1</position_item>
<priorisation>1</priorisation>
<riasec_majeur>R</riasec_majeur>
</item_as>
</activite_specifique>
<savoir_theorique_et_proceduraux nbItemSTP_AS="3">
<item_as_stp>
<code_ogr>122856</code_ogr>
<libelle>Techniques de pressage</libelle>
<code_type_competence>1</code_type_competence>
<position_item>1</position_item>
<priorisation>1</priorisation>
</item_as_stp>
<item_as_stp>
<code_ogr>122855</code_ogr>
<libelle>Techniques de moissonnage</libelle>
<code_type_competence>1</code_type_competence>
<position_item>2</position_item>
<priorisation>1</priorisation>
</item_as_stp>
<item_as_stp>
<code_ogr>122854</code_ogr>
<libelle>Techniques de fauchage</libelle>
<code_type_competence>1</code_type_competence>
<position_item>3</position_item>
<priorisation>1</priorisation>
</item_as_stp>
</savoir_theorique_et_proceduraux>
<savoir_action nbItemSA_AS="0">
</savoir_action>
</bloc>
<bloc>
<position_bloc>5</position_bloc>
<activite_specifique nbItemActivite_AS="2">
<item_as>
<code_ogr>122822</code_ogr>
<libelle>Abattre un arbre</libelle>
<code_type_activite>3</code_type_activite>
<code_type_item_activite>2</code_type_item_activite>
<position_item>1</position_item>
<priorisation>1</priorisation>
<riasec_majeur>R</riasec_majeur>
</item_as>
<item_as>
<code_ogr>122579</code_ogr>
<libelle>D&#0233;biter un arbre selon son usage</libelle>
<code_type_activite>3</code_type_activite>
<code_type_item_activite>2</code_type_item_activite>
<position_item>2</position_item>
<priorisation>1</priorisation>
<riasec_majeur>R</riasec_majeur>
</item_as>
</activite_specifique>
<savoir_theorique_et_proceduraux nbItemSTP_AS="0">
</savoir_theorique_et_proceduraux>
<savoir_action nbItemSA_AS="0">
</savoir_action>
</bloc>
<bloc>
<position_bloc>6</position_bloc>
<activite_specifique nbItemActivite_AS="1">
<item_as>
<code_ogr>122730</code_ogr>
<libelle>Pr&#0233;parer le sol et les plantations (&#0233;pandage, semis, r&#0233;colte, ...)</libelle>
<code_type_activite>3</code_type_activite>
<code_type_item_activite>2</code_type_item_activite>
<position_item>1</position_item>
<priorisation>1</priorisation>
<riasec_majeur>R</riasec_majeur>
</item_as>
</activite_specifique>
<savoir_theorique_et_proceduraux nbItemSTP_AS="0">
</savoir_theorique_et_proceduraux>
<savoir_action nbItemSA_AS="0">
</savoir_action>
</bloc>
<bloc>
<position_bloc>7</position_bloc>
<activite_specifique nbItemActivite_AS="1">
<item_as>
<code_ogr>124544</code_ogr>
<libelle>Entretenir un espace ext&#0233;rieur</libelle>
<code_type_activite>3</code_type_activite>
<code_type_item_activite>2</code_type_item_activite>
<position_item>1</position_item>
<priorisation>1</priorisation>
<riasec_majeur>R</riasec_majeur>
</item_as>
</activite_specifique>
<savoir_theorique_et_proceduraux nbItemSTP_AS="0">
</savoir_theorique_et_proceduraux>
<savoir_action nbItemSA_AS="0">
</savoir_action>
</bloc>
<bloc>
<position_bloc>8</position_bloc>
<activite_specifique nbItemActivite_AS="2">
<item_as>
<code_ogr>126171</code_ogr>
<libelle>Cr&#0233;er et entretenir des pistes</libelle>
<code_type_activite>3</code_type_activite>
<code_type_item_activite>2</code_type_item_activite>
<position_item>1</position_item>
<priorisation>1</priorisation>
<riasec_majeur>R</riasec_majeur>
<riasec_mineur>i</riasec_mineur>
</item_as>
<item_as>
<code_ogr>116663</code_ogr>
<libelle>R&#0233;aliser l&#0039;entretien du mat&#0233;riel</libelle>
<code_type_activite>3</code_type_activite>
<code_type_item_activite>2</code_type_item_activite>
<position_item>1</position_item>
<priorisation>1</priorisation>
<riasec_majeur>R</riasec_majeur>
</item_as>
</activite_specifique>
<savoir_theorique_et_proceduraux nbItemSTP_AS="0">
</savoir_theorique_et_proceduraux>
<savoir_action nbItemSA_AS="0">
</savoir_action>
</bloc>
</bloc_activites_specifiques>
<bloc_mobilites>
<mobilites_proches nbItemMob="1">
<item_mob_pr><code_type_mobilite>1</code_type_mobilite>
<liste_appellation_source>
<code_appellation_source>0</code_appellation_source>
<libelle_appellation_source>Toutes les appellations</libelle_appellation_source>
</liste_appellation_source>
<code_rome_cible>A1416</code_rome_cible>
<libelle_rome_cible>Polyculture, &#0233;levage</libelle_rome_cible>
<liste_appellation_cible>
<code_appellation_cible>0</code_appellation_cible>
<libelle_appellation_cible>Toutes les appellations</libelle_appellation_cible>
</liste_appellation_cible>
</item_mob_pr>
</mobilites_proches>
<mobilites_si_evolution nbItemMob="13">
<item_mob_ev><code_type_mobilite>2</code_type_mobilite>
<liste_appellation_source>
<code_appellation_source>0</code_appellation_source>
<libelle_appellation_source>Toutes les appellations</libelle_appellation_source>
</liste_appellation_source>
<code_rome_cible>A1201</code_rome_cible>
<libelle_rome_cible>B&#0251;cheronnage et &#0233;lagage</libelle_rome_cible>
<liste_appellation_cible>
<code_appellation_cible>0</code_appellation_cible>
<libelle_appellation_cible>Toutes les appellations</libelle_appellation_cible>
</liste_appellation_cible>
</item_mob_ev>
<item_mob_ev><code_type_mobilite>2</code_type_mobilite>
<liste_appellation_source>
<code_appellation_source>0</code_appellation_source>
<libelle_appellation_source>Toutes les appellations</libelle_appellation_source>
</liste_appellation_source>
<code_rome_cible>A1202</code_rome_cible>
<libelle_rome_cible>Entretien des espaces naturels</libelle_rome_cible>
<liste_appellation_cible>
<code_appellation_cible>0</code_appellation_cible>
<libelle_appellation_cible>Toutes les appellations</libelle_appellation_cible>
</liste_appellation_cible>
</item_mob_ev>
<item_mob_ev><code_type_mobilite>2</code_type_mobilite>
<liste_appellation_source>
<code_appellation_source>0</code_appellation_source>
<libelle_appellation_source>Toutes les appellations</libelle_appellation_source>
</liste_appellation_source>
<code_rome_cible>A1203</code_rome_cible>
<libelle_rome_cible>Entretien des espaces verts</libelle_rome_cible>
<liste_appellation_cible>
<code_appellation_cible>0</code_appellation_cible>
<libelle_appellation_cible>Toutes les appellations</libelle_appellation_cible>
</liste_appellation_cible>
</item_mob_ev>
<item_mob_ev><code_type_mobilite>2</code_type_mobilite>
<liste_appellation_source>
<code_appellation_source>0</code_appellation_source>
<libelle_appellation_source>Toutes les appellations</libelle_appellation_source>
</liste_appellation_source>
<code_rome_cible>A1205</code_rome_cible>
<libelle_rome_cible>Sylviculture</libelle_rome_cible>
<liste_appellation_cible>
<code_appellation_cible>0</code_appellation_cible>
<libelle_appellation_cible>Toutes les appellations</libelle_appellation_cible>
</liste_appellation_cible>
</item_mob_ev>
<item_mob_ev><code_type_mobilite>2</code_type_mobilite>
<liste_appellation_source>
<code_appellation_source>0</code_appellation_source>
<libelle_appellation_source>Toutes les appellations</libelle_appellation_source>
</liste_appellation_source>
<code_rome_cible>A1302</code_rome_cible>
<libelle_rome_cible>Contr&#0244;le et diagnostic technique en agriculture</libelle_rome_cible>
<liste_appellation_cible>
<code_appellation_cible>0</code_appellation_cible>
<libelle_appellation_cible>Toutes les appellations</libelle_appellation_cible>
</liste_appellation_cible>
</item_mob_ev>
<item_mob_ev><code_type_mobilite>2</code_type_mobilite>
<liste_appellation_source>
<code_appellation_source>0</code_appellation_source>
<libelle_appellation_source>Toutes les appellations</libelle_appellation_source>
</liste_appellation_source>
<code_rome_cible>A1405</code_rome_cible>
<libelle_rome_cible>Arboriculture et viticulture</libelle_rome_cible>
<liste_appellation_cible>
<code_appellation_cible>0</code_appellation_cible>
<libelle_appellation_cible>Toutes les appellations</libelle_appellation_cible>
</liste_appellation_cible>
</item_mob_ev>
<item_mob_ev><code_type_mobilite>2</code_type_mobilite>
<liste_appellation_source>
<code_appellation_source>0</code_appellation_source>
<libelle_appellation_source>Toutes les appellations</libelle_appellation_source>
</liste_appellation_source>
<code_rome_cible>A1414</code_rome_cible>
<libelle_rome_cible>Horticulture et mara&#0238;chage</libelle_rome_cible>
<liste_appellation_cible>
<code_appellation_cible>0</code_appellation_cible>
<libelle_appellation_cible>Toutes les appellations</libelle_appellation_cible>
</liste_appellation_cible>
</item_mob_ev>
<item_mob_ev><code_type_mobilite>2</code_type_mobilite>
<liste_appellation_source>
<code_appellation_source>0</code_appellation_source>
<libelle_appellation_source>Toutes les appellations</libelle_appellation_source>
</liste_appellation_source>
<code_rome_cible>D1402</code_rome_cible>
<libelle_rome_cible>Relation commerciale grands comptes et entreprises</libelle_rome_cible>
<liste_appellation_cible>
<code_appellation_cible>0</code_appellation_cible>
<libelle_appellation_cible>Toutes les appellations</libelle_appellation_cible>
</liste_appellation_cible>
</item_mob_ev>
<item_mob_ev><code_type_mobilite>2</code_type_mobilite>
<liste_appellation_source>
<code_appellation_source>0</code_appellation_source>
<libelle_appellation_source>Toutes les appellations</libelle_appellation_source>
</liste_appellation_source>
<code_rome_cible>F1302</code_rome_cible>
<libelle_rome_cible>Conduite d&#0039;engins de terrassement et de carri&#0232;re</libelle_rome_cible>
<liste_appellation_cible>
<code_appellation_cible>0</code_appellation_cible>
<libelle_appellation_cible>Toutes les appellations</libelle_appellation_cible>
</liste_appellation_cible>
</item_mob_ev>
<item_mob_ev><code_type_mobilite>2</code_type_mobilite>
<liste_appellation_source>
<code_appellation_source>0</code_appellation_source>
<libelle_appellation_source>Toutes les appellations</libelle_appellation_source>
</liste_appellation_source>
<code_rome_cible>I1603</code_rome_cible>
<libelle_rome_cible>Maintenance d&#0039;engins de chantier, levage, manutention et de machines agricoles</libelle_rome_cible>
<liste_appellation_cible>
<code_appellation_cible>0</code_appellation_cible>
<libelle_appellation_cible>Toutes les appellations</libelle_appellation_cible>
</liste_appellation_cible>
</item_mob_ev>
<item_mob_ev><code_type_mobilite>2</code_type_mobilite>
<liste_appellation_source>
<code_appellation_source>0</code_appellation_source>
<libelle_appellation_source>Toutes les appellations</libelle_appellation_source>
</liste_appellation_source>
<code_rome_cible>K2111</code_rome_cible>
<libelle_rome_cible>Formation professionnelle</libelle_rome_cible>
<liste_appellation_cible>
<code_appellation_cible>0</code_appellation_cible>
<libelle_appellation_cible>Toutes les appellations</libelle_appellation_cible>
</liste_appellation_cible>
</item_mob_ev>
<item_mob_ev><code_type_mobilite>2</code_type_mobilite>
<liste_appellation_source>
<code_appellation_source>0</code_appellation_source>
<libelle_appellation_source>Toutes les appellations</libelle_appellation_source>
</liste_appellation_source>
<code_rome_cible>N1104</code_rome_cible>
<libelle_rome_cible>Manoeuvre et conduite d&#0039;engins lourds de manutention</libelle_rome_cible>
<liste_appellation_cible>
<code_appellation_cible>0</code_appellation_cible>
<libelle_appellation_cible>Toutes les appellations</libelle_appellation_cible>
</liste_appellation_cible>
</item_mob_ev>
<item_mob_ev><code_type_mobilite>2</code_type_mobilite>
<liste_appellation_source>
<code_appellation_source>0</code_appellation_source>
<libelle_appellation_source>Toutes les appellations</libelle_appellation_source>
</liste_appellation_source>
<code_rome_cible>N4101</code_rome_cible>
<libelle_rome_cible>Conduite de transport de marchandises sur longue distance</libelle_rome_cible>
<liste_appellation_cible>
<code_appellation_cible>0</code_appellation_cible>
<libelle_appellation_cible>Toutes les appellations</libelle_appellation_cible>
</liste_appellation_cible>
</item_mob_ev>
</mobilites_si_evolution>
</bloc_mobilites>
</fiche_emploi_metier>