<?xml version="1.0" encoding="UTF-8" ?>
<fiche_emploi_metier>
<type_fiche>2</type_fiche>
<libelle_type_fiche>priorise</libelle_type_fiche>
<version_SI>
<version_rome>333</version_rome>
<date_version_si>01/10/2017</date_version_si>
<mois_version_si>Octobre</mois_version_si>
<annee_version_si>2017</annee_version_si>
</version_SI>
<bloc_code_rome>
<code_rome>A1202</code_rome>
<intitule>Entretien des espaces naturels</intitule>
<code_ogr>8</code_ogr>
<riasec_majeur>R</riasec_majeur>
<riasec_mineur>e</riasec_mineur>
</bloc_code_rome>
<bloc_appellation nbItemAppellation="10">
<item_app>
<code_ogr>10382</code_ogr>
<libelle>Agent / Agente d&#0039;am&#0233;nagement des circuits p&#0233;destres, &#0233;questres et Vtt</libelle>
<libelle_court>Agent(e) am&#0233;nagement des circuits p&#0233;destres, &#0233;questres, VTT</libelle_court>
<priorisation>1</priorisation>
</item_app>
<item_app>
<code_ogr>10383</code_ogr>
<libelle>Agent / Agente d&#0039;am&#0233;nagement des haies et foss&#0233;s</libelle>
<libelle_court>Agent / Agente d&#0039;am&#0233;nagement des haies et foss&#0233;s</libelle_court>
<priorisation>1</priorisation>
</item_app>
<item_app>
<code_ogr>10664</code_ogr>
<libelle>Agent / Agente d&#0039;entretien de la nature</libelle>
<libelle_court>Agent / Agente d&#0039;entretien de la nature</libelle_court>
<priorisation>1</priorisation>
</item_app>
<item_app>
<code_ogr>10667</code_ogr>
<libelle>Agent / Agente d&#0039;entretien de l&#0039;espace rural</libelle>
<libelle_court>Agent / Agente d&#0039;entretien de l&#0039;espace rural</libelle_court>
<priorisation>1</priorisation>
</item_app>
<item_app>
<code_ogr>10673</code_ogr>
<libelle>Agent / Agente d&#0039;entretien des espaces naturels</libelle>
<libelle_court>Agent / Agente d&#0039;entretien des espaces naturels</libelle_court>
<priorisation>1</priorisation>
</item_app>
<item_app>
<code_ogr>10677</code_ogr>
<libelle>Agent / Agente d&#0039;entretien des rivi&#0232;res</libelle>
<libelle_court>Agent / Agente d&#0039;entretien des rivi&#0232;res</libelle_court>
<priorisation>1</priorisation>
</item_app>
<item_app>
<code_ogr>10685</code_ogr>
<libelle>Agent / Agente d&#0039;entretien nature du littoral</libelle>
<libelle_court>Agent / Agente d&#0039;entretien nature du littoral</libelle_court>
<priorisation>1</priorisation>
</item_app>
<item_app>
<code_ogr>38323</code_ogr>
<libelle>Agent / Agente d&#0039;entretien nature et biodiversit&#0233;</libelle>
<libelle_court>Agent / Agente d&#0039;entretien nature et biodiversit&#0233;</libelle_court>
<priorisation>1</priorisation>
</item_app>
<item_app>
<code_ogr>12440</code_ogr>
<libelle>Chef d&#0039;&#0233;quipe d&#0039;entretien d&#0039;espaces naturels</libelle>
<libelle_court>Chef d&#0039;&#0233;quipe d&#0039;entretien d&#0039;espaces naturels</libelle_court>
<priorisation>1</priorisation>
</item_app>
<item_app>
<code_ogr>17474</code_ogr>
<libelle>Ouvrier / Ouvri&#0232;re d&#0039;entretien des espaces naturels</libelle>
<libelle_court>Ouvrier / Ouvri&#0232;re d&#0039;entretien des espaces naturels</libelle_court>
<priorisation>1</priorisation>
</item_app>
</bloc_appellation>
<definition nbItemDefinition="3">
Am&#0233;nage et entretient des espaces naturels (bordures de cours d&#0039;eau, dunes, talus, ...) afin de pr&#0233;server leurs qualit&#0233;s biologiques selon les r&#0232;gles de s&#0233;curit&#0233; et la r&#0233;glementation environnementale.
Peut installer des &#0233;quipements de pr&#0233;servation du littoral.
Peut coordonner une &#0233;quipe.
</definition>
<acces_emploi_metier nbItemAccesEmploiMetier="5">
Cet emploi/m&#0233;tier est accessible avec un CAP/BEP agricole en entretien et am&#0233;nagement des espaces naturels ruraux.
Il est &#0233;galement accessible avec une exp&#0233;rience professionnelle sans dipl&#0244;me particulier.
La vaccination anti-t&#0233;tanique peut &#0234;tre requise.
Un ou plusieurs Certificat(s) d&#0039;Aptitude &#0224; la Conduite En S&#0233;curit&#0233; -CACES- conditionn&#0233;(s) par une aptitude m&#0233;dicale &#0224; renouveler p&#0233;riodiquement peu(ven)t &#0234;tre exig&#0233;(s).
Les permis BE, C, C1 (pr&#0233;c&#0233;demment EB et C) peuvent &#0234;tre requis.
</acces_emploi_metier>
<condition_exercice_activite nbItemConditionExercice="4">
L&#0039;activit&#0233; de cet emploi/m&#0233;tier s&#0039;exerce au sein de parcs naturels, de collectivit&#0233;s territoriales, en relation avec diff&#0233;rents intervenants (&#0233;co garde, conducteurs de travaux, services de la voirie, ...).
Elle varie selon le lieu d&#0039;intervention (parc naturel, espace rural, rivi&#0232;re, littoral, ...).
Elle s&#0039;effectue &#0224; l&#0039;ext&#0233;rieur et peut impliquer la manipulation de charges.
Le port d&#0039;&#0233;quipements de protection (veste renforc&#0233;e anti-coupe, protecteurs anti-bruit, ...) peut &#0234;tre requis.
</condition_exercice_activite>
<bloc_environnement_de_travail nbItemEnvTrav="3">
<item_env>
<code_ogr>23808</code_ogr>
<libelle>Collectivit&#0233; territoriale</libelle>
<code_type_section_env>1</code_type_section_env>
<priorisation>1</priorisation>
</item_env>
<item_env>
<code_ogr>23906</code_ogr>
<libelle>Entreprise d&#0039;insertion</libelle>
<code_type_section_env>1</code_type_section_env>
<priorisation>1</priorisation>
</item_env>
<item_env>
<code_ogr>24031</code_ogr>
<libelle>Parc naturel</libelle>
<code_type_section_env>1</code_type_section_env>
<priorisation>1</priorisation>
</item_env>
</bloc_environnement_de_travail>
<bloc_activites_de_base nbBlocActiviteBase="1">
<activites_de_base nbItemActivite_AB="8">
<item_ab>
<code_ogr>125978</code_ogr>
<libelle>Pr&#0233;parer le mat&#0233;riel, les mat&#0233;riaux et les outillages</libelle>
<code_type_activite>3</code_type_activite>
<code_type_item_activite>2</code_type_item_activite>
<position_item>1</position_item>
<priorisation>1</priorisation>
<riasec_majeur>R</riasec_majeur>
</item_ab>
<item_ab>
<code_ogr>122704</code_ogr>
<libelle>Identifier le type d&#0039;intervention</libelle>
<code_type_activite>3</code_type_activite>
<code_type_item_activite>2</code_type_item_activite>
<position_item>2</position_item>
<priorisation>1</priorisation>
<riasec_majeur>R</riasec_majeur>
</item_ab>
<item_ab>
<code_ogr>124544</code_ogr>
<libelle>Entretenir un espace ext&#0233;rieur</libelle>
<code_type_activite>3</code_type_activite>
<code_type_item_activite>2</code_type_item_activite>
<position_item>3</position_item>
<priorisation>1</priorisation>
<riasec_majeur>R</riasec_majeur>
</item_ab>
<item_ab>
<code_ogr>117475</code_ogr>
<libelle>Collecter des d&#0233;chets</libelle>
<code_type_activite>3</code_type_activite>
<code_type_item_activite>2</code_type_item_activite>
<position_item>4</position_item>
<priorisation>1</priorisation>
<riasec_majeur>R</riasec_majeur>
</item_ab>
<item_ab>
<code_ogr>119210</code_ogr>
<libelle>Assurer une maintenance de premier niveau</libelle>
<code_type_activite>3</code_type_activite>
<code_type_item_activite>2</code_type_item_activite>
<position_item>5</position_item>
<priorisation>1</priorisation>
<riasec_majeur>R</riasec_majeur>
</item_ab>
<item_ab>
<code_ogr>124888</code_ogr>
<libelle>Entretenir des &#0233;quipements</libelle>
<code_type_activite>3</code_type_activite>
<code_type_item_activite>2</code_type_item_activite>
<position_item>6</position_item>
<priorisation>1</priorisation>
<riasec_majeur>R</riasec_majeur>
</item_ab>
<item_ab>
<code_ogr>125433</code_ogr>
<libelle>Installer un &#0233;l&#0233;ment de protection d&#0039;espace naturel</libelle>
<code_type_activite>3</code_type_activite>
<code_type_item_activite>2</code_type_item_activite>
<position_item>7</position_item>
<priorisation>1</priorisation>
<riasec_majeur>R</riasec_majeur>
</item_ab>
<item_ab>
<code_ogr>122730</code_ogr>
<libelle>Pr&#0233;parer le sol et les plantations (&#0233;pandage, semis, r&#0233;colte, ...)</libelle>
<code_type_activite>3</code_type_activite>
<code_type_item_activite>2</code_type_item_activite>
<position_item>8</position_item>
<priorisation>1</priorisation>
<riasec_majeur>R</riasec_majeur>
</item_ab>
</activites_de_base>
<savoir_theorique_et_proceduraux nbItemSTP_AB="13">
<item_ab_stp>
<code_ogr>124552</code_ogr>
<libelle>Techniques de d&#0233;broussaillage</libelle>
<code_type_competence>1</code_type_competence>
<position_item>1</position_item>
<priorisation>1</priorisation>
</item_ab_stp>
<item_ab_stp>
<code_ogr>122854</code_ogr>
<libelle>Techniques de fauchage</libelle>
<code_type_competence>1</code_type_competence>
<position_item>2</position_item>
<priorisation>1</priorisation>
</item_ab_stp>
<item_ab_stp>
<code_ogr>124553</code_ogr>
<libelle>Techniques de faucardage</libelle>
<code_type_competence>1</code_type_competence>
<position_item>3</position_item>
<priorisation>1</priorisation>
</item_ab_stp>
<item_ab_stp>
<code_ogr>100019</code_ogr>
<libelle>Caract&#0233;ristiques des &#0233;cosyst&#0232;mes</libelle>
<code_type_competence>1</code_type_competence>
<position_item>4</position_item>
<priorisation>1</priorisation>
</item_ab_stp>
<item_ab_stp>
<code_ogr>103163</code_ogr>
<libelle>P&#0233;dologie (caract&#0233;ristiques des sols, &#0233;volution, /...)</libelle>
<code_type_competence>1</code_type_competence>
<position_item>5</position_item>
<priorisation>1</priorisation>
</item_ab_stp>
<item_ab_stp>
<code_ogr>100011</code_ogr>
<libelle>Techniques culturales</libelle>
<code_type_competence>1</code_type_competence>
<position_item>6</position_item>
<priorisation>1</priorisation>
</item_ab_stp>
<item_ab_stp>
<code_ogr>100596</code_ogr>
<libelle>Techniques de ma&#0231;onnerie</libelle>
<code_type_competence>1</code_type_competence>
<position_item>7</position_item>
<priorisation>1</priorisation>
</item_ab_stp>
<item_ab_stp>
<code_ogr>100158</code_ogr>
<libelle>Botanique</libelle>
<code_type_competence>1</code_type_competence>
<position_item>8</position_item>
<priorisation>1</priorisation>
</item_ab_stp>
<item_ab_stp>
<code_ogr>100015</code_ogr>
<libelle>Normes environnementales</libelle>
<code_type_competence>1</code_type_competence>
<position_item>9</position_item>
<priorisation>1</priorisation>
</item_ab_stp>
<item_ab_stp>
<code_ogr>100050</code_ogr>
<libelle>R&#0233;glementation des espaces et esp&#0232;ces prot&#0233;g&#0233;s</libelle>
<code_type_competence>1</code_type_competence>
<position_item>10</position_item>
<priorisation>1</priorisation>
</item_ab_stp>
<item_ab_stp>
<code_ogr>100051</code_ogr>
<libelle>Classification des esp&#0232;ces animales</libelle>
<code_type_competence>1</code_type_competence>
<position_item>11</position_item>
<priorisation>1</priorisation>
</item_ab_stp>
<item_ab_stp>
<code_ogr>103070</code_ogr>
<libelle>Lecture de plan, de sch&#0233;ma</libelle>
<code_type_competence>1</code_type_competence>
<position_item>12</position_item>
<priorisation>1</priorisation>
</item_ab_stp>
<item_ab_stp>
<code_ogr>100032</code_ogr>
<libelle>Techniques de taille de v&#0233;g&#0233;taux</libelle>
<code_type_competence>1</code_type_competence>
<position_item>13</position_item>
<priorisation>1</priorisation>
</item_ab_stp>
</savoir_theorique_et_proceduraux>
<savoir_action nbItemSA_AB="0">
</savoir_action>
</bloc_activites_de_base>
<bloc_activites_specifiques nbBlocActiviteSpecifique="6">
<bloc>
<position_bloc>1</position_bloc>
<activite_specifique nbItemActivite_AS="1">
<item_as>
<code_ogr>120405</code_ogr>
<libelle>Utiliser un engin n&#0233;cessitant une habilitation</libelle>
<code_type_activite>3</code_type_activite>
<code_type_item_activite>2</code_type_item_activite>
<position_item>1</position_item>
<priorisation>1</priorisation>
<riasec_majeur>R</riasec_majeur>
</item_as>
</activite_specifique>
<savoir_theorique_et_proceduraux nbItemSTP_AS="3">
<item_as_stp>
<code_ogr>123701</code_ogr>
<libelle>Tracteur et petits engins de chantiers mobiles (CACES R 372-1)</libelle>
<code_type_competence>1</code_type_competence>
<position_item>1</position_item>
<priorisation>1</priorisation>
</item_as_stp>
<item_as_stp>
<code_ogr>121311</code_ogr>
<libelle>Plates-formes &#0233;l&#0233;vatrices mobiles de personnes ou PEMP (CACES R 386)</libelle>
<code_type_competence>1</code_type_competence>
<position_item>2</position_item>
<priorisation>1</priorisation>
</item_as_stp>
<item_as_stp>
<code_ogr>120408</code_ogr>
<libelle>Grues auxiliaires de chargement de v&#0233;hicules (CACES R 390)</libelle>
<code_type_competence>1</code_type_competence>
<position_item>3</position_item>
<priorisation>1</priorisation>
</item_as_stp>
</savoir_theorique_et_proceduraux>
<savoir_action nbItemSA_AS="0">
</savoir_action>
</bloc>
<bloc>
<position_bloc>2</position_bloc>
<activite_specifique nbItemActivite_AS="1">
<item_as>
<code_ogr>113863</code_ogr>
<libelle>R&#0233;aliser les op&#0233;rations d&#0039;ouverture et d&#0039;am&#0233;nagement de sentiers pour le public</libelle>
<code_type_activite>3</code_type_activite>
<code_type_item_activite>2</code_type_item_activite>
<position_item>1</position_item>
<priorisation>1</priorisation>
<riasec_majeur>R</riasec_majeur>
</item_as>
</activite_specifique>
<savoir_theorique_et_proceduraux nbItemSTP_AS="0">
</savoir_theorique_et_proceduraux>
<savoir_action nbItemSA_AS="0">
</savoir_action>
</bloc>
<bloc>
<position_bloc>3</position_bloc>
<activite_specifique nbItemActivite_AS="1">
<item_as>
<code_ogr>122581</code_ogr>
<libelle>Entretenir une plantation</libelle>
<code_type_activite>3</code_type_activite>
<code_type_item_activite>2</code_type_item_activite>
<position_item>1</position_item>
<priorisation>1</priorisation>
<riasec_majeur>R</riasec_majeur>
</item_as>
</activite_specifique>
<savoir_theorique_et_proceduraux nbItemSTP_AS="4">
<item_as_stp>
<code_ogr>122745</code_ogr>
<libelle>Tron&#0231;onnage</libelle>
<code_type_competence>1</code_type_competence>
<position_item>1</position_item>
<priorisation>1</priorisation>
</item_as_stp>
<item_as_stp>
<code_ogr>122746</code_ogr>
<libelle>Techniques de taille des arbustes</libelle>
<code_type_competence>1</code_type_competence>
<position_item>2</position_item>
<priorisation>1</priorisation>
</item_as_stp>
<item_as_stp>
<code_ogr>100100</code_ogr>
<libelle>Techniques d&#0039;&#0233;lagage</libelle>
<code_type_competence>1</code_type_competence>
<position_item>3</position_item>
<priorisation>1</priorisation>
</item_as_stp>
<item_as_stp>
<code_ogr>120676</code_ogr>
<libelle>Utilisation d&#0039;outils de taille</libelle>
<code_type_competence>1</code_type_competence>
<position_item>4</position_item>
<priorisation>1</priorisation>
</item_as_stp>
</savoir_theorique_et_proceduraux>
<savoir_action nbItemSA_AS="0">
</savoir_action>
</bloc>
<bloc>
<position_bloc>4</position_bloc>
<activite_specifique nbItemActivite_AS="1">
<item_as>
<code_ogr>113865</code_ogr>
<libelle>R&#0233;aliser la restauration &#0233;cologique de milieux naturels (lande, marais, mare, ...)</libelle>
<code_type_activite>3</code_type_activite>
<code_type_item_activite>2</code_type_item_activite>
<position_item>1</position_item>
<priorisation>1</priorisation>
<riasec_majeur>R</riasec_majeur>
<riasec_mineur>i</riasec_mineur>
</item_as>
</activite_specifique>
<savoir_theorique_et_proceduraux nbItemSTP_AS="1">
<item_as_stp>
<code_ogr>100057</code_ogr>
<libelle>Techniques de pr&#0233;servation de la biodiversit&#0233;</libelle>
<code_type_competence>1</code_type_competence>
<position_item>1</position_item>
<priorisation>1</priorisation>
</item_as_stp>
</savoir_theorique_et_proceduraux>
<savoir_action nbItemSA_AS="0">
</savoir_action>
</bloc>
<bloc>
<position_bloc>5</position_bloc>
<activite_specifique nbItemActivite_AS="1">
<item_as>
<code_ogr>113866</code_ogr>
<libelle>R&#0233;aliser la pose et l&#0039;entretien de filets, murets de sout&#0232;nement pour la stabilisation des dunes</libelle>
<code_type_activite>3</code_type_activite>
<code_type_item_activite>2</code_type_item_activite>
<position_item>1</position_item>
<priorisation>1</priorisation>
<riasec_majeur>R</riasec_majeur>
</item_as>
</activite_specifique>
<savoir_theorique_et_proceduraux nbItemSTP_AS="0">
</savoir_theorique_et_proceduraux>
<savoir_action nbItemSA_AS="0">
</savoir_action>
</bloc>
<bloc>
<position_bloc>6</position_bloc>
<activite_specifique nbItemActivite_AS="1">
<item_as>
<code_ogr>102359</code_ogr>
<libelle>Coordonner l&#0039;activit&#0233; d&#0039;une &#0233;quipe</libelle>
<code_type_activite>3</code_type_activite>
<code_type_item_activite>2</code_type_item_activite>
<position_item>1</position_item>
<priorisation>1</priorisation>
<riasec_majeur>E</riasec_majeur>
<riasec_mineur>s</riasec_mineur>
</item_as>
</activite_specifique>
<savoir_theorique_et_proceduraux nbItemSTP_AS="1">
<item_as_stp>
<code_ogr>119842</code_ogr>
<libelle>Management</libelle>
<code_type_competence>1</code_type_competence>
<position_item>1</position_item>
<priorisation>1</priorisation>
</item_as_stp>
</savoir_theorique_et_proceduraux>
<savoir_action nbItemSA_AS="0">
</savoir_action>
</bloc>
</bloc_activites_specifiques>
<bloc_mobilites>
<mobilites_proches nbItemMob="1">
<item_mob_pr><code_type_mobilite>1</code_type_mobilite>
<liste_appellation_source>
<code_appellation_source>0</code_appellation_source>
<libelle_appellation_source>Toutes les appellations</libelle_appellation_source>
</liste_appellation_source>
<code_rome_cible>A1203</code_rome_cible>
<libelle_rome_cible>Entretien des espaces verts</libelle_rome_cible>
<liste_appellation_cible>
<code_appellation_cible>0</code_appellation_cible>
<libelle_appellation_cible>Toutes les appellations</libelle_appellation_cible>
</liste_appellation_cible>
</item_mob_pr>
</mobilites_proches>
<mobilites_si_evolution nbItemMob="2">
<item_mob_ev><code_type_mobilite>2</code_type_mobilite>
<liste_appellation_source>
<code_appellation_source>0</code_appellation_source>
<libelle_appellation_source>Toutes les appellations</libelle_appellation_source>
</liste_appellation_source>
<code_rome_cible>A1204</code_rome_cible>
<libelle_rome_cible>Protection du patrimoine naturel</libelle_rome_cible>
<liste_appellation_cible>
<code_appellation_cible>0</code_appellation_cible>
<libelle_appellation_cible>Toutes les appellations</libelle_appellation_cible>
</liste_appellation_cible>
</item_mob_ev>
<item_mob_ev><code_type_mobilite>2</code_type_mobilite>
<liste_appellation_source>
<code_appellation_source>0</code_appellation_source>
<libelle_appellation_source>Toutes les appellations</libelle_appellation_source>
</liste_appellation_source>
<code_rome_cible>K2303</code_rome_cible>
<libelle_rome_cible>Nettoyage des espaces urbains</libelle_rome_cible>
<liste_appellation_cible>
<code_appellation_cible>0</code_appellation_cible>
<libelle_appellation_cible>Toutes les appellations</libelle_appellation_cible>
</liste_appellation_cible>
</item_mob_ev>
</mobilites_si_evolution>
</bloc_mobilites>
</fiche_emploi_metier>