<?xml version="1.0" encoding="UTF-8" ?>
<fiche_emploi_metier>
<type_fiche>2</type_fiche>
<libelle_type_fiche>priorise</libelle_type_fiche>
<version_SI>
<version_rome>333</version_rome>
<date_version_si>01/10/2017</date_version_si>
<mois_version_si>Octobre</mois_version_si>
<annee_version_si>2017</annee_version_si>
</version_SI>
<bloc_code_rome>
<code_rome>B1302</code_rome>
<intitule>D&#0233;coration d&#0039;objets d&#0039;art et artisanaux</intitule>
<code_ogr>39</code_ogr>
<riasec_majeur>R</riasec_majeur>
<riasec_mineur>a</riasec_mineur>
</bloc_code_rome>
<bloc_appellation nbItemAppellation="31">
<item_app>
<code_ogr>11136</code_ogr>
<libelle>Argenteur / Argenteuse en orf&#0232;vrerie</libelle>
<libelle_court>Argenteur / Argenteuse en orf&#0232;vrerie</libelle_court>
<priorisation>1</priorisation>
</item_app>
<item_app>
<code_ogr>11138</code_ogr>
<libelle>Argenteur / Argenteuse sur feuille</libelle>
<libelle_court>Argenteur / Argenteuse sur feuille</libelle_court>
<priorisation>1</priorisation>
</item_app>
<item_app>
<code_ogr>11139</code_ogr>
<libelle>Argenteur / Argenteuse sur verre ou cristal</libelle>
<libelle_court>Argenteur / Argenteuse sur verre ou cristal</libelle_court>
<priorisation>1</priorisation>
</item_app>
<item_app>
<code_ogr>13904</code_ogr>
<libelle>D&#0233;corateur / D&#0233;coratrice en verrerie</libelle>
<libelle_court>D&#0233;corateur / D&#0233;coratrice en verrerie</libelle_court>
<priorisation>1</priorisation>
</item_app>
<item_app>
<code_ogr>13910</code_ogr>
<libelle>D&#0233;corateur / D&#0233;coratrice sur verre</libelle>
<libelle_court>D&#0233;corateur / D&#0233;coratrice sur verre</libelle_court>
<priorisation>1</priorisation>
</item_app>
<item_app>
<code_ogr>14521</code_ogr>
<libelle>Doreur / Doreuse d&#0039;art</libelle>
<libelle_court>Doreur / Doreuse d&#0039;art</libelle_court>
<priorisation>1</priorisation>
</item_app>
<item_app>
<code_ogr>14522</code_ogr>
<libelle>Doreur / Doreuse ornemaniste</libelle>
<libelle_court>Doreur / Doreuse ornemaniste</libelle_court>
<priorisation>1</priorisation>
</item_app>
<item_app>
<code_ogr>14524</code_ogr>
<libelle>Doreur / Doreuse sur tranche</libelle>
<libelle_court>Doreur / Doreuse sur tranche</libelle_court>
<priorisation>1</priorisation>
</item_app>
<item_app>
<code_ogr>14735</code_ogr>
<libelle>Emailleur / Emailleuse d&#0039;art</libelle>
<libelle_court>Emailleur / Emailleuse d&#0039;art</libelle_court>
<priorisation>1</priorisation>
</item_app>
<item_app>
<code_ogr>14739</code_ogr>
<libelle>Emailleur / Emailleuse sur verre</libelle>
<libelle_court>Emailleur / Emailleuse sur verre</libelle_court>
<priorisation>1</priorisation>
</item_app>
<item_app>
<code_ogr>15085</code_ogr>
<libelle>Fileur-&#0233;tireur / Fileuse-&#0233;tireuse &#0224; la main</libelle>
<libelle_court>Fileur-&#0233;tireur / Fileuse-&#0233;tireuse &#0224; la main</libelle_court>
<priorisation>1</priorisation>
</item_app>
<item_app>
<code_ogr>15087</code_ogr>
<libelle>Finisseur / Finisseuse d&#0039;art</libelle>
<libelle_court>Finisseur / Finisseuse d&#0039;art</libelle_court>
<priorisation>1</priorisation>
</item_app>
<item_app>
<code_ogr>15091</code_ogr>
<libelle>Finisseur-d&#0233;corateur / Finisseuse-d&#0233;coratrice d&#0039;objets d&#0039;art et artisanaux</libelle>
<libelle_court>Finisseur(se)-d&#0233;corateur(trice) d&#0039;objets d&#0039;art et artisanaux</libelle_court>
<priorisation>1</priorisation>
</item_app>
<item_app>
<code_ogr>15523</code_ogr>
<libelle>Imprimeur / Imprimeuse papier peint &#0224; la planche</libelle>
<libelle_court>Imprimeur / Imprimeuse papier peint &#0224; la planche</libelle_court>
<priorisation>1</priorisation>
</item_app>
<item_app>
<code_ogr>16160</code_ogr>
<libelle>Laqueur / Laqueuse sur bois</libelle>
<libelle_court>Laqueur / Laqueuse sur bois</libelle_court>
<priorisation>1</priorisation>
</item_app>
<item_app>
<code_ogr>16161</code_ogr>
<libelle>Laqueur-d&#0233;corateur / Laqueuse-d&#0233;coratrice</libelle>
<libelle_court>Laqueur-d&#0233;corateur / Laqueuse-d&#0233;coratrice</libelle_court>
<priorisation>1</priorisation>
</item_app>
<item_app>
<code_ogr>16162</code_ogr>
<libelle>Laqueur-doreur / Laqueuse-doreuse</libelle>
<libelle_court>Laqueur-doreur / Laqueuse-doreuse</libelle_court>
<priorisation>1</priorisation>
</item_app>
<item_app>
<code_ogr>17428</code_ogr>
<libelle>Ouvrier / Ouvri&#0232;re de d&#0233;coration &#0224; la main</libelle>
<libelle_court>Ouvrier / Ouvri&#0232;re de d&#0233;coration &#0224; la main</libelle_court>
<priorisation>1</priorisation>
</item_app>
<item_app>
<code_ogr>17574</code_ogr>
<libelle>Patineur / Patineuse sur bois &#0224; la main</libelle>
<libelle_court>Patineur / Patineuse sur bois &#0224; la main</libelle_court>
<priorisation>1</priorisation>
</item_app>
<item_app>
<code_ogr>17609</code_ogr>
<libelle>Peintre &#0224; la main sur verre</libelle>
<libelle_court>Peintre &#0224; la main sur verre</libelle_court>
<priorisation>1</priorisation>
</item_app>
<item_app>
<code_ogr>17631</code_ogr>
<libelle>Peintre finisseur / finisseuse &#0224; la main</libelle>
<libelle_court>Peintre finisseur / finisseuse &#0224; la main</libelle_court>
<priorisation>1</priorisation>
</item_app>
<item_app>
<code_ogr>17644</code_ogr>
<libelle>Peintre sur c&#0233;ramique</libelle>
<libelle_court>Peintre sur c&#0233;ramique</libelle_court>
<priorisation>1</priorisation>
</item_app>
<item_app>
<code_ogr>17646</code_ogr>
<libelle>Peintre sur soie</libelle>
<libelle_court>Peintre sur soie</libelle_court>
<priorisation>1</priorisation>
</item_app>
<item_app>
<code_ogr>17650</code_ogr>
<libelle>Peintre-fileur-d&#0233;corateur / Peintre-fileuse-d&#0233;coratrice en c&#0233;ramique</libelle>
<libelle_court>Peintre-fileur(se)-d&#0233;corateur(trice) en c&#0233;ramique</libelle_court>
<priorisation>1</priorisation>
</item_app>
<item_app>
<code_ogr>17651</code_ogr>
<libelle>Peintre-fileur-incrustateur / Peintre-fileuse-incrustatrice &#0224; la main</libelle>
<libelle_court>Peintre-fileur(se)-incrustateur(trice) &#0224; la main</libelle_court>
<priorisation>1</priorisation>
</item_app>
<item_app>
<code_ogr>17882</code_ogr>
<libelle>Ponceur-vernisseur / Ponceuse-vernisseuse &#0224; la main</libelle>
<libelle_court>Ponceur-vernisseur / Ponceuse-vernisseuse &#0224; la main</libelle_court>
<priorisation>1</priorisation>
</item_app>
<item_app>
<code_ogr>19225</code_ogr>
<libelle>Restaurateur / Restauratrice de tableaux</libelle>
<libelle_court>Restaurateur / Restauratrice de tableaux</libelle_court>
<priorisation>1</priorisation>
</item_app>
<item_app>
<code_ogr>19235</code_ogr>
<libelle>Restaurateur / Restauratrice sur verre</libelle>
<libelle_court>Restaurateur / Restauratrice sur verre</libelle_court>
<priorisation>1</priorisation>
</item_app>
<item_app>
<code_ogr>19236</code_ogr>
<libelle>Restaurateur-doreur / Restauratrice-doreuse sur oeuvres d&#0039;art</libelle>
<libelle_court>Restaurateur-doreur/Restauratrice-doreuse sur oeuvres d&#0039;art</libelle_court>
<priorisation>1</priorisation>
</item_app>
<item_app>
<code_ogr>19239</code_ogr>
<libelle>Retoucheur / Retoucheuse bois</libelle>
<libelle_court>Retoucheur / Retoucheuse bois</libelle_court>
<priorisation>1</priorisation>
</item_app>
<item_app>
<code_ogr>20658</code_ogr>
<libelle>Vernisseur / Vernisseuse au tampon</libelle>
<libelle_court>Vernisseur / Vernisseuse au tampon</libelle_court>
<priorisation>1</priorisation>
</item_app>
</bloc_appellation>
<definition nbItemDefinition="4">
R&#0233;alise manuellement les op&#0233;rations n&#0233;cessaires &#0224; la d&#0233;coration et &#0224; la finition (peinture, laque, vernis, &#0233;mail, ...) d&#0039;objets d&#0039;art ou d&#0039;artisanat.
Peut appliquer un rev&#0234;tement d&#0233;coratif ou de protection sur des objets, peindre des d&#0233;cors &#0224; main lev&#0233;e et effectuer la restauration d&#0039;objets anciens.
Peut transmettre son savoir-faire et participer &#0224; des actions de sensibilisation de sa profession.
Peut diriger un service ou une structure.
</definition>
<acces_emploi_metier nbItemAccesEmploiMetier="2">
Cet emploi/m&#0233;tier est accessible avec un dipl&#0244;me de niveau CAP &#0224; Bac+2 (Dipl&#0244;me des M&#0233;tiers d&#0039;Art -DMA-, ...) en dorure &#0224; la feuille, arts et techniques du verre option d&#0233;corateur sur verre, art de la reliure et de la dorure, ....
Un Master en restauration du patrimoine, conservation et restauration des biens d&#0039;&#0233;quipements culturels, conservation et restauration des biens culturels, ... est requis pour exercer la fonction de restaurateur au sein de collections publiques appartenant aux mus&#0233;es de France.
</acces_emploi_metier>
<condition_exercice_activite nbItemConditionExercice="3">
L&#0039;activit&#0233; de cet emploi/m&#0233;tier s&#0039;exerce au sein d&#0039;entreprises artisanales, de manufactures, d&#0039;&#0233;tablissements publics, de collectivit&#0233;s territoriales, d&#0039;organismes culturels ou du patrimoine, en contact avec des clients (&#0233;b&#0233;niste, relieur, antiquaire, conservateur de mus&#0233;e, ...).
L&#0039;activit&#0233; s&#0039;effectue en atelier, au domicile de l&#0039;intervenant, parfois en ext&#0233;rieur, en hauteur.
Le port d&#0039;&#0233;quipements de protection ou d&#0039;une tenue professionnelle (masque, blouse, ...) peut &#0234;tre requis.
</condition_exercice_activite>
<bloc_environnement_de_travail nbItemEnvTrav="11">
<item_env>
<code_ogr>23808</code_ogr>
<libelle>Collectivit&#0233; territoriale</libelle>
<code_type_section_env>1</code_type_section_env>
<priorisation>1</priorisation>
</item_env>
<item_env>
<code_ogr>23870</code_ogr>
<libelle>Entreprise artisanale</libelle>
<code_type_section_env>1</code_type_section_env>
<priorisation>1</priorisation>
</item_env>
<item_env>
<code_ogr>24003</code_ogr>
<libelle>Manufacture</libelle>
<code_type_section_env>1</code_type_section_env>
<priorisation>1</priorisation>
</item_env>
<item_env>
<code_ogr>24016</code_ogr>
<libelle>Organisme culturel, du patrimoine</libelle>
<code_type_section_env>1</code_type_section_env>
<priorisation>1</priorisation>
</item_env>
<item_env>
<code_ogr>23393</code_ogr>
<libelle>Agencement, d&#0233;coration int&#0233;rieure</libelle>
<code_type_section_env>2</code_type_section_env>
<priorisation>1</priorisation>
</item_env>
<item_env>
<code_ogr>23398</code_ogr>
<libelle>Ameublement</libelle>
<code_type_section_env>2</code_type_section_env>
<priorisation>1</priorisation>
</item_env>
<item_env>
<code_ogr>23422</code_ogr>
<libelle>Bijouterie, joaillerie</libelle>
<code_type_section_env>2</code_type_section_env>
<priorisation>1</priorisation>
</item_env>
<item_env>
<code_ogr>23529</code_ogr>
<libelle>Industrie c&#0233;ramique</libelle>
<code_type_section_env>2</code_type_section_env>
<priorisation>1</priorisation>
</item_env>
<item_env>
<code_ogr>23576</code_ogr>
<libelle>Patrimoine culturel et historique</libelle>
<code_type_section_env>2</code_type_section_env>
<priorisation>1</priorisation>
</item_env>
<item_env>
<code_ogr>23674</code_ogr>
<libelle>Verrerie d&#0039;art</libelle>
<code_type_section_env>2</code_type_section_env>
<priorisation>1</priorisation>
</item_env>
<item_env>
<code_ogr>24844</code_ogr>
<libelle>Travail en ind&#0233;pendant</libelle>
<code_type_section_env>3</code_type_section_env>
<priorisation>1</priorisation>
</item_env>
</bloc_environnement_de_travail>
<bloc_activites_de_base nbBlocActiviteBase="1">
<activites_de_base nbItemActivite_AB="12">
<item_ab>
<code_ogr>125156</code_ogr>
<libelle>D&#0233;finir les &#0233;tapes d&#0039;intervention pour le fa&#0231;onnage ou la d&#0233;coration d&#0039;un objet</libelle>
<code_type_activite>3</code_type_activite>
<code_type_item_activite>2</code_type_item_activite>
<position_item>1</position_item>
<priorisation>1</priorisation>
<riasec_majeur>R</riasec_majeur>
</item_ab>
<item_ab>
<code_ogr>124328</code_ogr>
<libelle>Nettoyer une surface &#0224; d&#0233;corer ou &#0224; recouvrir</libelle>
<code_type_activite>3</code_type_activite>
<code_type_item_activite>2</code_type_item_activite>
<position_item>2</position_item>
<priorisation>1</priorisation>
<riasec_majeur>R</riasec_majeur>
</item_ab>
<item_ab>
<code_ogr>124329</code_ogr>
<libelle>D&#0233;monter un objet</libelle>
<code_type_activite>3</code_type_activite>
<code_type_item_activite>2</code_type_item_activite>
<position_item>3</position_item>
<priorisation>1</priorisation>
<riasec_majeur>R</riasec_majeur>
</item_ab>
<item_ab>
<code_ogr>125811</code_ogr>
<libelle>Tracer des d&#0233;cors</libelle>
<code_type_activite>3</code_type_activite>
<code_type_item_activite>2</code_type_item_activite>
<position_item>4</position_item>
<priorisation>1</priorisation>
<riasec_majeur>R</riasec_majeur>
<riasec_mineur>a</riasec_mineur>
</item_ab>
<item_ab>
<code_ogr>125810</code_ogr>
<libelle>Reproduire &#0224; la main un motif sur un article</libelle>
<code_type_activite>3</code_type_activite>
<code_type_item_activite>2</code_type_item_activite>
<position_item>5</position_item>
<priorisation>1</priorisation>
<riasec_majeur>R</riasec_majeur>
<riasec_mineur>a</riasec_mineur>
</item_ab>
<item_ab>
<code_ogr>124991</code_ogr>
<libelle>Appliquer manuellement un produit, un traitement</libelle>
<code_type_activite>3</code_type_activite>
<code_type_item_activite>2</code_type_item_activite>
<position_item>6</position_item>
<priorisation>1</priorisation>
<riasec_majeur>R</riasec_majeur>
<riasec_mineur>c</riasec_mineur>
</item_ab>
<item_ab>
<code_ogr>106583</code_ogr>
<libelle>R&#0233;aliser une op&#0233;ration de polissage de surface</libelle>
<code_type_activite>3</code_type_activite>
<code_type_item_activite>2</code_type_item_activite>
<position_item>7</position_item>
<priorisation>1</priorisation>
<riasec_majeur>R</riasec_majeur>
</item_ab>
<item_ab>
<code_ogr>125603</code_ogr>
<libelle>Proc&#0233;der &#0224; une op&#0233;ration de pon&#0231;age</libelle>
<code_type_activite>3</code_type_activite>
<code_type_item_activite>2</code_type_item_activite>
<position_item>8</position_item>
<priorisation>1</priorisation>
<riasec_majeur>R</riasec_majeur>
</item_ab>
<item_ab>
<code_ogr>125602</code_ogr>
<libelle>Proc&#0233;der &#0224; une op&#0233;ration de cirage</libelle>
<code_type_activite>3</code_type_activite>
<code_type_item_activite>2</code_type_item_activite>
<position_item>9</position_item>
<priorisation>1</priorisation>
<riasec_majeur>R</riasec_majeur>
</item_ab>
<item_ab>
<code_ogr>125604</code_ogr>
<libelle>Monter des pi&#0232;ces de d&#0233;corations, ornementations</libelle>
<code_type_activite>3</code_type_activite>
<code_type_item_activite>2</code_type_item_activite>
<position_item>10</position_item>
<priorisation>1</priorisation>
<riasec_majeur>R</riasec_majeur>
</item_ab>
<item_ab>
<code_ogr>117482</code_ogr>
<libelle>Conditionner un produit</libelle>
<code_type_activite>3</code_type_activite>
<code_type_item_activite>2</code_type_item_activite>
<position_item>11</position_item>
<priorisation>1</priorisation>
<riasec_majeur>R</riasec_majeur>
</item_ab>
<item_ab>
<code_ogr>121762</code_ogr>
<libelle>Enregistrer la vente d&#0039;un article</libelle>
<code_type_activite>3</code_type_activite>
<code_type_item_activite>2</code_type_item_activite>
<position_item>12</position_item>
<priorisation>1</priorisation>
<riasec_majeur>C</riasec_majeur>
</item_ab>
</activites_de_base>
<savoir_theorique_et_proceduraux nbItemSTP_AB="7">
<item_ab_stp>
<code_ogr>100646</code_ogr>
<libelle>Proc&#0233;dures de s&#0233;chage (temp&#0233;rature, dur&#0233;e, ...)</libelle>
<code_type_competence>1</code_type_competence>
<position_item>1</position_item>
<priorisation>1</priorisation>
</item_ab_stp>
<item_ab_stp>
<code_ogr>100610</code_ogr>
<libelle>Techniques de dessin</libelle>
<code_type_competence>1</code_type_competence>
<position_item>2</position_item>
<priorisation>1</priorisation>
</item_ab_stp>
<item_ab_stp>
<code_ogr>100647</code_ogr>
<libelle>Proc&#0233;d&#0233;s de masquage</libelle>
<code_type_competence>1</code_type_competence>
<position_item>3</position_item>
<priorisation>1</priorisation>
</item_ab_stp>
<item_ab_stp>
<code_ogr>100645</code_ogr>
<libelle>Peinture par filets</libelle>
<code_type_competence>1</code_type_competence>
<position_item>4</position_item>
<priorisation>1</priorisation>
</item_ab_stp>
<item_ab_stp>
<code_ogr>100643</code_ogr>
<libelle>Trac&#0233; de croquis</libelle>
<code_type_competence>1</code_type_competence>
<position_item>5</position_item>
<priorisation>1</priorisation>
</item_ab_stp>
<item_ab_stp>
<code_ogr>100644</code_ogr>
<libelle>Abrasion manuelle</libelle>
<code_type_competence>1</code_type_competence>
<position_item>6</position_item>
<priorisation>1</priorisation>
</item_ab_stp>
<item_ab_stp>
<code_ogr>100038</code_ogr>
<libelle>Chiffrage/calcul de co&#0251;t</libelle>
<code_type_competence>1</code_type_competence>
<position_item>7</position_item>
<priorisation>1</priorisation>
</item_ab_stp>
</savoir_theorique_et_proceduraux>
<savoir_action nbItemSA_AB="0">
</savoir_action>
</bloc_activites_de_base>
<bloc_activites_specifiques nbBlocActiviteSpecifique="10">
<bloc>
<position_bloc>1</position_bloc>
<activite_specifique nbItemActivite_AS="1">
<item_as>
<code_ogr>124990</code_ogr>
<libelle>Appliquer des motifs, des rev&#0234;tements de surface sur des objets d&#0039;art et artisanaux</libelle>
<code_type_activite>3</code_type_activite>
<code_type_item_activite>2</code_type_item_activite>
<position_item>1</position_item>
<priorisation>1</priorisation>
<riasec_majeur>R</riasec_majeur>
<riasec_mineur>a</riasec_mineur>
</item_as>
</activite_specifique>
<savoir_theorique_et_proceduraux nbItemSTP_AS="9">
<item_as_stp>
<code_ogr>123139</code_ogr>
<libelle>Caract&#0233;ristiques des c&#0233;ramiques</libelle>
<code_type_competence>1</code_type_competence>
<position_item>2</position_item>
<priorisation>1</priorisation>
</item_as_stp>
<item_as_stp>
<code_ogr>100905</code_ogr>
<libelle>Caract&#0233;ristiques et propri&#0233;t&#0233;s du verre</libelle>
<code_type_competence>1</code_type_competence>
<position_item>3</position_item>
<priorisation>1</priorisation>
</item_as_stp>
<item_as_stp>
<code_ogr>118248</code_ogr>
<libelle>Travail des m&#0233;taux</libelle>
<code_type_competence>1</code_type_competence>
<position_item>4</position_item>
<priorisation>1</priorisation>
</item_as_stp>
<item_as_stp>
<code_ogr>120092</code_ogr>
<libelle>Menuiserie bois massif</libelle>
<code_type_competence>1</code_type_competence>
<position_item>5</position_item>
<priorisation>1</priorisation>
</item_as_stp>
<item_as_stp>
<code_ogr>120091</code_ogr>
<libelle>Menuiserie bois de placage</libelle>
<code_type_competence>1</code_type_competence>
<position_item>6</position_item>
<priorisation>1</priorisation>
</item_as_stp>
<item_as_stp>
<code_ogr>123236</code_ogr>
<libelle>Propri&#0233;t&#0233;s du pl&#0226;tre</libelle>
<code_type_competence>1</code_type_competence>
<position_item>7</position_item>
<priorisation>1</priorisation>
</item_as_stp>
<item_as_stp>
<code_ogr>106384</code_ogr>
<libelle>Caract&#0233;ristiques des fibres, r&#0233;sines, colles</libelle>
<code_type_competence>1</code_type_competence>
<position_item>8</position_item>
<priorisation>1</priorisation>
</item_as_stp>
<item_as_stp>
<code_ogr>100576</code_ogr>
<libelle>Utilisation de tour</libelle>
<code_type_competence>1</code_type_competence>
<position_item>9</position_item>
<priorisation>1</priorisation>
</item_as_stp>
<item_as_stp>
<code_ogr>119191</code_ogr>
<libelle>Histoire de l&#0039;art</libelle>
<code_type_competence>1</code_type_competence>
<position_item>10</position_item>
<priorisation>1</priorisation>
</item_as_stp>
</savoir_theorique_et_proceduraux>
<savoir_action nbItemSA_AS="0">
</savoir_action>
</bloc>
<bloc>
<position_bloc>2</position_bloc>
<activite_specifique nbItemActivite_AS="4">
<item_as>
<code_ogr>100658</code_ogr>
<libelle>Appliquer une couche de m&#0233;tal par l&#0039;argenture</libelle>
<code_type_activite>3</code_type_activite>
<code_type_item_activite>2</code_type_item_activite>
<position_item>1</position_item>
<priorisation>1</priorisation>
<riasec_majeur>R</riasec_majeur>
</item_as>
<item_as>
<code_ogr>100659</code_ogr>
<libelle>Appliquer une couche de m&#0233;tal par la dorure</libelle>
<code_type_activite>3</code_type_activite>
<code_type_item_activite>2</code_type_item_activite>
<position_item>2</position_item>
<priorisation>1</priorisation>
<riasec_majeur>R</riasec_majeur>
</item_as>
<item_as>
<code_ogr>100660</code_ogr>
<libelle>Appliquer une couche de m&#0233;tal par cuivrage</libelle>
<code_type_activite>3</code_type_activite>
<code_type_item_activite>2</code_type_item_activite>
<position_item>3</position_item>
<priorisation>1</priorisation>
<riasec_majeur>R</riasec_majeur>
</item_as>
<item_as>
<code_ogr>100661</code_ogr>
<libelle>Appliquer une couche de m&#0233;tal par nickelage</libelle>
<code_type_activite>3</code_type_activite>
<code_type_item_activite>2</code_type_item_activite>
<position_item>4</position_item>
<priorisation>1</priorisation>
<riasec_majeur>R</riasec_majeur>
</item_as>
</activite_specifique>
<savoir_theorique_et_proceduraux nbItemSTP_AS="7">
<item_as_stp>
<code_ogr>100663</code_ogr>
<libelle>Pr&#0233;paration de bains de traitement</libelle>
<code_type_competence>1</code_type_competence>
<position_item>1</position_item>
<priorisation>1</priorisation>
</item_as_stp>
<item_as_stp>
<code_ogr>125205</code_ogr>
<libelle>Caract&#0233;ristiques des supports textiles</libelle>
<code_type_competence>1</code_type_competence>
<position_item>1</position_item>
<priorisation>1</priorisation>
</item_as_stp>
<item_as_stp>
<code_ogr>100820</code_ogr>
<libelle>Caract&#0233;ristiques des cuirs et peaux</libelle>
<code_type_competence>1</code_type_competence>
<position_item>1</position_item>
<priorisation>1</priorisation>
</item_as_stp>
<item_as_stp>
<code_ogr>100662</code_ogr>
<libelle>Utilisation de pistolet de projection</libelle>
<code_type_competence>1</code_type_competence>
<position_item>2</position_item>
<priorisation>1</priorisation>
</item_as_stp>
<item_as_stp>
<code_ogr>100666</code_ogr>
<libelle>Techniques d&#0039;&#0233;lectrolyse</libelle>
<code_type_competence>1</code_type_competence>
<position_item>3</position_item>
<priorisation>1</priorisation>
</item_as_stp>
<item_as_stp>
<code_ogr>100665</code_ogr>
<libelle>Propri&#0233;t&#0233;s des m&#0233;taux</libelle>
<code_type_competence>1</code_type_competence>
<position_item>4</position_item>
<priorisation>1</priorisation>
</item_as_stp>
<item_as_stp>
<code_ogr>100664</code_ogr>
<libelle>Propri&#0233;t&#0233;s des m&#0233;taux pr&#0233;cieux</libelle>
<code_type_competence>1</code_type_competence>
<position_item>5</position_item>
<priorisation>1</priorisation>
</item_as_stp>
</savoir_theorique_et_proceduraux>
<savoir_action nbItemSA_AS="0">
</savoir_action>
</bloc>
<bloc>
<position_bloc>3</position_bloc>
<activite_specifique nbItemActivite_AS="6">
<item_as>
<code_ogr>124997</code_ogr>
<libelle>Appliquer de la laque &#0224; la main</libelle>
<code_type_activite>3</code_type_activite>
<code_type_item_activite>2</code_type_item_activite>
<position_item>1</position_item>
<priorisation>1</priorisation>
<riasec_majeur>R</riasec_majeur>
<riasec_mineur>a</riasec_mineur>
</item_as>
<item_as>
<code_ogr>124999</code_ogr>
<libelle>Appliquer du vernis &#0224; la main</libelle>
<code_type_activite>3</code_type_activite>
<code_type_item_activite>2</code_type_item_activite>
<position_item>2</position_item>
<priorisation>1</priorisation>
<riasec_majeur>R</riasec_majeur>
<riasec_mineur>a</riasec_mineur>
</item_as>
<item_as>
<code_ogr>124995</code_ogr>
<libelle>Appliquer de l&#0039;email &#0224; la main</libelle>
<code_type_activite>3</code_type_activite>
<code_type_item_activite>2</code_type_item_activite>
<position_item>3</position_item>
<priorisation>1</priorisation>
<riasec_majeur>R</riasec_majeur>
<riasec_mineur>a</riasec_mineur>
</item_as>
<item_as>
<code_ogr>124996</code_ogr>
<libelle>Appliquer de la dorure, de l&#0039;argenture &#0224; la main</libelle>
<code_type_activite>3</code_type_activite>
<code_type_item_activite>2</code_type_item_activite>
<position_item>4</position_item>
<priorisation>1</priorisation>
<riasec_majeur>R</riasec_majeur>
<riasec_mineur>a</riasec_mineur>
</item_as>
<item_as>
<code_ogr>124998</code_ogr>
<libelle>Appliquer de la patine &#0224; la main</libelle>
<code_type_activite>3</code_type_activite>
<code_type_item_activite>2</code_type_item_activite>
<position_item>5</position_item>
<priorisation>1</priorisation>
<riasec_majeur>R</riasec_majeur>
<riasec_mineur>a</riasec_mineur>
</item_as>
<item_as>
<code_ogr>119914</code_ogr>
<libelle>Appliquer un produit au tampon</libelle>
<code_type_activite>3</code_type_activite>
<code_type_item_activite>2</code_type_item_activite>
<position_item>6</position_item>
<priorisation>1</priorisation>
<riasec_majeur>R</riasec_majeur>
<riasec_mineur>a</riasec_mineur>
</item_as>
</activite_specifique>
<savoir_theorique_et_proceduraux nbItemSTP_AS="4">
<item_as_stp>
<code_ogr>100674</code_ogr>
<libelle>Utilisation de fleuron et empreinte</libelle>
<code_type_competence>1</code_type_competence>
<position_item>1</position_item>
<priorisation>1</priorisation>
</item_as_stp>
<item_as_stp>
<code_ogr>100673</code_ogr>
<libelle>Utilisation de fer &#0224; dorer</libelle>
<code_type_competence>1</code_type_competence>
<position_item>2</position_item>
<priorisation>1</priorisation>
</item_as_stp>
<item_as_stp>
<code_ogr>100672</code_ogr>
<libelle>Techniques de titrage</libelle>
<code_type_competence>1</code_type_competence>
<position_item>3</position_item>
<priorisation>1</priorisation>
</item_as_stp>
<item_as_stp>
<code_ogr>125133</code_ogr>
<libelle>Dorure &#0224; la feuille</libelle>
<code_type_competence>1</code_type_competence>
<position_item>4</position_item>
<priorisation>1</priorisation>
</item_as_stp>
</savoir_theorique_et_proceduraux>
<savoir_action nbItemSA_AS="0">
</savoir_action>
</bloc>
<bloc>
<position_bloc>4</position_bloc>
<activite_specifique nbItemActivite_AS="4">
<item_as>
<code_ogr>100677</code_ogr>
<libelle>Restaurer des ouvrages graphiques</libelle>
<code_type_activite>3</code_type_activite>
<code_type_item_activite>2</code_type_item_activite>
<position_item>1</position_item>
<priorisation>1</priorisation>
<riasec_majeur>A</riasec_majeur>
<riasec_mineur>r</riasec_mineur>
</item_as>
<item_as>
<code_ogr>100678</code_ogr>
<libelle>Restaurer des sculptures</libelle>
<code_type_activite>3</code_type_activite>
<code_type_item_activite>2</code_type_item_activite>
<position_item>2</position_item>
<priorisation>1</priorisation>
<riasec_majeur>A</riasec_majeur>
<riasec_mineur>r</riasec_mineur>
</item_as>
<item_as>
<code_ogr>100679</code_ogr>
<libelle>Restaurer des tableaux</libelle>
<code_type_activite>3</code_type_activite>
<code_type_item_activite>2</code_type_item_activite>
<position_item>3</position_item>
<priorisation>1</priorisation>
<riasec_majeur>A</riasec_majeur>
<riasec_mineur>r</riasec_mineur>
</item_as>
<item_as>
<code_ogr>100680</code_ogr>
<libelle>Restaurer des cadres</libelle>
<code_type_activite>3</code_type_activite>
<code_type_item_activite>2</code_type_item_activite>
<position_item>4</position_item>
<priorisation>1</priorisation>
<riasec_majeur>R</riasec_majeur>
<riasec_mineur>a</riasec_mineur>
</item_as>
</activite_specifique>
<savoir_theorique_et_proceduraux nbItemSTP_AS="7">
<item_as_stp>
<code_ogr>101065</code_ogr>
<libelle>Chimie</libelle>
<code_type_competence>1</code_type_competence>
<position_item>1</position_item>
<priorisation>1</priorisation>
</item_as_stp>
<item_as_stp>
<code_ogr>100682</code_ogr>
<libelle>Techniques d&#0039;entoilage</libelle>
<code_type_competence>1</code_type_competence>
<position_item>2</position_item>
<priorisation>1</priorisation>
</item_as_stp>
<item_as_stp>
<code_ogr>100634</code_ogr>
<libelle>Techniques de peinture</libelle>
<code_type_competence>1</code_type_competence>
<position_item>3</position_item>
<priorisation>1</priorisation>
</item_as_stp>
<item_as_stp>
<code_ogr>100517</code_ogr>
<libelle>Techniques de moulage</libelle>
<code_type_competence>1</code_type_competence>
<position_item>4</position_item>
<priorisation>1</priorisation>
</item_as_stp>
<item_as_stp>
<code_ogr>101898</code_ogr>
<libelle>Techniques de restauration</libelle>
<code_type_competence>1</code_type_competence>
<position_item>5</position_item>
<priorisation>1</priorisation>
</item_as_stp>
<item_as_stp>
<code_ogr>100597</code_ogr>
<libelle>Principes de conservation pr&#0233;ventive</libelle>
<code_type_competence>1</code_type_competence>
<position_item>6</position_item>
<priorisation>1</priorisation>
</item_as_stp>
<item_as_stp>
<code_ogr>100681</code_ogr>
<libelle>Histoire des arts d&#0233;coratifs</libelle>
<code_type_competence>1</code_type_competence>
<position_item>7</position_item>
<priorisation>1</priorisation>
</item_as_stp>
</savoir_theorique_et_proceduraux>
<savoir_action nbItemSA_AS="0">
</savoir_action>
</bloc>
<bloc>
<position_bloc>5</position_bloc>
<activite_specifique nbItemActivite_AS="2">
<item_as>
<code_ogr>125808</code_ogr>
<libelle>Reproduire un d&#0233;cor en petite s&#0233;rie selon des techniques d&#0039;impression &#0224; la planche</libelle>
<code_type_activite>3</code_type_activite>
<code_type_item_activite>2</code_type_item_activite>
<position_item>1</position_item>
<priorisation>1</priorisation>
<riasec_majeur>R</riasec_majeur>
<riasec_mineur>a</riasec_mineur>
</item_as>
<item_as>
<code_ogr>100684</code_ogr>
<libelle>Reporter ou reproduire un d&#0233;cor en petite s&#0233;rie selon des techniques de papier &#0224; la cuve</libelle>
<code_type_activite>3</code_type_activite>
<code_type_item_activite>2</code_type_item_activite>
<position_item>2</position_item>
<priorisation>1</priorisation>
<riasec_majeur>R</riasec_majeur>
<riasec_mineur>a</riasec_mineur>
</item_as>
</activite_specifique>
<savoir_theorique_et_proceduraux nbItemSTP_AS="0">
</savoir_theorique_et_proceduraux>
<savoir_action nbItemSA_AS="0">
</savoir_action>
</bloc>
<bloc>
<position_bloc>6</position_bloc>
<activite_specifique nbItemActivite_AS="1">
<item_as>
<code_ogr>124507</code_ogr>
<libelle>Peindre des d&#0233;cors au pinceau</libelle>
<code_type_activite>3</code_type_activite>
<code_type_item_activite>2</code_type_item_activite>
<position_item>1</position_item>
<priorisation>1</priorisation>
<riasec_majeur>A</riasec_majeur>
</item_as>
</activite_specifique>
<savoir_theorique_et_proceduraux nbItemSTP_AS="0">
</savoir_theorique_et_proceduraux>
<savoir_action nbItemSA_AS="0">
</savoir_action>
</bloc>
<bloc>
<position_bloc>7</position_bloc>
<activite_specifique nbItemActivite_AS="2">
<item_as>
<code_ogr>125192</code_ogr>
<libelle>D&#0233;terminer les composantes d&#0039;une teinte, couleur</libelle>
<code_type_activite>3</code_type_activite>
<code_type_item_activite>2</code_type_item_activite>
<position_item>1</position_item>
<priorisation>1</priorisation>
<riasec_majeur>C</riasec_majeur>
<riasec_mineur>i</riasec_mineur>
</item_as>
<item_as>
<code_ogr>125193</code_ogr>
<libelle>Fabriquer des peintures, des laques, des &#0233;maux</libelle>
<code_type_activite>3</code_type_activite>
<code_type_item_activite>2</code_type_item_activite>
<position_item>2</position_item>
<priorisation>1</priorisation>
<riasec_majeur>C</riasec_majeur>
<riasec_mineur>i</riasec_mineur>
</item_as>
</activite_specifique>
<savoir_theorique_et_proceduraux nbItemSTP_AS="2">
<item_as_stp>
<code_ogr>100685</code_ogr>
<libelle>Utilisation de pigments naturels</libelle>
<code_type_competence>1</code_type_competence>
<position_item>1</position_item>
<priorisation>1</priorisation>
</item_as_stp>
<item_as_stp>
<code_ogr>100686</code_ogr>
<libelle>Techniques de teinture chimique</libelle>
<code_type_competence>1</code_type_competence>
<position_item>2</position_item>
<priorisation>1</priorisation>
</item_as_stp>
</savoir_theorique_et_proceduraux>
<savoir_action nbItemSA_AS="0">
</savoir_action>
</bloc>
<bloc>
<position_bloc>8</position_bloc>
<activite_specifique nbItemActivite_AS="1">
<item_as>
<code_ogr>125766</code_ogr>
<libelle>R&#0233;aliser sur un ouvrage des op&#0233;rations de vieillissement (craquelures, &#0233;raflures etc.)</libelle>
<code_type_activite>3</code_type_activite>
<code_type_item_activite>2</code_type_item_activite>
<position_item>1</position_item>
<priorisation>1</priorisation>
<riasec_majeur>A</riasec_majeur>
<riasec_mineur>r</riasec_mineur>
</item_as>
</activite_specifique>
<savoir_theorique_et_proceduraux nbItemSTP_AS="0">
</savoir_theorique_et_proceduraux>
<savoir_action nbItemSA_AS="0">
</savoir_action>
</bloc>
<bloc>
<position_bloc>9</position_bloc>
<activite_specifique nbItemActivite_AS="1">
<item_as>
<code_ogr>113954</code_ogr>
<libelle>Transmettre les techniques du m&#0233;tier ou mener des actions de sensibilisation au m&#0233;tier</libelle>
<code_type_activite>3</code_type_activite>
<code_type_item_activite>2</code_type_item_activite>
<position_item>1</position_item>
<priorisation>1</priorisation>
<riasec_majeur>S</riasec_majeur>
</item_as>
</activite_specifique>
<savoir_theorique_et_proceduraux nbItemSTP_AS="0">
</savoir_theorique_et_proceduraux>
<savoir_action nbItemSA_AS="0">
</savoir_action>
</bloc>
<bloc>
<position_bloc>10</position_bloc>
<activite_specifique nbItemActivite_AS="2">
<item_as>
<code_ogr>124318</code_ogr>
<libelle>R&#0233;aliser une gestion comptable</libelle>
<code_type_activite>3</code_type_activite>
<code_type_item_activite>2</code_type_item_activite>
<position_item>1</position_item>
<priorisation>1</priorisation>
<riasec_majeur>C</riasec_majeur>
</item_as>
<item_as>
<code_ogr>124377</code_ogr>
<libelle>R&#0233;aliser une gestion administrative</libelle>
<code_type_activite>3</code_type_activite>
<code_type_item_activite>2</code_type_item_activite>
<position_item>2</position_item>
<priorisation>1</priorisation>
<riasec_majeur>C</riasec_majeur>
</item_as>
</activite_specifique>
<savoir_theorique_et_proceduraux nbItemSTP_AS="2">
<item_as_stp>
<code_ogr>120889</code_ogr>
<libelle>Gestion administrative</libelle>
<code_type_competence>1</code_type_competence>
<position_item>1</position_item>
<priorisation>1</priorisation>
</item_as_stp>
<item_as_stp>
<code_ogr>120888</code_ogr>
<libelle>Gestion comptable</libelle>
<code_type_competence>1</code_type_competence>
<position_item>2</position_item>
<priorisation>1</priorisation>
</item_as_stp>
</savoir_theorique_et_proceduraux>
<savoir_action nbItemSA_AS="0">
</savoir_action>
</bloc>
</bloc_activites_specifiques>
<bloc_mobilites>
<mobilites_proches nbItemMob="5">
<item_mob_pr><code_type_mobilite>1</code_type_mobilite>
<liste_appellation_source>
<code_appellation_source>0</code_appellation_source>
<libelle_appellation_source>Toutes les appellations</libelle_appellation_source>
</liste_appellation_source>
<code_rome_cible>B1101</code_rome_cible>
<libelle_rome_cible>Cr&#0233;ation en arts plastiques</libelle_rome_cible>
<liste_appellation_cible>
<code_appellation_cible>11160</code_appellation_cible>
<libelle_appellation_cible>Artiste peintre d&#0233;corateur / d&#0233;coratrice</libelle_appellation_cible>
</liste_appellation_cible>
</item_mob_pr>
<item_mob_pr><code_type_mobilite>1</code_type_mobilite>
<liste_appellation_source>
<code_appellation_source>0</code_appellation_source>
<libelle_appellation_source>Toutes les appellations</libelle_appellation_source>
</liste_appellation_source>
<code_rome_cible>G1202</code_rome_cible>
<libelle_rome_cible>Animation d&#0039;activit&#0233;s culturelles ou ludiques</libelle_rome_cible>
<liste_appellation_cible>
<code_appellation_cible>0</code_appellation_cible>
<libelle_appellation_cible>Toutes les appellations</libelle_appellation_cible>
</liste_appellation_cible>
</item_mob_pr>
<item_mob_pr><code_type_mobilite>1</code_type_mobilite>
<liste_appellation_source>
<code_appellation_source>0</code_appellation_source>
<libelle_appellation_source>Toutes les appellations</libelle_appellation_source>
</liste_appellation_source>
<code_rome_cible>H2803</code_rome_cible>
<libelle_rome_cible>Fa&#0231;onnage et &#0233;maillage en industrie c&#0233;ramique</libelle_rome_cible>
<liste_appellation_cible>
<code_appellation_cible>14736</code_appellation_cible>
<libelle_appellation_cible>Emailleur / Emailleuse en c&#0233;ramique</libelle_appellation_cible>
</liste_appellation_cible>
</item_mob_pr>
<item_mob_pr><code_type_mobilite>1</code_type_mobilite>
<liste_appellation_source>
<code_appellation_source>0</code_appellation_source>
<libelle_appellation_source>Toutes les appellations</libelle_appellation_source>
</liste_appellation_source>
<code_rome_cible>H3402</code_rome_cible>
<libelle_rome_cible>Conduite de traitement par d&#0233;p&#0244;t de surface</libelle_rome_cible>
<liste_appellation_cible>
<code_appellation_cible>11137</code_appellation_cible>
<libelle_appellation_cible>Argenteur industriel / Argenteuse industrielle</libelle_appellation_cible>
</liste_appellation_cible>
</item_mob_pr>
<item_mob_pr><code_type_mobilite>1</code_type_mobilite>
<liste_appellation_source>
<code_appellation_source>0</code_appellation_source>
<libelle_appellation_source>Toutes les appellations</libelle_appellation_source>
<code_appellation_source>0</code_appellation_source>
<libelle_appellation_source> </libelle_appellation_source>
</liste_appellation_source>
<code_rome_cible>H3404</code_rome_cible>
<libelle_rome_cible>Peinture industrielle</libelle_rome_cible>
<liste_appellation_cible>
<code_appellation_cible>16159</code_appellation_cible>
<libelle_appellation_cible>Laqueur industriel / Laqueuse industrielle</libelle_appellation_cible>
<code_appellation_cible>17805</code_appellation_cible>
<libelle_appellation_cible>Pistoleteur industriel / Pistoleteuse industrielle</libelle_appellation_cible>
</liste_appellation_cible>
</item_mob_pr>
</mobilites_proches>
<mobilites_si_evolution nbItemMob="6">
<item_mob_ev><code_type_mobilite>2</code_type_mobilite>
<liste_appellation_source>
<code_appellation_source>0</code_appellation_source>
<libelle_appellation_source>Toutes les appellations</libelle_appellation_source>
</liste_appellation_source>
<code_rome_cible>B1201</code_rome_cible>
<libelle_rome_cible>R&#0233;alisation d&#0039;objets d&#0233;coratifs et utilitaires en c&#0233;ramique et mat&#0233;riaux de synth&#0232;se</libelle_rome_cible>
<liste_appellation_cible>
<code_appellation_cible>0</code_appellation_cible>
<libelle_appellation_cible>Toutes les appellations</libelle_appellation_cible>
</liste_appellation_cible>
</item_mob_ev>
<item_mob_ev><code_type_mobilite>2</code_type_mobilite>
<liste_appellation_source>
<code_appellation_source>0</code_appellation_source>
<libelle_appellation_source>Toutes les appellations</libelle_appellation_source>
</liste_appellation_source>
<code_rome_cible>B1303</code_rome_cible>
<libelle_rome_cible>Gravure - ciselure</libelle_rome_cible>
<liste_appellation_cible>
<code_appellation_cible>0</code_appellation_cible>
<libelle_appellation_cible>Toutes les appellations</libelle_appellation_cible>
</liste_appellation_cible>
</item_mob_ev>
<item_mob_ev><code_type_mobilite>2</code_type_mobilite>
<liste_appellation_source>
<code_appellation_source>0</code_appellation_source>
<libelle_appellation_source>Toutes les appellations</libelle_appellation_source>
</liste_appellation_source>
<code_rome_cible>B1402</code_rome_cible>
<libelle_rome_cible>Reliure et restauration de livres et archives</libelle_rome_cible>
<liste_appellation_cible>
<code_appellation_cible>0</code_appellation_cible>
<libelle_appellation_cible>Toutes les appellations</libelle_appellation_cible>
</liste_appellation_cible>
</item_mob_ev>
<item_mob_ev><code_type_mobilite>2</code_type_mobilite>
<liste_appellation_source>
<code_appellation_source>0</code_appellation_source>
<libelle_appellation_source>Toutes les appellations</libelle_appellation_source>
</liste_appellation_source>
<code_rome_cible>B1602</code_rome_cible>
<libelle_rome_cible>R&#0233;alisation d&#0039;objets artistiques et fonctionnels en verre</libelle_rome_cible>
<liste_appellation_cible>
<code_appellation_cible>20664</code_appellation_cible>
<libelle_appellation_cible>Verrier / Verri&#0232;re &#0224; la main</libelle_appellation_cible>
</liste_appellation_cible>
</item_mob_ev>
<item_mob_ev><code_type_mobilite>2</code_type_mobilite>
<liste_appellation_source>
<code_appellation_source>0</code_appellation_source>
<libelle_appellation_source>Toutes les appellations</libelle_appellation_source>
</liste_appellation_source>
<code_rome_cible>D1201</code_rome_cible>
<libelle_rome_cible>Achat vente d&#0039;objets d&#0039;art, anciens ou d&#0039;occasion</libelle_rome_cible>
<liste_appellation_cible>
<code_appellation_cible>0</code_appellation_cible>
<libelle_appellation_cible>Toutes les appellations</libelle_appellation_cible>
</liste_appellation_cible>
</item_mob_ev>
<item_mob_ev><code_type_mobilite>2</code_type_mobilite>
<liste_appellation_source>
<code_appellation_source>0</code_appellation_source>
<libelle_appellation_source>Toutes les appellations</libelle_appellation_source>
<code_appellation_source>0</code_appellation_source>
<libelle_appellation_source> </libelle_appellation_source>
</liste_appellation_source>
<code_rome_cible>K2105</code_rome_cible>
<libelle_rome_cible>Enseignement artistique</libelle_rome_cible>
<liste_appellation_cible>
<code_appellation_cible>18134</code_appellation_cible>
<libelle_appellation_cible>Professeur / Professeure de peinture</libelle_appellation_cible>
<code_appellation_cible>18168</code_appellation_cible>
<libelle_appellation_cible>Professeur / Professeure en arts graphiques</libelle_appellation_cible>
</liste_appellation_cible>
</item_mob_ev>
</mobilites_si_evolution>
</bloc_mobilites>
</fiche_emploi_metier>