<?xml version="1.0" encoding="UTF-8" ?>
<fiche_emploi_metier>
<type_fiche>2</type_fiche>
<libelle_type_fiche>priorise</libelle_type_fiche>
<version_SI>
<version_rome>333</version_rome>
<date_version_si>01/10/2017</date_version_si>
<mois_version_si>Octobre</mois_version_si>
<annee_version_si>2017</annee_version_si>
</version_SI>
<bloc_code_rome>
<code_rome>D1211</code_rome>
<intitule>Vente en articles de sport et loisirs</intitule>
<code_ogr>97</code_ogr>
<riasec_majeur>C</riasec_majeur>
<riasec_mineur>r</riasec_mineur>
</bloc_code_rome>
<bloc_appellation nbItemAppellation="31">
<item_app>
<code_ogr>11609</code_ogr>
<libelle>Buraliste</libelle>
<libelle_court>Buraliste</libelle_court>
<priorisation>1</priorisation>
</item_app>
<item_app>
<code_ogr>14500</code_ogr>
<libelle>Disquaire</libelle>
<libelle_court>Disquaire</libelle_court>
<priorisation>1</priorisation>
</item_app>
<item_app>
<code_ogr>16140</code_ogr>
<libelle>Kiosquier / Kiosqui&#0232;re</libelle>
<libelle_court>Kiosquier / Kiosqui&#0232;re</libelle_court>
<priorisation>1</priorisation>
</item_app>
<item_app>
<code_ogr>16181</code_ogr>
<libelle>Libraire</libelle>
<libelle_court>Libraire</libelle_court>
<priorisation>1</priorisation>
</item_app>
<item_app>
<code_ogr>38080</code_ogr>
<libelle>Skiman / Skiwoman</libelle>
<libelle_court>Skiman / Skiwoman</libelle_court>
<priorisation>1</priorisation>
</item_app>
<item_app>
<code_ogr>20515</code_ogr>
<libelle>Vendeur / Vendeuse buraliste</libelle>
<libelle_court>Vendeur / Vendeuse buraliste</libelle_court>
<priorisation>1</priorisation>
</item_app>
<item_app>
<code_ogr>20527</code_ogr>
<libelle>Vendeur / Vendeuse de journaux</libelle>
<libelle_court>Vendeur / Vendeuse de journaux</libelle_court>
<priorisation>1</priorisation>
</item_app>
<item_app>
<code_ogr>20548</code_ogr>
<libelle>Vendeur / Vendeuse en articles de librairie papeterie</libelle>
<libelle_court>Vendeur / Vendeuse en articles de librairie papeterie</libelle_court>
<priorisation>1</priorisation>
</item_app>
<item_app>
<code_ogr>20550</code_ogr>
<libelle>Vendeur / Vendeuse en articles de papeterie</libelle>
<libelle_court>Vendeur / Vendeuse en articles de papeterie</libelle_court>
<priorisation>1</priorisation>
</item_app>
<item_app>
<code_ogr>20552</code_ogr>
<libelle>Vendeur / Vendeuse en articles de sport</libelle>
<libelle_court>Vendeur / Vendeuse en articles de sport</libelle_court>
<priorisation>1</priorisation>
</item_app>
<item_app>
<code_ogr>20554</code_ogr>
<libelle>Vendeur / Vendeuse en articles pour fumeurs</libelle>
<libelle_court>Vendeur / Vendeuse en articles pour fumeurs</libelle_court>
<priorisation>1</priorisation>
</item_app>
<item_app>
<code_ogr>20562</code_ogr>
<libelle>Vendeur / Vendeuse en bureau de tabac</libelle>
<libelle_court>Vendeur / Vendeuse en bureau de tabac</libelle_court>
<priorisation>1</priorisation>
</item_app>
<item_app>
<code_ogr>38133</code_ogr>
<libelle>Vendeur / Vendeuse en cadeaux souvenirs</libelle>
<libelle_court>Vendeur / Vendeuse en cadeaux souvenirs</libelle_court>
<priorisation>1</priorisation>
</item_app>
<item_app>
<code_ogr>20571</code_ogr>
<libelle>Vendeur / Vendeuse en cycles</libelle>
<libelle_court>Vendeur / Vendeuse en cycles</libelle_court>
<priorisation>1</priorisation>
</item_app>
<item_app>
<code_ogr>20572</code_ogr>
<libelle>Vendeur / Vendeuse en disques</libelle>
<libelle_court>Vendeur / Vendeuse en disques</libelle_court>
<priorisation>1</priorisation>
</item_app>
<item_app>
<code_ogr>20575</code_ogr>
<libelle>Vendeur / Vendeuse en encadrement</libelle>
<libelle_court>Vendeur / Vendeuse en encadrement</libelle_court>
<priorisation>1</priorisation>
</item_app>
<item_app>
<code_ogr>20578</code_ogr>
<libelle>Vendeur / Vendeuse en &#0233;quipement de sport</libelle>
<libelle_court>Vendeur / Vendeuse en &#0233;quipement de sport</libelle_court>
<priorisation>1</priorisation>
</item_app>
<item_app>
<code_ogr>20580</code_ogr>
<libelle>Vendeur / Vendeuse en fournitures artistiques</libelle>
<libelle_court>Vendeur / Vendeuse en fournitures artistiques</libelle_court>
<priorisation>1</priorisation>
</item_app>
<item_app>
<code_ogr>20588</code_ogr>
<libelle>Vendeur / Vendeuse en instruments et accessoires de musique</libelle>
<libelle_court>Vendeur / Vendeuse en instruments et accessoires de musique</libelle_court>
<priorisation>1</priorisation>
</item_app>
<item_app>
<code_ogr>20590</code_ogr>
<libelle>Vendeur / Vendeuse en jeux &#0233;lectroniques</libelle>
<libelle_court>Vendeur / Vendeuse en jeux &#0233;lectroniques</libelle_court>
<priorisation>1</priorisation>
</item_app>
<item_app>
<code_ogr>20591</code_ogr>
<libelle>Vendeur / Vendeuse en jeux et loterie</libelle>
<libelle_court>Vendeur / Vendeuse en jeux et loterie</libelle_court>
<priorisation>1</priorisation>
</item_app>
<item_app>
<code_ogr>38494</code_ogr>
<libelle>Vendeur / Vendeuse en jeux vid&#0233;o</libelle>
<libelle_court>Vendeur / Vendeuse en jeux vid&#0233;o</libelle_court>
<priorisation>1</priorisation>
</item_app>
<item_app>
<code_ogr>20592</code_ogr>
<libelle>Vendeur / Vendeuse en jouets</libelle>
<libelle_court>Vendeur / Vendeuse en jouets</libelle_court>
<priorisation>1</priorisation>
</item_app>
<item_app>
<code_ogr>20593</code_ogr>
<libelle>Vendeur / Vendeuse en kiosque</libelle>
<libelle_court>Vendeur / Vendeuse en kiosque</libelle_court>
<priorisation>1</priorisation>
</item_app>
<item_app>
<code_ogr>20594</code_ogr>
<libelle>Vendeur / Vendeuse en librairie</libelle>
<libelle_court>Vendeur / Vendeuse en librairie</libelle_court>
<priorisation>1</priorisation>
</item_app>
<item_app>
<code_ogr>20598</code_ogr>
<libelle>Vendeur / Vendeuse en loisirs cr&#0233;atifs</libelle>
<libelle_court>Vendeur / Vendeuse en loisirs cr&#0233;atifs</libelle_court>
<priorisation>1</priorisation>
</item_app>
<item_app>
<code_ogr>20620</code_ogr>
<libelle>Vendeur / Vendeuse en produits culturels</libelle>
<libelle_court>Vendeur / Vendeuse en produits culturels</libelle_court>
<priorisation>1</priorisation>
</item_app>
<item_app>
<code_ogr>20621</code_ogr>
<libelle>Vendeur / Vendeuse en produits culturels et ludiques</libelle>
<libelle_court>Vendeur / Vendeuse en produits culturels et ludiques</libelle_court>
<priorisation>1</priorisation>
</item_app>
<item_app>
<code_ogr>20624</code_ogr>
<libelle>Vendeur / Vendeuse en produits ludiques</libelle>
<libelle_court>Vendeur / Vendeuse en produits ludiques</libelle_court>
<priorisation>1</priorisation>
</item_app>
<item_app>
<code_ogr>20628</code_ogr>
<libelle>Vendeur / Vendeuse en ski</libelle>
<libelle_court>Vendeur / Vendeuse en ski</libelle_court>
<priorisation>1</priorisation>
</item_app>
<item_app>
<code_ogr>20512</code_ogr>
<libelle>Vendeur armurier / Vendeuse armuri&#0232;re</libelle>
<libelle_court>Vendeur armurier / Vendeuse armuri&#0232;re</libelle_court>
<priorisation>1</priorisation>
</item_app>
</bloc_appellation>
<definition nbItemDefinition="3">
R&#0233;alise la vente d&#0039;articles et d&#0039;accessoires destin&#0233;s &#0224; des activit&#0233;s sportives, culturelles ou de loisirs aupr&#0232;s d&#0039;une client&#0232;le de particuliers selon la r&#0233;glementation du commerce, la strat&#0233;gie et les objectifs commerciaux de l&#0039;entreprise.
Peut proposer des services compl&#0233;mentaires (r&#0233;glages de cycles, maintenance d&#0039;instruments de musique, pr&#0233;paration d&#0039;armes &#0224; feu, ...).
Peut coordonner une &#0233;quipe.
</definition>
<acces_emploi_metier nbItemAccesEmploiMetier="5">
Cet emploi/m&#0233;tier est accessible avec un dipl&#0244;me de niveau CAP/BEP &#0224; Bac+2 (BTS, DUT, ...) dans les secteurs de la vente, du commerce et de la distribution.
Il est &#0233;galement accessible sur pratique ou connaissance d&#0039;un domaine sp&#0233;cifique (litt&#0233;rature, musique, discipline sportive, ...) sans dipl&#0244;me particulier.
Une autorisation d&#0233;livr&#0233;e par la Pr&#0233;fecture (Minist&#0232;re de l&#0039;Int&#0233;rieur) est requise pour le commerce d&#0039;armes et de munitions.
Une licence et un agr&#0233;ment d&#0233;livr&#0233;s par la Direction des Douanes sont requis pour le commerce de tabac et des produits d&#0233;riv&#0233;s du tabac.
La ma&#0238;trise d&#0039;un logiciel de gestion de stock peut &#0234;tre requise.
</acces_emploi_metier>
<condition_exercice_activite nbItemConditionExercice="4">
L&#0039;activit&#0233; de cet emploi/m&#0233;tier s&#0039;exerce au sein de magasins ind&#0233;pendants, de grandes surfaces sp&#0233;cialis&#0233;es, de grands magasins, ... en contact avec les clients parfois en relation avec les chefs de rayon, les responsables de magasin, les fournisseurs, ...
Elle varie selon la technicit&#0233; des produits (cycles, &#0233;quipements de plong&#0233;e, armes, ...) et la taille de la structure.
Elle peut s&#0039;exercer en horaires d&#0233;cal&#0233;s, les fins de semaine, jours f&#0233;ri&#0233;s et &#0234;tre soumise &#0224; des variations saisonni&#0232;res (f&#0234;tes de fin d&#0039;ann&#0233;e, rentr&#0233;e scolaire, soldes, ...).
L&#0039;activit&#0233; peut s&#0039;exercer &#0224; l&#0039;ext&#0233;rieur, en local exigu (kiosque &#0224; journaux) et impliquer la station debout prolong&#0233;e.
</condition_exercice_activite>
<bloc_environnement_de_travail nbItemEnvTrav="10">
<item_env>
<code_ogr>23705</code_ogr>
<libelle>Armurerie</libelle>
<code_type_section_env>1</code_type_section_env>
<priorisation>1</priorisation>
</item_env>
<item_env>
<code_ogr>23725</code_ogr>
<libelle>Boutique, commerce de d&#0233;tail</libelle>
<code_type_section_env>1</code_type_section_env>
<priorisation>1</priorisation>
</item_env>
<item_env>
<code_ogr>23843</code_ogr>
<libelle>D&#0233;bit de tabac</libelle>
<code_type_section_env>1</code_type_section_env>
<priorisation>1</priorisation>
</item_env>
<item_env>
<code_ogr>23949</code_ogr>
<libelle>Grand magasin</libelle>
<code_type_section_env>1</code_type_section_env>
<priorisation>1</priorisation>
</item_env>
<item_env>
<code_ogr>23954</code_ogr>
<libelle>Grande Surface Sp&#0233;cialis&#0233;e -GSS-</libelle>
<code_type_section_env>1</code_type_section_env>
<priorisation>1</priorisation>
</item_env>
<item_env>
<code_ogr>23981</code_ogr>
<libelle>Kiosque &#0224; journaux</libelle>
<code_type_section_env>1</code_type_section_env>
<priorisation>1</priorisation>
</item_env>
<item_env>
<code_ogr>24005</code_ogr>
<libelle>March&#0233;, foire exposition</libelle>
<code_type_section_env>1</code_type_section_env>
<priorisation>1</priorisation>
</item_env>
<item_env>
<code_ogr>23543</code_ogr>
<libelle>Loisirs</libelle>
<code_type_section_env>2</code_type_section_env>
<priorisation>1</priorisation>
</item_env>
<item_env>
<code_ogr>23640</code_ogr>
<libelle>Sport et loisirs</libelle>
<code_type_section_env>2</code_type_section_env>
<priorisation>1</priorisation>
</item_env>
<item_env>
<code_ogr>24844</code_ogr>
<libelle>Travail en ind&#0233;pendant</libelle>
<code_type_section_env>3</code_type_section_env>
<priorisation>1</priorisation>
</item_env>
</bloc_environnement_de_travail>
<bloc_activites_de_base nbBlocActiviteBase="1">
<activites_de_base nbItemActivite_AB="12">
<item_ab>
<code_ogr>120130</code_ogr>
<libelle>Accueillir une client&#0232;le</libelle>
<code_type_activite>3</code_type_activite>
<code_type_item_activite>2</code_type_item_activite>
<position_item>1</position_item>
<priorisation>1</priorisation>
<riasec_majeur>S</riasec_majeur>
</item_ab>
<item_ab>
<code_ogr>121698</code_ogr>
<libelle>Proposer un service, produit adapt&#0233; &#0224; la demande client</libelle>
<code_type_activite>3</code_type_activite>
<code_type_item_activite>2</code_type_item_activite>
<position_item>2</position_item>
<priorisation>1</priorisation>
<riasec_majeur>S</riasec_majeur>
<riasec_mineur>e</riasec_mineur>
</item_ab>
<item_ab>
<code_ogr>102068</code_ogr>
<libelle>Encaisser le montant d&#0039;une vente</libelle>
<code_type_activite>3</code_type_activite>
<code_type_item_activite>2</code_type_item_activite>
<position_item>3</position_item>
<priorisation>1</priorisation>
<riasec_majeur>C</riasec_majeur>
</item_ab>
<item_ab>
<code_ogr>121848</code_ogr>
<libelle>Proposer un service compl&#0233;mentaire &#0224; la vente</libelle>
<code_type_activite>3</code_type_activite>
<code_type_item_activite>2</code_type_item_activite>
<position_item>4</position_item>
<priorisation>1</priorisation>
<riasec_majeur>E</riasec_majeur>
<riasec_mineur>s</riasec_mineur>
</item_ab>
<item_ab>
<code_ogr>117468</code_ogr>
<libelle>R&#0233;aliser la mise en rayon</libelle>
<code_type_activite>3</code_type_activite>
<code_type_item_activite>2</code_type_item_activite>
<position_item>5</position_item>
<priorisation>1</priorisation>
<riasec_majeur>R</riasec_majeur>
</item_ab>
<item_ab>
<code_ogr>121230</code_ogr>
<libelle>R&#0233;aliser le balisage et l&#0039;&#0233;tiquetage des produits en rayon</libelle>
<code_type_activite>3</code_type_activite>
<code_type_item_activite>2</code_type_item_activite>
<position_item>6</position_item>
<priorisation>1</priorisation>
<riasec_majeur>R</riasec_majeur>
</item_ab>
<item_ab>
<code_ogr>123660</code_ogr>
<libelle>Ranger des produits ou marchandises selon leurs date de validit&#0233; et les conditions de conservation</libelle>
<code_type_activite>3</code_type_activite>
<code_type_item_activite>2</code_type_item_activite>
<position_item>7</position_item>
<priorisation>1</priorisation>
<riasec_majeur>R</riasec_majeur>
</item_ab>
<item_ab>
<code_ogr>116932</code_ogr>
<libelle>Suivre l&#0039;&#0233;tat des stocks</libelle>
<code_type_activite>3</code_type_activite>
<code_type_item_activite>2</code_type_item_activite>
<position_item>8</position_item>
<priorisation>1</priorisation>
<riasec_majeur>C</riasec_majeur>
</item_ab>
<item_ab>
<code_ogr>125971</code_ogr>
<libelle>D&#0233;finir des besoins en approvisionnement</libelle>
<code_type_activite>3</code_type_activite>
<code_type_item_activite>2</code_type_item_activite>
<position_item>9</position_item>
<priorisation>1</priorisation>
<riasec_majeur>C</riasec_majeur>
</item_ab>
<item_ab>
<code_ogr>119860</code_ogr>
<libelle>Pr&#0233;parer les commandes</libelle>
<code_type_activite>3</code_type_activite>
<code_type_item_activite>2</code_type_item_activite>
<position_item>10</position_item>
<priorisation>1</priorisation>
<riasec_majeur>C</riasec_majeur>
<riasec_mineur>r</riasec_mineur>
</item_ab>
<item_ab>
<code_ogr>117547</code_ogr>
<libelle>R&#0233;ceptionner un produit</libelle>
<code_type_activite>3</code_type_activite>
<code_type_item_activite>2</code_type_item_activite>
<position_item>11</position_item>
<priorisation>1</priorisation>
<riasec_majeur>R</riasec_majeur>
<riasec_mineur>c</riasec_mineur>
</item_ab>
<item_ab>
<code_ogr>119851</code_ogr>
<libelle>V&#0233;rifier la conformit&#0233; de la livraison</libelle>
<code_type_activite>3</code_type_activite>
<code_type_item_activite>2</code_type_item_activite>
<position_item>12</position_item>
<priorisation>1</priorisation>
<riasec_majeur>C</riasec_majeur>
</item_ab>
</activites_de_base>
<savoir_theorique_et_proceduraux nbItemSTP_AB="10">
<item_ab_stp>
<code_ogr>100341</code_ogr>
<libelle>Proc&#0233;dures d&#0039;encaissement</libelle>
<code_type_competence>1</code_type_competence>
<position_item>1</position_item>
<priorisation>1</priorisation>
</item_ab_stp>
<item_ab_stp>
<code_ogr>102405</code_ogr>
<libelle>Techniques de mise en rayon</libelle>
<code_type_competence>1</code_type_competence>
<position_item>2</position_item>
<priorisation>1</priorisation>
</item_ab_stp>
<item_ab_stp>
<code_ogr>100089</code_ogr>
<libelle>Techniques d&#0039;inventaire</libelle>
<code_type_competence>1</code_type_competence>
<position_item>3</position_item>
<priorisation>1</priorisation>
</item_ab_stp>
<item_ab_stp>
<code_ogr>101343</code_ogr>
<libelle>Principes de la relation client</libelle>
<code_type_competence>1</code_type_competence>
<position_item>4</position_item>
<priorisation>1</priorisation>
</item_ab_stp>
<item_ab_stp>
<code_ogr>119000</code_ogr>
<libelle>Gestion des stocks et des approvisionnements</libelle>
<code_type_competence>1</code_type_competence>
<position_item>5</position_item>
<priorisation>1</priorisation>
</item_ab_stp>
<item_ab_stp>
<code_ogr>100016</code_ogr>
<libelle>Gestes et postures de manutention</libelle>
<code_type_competence>1</code_type_competence>
<position_item>6</position_item>
<priorisation>1</priorisation>
</item_ab_stp>
<item_ab_stp>
<code_ogr>119508</code_ogr>
<libelle>Logiciels de gestion de stocks</libelle>
<code_type_competence>1</code_type_competence>
<position_item>7</position_item>
<priorisation>1</priorisation>
</item_ab_stp>
<item_ab_stp>
<code_ogr>121691</code_ogr>
<libelle>Typologie du client</libelle>
<code_type_competence>1</code_type_competence>
<position_item>8</position_item>
<priorisation>1</priorisation>
</item_ab_stp>
<item_ab_stp>
<code_ogr>100340</code_ogr>
<libelle>Techniques de vente</libelle>
<code_type_competence>1</code_type_competence>
<position_item>9</position_item>
<priorisation>1</priorisation>
</item_ab_stp>
<item_ab_stp>
<code_ogr>100381</code_ogr>
<libelle>Argumentation commerciale</libelle>
<code_type_competence>1</code_type_competence>
<position_item>10</position_item>
<priorisation>1</priorisation>
</item_ab_stp>
</savoir_theorique_et_proceduraux>
<savoir_action nbItemSA_AB="0">
</savoir_action>
</bloc_activites_de_base>
<bloc_activites_specifiques nbBlocActiviteSpecifique="9">
<bloc>
<position_bloc>1</position_bloc>
<activite_specifique nbItemActivite_AS="1">
<item_as>
<code_ogr>122183</code_ogr>
<libelle>Vendre des produits ou services</libelle>
<code_type_activite>3</code_type_activite>
<code_type_item_activite>2</code_type_item_activite>
<position_item>1</position_item>
<priorisation>1</priorisation>
<riasec_majeur>E</riasec_majeur>
</item_as>
</activite_specifique>
<savoir_theorique_et_proceduraux nbItemSTP_AS="12">
<item_as_stp>
<code_ogr>118235</code_ogr>
<libelle>Caract&#0233;ristiques des vid&#0233;os</libelle>
<code_type_competence>1</code_type_competence>
<position_item>1</position_item>
<priorisation>1</priorisation>
</item_as_stp>
<item_as_stp>
<code_ogr>126210</code_ogr>
<libelle>Caract&#0233;ristiques des armes</libelle>
<code_type_competence>1</code_type_competence>
<position_item>2</position_item>
<priorisation>1</priorisation>
</item_as_stp>
<item_as_stp>
<code_ogr>126069</code_ogr>
<libelle>Disques</libelle>
<code_type_competence>1</code_type_competence>
<position_item>3</position_item>
<priorisation>1</priorisation>
</item_as_stp>
<item_as_stp>
<code_ogr>126311</code_ogr>
<libelle>Loterie, jeux</libelle>
<code_type_competence>1</code_type_competence>
<position_item>4</position_item>
<priorisation>1</priorisation>
</item_as_stp>
<item_as_stp>
<code_ogr>126160</code_ogr>
<libelle>Caract&#0233;ristiques des tabacs et articles pour fumeurs</libelle>
<code_type_competence>1</code_type_competence>
<position_item>5</position_item>
<priorisation>1</priorisation>
</item_as_stp>
<item_as_stp>
<code_ogr>118121</code_ogr>
<libelle>Produits de librairie et papeterie</libelle>
<code_type_competence>1</code_type_competence>
<position_item>6</position_item>
<priorisation>1</priorisation>
</item_as_stp>
<item_as_stp>
<code_ogr>118080</code_ogr>
<libelle>Produits de loisirs</libelle>
<code_type_competence>1</code_type_competence>
<position_item>7</position_item>
<priorisation>1</priorisation>
</item_as_stp>
<item_as_stp>
<code_ogr>118105</code_ogr>
<libelle>Produits jouets et loisirs</libelle>
<code_type_competence>1</code_type_competence>
<position_item>8</position_item>
<priorisation>1</priorisation>
</item_as_stp>
<item_as_stp>
<code_ogr>118357</code_ogr>
<libelle>Arts plastiques</libelle>
<code_type_competence>1</code_type_competence>
<position_item>9</position_item>
<priorisation>1</priorisation>
</item_as_stp>
<item_as_stp>
<code_ogr>102145</code_ogr>
<libelle>R&#0233;glementation des jeux et loteries</libelle>
<code_type_competence>1</code_type_competence>
<position_item>10</position_item>
<priorisation>1</priorisation>
</item_as_stp>
<item_as_stp>
<code_ogr>122659</code_ogr>
<libelle>L&#0233;gislation sur le tabac</libelle>
<code_type_competence>1</code_type_competence>
<position_item>11</position_item>
<priorisation>1</priorisation>
</item_as_stp>
<item_as_stp>
<code_ogr>102148</code_ogr>
<libelle>Types d&#0039;armes &#0224; feu</libelle>
<code_type_competence>1</code_type_competence>
<position_item>12</position_item>
<priorisation>1</priorisation>
</item_as_stp>
</savoir_theorique_et_proceduraux>
<savoir_action nbItemSA_AS="0">
</savoir_action>
</bloc>
<bloc>
<position_bloc>2</position_bloc>
<activite_specifique nbItemActivite_AS="1">
<item_as>
<code_ogr>126370</code_ogr>
<libelle>Vendre des instruments de musique</libelle>
<code_type_activite>3</code_type_activite>
<code_type_item_activite>2</code_type_item_activite>
<position_item>1</position_item>
<priorisation>1</priorisation>
<riasec_majeur>E</riasec_majeur>
<riasec_mineur>a</riasec_mineur>
</item_as>
</activite_specifique>
<savoir_theorique_et_proceduraux nbItemSTP_AS="3">
<item_as_stp>
<code_ogr>102128</code_ogr>
<libelle>Caract&#0233;ristiques des instruments de musique</libelle>
<code_type_competence>1</code_type_competence>
<position_item>1</position_item>
<priorisation>1</priorisation>
</item_as_stp>
<item_as_stp>
<code_ogr>100799</code_ogr>
<libelle>Histoire de la musique</libelle>
<code_type_competence>1</code_type_competence>
<position_item>2</position_item>
<priorisation>1</priorisation>
</item_as_stp>
<item_as_stp>
<code_ogr>126207</code_ogr>
<libelle>Pratique d&#0039;un instrument de musique</libelle>
<code_type_competence>1</code_type_competence>
<position_item>3</position_item>
<priorisation>1</priorisation>
</item_as_stp>
</savoir_theorique_et_proceduraux>
<savoir_action nbItemSA_AS="0">
</savoir_action>
</bloc>
<bloc>
<position_bloc>3</position_bloc>
<activite_specifique nbItemActivite_AS="1">
<item_as>
<code_ogr>123616</code_ogr>
<libelle>Vendre des articles de sports et de loisirs</libelle>
<code_type_activite>3</code_type_activite>
<code_type_item_activite>2</code_type_item_activite>
<position_item>1</position_item>
<priorisation>1</priorisation>
<riasec_majeur>E</riasec_majeur>
<riasec_mineur>r</riasec_mineur>
</item_as>
</activite_specifique>
<savoir_theorique_et_proceduraux nbItemSTP_AS="1">
<item_as_stp>
<code_ogr>102141</code_ogr>
<libelle>Pratique de discipline sportive</libelle>
<code_type_competence>1</code_type_competence>
<position_item>1</position_item>
<priorisation>1</priorisation>
</item_as_stp>
</savoir_theorique_et_proceduraux>
<savoir_action nbItemSA_AS="0">
</savoir_action>
</bloc>
<bloc>
<position_bloc>4</position_bloc>
<activite_specifique nbItemActivite_AS="2">
<item_as>
<code_ogr>102142</code_ogr>
<libelle>R&#0233;aliser les r&#0233;glages ou la maintenance de premier niveau d&#0039;instruments de musique (accord, changement de corde, ...)</libelle>
<code_type_activite>3</code_type_activite>
<code_type_item_activite>2</code_type_item_activite>
<position_item>1</position_item>
<priorisation>1</priorisation>
<riasec_majeur>R</riasec_majeur>
<riasec_mineur>a</riasec_mineur>
</item_as>
<item_as>
<code_ogr>102143</code_ogr>
<libelle>R&#0233;aliser les r&#0233;glages ou la maintenance de premier niveau d&#0039;&#0233;quipements de sport (cordage de raquettes, ajustage de cycles, fartage de ski, ...)</libelle>
<code_type_activite>3</code_type_activite>
<code_type_item_activite>2</code_type_item_activite>
<position_item>2</position_item>
<priorisation>1</priorisation>
<riasec_majeur>R</riasec_majeur>
</item_as>
</activite_specifique>
<savoir_theorique_et_proceduraux nbItemSTP_AS="2">
<item_as_stp>
<code_ogr>118331</code_ogr>
<libelle>Utilisation d&#0039;outillages manuels</libelle>
<code_type_competence>1</code_type_competence>
<position_item>1</position_item>
<priorisation>1</priorisation>
</item_as_stp>
<item_as_stp>
<code_ogr>102144</code_ogr>
<libelle>Appr&#0233;ciation auditive</libelle>
<code_type_competence>1</code_type_competence>
<position_item>2</position_item>
<priorisation>1</priorisation>
</item_as_stp>
</savoir_theorique_et_proceduraux>
<savoir_action nbItemSA_AS="0">
</savoir_action>
</bloc>
<bloc>
<position_bloc>5</position_bloc>
<activite_specifique nbItemActivite_AS="1">
<item_as>
<code_ogr>119008</code_ogr>
<libelle>Assurer un service apr&#0232;s-vente</libelle>
<code_type_activite>3</code_type_activite>
<code_type_item_activite>2</code_type_item_activite>
<position_item>1</position_item>
<priorisation>1</priorisation>
<riasec_majeur>R</riasec_majeur>
</item_as>
</activite_specifique>
<savoir_theorique_et_proceduraux nbItemSTP_AS="0">
</savoir_theorique_et_proceduraux>
<savoir_action nbItemSA_AS="0">
</savoir_action>
</bloc>
<bloc>
<position_bloc>6</position_bloc>
<activite_specifique nbItemActivite_AS="1">
<item_as>
<code_ogr>114152</code_ogr>
<libelle>D&#0233;livrer des bulletins de jeux (grattage, pronostic, ...), contr&#0244;ler les tickets (perdants / gagnants) et effectuer le paiement des gains</libelle>
<code_type_activite>3</code_type_activite>
<code_type_item_activite>2</code_type_item_activite>
<position_item>1</position_item>
<priorisation>1</priorisation>
<riasec_majeur>C</riasec_majeur>
</item_as>
</activite_specifique>
<savoir_theorique_et_proceduraux nbItemSTP_AS="0">
</savoir_theorique_et_proceduraux>
<savoir_action nbItemSA_AS="0">
</savoir_action>
</bloc>
<bloc>
<position_bloc>7</position_bloc>
<activite_specifique nbItemActivite_AS="1">
<item_as>
<code_ogr>126312</code_ogr>
<libelle>V&#0233;rifier les autorisations de d&#0233;tention d&#0039;armes et pr&#0233;parer des articles (nettoyage, munitions, ...)</libelle>
<code_type_activite>3</code_type_activite>
<code_type_item_activite>2</code_type_item_activite>
<position_item>1</position_item>
<priorisation>1</priorisation>
<riasec_majeur>C</riasec_majeur>
</item_as>
</activite_specifique>
<savoir_theorique_et_proceduraux nbItemSTP_AS="4">
<item_as_stp>
<code_ogr>117549</code_ogr>
<libelle>Modalit&#0233;s de stockage d&#0039;armes</libelle>
<code_type_competence>1</code_type_competence>
<position_item>1</position_item>
<priorisation>1</priorisation>
</item_as_stp>
<item_as_stp>
<code_ogr>102147</code_ogr>
<libelle>R&#0233;glementation sur les armes</libelle>
<code_type_competence>1</code_type_competence>
<position_item>2</position_item>
<priorisation>1</priorisation>
</item_as_stp>
<item_as_stp>
<code_ogr>102146</code_ogr>
<libelle>Maniement d&#0039;arme</libelle>
<code_type_competence>1</code_type_competence>
<position_item>3</position_item>
<priorisation>1</priorisation>
</item_as_stp>
<item_as_stp>
<code_ogr>102149</code_ogr>
<libelle>Types d&#0039;armes blanches</libelle>
<code_type_competence>1</code_type_competence>
<position_item>4</position_item>
<priorisation>1</priorisation>
</item_as_stp>
</savoir_theorique_et_proceduraux>
<savoir_action nbItemSA_AS="0">
</savoir_action>
</bloc>
<bloc>
<position_bloc>8</position_bloc>
<activite_specifique nbItemActivite_AS="2">
<item_as>
<code_ogr>124377</code_ogr>
<libelle>R&#0233;aliser une gestion administrative</libelle>
<code_type_activite>3</code_type_activite>
<code_type_item_activite>2</code_type_item_activite>
<position_item>1</position_item>
<priorisation>1</priorisation>
<riasec_majeur>C</riasec_majeur>
</item_as>
<item_as>
<code_ogr>124318</code_ogr>
<libelle>R&#0233;aliser une gestion comptable</libelle>
<code_type_activite>3</code_type_activite>
<code_type_item_activite>2</code_type_item_activite>
<position_item>2</position_item>
<priorisation>1</priorisation>
<riasec_majeur>C</riasec_majeur>
</item_as>
</activite_specifique>
<savoir_theorique_et_proceduraux nbItemSTP_AS="3">
<item_as_stp>
<code_ogr>120889</code_ogr>
<libelle>Gestion administrative</libelle>
<code_type_competence>1</code_type_competence>
<position_item>1</position_item>
<priorisation>1</priorisation>
</item_as_stp>
<item_as_stp>
<code_ogr>120888</code_ogr>
<libelle>Gestion comptable</libelle>
<code_type_competence>1</code_type_competence>
<position_item>2</position_item>
<priorisation>1</priorisation>
</item_as_stp>
<item_as_stp>
<code_ogr>118975</code_ogr>
<libelle>Outils bureautiques</libelle>
<code_type_competence>1</code_type_competence>
<position_item>3</position_item>
<priorisation>1</priorisation>
</item_as_stp>
</savoir_theorique_et_proceduraux>
<savoir_action nbItemSA_AS="0">
</savoir_action>
</bloc>
<bloc>
<position_bloc>9</position_bloc>
<activite_specifique nbItemActivite_AS="1">
<item_as>
<code_ogr>118069</code_ogr>
<libelle>R&#0233;aliser le comptage des fonds de caisses</libelle>
<code_type_activite>3</code_type_activite>
<code_type_item_activite>2</code_type_item_activite>
<position_item>1</position_item>
<priorisation>1</priorisation>
<riasec_majeur>C</riasec_majeur>
</item_as>
</activite_specifique>
<savoir_theorique_et_proceduraux nbItemSTP_AS="1">
<item_as_stp>
<code_ogr>102995</code_ogr>
<libelle>R&#0232;gles de tenue de caisse</libelle>
<code_type_competence>1</code_type_competence>
<position_item>1</position_item>
<priorisation>1</priorisation>
</item_as_stp>
</savoir_theorique_et_proceduraux>
<savoir_action nbItemSA_AS="0">
</savoir_action>
</bloc>
</bloc_activites_specifiques>
<bloc_mobilites>
<mobilites_proches nbItemMob="8">
<item_mob_pr><code_type_mobilite>1</code_type_mobilite>
<liste_appellation_source>
<code_appellation_source>0</code_appellation_source>
<libelle_appellation_source>Toutes les appellations</libelle_appellation_source>
</liste_appellation_source>
<code_rome_cible>D1106</code_rome_cible>
<libelle_rome_cible>Vente en alimentation</libelle_rome_cible>
<liste_appellation_cible>
<code_appellation_cible>0</code_appellation_cible>
<libelle_appellation_cible>Toutes les appellations</libelle_appellation_cible>
</liste_appellation_cible>
</item_mob_pr>
<item_mob_pr><code_type_mobilite>1</code_type_mobilite>
<liste_appellation_source>
<code_appellation_source>0</code_appellation_source>
<libelle_appellation_source>Toutes les appellations</libelle_appellation_source>
</liste_appellation_source>
<code_rome_cible>D1201</code_rome_cible>
<libelle_rome_cible>Achat vente d&#0039;objets d&#0039;art, anciens ou d&#0039;occasion</libelle_rome_cible>
<liste_appellation_cible>
<code_appellation_cible>11577</code_appellation_cible>
<libelle_appellation_cible>Bouquiniste</libelle_appellation_cible>
</liste_appellation_cible>
</item_mob_pr>
<item_mob_pr><code_type_mobilite>1</code_type_mobilite>
<liste_appellation_source>
<code_appellation_source>0</code_appellation_source>
<libelle_appellation_source>Toutes les appellations</libelle_appellation_source>
</liste_appellation_source>
<code_rome_cible>D1212</code_rome_cible>
<libelle_rome_cible>Vente en d&#0233;coration et &#0233;quipement du foyer</libelle_rome_cible>
<liste_appellation_cible>
<code_appellation_cible>0</code_appellation_cible>
<libelle_appellation_cible>Toutes les appellations</libelle_appellation_cible>
</liste_appellation_cible>
</item_mob_pr>
<item_mob_pr><code_type_mobilite>1</code_type_mobilite>
<liste_appellation_source>
<code_appellation_source>0</code_appellation_source>
<libelle_appellation_source>Toutes les appellations</libelle_appellation_source>
</liste_appellation_source>
<code_rome_cible>D1213</code_rome_cible>
<libelle_rome_cible>Vente en gros de mat&#0233;riel et &#0233;quipement</libelle_rome_cible>
<liste_appellation_cible>
<code_appellation_cible>0</code_appellation_cible>
<libelle_appellation_cible>Toutes les appellations</libelle_appellation_cible>
</liste_appellation_cible>
</item_mob_pr>
<item_mob_pr><code_type_mobilite>1</code_type_mobilite>
<liste_appellation_source>
<code_appellation_source>0</code_appellation_source>
<libelle_appellation_source>Toutes les appellations</libelle_appellation_source>
</liste_appellation_source>
<code_rome_cible>D1214</code_rome_cible>
<libelle_rome_cible>Vente en habillement et accessoires de la personne</libelle_rome_cible>
<liste_appellation_cible>
<code_appellation_cible>0</code_appellation_cible>
<libelle_appellation_cible>Toutes les appellations</libelle_appellation_cible>
</liste_appellation_cible>
</item_mob_pr>
<item_mob_pr><code_type_mobilite>1</code_type_mobilite>
<liste_appellation_source>
<code_appellation_source>0</code_appellation_source>
<libelle_appellation_source>Toutes les appellations</libelle_appellation_source>
</liste_appellation_source>
<code_rome_cible>D1408</code_rome_cible>
<libelle_rome_cible>T&#0233;l&#0233;conseil et t&#0233;l&#0233;vente</libelle_rome_cible>
<liste_appellation_cible>
<code_appellation_cible>0</code_appellation_cible>
<libelle_appellation_cible>Toutes les appellations</libelle_appellation_cible>
</liste_appellation_cible>
</item_mob_pr>
<item_mob_pr><code_type_mobilite>1</code_type_mobilite>
<liste_appellation_source>
<code_appellation_source>0</code_appellation_source>
<libelle_appellation_source>Toutes les appellations</libelle_appellation_source>
</liste_appellation_source>
<code_rome_cible>D1501</code_rome_cible>
<libelle_rome_cible>Animation de vente</libelle_rome_cible>
<liste_appellation_cible>
<code_appellation_cible>0</code_appellation_cible>
<libelle_appellation_cible>Toutes les appellations</libelle_appellation_cible>
</liste_appellation_cible>
</item_mob_pr>
<item_mob_pr><code_type_mobilite>1</code_type_mobilite>
<liste_appellation_source>
<code_appellation_source>0</code_appellation_source>
<libelle_appellation_source>Toutes les appellations</libelle_appellation_source>
</liste_appellation_source>
<code_rome_cible>D1505</code_rome_cible>
<libelle_rome_cible>Personnel de caisse</libelle_rome_cible>
<liste_appellation_cible>
<code_appellation_cible>0</code_appellation_cible>
<libelle_appellation_cible>Toutes les appellations</libelle_appellation_cible>
</liste_appellation_cible>
</item_mob_pr>
</mobilites_proches>
<mobilites_si_evolution nbItemMob="6">
<item_mob_ev><code_type_mobilite>2</code_type_mobilite>
<liste_appellation_source>
<code_appellation_source>0</code_appellation_source>
<libelle_appellation_source>Toutes les appellations</libelle_appellation_source>
</liste_appellation_source>
<code_rome_cible>B1301</code_rome_cible>
<libelle_rome_cible>D&#0233;coration d&#0039;espaces de vente et d&#0039;exposition</libelle_rome_cible>
<liste_appellation_cible>
<code_appellation_cible>0</code_appellation_cible>
<libelle_appellation_cible>Toutes les appellations</libelle_appellation_cible>
</liste_appellation_cible>
</item_mob_ev>
<item_mob_ev><code_type_mobilite>2</code_type_mobilite>
<liste_appellation_source>
<code_appellation_source>0</code_appellation_source>
<libelle_appellation_source>Toutes les appellations</libelle_appellation_source>
</liste_appellation_source>
<code_rome_cible>D1301</code_rome_cible>
<libelle_rome_cible>Management de magasin de d&#0233;tail</libelle_rome_cible>
<liste_appellation_cible>
<code_appellation_cible>0</code_appellation_cible>
<libelle_appellation_cible>Toutes les appellations</libelle_appellation_cible>
</liste_appellation_cible>
</item_mob_ev>
<item_mob_ev><code_type_mobilite>2</code_type_mobilite>
<liste_appellation_source>
<code_appellation_source>0</code_appellation_source>
<libelle_appellation_source>Toutes les appellations</libelle_appellation_source>
</liste_appellation_source>
<code_rome_cible>D1402</code_rome_cible>
<libelle_rome_cible>Relation commerciale grands comptes et entreprises</libelle_rome_cible>
<liste_appellation_cible>
<code_appellation_cible>0</code_appellation_cible>
<libelle_appellation_cible>Toutes les appellations</libelle_appellation_cible>
</liste_appellation_cible>
</item_mob_ev>
<item_mob_ev><code_type_mobilite>2</code_type_mobilite>
<liste_appellation_source>
<code_appellation_source>0</code_appellation_source>
<libelle_appellation_source>Toutes les appellations</libelle_appellation_source>
</liste_appellation_source>
<code_rome_cible>D1403</code_rome_cible>
<libelle_rome_cible>Relation commerciale aupr&#0232;s de particuliers</libelle_rome_cible>
<liste_appellation_cible>
<code_appellation_cible>0</code_appellation_cible>
<libelle_appellation_cible>Toutes les appellations</libelle_appellation_cible>
</liste_appellation_cible>
</item_mob_ev>
<item_mob_ev><code_type_mobilite>2</code_type_mobilite>
<liste_appellation_source>
<code_appellation_source>0</code_appellation_source>
<libelle_appellation_source>Toutes les appellations</libelle_appellation_source>
</liste_appellation_source>
<code_rome_cible>D1503</code_rome_cible>
<libelle_rome_cible>Management/gestion de rayon produits non alimentaires</libelle_rome_cible>
<liste_appellation_cible>
<code_appellation_cible>0</code_appellation_cible>
<libelle_appellation_cible>Toutes les appellations</libelle_appellation_cible>
</liste_appellation_cible>
</item_mob_ev>
<item_mob_ev><code_type_mobilite>2</code_type_mobilite>
<liste_appellation_source>
<code_appellation_source>0</code_appellation_source>
<libelle_appellation_source>Toutes les appellations</libelle_appellation_source>
</liste_appellation_source>
<code_rome_cible>D1508</code_rome_cible>
<libelle_rome_cible>Encadrement du personnel de caisses</libelle_rome_cible>
<liste_appellation_cible>
<code_appellation_cible>0</code_appellation_cible>
<libelle_appellation_cible>Toutes les appellations</libelle_appellation_cible>
</liste_appellation_cible>
</item_mob_ev>
</mobilites_si_evolution>
</bloc_mobilites>
</fiche_emploi_metier>