<?xml version="1.0" encoding="UTF-8" ?>
<fiche_emploi_metier>
<type_fiche>2</type_fiche>
<libelle_type_fiche>priorise</libelle_type_fiche>
<version_SI>
<version_rome>333</version_rome>
<date_version_si>01/10/2017</date_version_si>
<mois_version_si>Octobre</mois_version_si>
<annee_version_si>2017</annee_version_si>
</version_SI>
<bloc_code_rome>
<code_rome>D1401</code_rome>
<intitule>Assistanat commercial</intitule>
<code_ogr>102</code_ogr>
<riasec_majeur>C</riasec_majeur>
<riasec_mineur>e</riasec_mineur>
</bloc_code_rome>
<bloc_appellation nbItemAppellation="20">
<item_app>
<code_ogr>11181</code_ogr>
<libelle>Assistant / Assistante achat</libelle>
<libelle_court>Assistant / Assistante achat</libelle_court>
<priorisation>1</priorisation>
</item_app>
<item_app>
<code_ogr>11188</code_ogr>
<libelle>Assistant / Assistante administration des ventes</libelle>
<libelle_court>Assistant / Assistante administration des ventes</libelle_court>
<priorisation>1</priorisation>
</item_app>
<item_app>
<code_ogr>38959</code_ogr>
<libelle>Assistant / Assistante administration des ventes export</libelle>
<libelle_court>Assistant / Assistante administration des ventes export</libelle_court>
<priorisation>1</priorisation>
</item_app>
<item_app>
<code_ogr>38961</code_ogr>
<libelle>Assistant / Assistante commerce international</libelle>
<libelle_court>Assistant / Assistante commerce international</libelle_court>
<priorisation>1</priorisation>
</item_app>
<item_app>
<code_ogr>11266</code_ogr>
<libelle>Assistant / Assistante des ventes</libelle>
<libelle_court>Assistant / Assistante des ventes</libelle_court>
<priorisation>1</priorisation>
</item_app>
<item_app>
<code_ogr>11286</code_ogr>
<libelle>Assistant / Assistante export</libelle>
<libelle_court>Assistant / Assistante export</libelle_court>
<priorisation>1</priorisation>
</item_app>
<item_app>
<code_ogr>11294</code_ogr>
<libelle>Assistant / Assistante import</libelle>
<libelle_court>Assistant / Assistante import</libelle_court>
<priorisation>1</priorisation>
</item_app>
<item_app>
<code_ogr>38960</code_ogr>
<libelle>Assistant / Assistante import-export</libelle>
<libelle_court>Assistant / Assistante import-export</libelle_court>
<priorisation>1</priorisation>
</item_app>
<item_app>
<code_ogr>38958</code_ogr>
<libelle>Assistant / Assistante service clients</libelle>
<libelle_court>Assistant / Assistante service clients</libelle_court>
<priorisation>1</priorisation>
</item_app>
<item_app>
<code_ogr>11186</code_ogr>
<libelle>Assistant administratif et commercial / Assistante administrative et commerciale</libelle>
<libelle_court>Assistant(e) administratif(ve) et commercial(e)</libelle_court>
<priorisation>1</priorisation>
</item_app>
<item_app>
<code_ogr>11210</code_ogr>
<libelle>Assistant commercial / Assistante commerciale</libelle>
<libelle_court>Assistant commercial / Assistante commerciale</libelle_court>
<priorisation>1</priorisation>
</item_app>
<item_app>
<code_ogr>11389</code_ogr>
<libelle>Attach&#0233; commercial / Attach&#0233;e commerciale s&#0233;dentaire</libelle>
<libelle_court>Attach&#0233; commercial / Attach&#0233;e commerciale s&#0233;dentaire</libelle_court>
<priorisation>1</priorisation>
</item_app>
<item_app>
<code_ogr>12700</code_ogr>
<libelle>Collaborateur commercial / Collaboratrice commerciale</libelle>
<libelle_court>Collaborateur commercial / Collaboratrice commerciale</libelle_court>
<priorisation>1</priorisation>
</item_app>
<item_app>
<code_ogr>12748</code_ogr>
<libelle>Commercial / Commerciale s&#0233;dentaire</libelle>
<libelle_court>Commercial / Commerciale s&#0233;dentaire</libelle_court>
<priorisation>1</priorisation>
</item_app>
<item_app>
<code_ogr>13380</code_ogr>
<libelle>Conseiller commercial / Conseill&#0232;re commerciale s&#0233;dentaire</libelle>
<libelle_court>Conseiller commercial / Conseill&#0232;re commerciale s&#0233;dentaire</libelle_court>
<priorisation>1</priorisation>
</item_app>
<item_app>
<code_ogr>13936</code_ogr>
<libelle>D&#0233;l&#0233;gu&#0233; commercial / D&#0233;l&#0233;gu&#0233;e commerciale s&#0233;dentaire</libelle>
<libelle_court>D&#0233;l&#0233;gu&#0233; commercial / D&#0233;l&#0233;gu&#0233;e commerciale s&#0233;dentaire</libelle_court>
<priorisation>1</priorisation>
</item_app>
<item_app>
<code_ogr>14753</code_ogr>
<libelle>Employ&#0233; commercial / Employ&#0233;e commerciale s&#0233;dentaire</libelle>
<libelle_court>Employ&#0233; commercial / Employ&#0233;e commerciale s&#0233;dentaire</libelle_court>
<priorisation>1</priorisation>
</item_app>
<item_app>
<code_ogr>19369</code_ogr>
<libelle>Secr&#0233;taire commercial / commerciale</libelle>
<libelle_court>Secr&#0233;taire commercial / commerciale</libelle_court>
<priorisation>1</priorisation>
</item_app>
<item_app>
<code_ogr>19649</code_ogr>
<libelle>Technicien / Technicienne administration des ventes</libelle>
<libelle_court>Technicien / Technicienne administration des ventes</libelle_court>
<priorisation>1</priorisation>
</item_app>
<item_app>
<code_ogr>19787</code_ogr>
<libelle>Technicien / Technicienne de la vente par correspondance</libelle>
<libelle_court>Technicien / Technicienne de la vente par correspondance</libelle_court>
<priorisation>1</priorisation>
</item_app>
</bloc_appellation>
<definition nbItemDefinition="3">
R&#0233;alise le traitement commercial et administratif des commandes des clients dans un objectif de qualit&#0233; (service, co&#0251;t, d&#0233;lai, ...).
Communique &#0224; la client&#0232;le des informations techniques sur les produits/services de l&#0039;entreprise.
Peut prospecter la client&#0232;le et vendre des produits/services.
</definition>
<acces_emploi_metier nbItemAccesEmploiMetier="2">
Cet emploi/m&#0233;tier est accessible avec un dipl&#0244;me de niveau Bac (professionnel, technologique, ...) &#0224; Bac+2 (BTS, DUT, ...) en commerce, vente, n&#0233;gociation commerciale, relations client, secr&#0233;tariat, ...
La pratique d&#0039;une langue &#0233;trang&#0232;re, en particulier l&#0039;anglais, peut &#0234;tre demand&#0233;e.
</acces_emploi_metier>
<condition_exercice_activite nbItemConditionExercice="1">
L&#0039;activit&#0233; de cet emploi/m&#0233;tier s&#0039;exerce au sein d&#0039;entreprises commerciales, industrielles ou de soci&#0233;t&#0233;s de services en relation avec diff&#0233;rents services (production, logistique, comptabilit&#0233;, juridique, ...) et en contact avec la client&#0232;le.
</condition_exercice_activite>
<bloc_environnement_de_travail nbItemEnvTrav="41">
<item_env>
<code_ogr>23871</code_ogr>
<libelle>Entreprise commerciale</libelle>
<code_type_section_env>1</code_type_section_env>
<priorisation>1</priorisation>
</item_env>
<item_env>
<code_ogr>23909</code_ogr>
<libelle>Entreprise industrielle</libelle>
<code_type_section_env>1</code_type_section_env>
<priorisation>1</priorisation>
</item_env>
<item_env>
<code_ogr>24093</code_ogr>
<libelle>Soci&#0233;t&#0233; de services</libelle>
<code_type_section_env>1</code_type_section_env>
<priorisation>1</priorisation>
</item_env>
<item_env>
<code_ogr>23391</code_ogr>
<libelle>A&#0233;ronautique, spatial</libelle>
<code_type_section_env>2</code_type_section_env>
<priorisation>1</priorisation>
</item_env>
<item_env>
<code_ogr>23394</code_ogr>
<libelle>Agriculture</libelle>
<code_type_section_env>2</code_type_section_env>
<priorisation>1</priorisation>
</item_env>
<item_env>
<code_ogr>23395</code_ogr>
<libelle>Alimentaire</libelle>
<code_type_section_env>2</code_type_section_env>
<priorisation>1</priorisation>
</item_env>
<item_env>
<code_ogr>23404</code_ogr>
<libelle>Armement</libelle>
<code_type_section_env>2</code_type_section_env>
<priorisation>1</priorisation>
</item_env>
<item_env>
<code_ogr>23410</code_ogr>
<libelle>Automobile</libelle>
<code_type_section_env>2</code_type_section_env>
<priorisation>1</priorisation>
</item_env>
<item_env>
<code_ogr>23420</code_ogr>
<libelle>B&#0226;timent et Travaux Publics -BTP-</libelle>
<code_type_section_env>2</code_type_section_env>
<priorisation>1</priorisation>
</item_env>
<item_env>
<code_ogr>23424</code_ogr>
<libelle>Bois, ameublement</libelle>
<code_type_section_env>2</code_type_section_env>
<priorisation>1</priorisation>
</item_env>
<item_env>
<code_ogr>23436</code_ogr>
<libelle>Chimie</libelle>
<code_type_section_env>2</code_type_section_env>
<priorisation>1</priorisation>
</item_env>
<item_env>
<code_ogr>23437</code_ogr>
<libelle>Chimie fine</libelle>
<code_type_section_env>2</code_type_section_env>
<priorisation>1</priorisation>
</item_env>
<item_env>
<code_ogr>23442</code_ogr>
<libelle>Combustibles</libelle>
<code_type_section_env>2</code_type_section_env>
<priorisation>1</priorisation>
</item_env>
<item_env>
<code_ogr>23446</code_ogr>
<libelle>Commerce/vente</libelle>
<code_type_section_env>2</code_type_section_env>
<priorisation>1</priorisation>
</item_env>
<item_env>
<code_ogr>23474</code_ogr>
<libelle>Electricit&#0233;</libelle>
<code_type_section_env>2</code_type_section_env>
<priorisation>1</priorisation>
</item_env>
<item_env>
<code_ogr>23476</code_ogr>
<libelle>Electrom&#0233;nager</libelle>
<code_type_section_env>2</code_type_section_env>
<priorisation>1</priorisation>
</item_env>
<item_env>
<code_ogr>23477</code_ogr>
<libelle>Electronique</libelle>
<code_type_section_env>2</code_type_section_env>
<priorisation>1</priorisation>
</item_env>
<item_env>
<code_ogr>23480</code_ogr>
<libelle>Energie, nucl&#0233;aire, fluide</libelle>
<code_type_section_env>2</code_type_section_env>
<priorisation>1</priorisation>
</item_env>
<item_env>
<code_ogr>23498</code_ogr>
<libelle>Ferroviaire</libelle>
<code_type_section_env>2</code_type_section_env>
<priorisation>1</priorisation>
</item_env>
<item_env>
<code_ogr>23515</code_ogr>
<libelle>Habillement, cuir, textile</libelle>
<code_type_section_env>2</code_type_section_env>
<priorisation>1</priorisation>
</item_env>
<item_env>
<code_ogr>23519</code_ogr>
<libelle>H&#0244;tellerie</libelle>
<code_type_section_env>2</code_type_section_env>
<priorisation>1</priorisation>
</item_env>
<item_env>
<code_ogr>23530</code_ogr>
<libelle>Industrie cosm&#0233;tique</libelle>
<code_type_section_env>2</code_type_section_env>
<priorisation>1</priorisation>
</item_env>
<item_env>
<code_ogr>23531</code_ogr>
<libelle>Industrie du papier, carton</libelle>
<code_type_section_env>2</code_type_section_env>
<priorisation>1</priorisation>
</item_env>
<item_env>
<code_ogr>23532</code_ogr>
<libelle>Industrie graphique</libelle>
<code_type_section_env>2</code_type_section_env>
<priorisation>1</priorisation>
</item_env>
<item_env>
<code_ogr>23534</code_ogr>
<libelle>Information et communication</libelle>
<code_type_section_env>2</code_type_section_env>
<priorisation>1</priorisation>
</item_env>
<item_env>
<code_ogr>23535</code_ogr>
<libelle>Informatique et t&#0233;l&#0233;communications</libelle>
<code_type_section_env>2</code_type_section_env>
<priorisation>1</priorisation>
</item_env>
<item_env>
<code_ogr>23544</code_ogr>
<libelle>Machinisme</libelle>
<code_type_section_env>2</code_type_section_env>
<priorisation>1</priorisation>
</item_env>
<item_env>
<code_ogr>23552</code_ogr>
<libelle>M&#0233;canique, travail des m&#0233;taux</libelle>
<code_type_section_env>2</code_type_section_env>
<priorisation>1</priorisation>
</item_env>
<item_env>
<code_ogr>23558</code_ogr>
<libelle>M&#0233;tallurgie, sid&#0233;rurgie</libelle>
<code_type_section_env>2</code_type_section_env>
<priorisation>1</priorisation>
</item_env>
<item_env>
<code_ogr>23567</code_ogr>
<libelle>Nautisme</libelle>
<code_type_section_env>2</code_type_section_env>
<priorisation>1</priorisation>
</item_env>
<item_env>
<code_ogr>23568</code_ogr>
<libelle>Optique, optronique</libelle>
<code_type_section_env>2</code_type_section_env>
<priorisation>1</priorisation>
</item_env>
<item_env>
<code_ogr>23573</code_ogr>
<libelle>Parachimie</libelle>
<code_type_section_env>2</code_type_section_env>
<priorisation>1</priorisation>
</item_env>
<item_env>
<code_ogr>23582</code_ogr>
<libelle>P&#0233;trochimie</libelle>
<code_type_section_env>2</code_type_section_env>
<priorisation>1</priorisation>
</item_env>
<item_env>
<code_ogr>23585</code_ogr>
<libelle>Plasturgie, caoutchouc, composites</libelle>
<code_type_section_env>2</code_type_section_env>
<priorisation>1</priorisation>
</item_env>
<item_env>
<code_ogr>23622</code_ogr>
<libelle>Restauration</libelle>
<code_type_section_env>2</code_type_section_env>
<priorisation>1</priorisation>
</item_env>
<item_env>
<code_ogr>23631</code_ogr>
<libelle>S&#0233;curit&#0233;, hygi&#0232;ne, environnement</libelle>
<code_type_section_env>2</code_type_section_env>
<priorisation>1</priorisation>
</item_env>
<item_env>
<code_ogr>23636</code_ogr>
<libelle>Services</libelle>
<code_type_section_env>2</code_type_section_env>
<priorisation>1</priorisation>
</item_env>
<item_env>
<code_ogr>23640</code_ogr>
<libelle>Sport et loisirs</libelle>
<code_type_section_env>2</code_type_section_env>
<priorisation>1</priorisation>
</item_env>
<item_env>
<code_ogr>23652</code_ogr>
<libelle>Tourisme</libelle>
<code_type_section_env>2</code_type_section_env>
<priorisation>1</priorisation>
</item_env>
<item_env>
<code_ogr>23659</code_ogr>
<libelle>Transport/logistique</libelle>
<code_type_section_env>2</code_type_section_env>
<priorisation>1</priorisation>
</item_env>
<item_env>
<code_ogr>23673</code_ogr>
<libelle>Verre, mat&#0233;riaux de construction</libelle>
<code_type_section_env>2</code_type_section_env>
<priorisation>1</priorisation>
</item_env>
</bloc_environnement_de_travail>
<bloc_activites_de_base nbBlocActiviteBase="1">
<activites_de_base nbItemActivite_AB="10">
<item_ab>
<code_ogr>121280</code_ogr>
<libelle>R&#0233;ceptionner les appels t&#0233;l&#0233;phoniques</libelle>
<code_type_activite>3</code_type_activite>
<code_type_item_activite>2</code_type_item_activite>
<position_item>1</position_item>
<priorisation>1</priorisation>
<riasec_majeur>C</riasec_majeur>
</item_ab>
<item_ab>
<code_ogr>122330</code_ogr>
<libelle>Renseigner un client</libelle>
<code_type_activite>3</code_type_activite>
<code_type_item_activite>2</code_type_item_activite>
<position_item>2</position_item>
<priorisation>1</priorisation>
<riasec_majeur>S</riasec_majeur>
</item_ab>
<item_ab>
<code_ogr>122339</code_ogr>
<libelle>R&#0233;aliser une &#0233;tude technique et commerciale</libelle>
<code_type_activite>3</code_type_activite>
<code_type_item_activite>2</code_type_item_activite>
<position_item>3</position_item>
<priorisation>1</priorisation>
<riasec_majeur>C</riasec_majeur>
<riasec_mineur>i</riasec_mineur>
</item_ab>
<item_ab>
<code_ogr>117243</code_ogr>
<libelle>Etablir un devis</libelle>
<code_type_activite>3</code_type_activite>
<code_type_item_activite>2</code_type_item_activite>
<position_item>4</position_item>
<priorisation>1</priorisation>
<riasec_majeur>C</riasec_majeur>
</item_ab>
<item_ab>
<code_ogr>122477</code_ogr>
<libelle>Transmettre des donn&#0233;es techniques et commerciales</libelle>
<code_type_activite>3</code_type_activite>
<code_type_item_activite>2</code_type_item_activite>
<position_item>5</position_item>
<priorisation>1</priorisation>
<riasec_majeur>C</riasec_majeur>
<riasec_mineur>r</riasec_mineur>
</item_ab>
<item_ab>
<code_ogr>121646</code_ogr>
<libelle>Enregistrer les donn&#0233;es d&#0039;une commande</libelle>
<code_type_activite>3</code_type_activite>
<code_type_item_activite>2</code_type_item_activite>
<position_item>6</position_item>
<priorisation>1</priorisation>
<riasec_majeur>C</riasec_majeur>
</item_ab>
<item_ab>
<code_ogr>124537</code_ogr>
<libelle>V&#0233;rifier les conditions de r&#0233;alisation d&#0039;une commande</libelle>
<code_type_activite>3</code_type_activite>
<code_type_item_activite>2</code_type_item_activite>
<position_item>7</position_item>
<priorisation>1</priorisation>
<riasec_majeur>C</riasec_majeur>
</item_ab>
<item_ab>
<code_ogr>124788</code_ogr>
<libelle>Suivre des &#0233;l&#0233;ments de paiement de commandes</libelle>
<code_type_activite>3</code_type_activite>
<code_type_item_activite>2</code_type_item_activite>
<position_item>8</position_item>
<priorisation>1</priorisation>
<riasec_majeur>C</riasec_majeur>
</item_ab>
<item_ab>
<code_ogr>124240</code_ogr>
<libelle>R&#0233;aliser un suivi des dossiers clients, fournisseurs</libelle>
<code_type_activite>3</code_type_activite>
<code_type_item_activite>2</code_type_item_activite>
<position_item>9</position_item>
<priorisation>1</priorisation>
<riasec_majeur>C</riasec_majeur>
</item_ab>
<item_ab>
<code_ogr>121009</code_ogr>
<libelle>Proposer des solutions correctives</libelle>
<code_type_activite>3</code_type_activite>
<code_type_item_activite>2</code_type_item_activite>
<position_item>10</position_item>
<priorisation>1</priorisation>
<riasec_majeur>E</riasec_majeur>
<riasec_mineur>r</riasec_mineur>
</item_ab>
</activites_de_base>
<savoir_theorique_et_proceduraux nbItemSTP_AB="9">
<item_ab_stp>
<code_ogr>121706</code_ogr>
<libelle>Techniques commerciales</libelle>
<code_type_competence>1</code_type_competence>
<position_item>1</position_item>
<priorisation>1</priorisation>
</item_ab_stp>
<item_ab_stp>
<code_ogr>118975</code_ogr>
<libelle>Outils bureautiques</libelle>
<code_type_competence>1</code_type_competence>
<position_item>2</position_item>
<priorisation>1</priorisation>
</item_ab_stp>
<item_ab_stp>
<code_ogr>102226</code_ogr>
<libelle>Normes r&#0233;dactionnelles</libelle>
<code_type_competence>1</code_type_competence>
<position_item>3</position_item>
<priorisation>1</priorisation>
</item_ab_stp>
<item_ab_stp>
<code_ogr>124447</code_ogr>
<libelle>E-procurement</libelle>
<code_type_competence>1</code_type_competence>
<position_item>4</position_item>
<priorisation>1</priorisation>
</item_ab_stp>
<item_ab_stp>
<code_ogr>102224</code_ogr>
<libelle>Organisation de la cha&#0238;ne logistique</libelle>
<code_type_competence>1</code_type_competence>
<position_item>5</position_item>
<priorisation>1</priorisation>
</item_ab_stp>
<item_ab_stp>
<code_ogr>120889</code_ogr>
<libelle>Gestion administrative</libelle>
<code_type_competence>1</code_type_competence>
<position_item>6</position_item>
<priorisation>1</priorisation>
</item_ab_stp>
<item_ab_stp>
<code_ogr>120888</code_ogr>
<libelle>Gestion comptable</libelle>
<code_type_competence>1</code_type_competence>
<position_item>7</position_item>
<priorisation>1</priorisation>
</item_ab_stp>
<item_ab_stp>
<code_ogr>101359</code_ogr>
<libelle>Droit commercial</libelle>
<code_type_competence>1</code_type_competence>
<position_item>8</position_item>
<priorisation>1</priorisation>
</item_ab_stp>
<item_ab_stp>
<code_ogr>121709</code_ogr>
<libelle>Service Apr&#0232;s Vente (SAV)</libelle>
<code_type_competence>1</code_type_competence>
<position_item>9</position_item>
<priorisation>1</priorisation>
</item_ab_stp>
</savoir_theorique_et_proceduraux>
<savoir_action nbItemSA_AB="0">
</savoir_action>
</bloc_activites_de_base>
<bloc_activites_specifiques nbBlocActiviteSpecifique="5">
<bloc>
<position_bloc>1</position_bloc>
<activite_specifique nbItemActivite_AS="2">
<item_as>
<code_ogr>102229</code_ogr>
<libelle>Intervenir aupr&#0232;s d&#0039;une client&#0232;le d&#0039;entreprises</libelle>
<code_type_activite>3</code_type_activite>
<code_type_item_activite>2</code_type_item_activite>
<position_item>1</position_item>
<priorisation>1</priorisation>
<riasec_majeur>S</riasec_majeur>
</item_as>
<item_as>
<code_ogr>126371</code_ogr>
<libelle>Intervenir aupr&#0232;s d&#0039;une client&#0232;le de collectivit&#0233;s / administration</libelle>
<code_type_activite>3</code_type_activite>
<code_type_item_activite>2</code_type_item_activite>
<position_item>2</position_item>
<priorisation>1</priorisation>
<riasec_majeur>S</riasec_majeur>
</item_as>
</activite_specifique>
<savoir_theorique_et_proceduraux nbItemSTP_AS="2">
<item_as_stp>
<code_ogr>121691</code_ogr>
<libelle>Typologie du client</libelle>
<code_type_competence>1</code_type_competence>
<position_item>1</position_item>
<priorisation>1</priorisation>
</item_as_stp>
<item_as_stp>
<code_ogr>121688</code_ogr>
<libelle>Logiciel de gestion clients</libelle>
<code_type_competence>1</code_type_competence>
<position_item>2</position_item>
<priorisation>1</priorisation>
</item_as_stp>
</savoir_theorique_et_proceduraux>
<savoir_action nbItemSA_AS="0">
</savoir_action>
</bloc>
<bloc>
<position_bloc>2</position_bloc>
<activite_specifique nbItemActivite_AS="1">
<item_as>
<code_ogr>121919</code_ogr>
<libelle>Organiser une action commerciale &#0224; l&#0039;international</libelle>
<code_type_activite>3</code_type_activite>
<code_type_item_activite>2</code_type_item_activite>
<position_item>1</position_item>
<priorisation>1</priorisation>
<riasec_majeur>C</riasec_majeur>
<riasec_mineur>e</riasec_mineur>
</item_as>
</activite_specifique>
<savoir_theorique_et_proceduraux nbItemSTP_AS="5">
<item_as_stp>
<code_ogr>125809</code_ogr>
<libelle>Logistique internationale</libelle>
<code_type_competence>1</code_type_competence>
<position_item>1</position_item>
<priorisation>1</priorisation>
</item_as_stp>
<item_as_stp>
<code_ogr>104084</code_ogr>
<libelle>R&#0233;glementation du transport de marchandises</libelle>
<code_type_competence>1</code_type_competence>
<position_item>2</position_item>
<priorisation>1</priorisation>
</item_as_stp>
<item_as_stp>
<code_ogr>104663</code_ogr>
<libelle>R&#0233;glementation des douanes</libelle>
<code_type_competence>1</code_type_competence>
<position_item>3</position_item>
<priorisation>1</priorisation>
</item_as_stp>
<item_as_stp>
<code_ogr>110150</code_ogr>
<libelle>Pratique de l&#0039;anglais technique</libelle>
<code_type_competence>1</code_type_competence>
<position_item>4</position_item>
<priorisation>1</priorisation>
</item_as_stp>
<item_as_stp>
<code_ogr>110109</code_ogr>
<libelle>Techniques d&#0039;import/export</libelle>
<code_type_competence>1</code_type_competence>
<position_item>5</position_item>
<priorisation>1</priorisation>
</item_as_stp>
</savoir_theorique_et_proceduraux>
<savoir_action nbItemSA_AS="0">
</savoir_action>
</bloc>
<bloc>
<position_bloc>3</position_bloc>
<activite_specifique nbItemActivite_AS="1">
<item_as>
<code_ogr>121427</code_ogr>
<libelle>D&#0233;velopper un portefeuille clients et prospects</libelle>
<code_type_activite>3</code_type_activite>
<code_type_item_activite>2</code_type_item_activite>
<position_item>1</position_item>
<priorisation>1</priorisation>
<riasec_majeur>E</riasec_majeur>
</item_as>
</activite_specifique>
<savoir_theorique_et_proceduraux nbItemSTP_AS="1">
<item_as_stp>
<code_ogr>122552</code_ogr>
<libelle>Prospection commerciale</libelle>
<code_type_competence>1</code_type_competence>
<position_item>1</position_item>
<priorisation>1</priorisation>
</item_as_stp>
</savoir_theorique_et_proceduraux>
<savoir_action nbItemSA_AS="0">
</savoir_action>
</bloc>
<bloc>
<position_bloc>4</position_bloc>
<activite_specifique nbItemActivite_AS="2">
<item_as>
<code_ogr>117180</code_ogr>
<libelle>N&#0233;gocier un contrat</libelle>
<code_type_activite>3</code_type_activite>
<code_type_item_activite>2</code_type_item_activite>
<position_item>1</position_item>
<priorisation>1</priorisation>
<riasec_majeur>E</riasec_majeur>
<riasec_mineur>c</riasec_mineur>
</item_as>
<item_as>
<code_ogr>122709</code_ogr>
<libelle>Etablir un contrat de vente</libelle>
<code_type_activite>3</code_type_activite>
<code_type_item_activite>2</code_type_item_activite>
<position_item>2</position_item>
<priorisation>1</priorisation>
<riasec_majeur>E</riasec_majeur>
<riasec_mineur>c</riasec_mineur>
</item_as>
</activite_specifique>
<savoir_theorique_et_proceduraux nbItemSTP_AS="1">
<item_as_stp>
<code_ogr>100340</code_ogr>
<libelle>Techniques de vente</libelle>
<code_type_competence>1</code_type_competence>
<position_item>1</position_item>
<priorisation>1</priorisation>
</item_as_stp>
</savoir_theorique_et_proceduraux>
<savoir_action nbItemSA_AS="0">
</savoir_action>
</bloc>
<bloc>
<position_bloc>5</position_bloc>
<activite_specifique nbItemActivite_AS="1">
<item_as>
<code_ogr>123835</code_ogr>
<libelle>R&#0233;aliser un suivi statistique de l&#0039;activit&#0233; d&#0039;un site web</libelle>
<code_type_activite>3</code_type_activite>
<code_type_item_activite>2</code_type_item_activite>
<position_item>1</position_item>
<priorisation>1</priorisation>
<riasec_majeur>C</riasec_majeur>
<riasec_mineur>e</riasec_mineur>
</item_as>
</activite_specifique>
<savoir_theorique_et_proceduraux nbItemSTP_AS="1">
<item_as_stp>
<code_ogr>117224</code_ogr>
<libelle>Outils de web analyse - web analytics</libelle>
<code_type_competence>1</code_type_competence>
<position_item>1</position_item>
<priorisation>1</priorisation>
</item_as_stp>
</savoir_theorique_et_proceduraux>
<savoir_action nbItemSA_AS="0">
</savoir_action>
</bloc>
</bloc_activites_specifiques>
<bloc_mobilites>
<mobilites_proches nbItemMob="8">
<item_mob_pr><code_type_mobilite>1</code_type_mobilite>
<liste_appellation_source>
<code_appellation_source>0</code_appellation_source>
<libelle_appellation_source>Toutes les appellations</libelle_appellation_source>
</liste_appellation_source>
<code_rome_cible>C1201</code_rome_cible>
<libelle_rome_cible>Accueil et services bancaires</libelle_rome_cible>
<liste_appellation_cible>
<code_appellation_cible>0</code_appellation_cible>
<libelle_appellation_cible>Toutes les appellations</libelle_appellation_cible>
</liste_appellation_cible>
</item_mob_pr>
<item_mob_pr><code_type_mobilite>1</code_type_mobilite>
<liste_appellation_source>
<code_appellation_source>0</code_appellation_source>
<libelle_appellation_source>Toutes les appellations</libelle_appellation_source>
</liste_appellation_source>
<code_rome_cible>D1213</code_rome_cible>
<libelle_rome_cible>Vente en gros de mat&#0233;riel et &#0233;quipement</libelle_rome_cible>
<liste_appellation_cible>
<code_appellation_cible>0</code_appellation_cible>
<libelle_appellation_cible>Toutes les appellations</libelle_appellation_cible>
</liste_appellation_cible>
</item_mob_pr>
<item_mob_pr><code_type_mobilite>1</code_type_mobilite>
<liste_appellation_source>
<code_appellation_source>0</code_appellation_source>
<libelle_appellation_source>Toutes les appellations</libelle_appellation_source>
</liste_appellation_source>
<code_rome_cible>D1402</code_rome_cible>
<libelle_rome_cible>Relation commerciale grands comptes et entreprises</libelle_rome_cible>
<liste_appellation_cible>
<code_appellation_cible>0</code_appellation_cible>
<libelle_appellation_cible>Toutes les appellations</libelle_appellation_cible>
</liste_appellation_cible>
</item_mob_pr>
<item_mob_pr><code_type_mobilite>1</code_type_mobilite>
<liste_appellation_source>
<code_appellation_source>0</code_appellation_source>
<libelle_appellation_source>Toutes les appellations</libelle_appellation_source>
</liste_appellation_source>
<code_rome_cible>D1404</code_rome_cible>
<libelle_rome_cible>Relation commerciale en vente de v&#0233;hicules</libelle_rome_cible>
<liste_appellation_cible>
<code_appellation_cible>0</code_appellation_cible>
<libelle_appellation_cible>Toutes les appellations</libelle_appellation_cible>
</liste_appellation_cible>
</item_mob_pr>
<item_mob_pr><code_type_mobilite>1</code_type_mobilite>
<liste_appellation_source>
<code_appellation_source>0</code_appellation_source>
<libelle_appellation_source>Toutes les appellations</libelle_appellation_source>
</liste_appellation_source>
<code_rome_cible>D1408</code_rome_cible>
<libelle_rome_cible>T&#0233;l&#0233;conseil et t&#0233;l&#0233;vente</libelle_rome_cible>
<liste_appellation_cible>
<code_appellation_cible>0</code_appellation_cible>
<libelle_appellation_cible>Toutes les appellations</libelle_appellation_cible>
</liste_appellation_cible>
</item_mob_pr>
<item_mob_pr><code_type_mobilite>1</code_type_mobilite>
<liste_appellation_source>
<code_appellation_source>0</code_appellation_source>
<libelle_appellation_source>Toutes les appellations</libelle_appellation_source>
</liste_appellation_source>
<code_rome_cible>M1605</code_rome_cible>
<libelle_rome_cible>Assistanat technique et administratif</libelle_rome_cible>
<liste_appellation_cible>
<code_appellation_cible>0</code_appellation_cible>
<libelle_appellation_cible>Toutes les appellations</libelle_appellation_cible>
</liste_appellation_cible>
</item_mob_pr>
<item_mob_pr><code_type_mobilite>1</code_type_mobilite>
<liste_appellation_source>
<code_appellation_source>0</code_appellation_source>
<libelle_appellation_source>Toutes les appellations</libelle_appellation_source>
</liste_appellation_source>
<code_rome_cible>M1607</code_rome_cible>
<libelle_rome_cible>Secr&#0233;tariat</libelle_rome_cible>
<liste_appellation_cible>
<code_appellation_cible>0</code_appellation_cible>
<libelle_appellation_cible>Toutes les appellations</libelle_appellation_cible>
</liste_appellation_cible>
</item_mob_pr>
<item_mob_pr><code_type_mobilite>1</code_type_mobilite>
<liste_appellation_source>
<code_appellation_source>0</code_appellation_source>
<libelle_appellation_source>Toutes les appellations</libelle_appellation_source>
</liste_appellation_source>
<code_rome_cible>N1202</code_rome_cible>
<libelle_rome_cible>Gestion des op&#0233;rations de circulation internationale des marchandises</libelle_rome_cible>
<liste_appellation_cible>
<code_appellation_cible>0</code_appellation_cible>
<libelle_appellation_cible>Toutes les appellations</libelle_appellation_cible>
</liste_appellation_cible>
</item_mob_pr>
</mobilites_proches>
<mobilites_si_evolution nbItemMob="7">
<item_mob_ev><code_type_mobilite>2</code_type_mobilite>
<liste_appellation_source>
<code_appellation_source>0</code_appellation_source>
<libelle_appellation_source>Toutes les appellations</libelle_appellation_source>
</liste_appellation_source>
<code_rome_cible>C1102</code_rome_cible>
<libelle_rome_cible>Conseil client&#0232;le en assurances</libelle_rome_cible>
<liste_appellation_cible>
<code_appellation_cible>0</code_appellation_cible>
<libelle_appellation_cible>Toutes les appellations</libelle_appellation_cible>
</liste_appellation_cible>
</item_mob_ev>
<item_mob_ev><code_type_mobilite>2</code_type_mobilite>
<liste_appellation_source>
<code_appellation_source>0</code_appellation_source>
<libelle_appellation_source>Toutes les appellations</libelle_appellation_source>
</liste_appellation_source>
<code_rome_cible>C1206</code_rome_cible>
<libelle_rome_cible>Gestion de client&#0232;le bancaire</libelle_rome_cible>
<liste_appellation_cible>
<code_appellation_cible>0</code_appellation_cible>
<libelle_appellation_cible>Toutes les appellations</libelle_appellation_cible>
</liste_appellation_cible>
</item_mob_ev>
<item_mob_ev><code_type_mobilite>2</code_type_mobilite>
<liste_appellation_source>
<code_appellation_source>0</code_appellation_source>
<libelle_appellation_source>Toutes les appellations</libelle_appellation_source>
</liste_appellation_source>
<code_rome_cible>D1407</code_rome_cible>
<libelle_rome_cible>Relation technico-commerciale</libelle_rome_cible>
<liste_appellation_cible>
<code_appellation_cible>0</code_appellation_cible>
<libelle_appellation_cible>Toutes les appellations</libelle_appellation_cible>
</liste_appellation_cible>
</item_mob_ev>
<item_mob_ev><code_type_mobilite>2</code_type_mobilite>
<liste_appellation_source>
<code_appellation_source>0</code_appellation_source>
<libelle_appellation_source>Toutes les appellations</libelle_appellation_source>
</liste_appellation_source>
<code_rome_cible>K2111</code_rome_cible>
<libelle_rome_cible>Formation professionnelle</libelle_rome_cible>
<liste_appellation_cible>
<code_appellation_cible>38247</code_appellation_cible>
<libelle_appellation_cible>Formateur / Formatrice secr&#0233;tariat assistanat</libelle_appellation_cible>
</liste_appellation_cible>
</item_mob_ev>
<item_mob_ev><code_type_mobilite>2</code_type_mobilite>
<liste_appellation_source>
<code_appellation_source>0</code_appellation_source>
<libelle_appellation_source>Toutes les appellations</libelle_appellation_source>
</liste_appellation_source>
<code_rome_cible>M1701</code_rome_cible>
<libelle_rome_cible>Administration des ventes</libelle_rome_cible>
<liste_appellation_cible>
<code_appellation_cible>0</code_appellation_cible>
<libelle_appellation_cible>Toutes les appellations</libelle_appellation_cible>
</liste_appellation_cible>
</item_mob_ev>
<item_mob_ev><code_type_mobilite>2</code_type_mobilite>
<liste_appellation_source>
<code_appellation_source>0</code_appellation_source>
<libelle_appellation_source>Toutes les appellations</libelle_appellation_source>
</liste_appellation_source>
<code_rome_cible>M1704</code_rome_cible>
<libelle_rome_cible>Management relation client&#0232;le</libelle_rome_cible>
<liste_appellation_cible>
<code_appellation_cible>0</code_appellation_cible>
<libelle_appellation_cible>Toutes les appellations</libelle_appellation_cible>
</liste_appellation_cible>
</item_mob_ev>
<item_mob_ev><code_type_mobilite>2</code_type_mobilite>
<liste_appellation_source>
<code_appellation_source>0</code_appellation_source>
<libelle_appellation_source>Toutes les appellations</libelle_appellation_source>
</liste_appellation_source>
<code_rome_cible>N1303</code_rome_cible>
<libelle_rome_cible>Intervention technique d&#0039;exploitation logistique</libelle_rome_cible>
<liste_appellation_cible>
<code_appellation_cible>0</code_appellation_cible>
<libelle_appellation_cible>Toutes les appellations</libelle_appellation_cible>
</liste_appellation_cible>
</item_mob_ev>
</mobilites_si_evolution>
</bloc_mobilites>
</fiche_emploi_metier>