<?xml version="1.0" encoding="UTF-8" ?>
<fiche_emploi_metier>
<type_fiche>2</type_fiche>
<libelle_type_fiche>priorise</libelle_type_fiche>
<version_SI>
<version_rome>333</version_rome>
<date_version_si>01/10/2017</date_version_si>
<mois_version_si>Octobre</mois_version_si>
<annee_version_si>2017</annee_version_si>
</version_SI>
<bloc_code_rome>
<code_rome>D1403</code_rome>
<intitule>Relation commerciale aupr&#0232;s de particuliers</intitule>
<code_ogr>104</code_ogr>
<riasec_majeur>E</riasec_majeur>
<riasec_mineur>s</riasec_mineur>
</bloc_code_rome>
<bloc_appellation nbItemAppellation="30">
<item_app>
<code_ogr>11368</code_ogr>
<libelle>Attach&#0233; commercial / Attach&#0233;e commerciale aupr&#0232;s des particuliers</libelle>
<libelle_court>Attach&#0233;(e) commercial(e) aupr&#0232;s des particuliers</libelle_court>
<priorisation>1</priorisation>
</item_app>
<item_app>
<code_ogr>38068</code_ogr>
<libelle>Charg&#0233; / Charg&#0233;e de recouvrement de cr&#0233;ances</libelle>
<libelle_court>Charg&#0233; / Charg&#0233;e de recouvrement de cr&#0233;ances</libelle_court>
<priorisation>1</priorisation>
</item_app>
<item_app>
<code_ogr>12160</code_ogr>
<libelle>Chef de groupe de vendeurs &#0224; domicile</libelle>
<libelle_court>Chef de groupe de vendeurs &#0224; domicile</libelle_court>
<priorisation>1</priorisation>
</item_app>
<item_app>
<code_ogr>12738</code_ogr>
<libelle>Commercial / Commerciale aupr&#0232;s des particuliers</libelle>
<libelle_court>Commercial / Commerciale aupr&#0232;s des particuliers</libelle_court>
<priorisation>1</priorisation>
</item_app>
<item_app>
<code_ogr>38359</code_ogr>
<libelle>Conseiller commercial  / Conseill&#0232;re commerciale en distribution d&#0039;&#0233;nergie aupr&#0232;s des particuliers</libelle>
<libelle_court>Conseiller(&#0232;re) commercial(e) distrib. &#0233;nergie particuliers</libelle_court>
<priorisation>1</priorisation>
</item_app>
<item_app>
<code_ogr>38360</code_ogr>
<libelle>Conseiller commercial  / Conseill&#0232;re commerciale en &#0233;quipement de l&#0039;habitat aupr&#0232;s des particuliers</libelle>
<libelle_court>Conseiller(&#0232;re) commercial(e) &#0233;quip. habitat particuliers</libelle_court>
<priorisation>1</priorisation>
</item_app>
<item_app>
<code_ogr>38361</code_ogr>
<libelle>Conseiller commercial  / Conseill&#0232;re commerciale en gastronomie univers culinaire aupr&#0232;s des particuliers</libelle>
<libelle_court>Conseiller(&#0232;re) commercial(e) gastronomie  particuliers</libelle_court>
<priorisation>1</priorisation>
</item_app>
<item_app>
<code_ogr>38363</code_ogr>
<libelle>Conseiller commercial  / Conseill&#0232;re commerciale en produits culturels aupr&#0232;s des particuliers</libelle>
<libelle_court>Conseiller(&#0232;re) commercial(e) prod. culturels particuliers</libelle_court>
<priorisation>1</priorisation>
</item_app>
<item_app>
<code_ogr>38362</code_ogr>
<libelle>Conseiller commercial  / Conseill&#0232;re commerciale en produits d&#0039;entretien aupr&#0232;s des particuliers</libelle>
<libelle_court>Conseiller(&#0232;re) commercial(e) prod. d&#0039;entretien particuliers</libelle_court>
<priorisation>1</priorisation>
</item_app>
<item_app>
<code_ogr>38364</code_ogr>
<libelle>Conseiller commercial  / Conseill&#0232;re commerciale en solutions de t&#0233;l&#0233;communications aupr&#0232;s des particuliers</libelle>
<libelle_court>Conseiller(&#0232;re) commercial(e) solutions t&#0233;l&#0233;com. particulier</libelle_court>
<priorisation>1</priorisation>
</item_app>
<item_app>
<code_ogr>38365</code_ogr>
<libelle>Conseiller commercial  / Conseill&#0232;re commerciale en textile et accessoires de mode aupr&#0232;s des particuliers</libelle>
<libelle_court>Conseiller(&#0232;re) commercial(e) textile mode particuliers</libelle_court>
<priorisation>1</priorisation>
</item_app>
<item_app>
<code_ogr>13355</code_ogr>
<libelle>Conseiller commercial / Conseill&#0232;re commerciale aupr&#0232;s des particuliers</libelle>
<libelle_court>Conseiller(&#0232;re) commercial(e) aupr&#0232;s des particuliers</libelle_court>
<priorisation>1</priorisation>
</item_app>
<item_app>
<code_ogr>13356</code_ogr>
<libelle>Conseiller commercial / Conseill&#0232;re commerciale aupr&#0232;s d&#0039;une client&#0232;le de particuliers</libelle>
<libelle_court>Conseiller(&#0232;re) commercial(e) pour client&#0232;le de particuliers</libelle_court>
<priorisation>1</priorisation>
</item_app>
<item_app>
<code_ogr>13358</code_ogr>
<libelle>Conseiller commercial / Conseill&#0232;re commerciale en am&#0233;nagement de cuisines aupr&#0232;s des particuliers</libelle>
<libelle_court>Conseiller(&#0232;re) commercial(e) am&#0233;nagement cuisines part</libelle_court>
<priorisation>1</priorisation>
</item_app>
<item_app>
<code_ogr>38357</code_ogr>
<libelle>Conseiller commercial / Conseill&#0232;re commerciale en articles de d&#0233;coration aupr&#0232;s des particuliers</libelle>
<libelle_court>Conseiller(&#0232;re) commercial(e) art. d&#0233;co aupr&#0232;s particuliers</libelle_court>
<priorisation>1</priorisation>
</item_app>
<item_app>
<code_ogr>38358</code_ogr>
<libelle>Conseiller commercial / Conseill&#0232;re commerciale en bien-&#0234;tre et di&#0233;t&#0233;tique aupr&#0232;s des particuliers</libelle>
<libelle_court>Conseiller(&#0232;re) commercial(e) bien-&#0234;tre aupr&#0232;s particuliers</libelle_court>
<priorisation>1</priorisation>
</item_app>
<item_app>
<code_ogr>13364</code_ogr>
<libelle>Conseiller commercial / Conseill&#0232;re commerciale en chemin&#0233;es aupr&#0232;s des particuliers</libelle>
<libelle_court>Conseiller(&#0232;re) commercial(e) chemin&#0233;es aupr&#0232;s particuliers</libelle_court>
<priorisation>1</priorisation>
</item_app>
<item_app>
<code_ogr>13365</code_ogr>
<libelle>Conseiller commercial / Conseill&#0232;re commerciale en d&#0233;m&#0233;nagement</libelle>
<libelle_court>Conseiller(&#0232;re) commercial(e) en d&#0233;m&#0233;nagement</libelle_court>
<priorisation>1</priorisation>
</item_app>
<item_app>
<code_ogr>13366</code_ogr>
<libelle>Conseiller commercial / Conseill&#0232;re commerciale en mobile homes aupr&#0232;s des particuliers</libelle>
<libelle_court>Conseiller(&#0232;re) commercial(e) mobile homes pour particuliers</libelle_court>
<priorisation>1</priorisation>
</item_app>
<item_app>
<code_ogr>13367</code_ogr>
<libelle>Conseiller commercial / Conseill&#0232;re commerciale en piscines aupr&#0232;s des particuliers</libelle>
<libelle_court>Conseiller(&#0232;re) commercial(e) piscines aupr&#0232;s particuliers</libelle_court>
<priorisation>1</priorisation>
</item_app>
<item_app>
<code_ogr>13368</code_ogr>
<libelle>Conseiller commercial / Conseill&#0232;re commerciale en portes/fermetures aupr&#0232;s des particuliers</libelle>
<libelle_court>Conseiller(&#0232;re) commercial(e) fermetures particuliers</libelle_court>
<priorisation>1</priorisation>
</item_app>
<item_app>
<code_ogr>13369</code_ogr>
<libelle>Conseiller commercial / Conseill&#0232;re commerciale en produits cosm&#0233;tiques aupr&#0232;s des particuliers</libelle>
<libelle_court>Conseiller(&#0232;re) commercial(e) produits cosm&#0233;tiques part</libelle_court>
<priorisation>1</priorisation>
</item_app>
<item_app>
<code_ogr>13370</code_ogr>
<libelle>Conseiller commercial / Conseill&#0232;re commerciale en ravalement de fa&#0231;ades aupr&#0232;s des particuliers</libelle>
<libelle_court>Conseiller(&#0232;re) commercial(e) ravalement fa&#0231;ade particuliers</libelle_court>
<priorisation>1</priorisation>
</item_app>
<item_app>
<code_ogr>13371</code_ogr>
<libelle>Conseiller commercial / Conseill&#0232;re commerciale en salles de bains aupr&#0232;s des particuliers</libelle>
<libelle_court>Conseiller(&#0232;re) commercial(e) en SDB aupr&#0232;s particuliers</libelle_court>
<priorisation>1</priorisation>
</item_app>
<item_app>
<code_ogr>13373</code_ogr>
<libelle>Conseiller commercial / Conseill&#0232;re commerciale en stores aupr&#0232;s des particuliers</libelle>
<libelle_court>Conseiller(&#0232;re) commercial(e) stores aupr&#0232;s des particuliers</libelle_court>
<priorisation>1</priorisation>
</item_app>
<item_app>
<code_ogr>13376</code_ogr>
<libelle>Conseiller commercial / Conseill&#0232;re commerciale en v&#0233;randas aupr&#0232;s des particuliers</libelle>
<libelle_court>Conseiller(&#0232;re) commercial(e) v&#0233;randas aupr&#0232;s particuliers</libelle_court>
<priorisation>1</priorisation>
</item_app>
<item_app>
<code_ogr>13489</code_ogr>
<libelle>Conseiller vendeur / Conseill&#0232;re vendeuse &#0224; domicile</libelle>
<libelle_court>Conseiller vendeur / Conseill&#0232;re vendeuse &#0224; domicile</libelle_court>
<priorisation>1</priorisation>
</item_app>
<item_app>
<code_ogr>13495</code_ogr>
<libelle>Conseiller vendeur / Conseill&#0232;re vendeuse en laisser sur place aupr&#0232;s des particuliers</libelle>
<libelle_court>Conseiller(&#0232;re) vendeur(se) en laisser sur place particulier</libelle_court>
<priorisation>1</priorisation>
</item_app>
<item_app>
<code_ogr>13930</code_ogr>
<libelle>D&#0233;l&#0233;gu&#0233; commercial / D&#0233;l&#0233;gu&#0233;e commerciale aupr&#0232;s des particuliers</libelle>
<libelle_court>D&#0233;l&#0233;gu&#0233;(e) commercial(e) aupr&#0232;s des particuliers</libelle_court>
<priorisation>1</priorisation>
</item_app>
<item_app>
<code_ogr>18336</code_ogr>
<libelle>Recouvreur / Recouvreuse de cr&#0233;ances</libelle>
<libelle_court>Recouvreur / Recouvreuse de cr&#0233;ances</libelle_court>
<priorisation>1</priorisation>
</item_app>
</bloc_appellation>
<definition nbItemDefinition="4">
Prospecte une client&#0232;le de particuliers, pr&#0233;sente et vend des produits ou des services selon les m&#0233;thodes et la strat&#0233;gie commerciale de l&#0039;entreprise.
Peut animer des r&#0233;unions de vente au domicile de personnes.
Peut r&#0233;aliser une &#0233;tude technique lors de la vente d&#0039;&#0233;quipements particuliers (cuisine, piscine, v&#0233;randa, store, ...).
Peut coordonner une &#0233;quipe.
</definition>
<acces_emploi_metier nbItemAccesEmploiMetier="1">
Cet emploi/m&#0233;tier est accessible sans dipl&#0244;me ni exp&#0233;rience professionnelle.
</acces_emploi_metier>
<condition_exercice_activite nbItemConditionExercice="2">
L&#0039;activit&#0233; de cet emploi/m&#0233;tier s&#0039;exerce au sein d&#0039;entreprises commerciales ou de services commerciaux d&#0039;entreprises en relation avec diff&#0233;rents services (production, logistique, ...) et en contact avec la client&#0232;le.
Elle peut s&#0039;exercer en activit&#0233; compl&#0233;mentaire et les fins de semaine.
</condition_exercice_activite>
<bloc_environnement_de_travail nbItemEnvTrav="9">
<item_env>
<code_ogr>23871</code_ogr>
<libelle>Entreprise commerciale</libelle>
<code_type_section_env>1</code_type_section_env>
<priorisation>1</priorisation>
</item_env>
<item_env>
<code_ogr>23909</code_ogr>
<libelle>Entreprise industrielle</libelle>
<code_type_section_env>1</code_type_section_env>
<priorisation>1</priorisation>
</item_env>
<item_env>
<code_ogr>24093</code_ogr>
<libelle>Soci&#0233;t&#0233; de services</libelle>
<code_type_section_env>1</code_type_section_env>
<priorisation>1</priorisation>
</item_env>
<item_env>
<code_ogr>23446</code_ogr>
<libelle>Commerce/vente</libelle>
<code_type_section_env>2</code_type_section_env>
<priorisation>1</priorisation>
</item_env>
<item_env>
<code_ogr>24838</code_ogr>
<libelle>Agent commercial</libelle>
<code_type_section_env>3</code_type_section_env>
<priorisation>1</priorisation>
</item_env>
<item_env>
<code_ogr>24844</code_ogr>
<libelle>Travail en ind&#0233;pendant</libelle>
<code_type_section_env>3</code_type_section_env>
<priorisation>1</priorisation>
</item_env>
<item_env>
<code_ogr>24845</code_ogr>
<libelle>Vendeur &#0224; Domicile Ind&#0233;pendant (VDI)</libelle>
<code_type_section_env>3</code_type_section_env>
<priorisation>1</priorisation>
</item_env>
<item_env>
<code_ogr>28981</code_ogr>
<libelle>VRP exclusif</libelle>
<code_type_section_env>3</code_type_section_env>
<priorisation>1</priorisation>
</item_env>
<item_env>
<code_ogr>28982</code_ogr>
<libelle>VRP multicartes</libelle>
<code_type_section_env>3</code_type_section_env>
<priorisation>1</priorisation>
</item_env>
</bloc_environnement_de_travail>
<bloc_activites_de_base nbBlocActiviteBase="1">
<activites_de_base nbItemActivite_AB="11">
<item_ab>
<code_ogr>120526</code_ogr>
<libelle>Mettre en place des actions de prospection</libelle>
<code_type_activite>3</code_type_activite>
<code_type_item_activite>2</code_type_item_activite>
<position_item>1</position_item>
<priorisation>1</priorisation>
<riasec_majeur>C</riasec_majeur>
</item_ab>
<item_ab>
<code_ogr>119945</code_ogr>
<libelle>Identifier les besoins d&#0039;un client</libelle>
<code_type_activite>3</code_type_activite>
<code_type_item_activite>2</code_type_item_activite>
<position_item>2</position_item>
<priorisation>1</priorisation>
<riasec_majeur>E</riasec_majeur>
<riasec_mineur>s</riasec_mineur>
</item_ab>
<item_ab>
<code_ogr>121421</code_ogr>
<libelle>Pr&#0233;senter des produits et services</libelle>
<code_type_activite>3</code_type_activite>
<code_type_item_activite>2</code_type_item_activite>
<position_item>3</position_item>
<priorisation>1</priorisation>
<riasec_majeur>S</riasec_majeur>
</item_ab>
<item_ab>
<code_ogr>125815</code_ogr>
<libelle>Conseiller un client</libelle>
<code_type_activite>3</code_type_activite>
<code_type_item_activite>2</code_type_item_activite>
<position_item>4</position_item>
<priorisation>1</priorisation>
<riasec_majeur>S</riasec_majeur>
</item_ab>
<item_ab>
<code_ogr>121646</code_ogr>
<libelle>Enregistrer les donn&#0233;es d&#0039;une commande</libelle>
<code_type_activite>3</code_type_activite>
<code_type_item_activite>2</code_type_item_activite>
<position_item>5</position_item>
<priorisation>1</priorisation>
<riasec_majeur>C</riasec_majeur>
</item_ab>
<item_ab>
<code_ogr>119699</code_ogr>
<libelle>R&#0233;aliser le suivi d&#0039;une commande</libelle>
<code_type_activite>3</code_type_activite>
<code_type_item_activite>2</code_type_item_activite>
<position_item>6</position_item>
<priorisation>1</priorisation>
<riasec_majeur>C</riasec_majeur>
</item_ab>
<item_ab>
<code_ogr>122198</code_ogr>
<libelle>Effectuer le suivi d&#0039;une relation client</libelle>
<code_type_activite>3</code_type_activite>
<code_type_item_activite>2</code_type_item_activite>
<position_item>7</position_item>
<priorisation>1</priorisation>
<riasec_majeur>E</riasec_majeur>
</item_ab>
<item_ab>
<code_ogr>121009</code_ogr>
<libelle>Proposer des solutions correctives</libelle>
<code_type_activite>3</code_type_activite>
<code_type_item_activite>2</code_type_item_activite>
<position_item>8</position_item>
<priorisation>1</priorisation>
<riasec_majeur>E</riasec_majeur>
<riasec_mineur>r</riasec_mineur>
</item_ab>
<item_ab>
<code_ogr>120683</code_ogr>
<libelle>Collaborer avec l&#0039;ensemble des intervenants &#0224; la r&#0233;alisation d&#0039;un objectif commun</libelle>
<code_type_activite>3</code_type_activite>
<code_type_item_activite>2</code_type_item_activite>
<position_item>9</position_item>
<priorisation>1</priorisation>
<riasec_majeur>S</riasec_majeur>
<riasec_mineur>e</riasec_mineur>
</item_ab>
<item_ab>
<code_ogr>119106</code_ogr>
<libelle>R&#0233;aliser un suivi d&#0039;activit&#0233;</libelle>
<code_type_activite>3</code_type_activite>
<code_type_item_activite>2</code_type_item_activite>
<position_item>10</position_item>
<priorisation>1</priorisation>
<riasec_majeur>C</riasec_majeur>
<riasec_mineur>e</riasec_mineur>
</item_ab>
<item_ab>
<code_ogr>121851</code_ogr>
<libelle>Conduire un entretien de vente</libelle>
<code_type_activite>3</code_type_activite>
<code_type_item_activite>2</code_type_item_activite>
<position_item>11</position_item>
<priorisation>1</priorisation>
<riasec_majeur>E</riasec_majeur>
<riasec_mineur>s</riasec_mineur>
</item_ab>
</activites_de_base>
<savoir_theorique_et_proceduraux nbItemSTP_AB="12">
<item_ab_stp>
<code_ogr>121418</code_ogr>
<libelle>M&#0233;thodes de plan de tourn&#0233;e</libelle>
<code_type_competence>1</code_type_competence>
<position_item>1</position_item>
<priorisation>1</priorisation>
</item_ab_stp>
<item_ab_stp>
<code_ogr>121417</code_ogr>
<libelle>M&#0233;thodes de plan de prospection</libelle>
<code_type_competence>1</code_type_competence>
<position_item>2</position_item>
<priorisation>1</priorisation>
</item_ab_stp>
<item_ab_stp>
<code_ogr>122552</code_ogr>
<libelle>Prospection commerciale</libelle>
<code_type_competence>1</code_type_competence>
<position_item>3</position_item>
<priorisation>1</priorisation>
</item_ab_stp>
<item_ab_stp>
<code_ogr>100381</code_ogr>
<libelle>Argumentation commerciale</libelle>
<code_type_competence>1</code_type_competence>
<position_item>4</position_item>
<priorisation>1</priorisation>
</item_ab_stp>
<item_ab_stp>
<code_ogr>121706</code_ogr>
<libelle>Techniques commerciales</libelle>
<code_type_competence>1</code_type_competence>
<position_item>5</position_item>
<priorisation>1</priorisation>
</item_ab_stp>
<item_ab_stp>
<code_ogr>100340</code_ogr>
<libelle>Techniques de vente</libelle>
<code_type_competence>1</code_type_competence>
<position_item>6</position_item>
<priorisation>1</priorisation>
</item_ab_stp>
<item_ab_stp>
<code_ogr>121850</code_ogr>
<libelle>Entretien de vente</libelle>
<code_type_competence>1</code_type_competence>
<position_item>7</position_item>
<priorisation>1</priorisation>
</item_ab_stp>
<item_ab_stp>
<code_ogr>121691</code_ogr>
<libelle>Typologie du client</libelle>
<code_type_competence>1</code_type_competence>
<position_item>8</position_item>
<priorisation>1</priorisation>
</item_ab_stp>
<item_ab_stp>
<code_ogr>121709</code_ogr>
<libelle>Service Apr&#0232;s Vente (SAV)</libelle>
<code_type_competence>1</code_type_competence>
<position_item>9</position_item>
<priorisation>1</priorisation>
</item_ab_stp>
<item_ab_stp>
<code_ogr>118403</code_ogr>
<libelle>Droit de la consommation</libelle>
<code_type_competence>1</code_type_competence>
<position_item>10</position_item>
<priorisation>1</priorisation>
</item_ab_stp>
<item_ab_stp>
<code_ogr>102226</code_ogr>
<libelle>Normes r&#0233;dactionnelles</libelle>
<code_type_competence>1</code_type_competence>
<position_item>11</position_item>
<priorisation>1</priorisation>
</item_ab_stp>
<item_ab_stp>
<code_ogr>121688</code_ogr>
<libelle>Logiciel de gestion clients</libelle>
<code_type_competence>1</code_type_competence>
<position_item>12</position_item>
<priorisation>1</priorisation>
</item_ab_stp>
</savoir_theorique_et_proceduraux>
<savoir_action nbItemSA_AB="0">
</savoir_action>
</bloc_activites_de_base>
<bloc_activites_specifiques nbBlocActiviteSpecifique="7">
<bloc>
<position_bloc>1</position_bloc>
<activite_specifique nbItemActivite_AS="2">
<item_as>
<code_ogr>122183</code_ogr>
<libelle>Vendre des produits ou services</libelle>
<code_type_activite>3</code_type_activite>
<code_type_item_activite>2</code_type_item_activite>
<position_item>1</position_item>
<priorisation>1</priorisation>
<riasec_majeur>E</riasec_majeur>
</item_as>
<item_as>
<code_ogr>118728</code_ogr>
<libelle>Animer un r&#0233;seau de vente</libelle>
<code_type_activite>3</code_type_activite>
<code_type_item_activite>2</code_type_item_activite>
<position_item>2</position_item>
<priorisation>1</priorisation>
<riasec_majeur>E</riasec_majeur>
<riasec_mineur>s</riasec_mineur>
</item_as>
</activite_specifique>
<savoir_theorique_et_proceduraux nbItemSTP_AS="14">
<item_as_stp>
<code_ogr>121855</code_ogr>
<libelle>Techniques de vente en laisser sur place</libelle>
<code_type_competence>1</code_type_competence>
<position_item>1</position_item>
<priorisation>1</priorisation>
</item_as_stp>
<item_as_stp>
<code_ogr>121856</code_ogr>
<libelle>Techniques de vente en porte &#0224; porte</libelle>
<code_type_competence>1</code_type_competence>
<position_item>2</position_item>
<priorisation>1</priorisation>
</item_as_stp>
<item_as_stp>
<code_ogr>121858</code_ogr>
<libelle>Techniques de vente en r&#0233;union</libelle>
<code_type_competence>1</code_type_competence>
<position_item>3</position_item>
<priorisation>1</priorisation>
</item_as_stp>
<item_as_stp>
<code_ogr>121860</code_ogr>
<libelle>Techniques de vente individualis&#0233;e (one to one)</libelle>
<code_type_competence>1</code_type_competence>
<position_item>4</position_item>
<priorisation>1</priorisation>
</item_as_stp>
<item_as_stp>
<code_ogr>118098</code_ogr>
<libelle>Produits d&#0039;alimentation</libelle>
<code_type_competence>1</code_type_competence>
<position_item>5</position_item>
<priorisation>1</priorisation>
</item_as_stp>
<item_as_stp>
<code_ogr>101938</code_ogr>
<libelle>Cosm&#0233;tique</libelle>
<code_type_competence>1</code_type_competence>
<position_item>7</position_item>
<priorisation>1</priorisation>
</item_as_stp>
<item_as_stp>
<code_ogr>102065</code_ogr>
<libelle>Di&#0233;t&#0233;tique</libelle>
<code_type_competence>1</code_type_competence>
<position_item>8</position_item>
<priorisation>1</priorisation>
</item_as_stp>
<item_as_stp>
<code_ogr>118082</code_ogr>
<libelle>Mat&#0233;riel d&#0039;&#0233;quipement de la maison</libelle>
<code_type_competence>1</code_type_competence>
<position_item>9</position_item>
<priorisation>1</priorisation>
</item_as_stp>
<item_as_stp>
<code_ogr>118080</code_ogr>
<libelle>Produits de loisirs</libelle>
<code_type_competence>1</code_type_competence>
<position_item>10</position_item>
<priorisation>1</priorisation>
</item_as_stp>
<item_as_stp>
<code_ogr>118083</code_ogr>
<libelle>Produits d&#0039;entretien pour la maison</libelle>
<code_type_competence>1</code_type_competence>
<position_item>11</position_item>
<priorisation>1</priorisation>
</item_as_stp>
<item_as_stp>
<code_ogr>121472</code_ogr>
<libelle>Produits d&#0039;&#0233;quipement &#0233;lectrom&#0233;nager</libelle>
<code_type_competence>1</code_type_competence>
<position_item>12</position_item>
<priorisation>1</priorisation>
</item_as_stp>
<item_as_stp>
<code_ogr>118079</code_ogr>
<libelle>Produits de loisirs familiaux</libelle>
<code_type_competence>1</code_type_competence>
<position_item>13</position_item>
<priorisation>1</priorisation>
</item_as_stp>
<item_as_stp>
<code_ogr>121068</code_ogr>
<libelle>March&#0233; des &#0233;nergies</libelle>
<code_type_competence>1</code_type_competence>
<position_item>14</position_item>
<priorisation>1</priorisation>
</item_as_stp>
<item_as_stp>
<code_ogr>109804</code_ogr>
<libelle>Technologies t&#0233;l&#0233;coms</libelle>
<code_type_competence>1</code_type_competence>
<position_item>15</position_item>
<priorisation>1</priorisation>
</item_as_stp>
</savoir_theorique_et_proceduraux>
<savoir_action nbItemSA_AS="0">
</savoir_action>
</bloc>
<bloc>
<position_bloc>2</position_bloc>
<activite_specifique nbItemActivite_AS="1">
<item_as>
<code_ogr>123487</code_ogr>
<libelle>Monter un dossier de cr&#0233;dit</libelle>
<code_type_activite>3</code_type_activite>
<code_type_item_activite>2</code_type_item_activite>
<position_item>1</position_item>
<priorisation>1</priorisation>
<riasec_majeur>C</riasec_majeur>
</item_as>
</activite_specifique>
<savoir_theorique_et_proceduraux nbItemSTP_AS="0">
</savoir_theorique_et_proceduraux>
<savoir_action nbItemSA_AS="0">
</savoir_action>
</bloc>
<bloc>
<position_bloc>3</position_bloc>
<activite_specifique nbItemActivite_AS="1">
<item_as>
<code_ogr>121966</code_ogr>
<libelle>R&#0233;aliser une &#0233;tude technique</libelle>
<code_type_activite>3</code_type_activite>
<code_type_item_activite>2</code_type_item_activite>
<position_item>1</position_item>
<priorisation>1</priorisation>
<riasec_majeur>R</riasec_majeur>
<riasec_mineur>i</riasec_mineur>
</item_as>
</activite_specifique>
<savoir_theorique_et_proceduraux nbItemSTP_AS="0">
</savoir_theorique_et_proceduraux>
<savoir_action nbItemSA_AS="0">
</savoir_action>
</bloc>
<bloc>
<position_bloc>4</position_bloc>
<activite_specifique nbItemActivite_AS="1">
<item_as>
<code_ogr>122590</code_ogr>
<libelle>Assurer le suivi d&#0039;un portefeuille client</libelle>
<code_type_activite>3</code_type_activite>
<code_type_item_activite>2</code_type_item_activite>
<position_item>1</position_item>
<priorisation>1</priorisation>
<riasec_majeur>E</riasec_majeur>
<riasec_mineur>c</riasec_mineur>
</item_as>
</activite_specifique>
<savoir_theorique_et_proceduraux nbItemSTP_AS="1">
<item_as_stp>
<code_ogr>101342</code_ogr>
<libelle>Proc&#0233;dures de recouvrement de cr&#0233;ances</libelle>
<code_type_competence>1</code_type_competence>
<position_item>1</position_item>
<priorisation>1</priorisation>
</item_as_stp>
</savoir_theorique_et_proceduraux>
<savoir_action nbItemSA_AS="0">
</savoir_action>
</bloc>
<bloc>
<position_bloc>5</position_bloc>
<activite_specifique nbItemActivite_AS="1">
<item_as>
<code_ogr>121910</code_ogr>
<libelle>Mener une action commerciale</libelle>
<code_type_activite>3</code_type_activite>
<code_type_item_activite>2</code_type_item_activite>
<position_item>1</position_item>
<priorisation>1</priorisation>
<riasec_majeur>E</riasec_majeur>
</item_as>
</activite_specifique>
<savoir_theorique_et_proceduraux nbItemSTP_AS="0">
</savoir_theorique_et_proceduraux>
<savoir_action nbItemSA_AS="0">
</savoir_action>
</bloc>
<bloc>
<position_bloc>6</position_bloc>
<activite_specifique nbItemActivite_AS="1">
<item_as>
<code_ogr>121060</code_ogr>
<libelle>Former du personnel &#0224; des proc&#0233;dures et techniques</libelle>
<code_type_activite>3</code_type_activite>
<code_type_item_activite>2</code_type_item_activite>
<position_item>1</position_item>
<priorisation>1</priorisation>
<riasec_majeur>S</riasec_majeur>
<riasec_mineur>r</riasec_mineur>
</item_as>
</activite_specifique>
<savoir_theorique_et_proceduraux nbItemSTP_AS="0">
</savoir_theorique_et_proceduraux>
<savoir_action nbItemSA_AS="0">
</savoir_action>
</bloc>
<bloc>
<position_bloc>7</position_bloc>
<activite_specifique nbItemActivite_AS="1">
<item_as>
<code_ogr>102359</code_ogr>
<libelle>Coordonner l&#0039;activit&#0233; d&#0039;une &#0233;quipe</libelle>
<code_type_activite>3</code_type_activite>
<code_type_item_activite>2</code_type_item_activite>
<position_item>1</position_item>
<priorisation>1</priorisation>
<riasec_majeur>E</riasec_majeur>
<riasec_mineur>s</riasec_mineur>
</item_as>
</activite_specifique>
<savoir_theorique_et_proceduraux nbItemSTP_AS="0">
</savoir_theorique_et_proceduraux>
<savoir_action nbItemSA_AS="0">
</savoir_action>
</bloc>
</bloc_activites_specifiques>
<bloc_mobilites>
<mobilites_proches nbItemMob="5">
<item_mob_pr><code_type_mobilite>1</code_type_mobilite>
<liste_appellation_source>
<code_appellation_source>0</code_appellation_source>
<libelle_appellation_source>Toutes les appellations</libelle_appellation_source>
</liste_appellation_source>
<code_rome_cible>D1211</code_rome_cible>
<libelle_rome_cible>Vente en articles de sport et loisirs</libelle_rome_cible>
<liste_appellation_cible>
<code_appellation_cible>0</code_appellation_cible>
<libelle_appellation_cible>Toutes les appellations</libelle_appellation_cible>
</liste_appellation_cible>
</item_mob_pr>
<item_mob_pr><code_type_mobilite>1</code_type_mobilite>
<liste_appellation_source>
<code_appellation_source>0</code_appellation_source>
<libelle_appellation_source>Toutes les appellations</libelle_appellation_source>
</liste_appellation_source>
<code_rome_cible>D1212</code_rome_cible>
<libelle_rome_cible>Vente en d&#0233;coration et &#0233;quipement du foyer</libelle_rome_cible>
<liste_appellation_cible>
<code_appellation_cible>0</code_appellation_cible>
<libelle_appellation_cible>Toutes les appellations</libelle_appellation_cible>
</liste_appellation_cible>
</item_mob_pr>
<item_mob_pr><code_type_mobilite>1</code_type_mobilite>
<liste_appellation_source>
<code_appellation_source>0</code_appellation_source>
<libelle_appellation_source>Toutes les appellations</libelle_appellation_source>
</liste_appellation_source>
<code_rome_cible>D1214</code_rome_cible>
<libelle_rome_cible>Vente en habillement et accessoires de la personne</libelle_rome_cible>
<liste_appellation_cible>
<code_appellation_cible>0</code_appellation_cible>
<libelle_appellation_cible>Toutes les appellations</libelle_appellation_cible>
</liste_appellation_cible>
</item_mob_pr>
<item_mob_pr><code_type_mobilite>1</code_type_mobilite>
<liste_appellation_source>
<code_appellation_source>0</code_appellation_source>
<libelle_appellation_source>Toutes les appellations</libelle_appellation_source>
</liste_appellation_source>
<code_rome_cible>D1408</code_rome_cible>
<libelle_rome_cible>T&#0233;l&#0233;conseil et t&#0233;l&#0233;vente</libelle_rome_cible>
<liste_appellation_cible>
<code_appellation_cible>0</code_appellation_cible>
<libelle_appellation_cible>Toutes les appellations</libelle_appellation_cible>
</liste_appellation_cible>
</item_mob_pr>
<item_mob_pr><code_type_mobilite>1</code_type_mobilite>
<liste_appellation_source>
<code_appellation_source>0</code_appellation_source>
<libelle_appellation_source>Toutes les appellations</libelle_appellation_source>
</liste_appellation_source>
<code_rome_cible>D1501</code_rome_cible>
<libelle_rome_cible>Animation de vente</libelle_rome_cible>
<liste_appellation_cible>
<code_appellation_cible>0</code_appellation_cible>
<libelle_appellation_cible>Toutes les appellations</libelle_appellation_cible>
</liste_appellation_cible>
</item_mob_pr>
</mobilites_proches>
<mobilites_si_evolution nbItemMob="7">
<item_mob_ev><code_type_mobilite>2</code_type_mobilite>
<liste_appellation_source>
<code_appellation_source>0</code_appellation_source>
<libelle_appellation_source>Toutes les appellations</libelle_appellation_source>
</liste_appellation_source>
<code_rome_cible>C1102</code_rome_cible>
<libelle_rome_cible>Conseil client&#0232;le en assurances</libelle_rome_cible>
<liste_appellation_cible>
<code_appellation_cible>0</code_appellation_cible>
<libelle_appellation_cible>Toutes les appellations</libelle_appellation_cible>
</liste_appellation_cible>
</item_mob_ev>
<item_mob_ev><code_type_mobilite>2</code_type_mobilite>
<liste_appellation_source>
<code_appellation_source>0</code_appellation_source>
<libelle_appellation_source>Toutes les appellations</libelle_appellation_source>
</liste_appellation_source>
<code_rome_cible>C1504</code_rome_cible>
<libelle_rome_cible>Transaction immobili&#0232;re</libelle_rome_cible>
<liste_appellation_cible>
<code_appellation_cible>20642</code_appellation_cible>
<libelle_appellation_cible>Vendeur / Vendeuse immobilier</libelle_appellation_cible>
</liste_appellation_cible>
</item_mob_ev>
<item_mob_ev><code_type_mobilite>2</code_type_mobilite>
<liste_appellation_source>
<code_appellation_source>0</code_appellation_source>
<libelle_appellation_source>Toutes les appellations</libelle_appellation_source>
</liste_appellation_source>
<code_rome_cible>D1401</code_rome_cible>
<libelle_rome_cible>Assistanat commercial</libelle_rome_cible>
<liste_appellation_cible>
<code_appellation_cible>0</code_appellation_cible>
<libelle_appellation_cible>Toutes les appellations</libelle_appellation_cible>
</liste_appellation_cible>
</item_mob_ev>
<item_mob_ev><code_type_mobilite>2</code_type_mobilite>
<liste_appellation_source>
<code_appellation_source>0</code_appellation_source>
<libelle_appellation_source>Toutes les appellations</libelle_appellation_source>
</liste_appellation_source>
<code_rome_cible>D1402</code_rome_cible>
<libelle_rome_cible>Relation commerciale grands comptes et entreprises</libelle_rome_cible>
<liste_appellation_cible>
<code_appellation_cible>0</code_appellation_cible>
<libelle_appellation_cible>Toutes les appellations</libelle_appellation_cible>
</liste_appellation_cible>
</item_mob_ev>
<item_mob_ev><code_type_mobilite>2</code_type_mobilite>
<liste_appellation_source>
<code_appellation_source>0</code_appellation_source>
<libelle_appellation_source>Toutes les appellations</libelle_appellation_source>
</liste_appellation_source>
<code_rome_cible>D1404</code_rome_cible>
<libelle_rome_cible>Relation commerciale en vente de v&#0233;hicules</libelle_rome_cible>
<liste_appellation_cible>
<code_appellation_cible>0</code_appellation_cible>
<libelle_appellation_cible>Toutes les appellations</libelle_appellation_cible>
</liste_appellation_cible>
</item_mob_ev>
<item_mob_ev><code_type_mobilite>2</code_type_mobilite>
<liste_appellation_source>
<code_appellation_source>0</code_appellation_source>
<libelle_appellation_source>Toutes les appellations</libelle_appellation_source>
</liste_appellation_source>
<code_rome_cible>D1407</code_rome_cible>
<libelle_rome_cible>Relation technico-commerciale</libelle_rome_cible>
<liste_appellation_cible>
<code_appellation_cible>0</code_appellation_cible>
<libelle_appellation_cible>Toutes les appellations</libelle_appellation_cible>
</liste_appellation_cible>
</item_mob_ev>
<item_mob_ev><code_type_mobilite>2</code_type_mobilite>
<liste_appellation_source>
<code_appellation_source>0</code_appellation_source>
<libelle_appellation_source>Toutes les appellations</libelle_appellation_source>
</liste_appellation_source>
<code_rome_cible>K2111</code_rome_cible>
<libelle_rome_cible>Formation professionnelle</libelle_rome_cible>
<liste_appellation_cible>
<code_appellation_cible>38245</code_appellation_cible>
<libelle_appellation_cible>Formateur / Formatrice commerce vente</libelle_appellation_cible>
</liste_appellation_cible>
</item_mob_ev>
</mobilites_si_evolution>
</bloc_mobilites>
</fiche_emploi_metier>