<?xml version="1.0" encoding="UTF-8" ?>
<fiche_emploi_metier>
<type_fiche>2</type_fiche>
<libelle_type_fiche>priorise</libelle_type_fiche>
<version_SI>
<version_rome>333</version_rome>
<date_version_si>01/10/2017</date_version_si>
<mois_version_si>Octobre</mois_version_si>
<annee_version_si>2017</annee_version_si>
</version_SI>
<bloc_code_rome>
<code_rome>D1407</code_rome>
<intitule>Relation technico-commerciale</intitule>
<code_ogr>108</code_ogr>
<riasec_majeur>E</riasec_majeur>
<riasec_mineur>c</riasec_mineur>
</bloc_code_rome>
<bloc_appellation nbItemAppellation="10">
<item_app>
<code_ogr>11402</code_ogr>
<libelle>Attach&#0233; technico-commercial / Attach&#0233;e technico-commerciale</libelle>
<libelle_court>Attach&#0233; technico-commercial / Attach&#0233;e technico-commerciale</libelle_court>
<priorisation>1</priorisation>
</item_app>
<item_app>
<code_ogr>11636</code_ogr>
<libelle>Cadre technico-commercial / technico-commerciale</libelle>
<libelle_court>Cadre technico-commercial / technico-commerciale</libelle_court>
<priorisation>1</priorisation>
</item_app>
<item_app>
<code_ogr>13805</code_ogr>
<libelle>Courtier / Courti&#0232;re en vins</libelle>
<libelle_court>Courtier / Courti&#0232;re en vins</libelle_court>
<priorisation>1</priorisation>
</item_app>
<item_app>
<code_ogr>15614</code_ogr>
<libelle>Ing&#0233;nieur commercial / Ing&#0233;nieure commerciale</libelle>
<libelle_court>Ing&#0233;nieur commercial / Ing&#0233;nieure commerciale</libelle_court>
<priorisation>1</priorisation>
</item_app>
<item_app>
<code_ogr>15898</code_ogr>
<libelle>Ing&#0233;nieur technico-commercial / Ing&#0233;nieure technico-commerciale</libelle>
<libelle_court>Ing&#0233;nieur(e) technico-commercial(e)</libelle_court>
<priorisation>1</priorisation>
</item_app>
<item_app>
<code_ogr>15900</code_ogr>
<libelle>Ing&#0233;nieur technico-commercial / Ing&#0233;nieure technico-commerciale en informatique</libelle>
<libelle_court>Ing&#0233;nieur(e) technico-commercial(e) en informatique</libelle_court>
<priorisation>1</priorisation>
</item_app>
<item_app>
<code_ogr>16958</code_ogr>
<libelle>N&#0233;gociant / N&#0233;gociante en bois</libelle>
<libelle_court>N&#0233;gociant / N&#0233;gociante en bois</libelle_court>
<priorisation>1</priorisation>
</item_app>
<item_app>
<code_ogr>19198</code_ogr>
<libelle>Responsable technico-commercial / technico-commerciale</libelle>
<libelle_court>Responsable technico-commercial / technico-commerciale</libelle_court>
<priorisation>1</priorisation>
</item_app>
<item_app>
<code_ogr>20291</code_ogr>
<libelle>Technico-commercial / Technico-commerciale</libelle>
<libelle_court>Technico-commercial / Technico-commerciale</libelle_court>
<priorisation>1</priorisation>
</item_app>
<item_app>
<code_ogr>38816</code_ogr>
<libelle>Technico-commercial deviseur / Technico-commerciale deviseuse</libelle>
<libelle_court>Technico-commercial(e) deviseur(se)</libelle_court>
<priorisation>1</priorisation>
</item_app>
</bloc_appellation>
<definition nbItemDefinition="2">
Prospecte une client&#0232;le de professionnels, propose des solutions techniques selon les besoins, imp&#0233;ratifs du client et n&#0233;gocie les conditions commerciales de la vente.
Peut coordonner une &#0233;quipe commerciale et animer un r&#0233;seau de commerciaux.
</definition>
<acces_emploi_metier nbItemAccesEmploiMetier="3">
Cet emploi/m&#0233;tier est accessible avec un dipl&#0244;me de niveau Bac +2 (BTS, DUT, ...) &#0224; Master (Master professionnel, dipl&#0244;me d&#0039;ing&#0233;nieur, ...) dans un secteur technique, scientifique ou industriel compl&#0233;t&#0233; par une formation commerciale.
Il est &#0233;galement accessible avec une exp&#0233;rience professionnelle dans un secteur technique (&#0233;lectricit&#0233;, b&#0226;timent, ...) sans dipl&#0244;me particulier.
La pratique d&#0039;une langue &#0233;trang&#0232;re, en particulier l&#0039;anglais, peut &#0234;tre requise.
</acces_emploi_metier>
<condition_exercice_activite nbItemConditionExercice="2">
L&#0039;activit&#0233; de cet emploi/m&#0233;tier s&#0039;exerce au sein d&#0039;entreprises commerciales, industrielles ou de soci&#0233;t&#0233;s de services en relation avec les diff&#0233;rents services (production, marketing, &#0233;tudes, ...) et en contact avec la client&#0232;le.
Elle varie selon le secteur (fabrication et distribution de produits industriels, d&#0039;&#0233;quipements, ...) et la taille de l&#0039;entreprise (PME/PMI, groupe industriel, ...).
</condition_exercice_activite>
<bloc_environnement_de_travail nbItemEnvTrav="38">
<item_env>
<code_ogr>23871</code_ogr>
<libelle>Entreprise commerciale</libelle>
<code_type_section_env>1</code_type_section_env>
<priorisation>1</priorisation>
</item_env>
<item_env>
<code_ogr>23909</code_ogr>
<libelle>Entreprise industrielle</libelle>
<code_type_section_env>1</code_type_section_env>
<priorisation>1</priorisation>
</item_env>
<item_env>
<code_ogr>24093</code_ogr>
<libelle>Soci&#0233;t&#0233; de services</libelle>
<code_type_section_env>1</code_type_section_env>
<priorisation>1</priorisation>
</item_env>
<item_env>
<code_ogr>23391</code_ogr>
<libelle>A&#0233;ronautique, spatial</libelle>
<code_type_section_env>2</code_type_section_env>
<priorisation>1</priorisation>
</item_env>
<item_env>
<code_ogr>23394</code_ogr>
<libelle>Agriculture</libelle>
<code_type_section_env>2</code_type_section_env>
<priorisation>1</priorisation>
</item_env>
<item_env>
<code_ogr>23395</code_ogr>
<libelle>Alimentaire</libelle>
<code_type_section_env>2</code_type_section_env>
<priorisation>1</priorisation>
</item_env>
<item_env>
<code_ogr>23404</code_ogr>
<libelle>Armement</libelle>
<code_type_section_env>2</code_type_section_env>
<priorisation>1</priorisation>
</item_env>
<item_env>
<code_ogr>23410</code_ogr>
<libelle>Automobile</libelle>
<code_type_section_env>2</code_type_section_env>
<priorisation>1</priorisation>
</item_env>
<item_env>
<code_ogr>23420</code_ogr>
<libelle>B&#0226;timent et Travaux Publics -BTP-</libelle>
<code_type_section_env>2</code_type_section_env>
<priorisation>1</priorisation>
</item_env>
<item_env>
<code_ogr>23424</code_ogr>
<libelle>Bois, ameublement</libelle>
<code_type_section_env>2</code_type_section_env>
<priorisation>1</priorisation>
</item_env>
<item_env>
<code_ogr>23436</code_ogr>
<libelle>Chimie</libelle>
<code_type_section_env>2</code_type_section_env>
<priorisation>1</priorisation>
</item_env>
<item_env>
<code_ogr>23437</code_ogr>
<libelle>Chimie fine</libelle>
<code_type_section_env>2</code_type_section_env>
<priorisation>1</priorisation>
</item_env>
<item_env>
<code_ogr>23442</code_ogr>
<libelle>Combustibles</libelle>
<code_type_section_env>2</code_type_section_env>
<priorisation>1</priorisation>
</item_env>
<item_env>
<code_ogr>23446</code_ogr>
<libelle>Commerce/vente</libelle>
<code_type_section_env>2</code_type_section_env>
<priorisation>1</priorisation>
</item_env>
<item_env>
<code_ogr>23474</code_ogr>
<libelle>Electricit&#0233;</libelle>
<code_type_section_env>2</code_type_section_env>
<priorisation>1</priorisation>
</item_env>
<item_env>
<code_ogr>23476</code_ogr>
<libelle>Electrom&#0233;nager</libelle>
<code_type_section_env>2</code_type_section_env>
<priorisation>1</priorisation>
</item_env>
<item_env>
<code_ogr>23477</code_ogr>
<libelle>Electronique</libelle>
<code_type_section_env>2</code_type_section_env>
<priorisation>1</priorisation>
</item_env>
<item_env>
<code_ogr>23480</code_ogr>
<libelle>Energie, nucl&#0233;aire, fluide</libelle>
<code_type_section_env>2</code_type_section_env>
<priorisation>1</priorisation>
</item_env>
<item_env>
<code_ogr>23498</code_ogr>
<libelle>Ferroviaire</libelle>
<code_type_section_env>2</code_type_section_env>
<priorisation>1</priorisation>
</item_env>
<item_env>
<code_ogr>23515</code_ogr>
<libelle>Habillement, cuir, textile</libelle>
<code_type_section_env>2</code_type_section_env>
<priorisation>1</priorisation>
</item_env>
<item_env>
<code_ogr>23530</code_ogr>
<libelle>Industrie cosm&#0233;tique</libelle>
<code_type_section_env>2</code_type_section_env>
<priorisation>1</priorisation>
</item_env>
<item_env>
<code_ogr>23531</code_ogr>
<libelle>Industrie du papier, carton</libelle>
<code_type_section_env>2</code_type_section_env>
<priorisation>1</priorisation>
</item_env>
<item_env>
<code_ogr>23532</code_ogr>
<libelle>Industrie graphique</libelle>
<code_type_section_env>2</code_type_section_env>
<priorisation>1</priorisation>
</item_env>
<item_env>
<code_ogr>23534</code_ogr>
<libelle>Information et communication</libelle>
<code_type_section_env>2</code_type_section_env>
<priorisation>1</priorisation>
</item_env>
<item_env>
<code_ogr>23535</code_ogr>
<libelle>Informatique et t&#0233;l&#0233;communications</libelle>
<code_type_section_env>2</code_type_section_env>
<priorisation>1</priorisation>
</item_env>
<item_env>
<code_ogr>23544</code_ogr>
<libelle>Machinisme</libelle>
<code_type_section_env>2</code_type_section_env>
<priorisation>1</priorisation>
</item_env>
<item_env>
<code_ogr>23552</code_ogr>
<libelle>M&#0233;canique, travail des m&#0233;taux</libelle>
<code_type_section_env>2</code_type_section_env>
<priorisation>1</priorisation>
</item_env>
<item_env>
<code_ogr>23558</code_ogr>
<libelle>M&#0233;tallurgie, sid&#0233;rurgie</libelle>
<code_type_section_env>2</code_type_section_env>
<priorisation>1</priorisation>
</item_env>
<item_env>
<code_ogr>23567</code_ogr>
<libelle>Nautisme</libelle>
<code_type_section_env>2</code_type_section_env>
<priorisation>1</priorisation>
</item_env>
<item_env>
<code_ogr>23568</code_ogr>
<libelle>Optique, optronique</libelle>
<code_type_section_env>2</code_type_section_env>
<priorisation>1</priorisation>
</item_env>
<item_env>
<code_ogr>23573</code_ogr>
<libelle>Parachimie</libelle>
<code_type_section_env>2</code_type_section_env>
<priorisation>1</priorisation>
</item_env>
<item_env>
<code_ogr>23582</code_ogr>
<libelle>P&#0233;trochimie</libelle>
<code_type_section_env>2</code_type_section_env>
<priorisation>1</priorisation>
</item_env>
<item_env>
<code_ogr>23585</code_ogr>
<libelle>Plasturgie, caoutchouc, composites</libelle>
<code_type_section_env>2</code_type_section_env>
<priorisation>1</priorisation>
</item_env>
<item_env>
<code_ogr>23631</code_ogr>
<libelle>S&#0233;curit&#0233;, hygi&#0232;ne, environnement</libelle>
<code_type_section_env>2</code_type_section_env>
<priorisation>1</priorisation>
</item_env>
<item_env>
<code_ogr>23640</code_ogr>
<libelle>Sport et loisirs</libelle>
<code_type_section_env>2</code_type_section_env>
<priorisation>1</priorisation>
</item_env>
<item_env>
<code_ogr>23652</code_ogr>
<libelle>Tourisme</libelle>
<code_type_section_env>2</code_type_section_env>
<priorisation>1</priorisation>
</item_env>
<item_env>
<code_ogr>23659</code_ogr>
<libelle>Transport/logistique</libelle>
<code_type_section_env>2</code_type_section_env>
<priorisation>1</priorisation>
</item_env>
<item_env>
<code_ogr>23673</code_ogr>
<libelle>Verre, mat&#0233;riaux de construction</libelle>
<code_type_section_env>2</code_type_section_env>
<priorisation>1</priorisation>
</item_env>
</bloc_environnement_de_travail>
<bloc_activites_de_base nbBlocActiviteBase="1">
<activites_de_base nbItemActivite_AB="9">
<item_ab>
<code_ogr>102318</code_ogr>
<libelle>D&#0233;finir le plan d&#0039;action commercial et &#0233;tablir le plan de tourn&#0233;e (ciblage, interlocuteurs, pr&#0233;paration de dossiers techniques)</libelle>
<code_type_activite>3</code_type_activite>
<code_type_item_activite>2</code_type_item_activite>
<position_item>1</position_item>
<priorisation>1</priorisation>
<riasec_majeur>E</riasec_majeur>
<riasec_mineur>c</riasec_mineur>
</item_ab>
<item_ab>
<code_ogr>125961</code_ogr>
<libelle>Concevoir une &#0233;tude de faisabilit&#0233; technique</libelle>
<code_type_activite>3</code_type_activite>
<code_type_item_activite>2</code_type_item_activite>
<position_item>2</position_item>
<priorisation>1</priorisation>
<riasec_majeur>C</riasec_majeur>
<riasec_mineur>r</riasec_mineur>
</item_ab>
<item_ab>
<code_ogr>117243</code_ogr>
<libelle>Etablir un devis</libelle>
<code_type_activite>3</code_type_activite>
<code_type_item_activite>2</code_type_item_activite>
<position_item>3</position_item>
<priorisation>1</priorisation>
<riasec_majeur>C</riasec_majeur>
</item_ab>
<item_ab>
<code_ogr>117180</code_ogr>
<libelle>N&#0233;gocier un contrat</libelle>
<code_type_activite>3</code_type_activite>
<code_type_item_activite>2</code_type_item_activite>
<position_item>4</position_item>
<priorisation>1</priorisation>
<riasec_majeur>E</riasec_majeur>
<riasec_mineur>c</riasec_mineur>
</item_ab>
<item_ab>
<code_ogr>122709</code_ogr>
<libelle>Etablir un contrat de vente</libelle>
<code_type_activite>3</code_type_activite>
<code_type_item_activite>2</code_type_item_activite>
<position_item>5</position_item>
<priorisation>1</priorisation>
<riasec_majeur>E</riasec_majeur>
<riasec_mineur>c</riasec_mineur>
</item_ab>
<item_ab>
<code_ogr>124537</code_ogr>
<libelle>V&#0233;rifier les conditions de r&#0233;alisation d&#0039;une commande</libelle>
<code_type_activite>3</code_type_activite>
<code_type_item_activite>2</code_type_item_activite>
<position_item>6</position_item>
<priorisation>1</priorisation>
<riasec_majeur>C</riasec_majeur>
</item_ab>
<item_ab>
<code_ogr>122460</code_ogr>
<libelle>Suivre la r&#0233;alisation d&#0039;une prestation technique</libelle>
<code_type_activite>3</code_type_activite>
<code_type_item_activite>2</code_type_item_activite>
<position_item>7</position_item>
<priorisation>1</priorisation>
<riasec_majeur>C</riasec_majeur>
</item_ab>
<item_ab>
<code_ogr>119912</code_ogr>
<libelle>Analyser les r&#0233;sultats des ventes</libelle>
<code_type_activite>3</code_type_activite>
<code_type_item_activite>2</code_type_item_activite>
<position_item>8</position_item>
<priorisation>1</priorisation>
<riasec_majeur>E</riasec_majeur>
<riasec_mineur>c</riasec_mineur>
</item_ab>
<item_ab>
<code_ogr>121055</code_ogr>
<libelle>D&#0233;terminer des mesures correctives</libelle>
<code_type_activite>3</code_type_activite>
<code_type_item_activite>2</code_type_item_activite>
<position_item>9</position_item>
<priorisation>1</priorisation>
<riasec_majeur>R</riasec_majeur>
</item_ab>
</activites_de_base>
<savoir_theorique_et_proceduraux nbItemSTP_AB="9">
<item_ab_stp>
<code_ogr>121706</code_ogr>
<libelle>Techniques commerciales</libelle>
<code_type_competence>1</code_type_competence>
<position_item>1</position_item>
<priorisation>1</priorisation>
</item_ab_stp>
<item_ab_stp>
<code_ogr>121691</code_ogr>
<libelle>Typologie du client</libelle>
<code_type_competence>1</code_type_competence>
<position_item>2</position_item>
<priorisation>1</priorisation>
</item_ab_stp>
<item_ab_stp>
<code_ogr>101359</code_ogr>
<libelle>Droit commercial</libelle>
<code_type_competence>1</code_type_competence>
<position_item>3</position_item>
<priorisation>1</priorisation>
</item_ab_stp>
<item_ab_stp>
<code_ogr>117426</code_ogr>
<libelle>Communication interne</libelle>
<code_type_competence>1</code_type_competence>
<position_item>4</position_item>
<priorisation>1</priorisation>
</item_ab_stp>
<item_ab_stp>
<code_ogr>102224</code_ogr>
<libelle>Organisation de la cha&#0238;ne logistique</libelle>
<code_type_competence>1</code_type_competence>
<position_item>5</position_item>
<priorisation>1</priorisation>
</item_ab_stp>
<item_ab_stp>
<code_ogr>120888</code_ogr>
<libelle>Gestion comptable</libelle>
<code_type_competence>1</code_type_competence>
<position_item>6</position_item>
<priorisation>1</priorisation>
</item_ab_stp>
<item_ab_stp>
<code_ogr>120889</code_ogr>
<libelle>Gestion administrative</libelle>
<code_type_competence>1</code_type_competence>
<position_item>7</position_item>
<priorisation>1</priorisation>
</item_ab_stp>
<item_ab_stp>
<code_ogr>121688</code_ogr>
<libelle>Logiciel de gestion clients</libelle>
<code_type_competence>1</code_type_competence>
<position_item>8</position_item>
<priorisation>1</priorisation>
</item_ab_stp>
<item_ab_stp>
<code_ogr>118975</code_ogr>
<libelle>Outils bureautiques</libelle>
<code_type_competence>1</code_type_competence>
<position_item>9</position_item>
<priorisation>1</priorisation>
</item_ab_stp>
</savoir_theorique_et_proceduraux>
<savoir_action nbItemSA_AB="0">
</savoir_action>
</bloc_activites_de_base>
<bloc_activites_specifiques nbBlocActiviteSpecifique="7">
<bloc>
<position_bloc>1</position_bloc>
<activite_specifique nbItemActivite_AS="2">
<item_as>
<code_ogr>102229</code_ogr>
<libelle>Intervenir aupr&#0232;s d&#0039;une client&#0232;le d&#0039;entreprises</libelle>
<code_type_activite>3</code_type_activite>
<code_type_item_activite>2</code_type_item_activite>
<position_item>1</position_item>
<priorisation>1</priorisation>
<riasec_majeur>S</riasec_majeur>
</item_as>
<item_as>
<code_ogr>126371</code_ogr>
<libelle>Intervenir aupr&#0232;s d&#0039;une client&#0232;le de collectivit&#0233;s / administration</libelle>
<code_type_activite>3</code_type_activite>
<code_type_item_activite>2</code_type_item_activite>
<position_item>2</position_item>
<priorisation>1</priorisation>
<riasec_majeur>S</riasec_majeur>
</item_as>
</activite_specifique>
<savoir_theorique_et_proceduraux nbItemSTP_AS="0">
</savoir_theorique_et_proceduraux>
<savoir_action nbItemSA_AS="0">
</savoir_action>
</bloc>
<bloc>
<position_bloc>2</position_bloc>
<activite_specifique nbItemActivite_AS="1">
<item_as>
<code_ogr>118745</code_ogr>
<libelle>Participer &#0224; la d&#0233;finition d&#0039;une strat&#0233;gie commerciale et marketing</libelle>
<code_type_activite>3</code_type_activite>
<code_type_item_activite>2</code_type_item_activite>
<position_item>1</position_item>
<priorisation>1</priorisation>
<riasec_majeur>E</riasec_majeur>
</item_as>
</activite_specifique>
<savoir_theorique_et_proceduraux nbItemSTP_AS="0">
</savoir_theorique_et_proceduraux>
<savoir_action nbItemSA_AS="0">
</savoir_action>
</bloc>
<bloc>
<position_bloc>3</position_bloc>
<activite_specifique nbItemActivite_AS="3">
<item_as>
<code_ogr>123352</code_ogr>
<libelle>R&#0233;aliser un appel d&#0039;offre</libelle>
<code_type_activite>3</code_type_activite>
<code_type_item_activite>2</code_type_item_activite>
<position_item>1</position_item>
<priorisation>1</priorisation>
<riasec_majeur>C</riasec_majeur>
<riasec_mineur>e</riasec_mineur>
</item_as>
<item_as>
<code_ogr>117309</code_ogr>
<libelle>Etablir un cahier des charges</libelle>
<code_type_activite>3</code_type_activite>
<code_type_item_activite>2</code_type_item_activite>
<position_item>2</position_item>
<priorisation>1</priorisation>
<riasec_majeur>C</riasec_majeur>
<riasec_mineur>e</riasec_mineur>
</item_as>
<item_as>
<code_ogr>117314</code_ogr>
<libelle>Analyser une r&#0233;ponse &#0224; un appel d&#0039;offres</libelle>
<code_type_activite>3</code_type_activite>
<code_type_item_activite>2</code_type_item_activite>
<position_item>3</position_item>
<priorisation>1</priorisation>
<riasec_majeur>C</riasec_majeur>
<riasec_mineur>e</riasec_mineur>
</item_as>
</activite_specifique>
<savoir_theorique_et_proceduraux nbItemSTP_AS="1">
<item_as_stp>
<code_ogr>126089</code_ogr>
<libelle>Proc&#0233;dures d&#0039;appels d&#0039;offres</libelle>
<code_type_competence>1</code_type_competence>
<position_item>1</position_item>
<priorisation>1</priorisation>
</item_as_stp>
</savoir_theorique_et_proceduraux>
<savoir_action nbItemSA_AS="0">
</savoir_action>
</bloc>
<bloc>
<position_bloc>4</position_bloc>
<activite_specifique nbItemActivite_AS="1">
<item_as>
<code_ogr>119786</code_ogr>
<libelle>Mettre en place des actions de formation</libelle>
<code_type_activite>3</code_type_activite>
<code_type_item_activite>2</code_type_item_activite>
<position_item>1</position_item>
<priorisation>1</priorisation>
<riasec_majeur>S</riasec_majeur>
</item_as>
</activite_specifique>
<savoir_theorique_et_proceduraux nbItemSTP_AS="1">
<item_as_stp>
<code_ogr>100090</code_ogr>
<libelle>Techniques p&#0233;dagogiques</libelle>
<code_type_competence>1</code_type_competence>
<position_item>1</position_item>
<priorisation>1</priorisation>
</item_as_stp>
</savoir_theorique_et_proceduraux>
<savoir_action nbItemSA_AS="0">
</savoir_action>
</bloc>
<bloc>
<position_bloc>5</position_bloc>
<activite_specifique nbItemActivite_AS="1">
<item_as>
<code_ogr>119337</code_ogr>
<libelle>Mettre en place des actions de gestion de ressources humaines</libelle>
<code_type_activite>3</code_type_activite>
<code_type_item_activite>2</code_type_item_activite>
<position_item>1</position_item>
<priorisation>1</priorisation>
<riasec_majeur>E</riasec_majeur>
<riasec_mineur>s</riasec_mineur>
</item_as>
</activite_specifique>
<savoir_theorique_et_proceduraux nbItemSTP_AS="1">
<item_as_stp>
<code_ogr>101388</code_ogr>
<libelle>Gestion des Ressources Humaines</libelle>
<code_type_competence>1</code_type_competence>
<position_item>1</position_item>
<priorisation>1</priorisation>
</item_as_stp>
</savoir_theorique_et_proceduraux>
<savoir_action nbItemSA_AS="0">
</savoir_action>
</bloc>
<bloc>
<position_bloc>6</position_bloc>
<activite_specifique nbItemActivite_AS="1">
<item_as>
<code_ogr>102359</code_ogr>
<libelle>Coordonner l&#0039;activit&#0233; d&#0039;une &#0233;quipe</libelle>
<code_type_activite>3</code_type_activite>
<code_type_item_activite>2</code_type_item_activite>
<position_item>1</position_item>
<priorisation>1</priorisation>
<riasec_majeur>E</riasec_majeur>
<riasec_mineur>s</riasec_mineur>
</item_as>
</activite_specifique>
<savoir_theorique_et_proceduraux nbItemSTP_AS="1">
<item_as_stp>
<code_ogr>102250</code_ogr>
<libelle>Techniques d&#0039;animation d&#0039;&#0233;quipe</libelle>
<code_type_competence>1</code_type_competence>
<position_item>1</position_item>
<priorisation>1</priorisation>
</item_as_stp>
</savoir_theorique_et_proceduraux>
<savoir_action nbItemSA_AS="0">
</savoir_action>
</bloc>
<bloc>
<position_bloc>7</position_bloc>
<activite_specifique nbItemActivite_AS="1">
<item_as>
<code_ogr>121910</code_ogr>
<libelle>Mener une action commerciale</libelle>
<code_type_activite>3</code_type_activite>
<code_type_item_activite>2</code_type_item_activite>
<position_item>1</position_item>
<priorisation>1</priorisation>
<riasec_majeur>E</riasec_majeur>
</item_as>
</activite_specifique>
<savoir_theorique_et_proceduraux nbItemSTP_AS="0">
</savoir_theorique_et_proceduraux>
<savoir_action nbItemSA_AS="0">
</savoir_action>
</bloc>
</bloc_activites_specifiques>
<bloc_mobilites>
<mobilites_proches nbItemMob="5">
<item_mob_pr><code_type_mobilite>1</code_type_mobilite>
<liste_appellation_source>
<code_appellation_source>0</code_appellation_source>
<libelle_appellation_source>Toutes les appellations</libelle_appellation_source>
</liste_appellation_source>
<code_rome_cible>C1102</code_rome_cible>
<libelle_rome_cible>Conseil client&#0232;le en assurances</libelle_rome_cible>
<liste_appellation_cible>
<code_appellation_cible>0</code_appellation_cible>
<libelle_appellation_cible>Toutes les appellations</libelle_appellation_cible>
</liste_appellation_cible>
</item_mob_pr>
<item_mob_pr><code_type_mobilite>1</code_type_mobilite>
<liste_appellation_source>
<code_appellation_source>0</code_appellation_source>
<libelle_appellation_source>Toutes les appellations</libelle_appellation_source>
</liste_appellation_source>
<code_rome_cible>C1504</code_rome_cible>
<libelle_rome_cible>Transaction immobili&#0232;re</libelle_rome_cible>
<liste_appellation_cible>
<code_appellation_cible>11380</code_appellation_cible>
<libelle_appellation_cible>Attach&#0233; commercial / Attach&#0233;e commerciale en immobilier</libelle_appellation_cible>
</liste_appellation_cible>
</item_mob_pr>
<item_mob_pr><code_type_mobilite>1</code_type_mobilite>
<liste_appellation_source>
<code_appellation_source>0</code_appellation_source>
<libelle_appellation_source>Toutes les appellations</libelle_appellation_source>
</liste_appellation_source>
<code_rome_cible>D1402</code_rome_cible>
<libelle_rome_cible>Relation commerciale grands comptes et entreprises</libelle_rome_cible>
<liste_appellation_cible>
<code_appellation_cible>0</code_appellation_cible>
<libelle_appellation_cible>Toutes les appellations</libelle_appellation_cible>
</liste_appellation_cible>
</item_mob_pr>
<item_mob_pr><code_type_mobilite>1</code_type_mobilite>
<liste_appellation_source>
<code_appellation_source>0</code_appellation_source>
<libelle_appellation_source>Toutes les appellations</libelle_appellation_source>
</liste_appellation_source>
<code_rome_cible>H1102</code_rome_cible>
<libelle_rome_cible>Management et ing&#0233;nierie d&#0039;affaires</libelle_rome_cible>
<liste_appellation_cible>
<code_appellation_cible>15623</code_appellation_cible>
<libelle_appellation_cible>Ing&#0233;nieur / Ing&#0233;nieure d&#0039;affaires en industrie</libelle_appellation_cible>
</liste_appellation_cible>
</item_mob_pr>
<item_mob_pr><code_type_mobilite>1</code_type_mobilite>
<liste_appellation_source>
<code_appellation_source>0</code_appellation_source>
<libelle_appellation_source>Toutes les appellations</libelle_appellation_source>
</liste_appellation_source>
<code_rome_cible>K2111</code_rome_cible>
<libelle_rome_cible>Formation professionnelle</libelle_rome_cible>
<liste_appellation_cible>
<code_appellation_cible>38245</code_appellation_cible>
<libelle_appellation_cible>Formateur / Formatrice commerce vente</libelle_appellation_cible>
</liste_appellation_cible>
</item_mob_pr>
</mobilites_proches>
<mobilites_si_evolution nbItemMob="2">
<item_mob_ev><code_type_mobilite>2</code_type_mobilite>
<liste_appellation_source>
<code_appellation_source>0</code_appellation_source>
<libelle_appellation_source>Toutes les appellations</libelle_appellation_source>
</liste_appellation_source>
<code_rome_cible>D1405</code_rome_cible>
<libelle_rome_cible>Conseil en information m&#0233;dicale</libelle_rome_cible>
<liste_appellation_cible>
<code_appellation_cible>0</code_appellation_cible>
<libelle_appellation_cible>Toutes les appellations</libelle_appellation_cible>
</liste_appellation_cible>
</item_mob_ev>
<item_mob_ev><code_type_mobilite>2</code_type_mobilite>
<liste_appellation_source>
<code_appellation_source>0</code_appellation_source>
<libelle_appellation_source>Toutes les appellations</libelle_appellation_source>
</liste_appellation_source>
<code_rome_cible>D1406</code_rome_cible>
<libelle_rome_cible>Management en force de vente</libelle_rome_cible>
<liste_appellation_cible>
<code_appellation_cible>0</code_appellation_cible>
<libelle_appellation_cible>Toutes les appellations</libelle_appellation_cible>
</liste_appellation_cible>
</item_mob_ev>
</mobilites_si_evolution>
</bloc_mobilites>
</fiche_emploi_metier>