<?xml version="1.0" encoding="UTF-8" ?>
<fiche_emploi_metier>
<type_fiche>2</type_fiche>
<libelle_type_fiche>priorise</libelle_type_fiche>
<version_SI>
<version_rome>333</version_rome>
<date_version_si>01/10/2017</date_version_si>
<mois_version_si>Octobre</mois_version_si>
<annee_version_si>2017</annee_version_si>
</version_SI>
<bloc_code_rome>
<code_rome>D1408</code_rome>
<intitule>T&#0233;l&#0233;conseil et t&#0233;l&#0233;vente</intitule>
<code_ogr>109</code_ogr>
<riasec_majeur>E</riasec_majeur>
<riasec_mineur>s</riasec_mineur>
</bloc_code_rome>
<bloc_appellation nbItemAppellation="12">
<item_app>
<code_ogr>38082</code_ogr>
<libelle>Charg&#0233; / Charg&#0233;e d&#0039;assistance</libelle>
<libelle_court>Charg&#0233; / Charg&#0233;e d&#0039;assistance</libelle_court>
<priorisation>1</priorisation>
</item_app>
<item_app>
<code_ogr>13353</code_ogr>
<libelle>Conseiller / Conseill&#0232;re client&#0232;le &#0224; distance</libelle>
<libelle_court>Conseiller / Conseill&#0232;re client&#0232;le &#0224; distance</libelle_court>
<priorisation>1</priorisation>
</item_app>
<item_app>
<code_ogr>38631</code_ogr>
<libelle>Permanencier / Permanenci&#0232;re auxiliaire de r&#0233;gulation m&#0233;dicale</libelle>
<libelle_court>Permanencier(&#0232;re) auxiliaire de r&#0233;gulation m&#0233;dicale</libelle_court>
<priorisation>1</priorisation>
</item_app>
<item_app>
<code_ogr>18675</code_ogr>
<libelle>Responsable de centre d&#0039;appels</libelle>
<libelle_court>Responsable de centre d&#0039;appels</libelle_court>
<priorisation>1</priorisation>
</item_app>
<item_app>
<code_ogr>18806</code_ogr>
<libelle>Responsable de plateau de centre d&#0039;appels</libelle>
<libelle_court>Responsable de plateau de centre d&#0039;appels</libelle_court>
<priorisation>1</priorisation>
</item_app>
<item_app>
<code_ogr>19557</code_ogr>
<libelle>Superviseur / Superviseuse de centre d&#0039;appels</libelle>
<libelle_court>Superviseur / Superviseuse de centre d&#0039;appels</libelle_court>
<priorisation>1</priorisation>
</item_app>
<item_app>
<code_ogr>19784</code_ogr>
<libelle>Technicien / Technicienne de la vente &#0224; distance</libelle>
<libelle_court>Technicien / Technicienne de la vente &#0224; distance</libelle_court>
<priorisation>1</priorisation>
</item_app>
<item_app>
<code_ogr>20298</code_ogr>
<libelle>T&#0233;l&#0233;acteur / T&#0233;l&#0233;actrice</libelle>
<libelle_court>T&#0233;l&#0233;acteur / T&#0233;l&#0233;actrice</libelle_court>
<priorisation>1</priorisation>
</item_app>
<item_app>
<code_ogr>20299</code_ogr>
<libelle>T&#0233;l&#0233;conseiller / T&#0233;l&#0233;conseill&#0232;re</libelle>
<libelle_court>T&#0233;l&#0233;conseiller / T&#0233;l&#0233;conseill&#0232;re</libelle_court>
<priorisation>1</priorisation>
</item_app>
<item_app>
<code_ogr>20302</code_ogr>
<libelle>T&#0233;l&#0233;op&#0233;rateur / T&#0233;l&#0233;op&#0233;ratrice</libelle>
<libelle_court>T&#0233;l&#0233;op&#0233;rateur / T&#0233;l&#0233;op&#0233;ratrice</libelle_court>
<priorisation>1</priorisation>
</item_app>
<item_app>
<code_ogr>20303</code_ogr>
<libelle>T&#0233;l&#0233;prospecteur / T&#0233;l&#0233;prospectrice</libelle>
<libelle_court>T&#0233;l&#0233;prospecteur / T&#0233;l&#0233;prospectrice</libelle_court>
<priorisation>1</priorisation>
</item_app>
<item_app>
<code_ogr>20306</code_ogr>
<libelle>T&#0233;l&#0233;vendeur / T&#0233;l&#0233;vendeuse</libelle>
<libelle_court>T&#0233;l&#0233;vendeur / T&#0233;l&#0233;vendeuse</libelle_court>
<priorisation>1</priorisation>
</item_app>
</bloc_appellation>
<definition nbItemDefinition="2">
Prospecte, conseille une client&#0232;le (particuliers, entreprises, ...) et vend des produits ou des services (voyages, t&#0233;l&#0233;phonie, &#0233;quipement, habillement, ...) par t&#0233;l&#0233;phone selon les objectifs commerciaux de l&#0039;entreprise.
Peut coordonner une &#0233;quipe.
</definition>
<acces_emploi_metier nbItemAccesEmploiMetier="5">
Cet emploi/m&#0233;tier est accessible avec un dipl&#0244;me de niveau Bac &#0224; Bac+2 en commerce, vente ou dans une discipline en lien avec l&#0039;activit&#0233; de l&#0039;entreprise (tourisme, transport, ...).
Il est &#0233;galement accessible avec une exp&#0233;rience professionnelle dans le secteur commercial ou la vente sans dipl&#0244;me particulier.
Une exp&#0233;rience de la relation client&#0232;le ou du management d&#0039;&#0233;quipe facilite l&#0039;acc&#0232;s aux fonctions de superviseur, responsable de plateau, ...
La pratique d&#0039;une langue &#0233;trang&#0232;re peut &#0234;tre demand&#0233;e.
La pratique de l&#0039;outil informatique (logiciel de gestion de la relation client) et des technologies de l&#0039;information et de la communication (Internet, messagerie, ...) est requise.
</acces_emploi_metier>
<condition_exercice_activite nbItemConditionExercice="5">
L&#0039;activit&#0233; de cet emploi/m&#0233;tier s&#0039;exerce en contact t&#0233;l&#0233;phonique avec les clients ou prospects (entreprises, particuliers).
Elle s&#0039;effectue au sein de plates-formes t&#0233;l&#0233;phoniques, centres d&#0039;appels, call-center, centres de relation client, parfois &#0224; domicile.
Elle varie selon le type d&#0039;appels (entrants/sortants) et le type de services (avant-vente, vente, information conseil, assistance, ...).
Elle peut s&#0039;exercer en horaires d&#0233;cal&#0233;s, les fins de semaine, jours f&#0233;ri&#0233;s ou de nuit.
La r&#0233;mun&#0233;ration est constitu&#0233;e d&#0039;un fixe souvent compl&#0233;t&#0233; par des primes sur les r&#0233;sultats (nombre d&#0039;appels trait&#0233;s, chiffre d&#0039;affaires, ...) et des avantages en nature (bons d&#0039;achat, produits de l&#0039;entreprise, ...).
</condition_exercice_activite>
<bloc_environnement_de_travail nbItemEnvTrav="11">
<item_env>
<code_ogr>23684</code_ogr>
<libelle>Agence commerciale</libelle>
<code_type_section_env>1</code_type_section_env>
<priorisation>1</priorisation>
</item_env>
<item_env>
<code_ogr>23766</code_ogr>
<libelle>Centre d&#0039;appels</libelle>
<code_type_section_env>1</code_type_section_env>
<priorisation>1</priorisation>
</item_env>
<item_env>
<code_ogr>23912</code_ogr>
<libelle>Entreprise publique/&#0233;tablissement public</libelle>
<code_type_section_env>1</code_type_section_env>
<priorisation>1</priorisation>
</item_env>
<item_env>
<code_ogr>24040</code_ogr>
<libelle>Plate-forme t&#0233;l&#0233;phonique</libelle>
<code_type_section_env>1</code_type_section_env>
<priorisation>1</priorisation>
</item_env>
<item_env>
<code_ogr>23408</code_ogr>
<libelle>Assurance</libelle>
<code_type_section_env>2</code_type_section_env>
<priorisation>1</priorisation>
</item_env>
<item_env>
<code_ogr>23535</code_ogr>
<libelle>Informatique et t&#0233;l&#0233;communications</libelle>
<code_type_section_env>2</code_type_section_env>
<priorisation>1</priorisation>
</item_env>
<item_env>
<code_ogr>23625</code_ogr>
<libelle>Sant&#0233; et action sociale</libelle>
<code_type_section_env>2</code_type_section_env>
<priorisation>1</priorisation>
</item_env>
<item_env>
<code_ogr>23652</code_ogr>
<libelle>Tourisme</libelle>
<code_type_section_env>2</code_type_section_env>
<priorisation>1</priorisation>
</item_env>
<item_env>
<code_ogr>23659</code_ogr>
<libelle>Transport/logistique</libelle>
<code_type_section_env>2</code_type_section_env>
<priorisation>1</priorisation>
</item_env>
<item_env>
<code_ogr>23667</code_ogr>
<libelle>Vente par correspondance</libelle>
<code_type_section_env>2</code_type_section_env>
<priorisation>1</priorisation>
</item_env>
<item_env>
<code_ogr>23374</code_ogr>
<libelle>Au domicile de l&#0039;intervenant</libelle>
<code_type_section_env>3</code_type_section_env>
<priorisation>1</priorisation>
</item_env>
</bloc_environnement_de_travail>
<bloc_activites_de_base nbBlocActiviteBase="1">
<activites_de_base nbItemActivite_AB="9">
<item_ab>
<code_ogr>122492</code_ogr>
<libelle>V&#0233;rifier l&#0039;identit&#0233; et les coordonn&#0233;es de l&#0039;interlocuteur</libelle>
<code_type_activite>3</code_type_activite>
<code_type_item_activite>2</code_type_item_activite>
<position_item>1</position_item>
<priorisation>1</priorisation>
<riasec_majeur>S</riasec_majeur>
<riasec_mineur>c</riasec_mineur>
</item_ab>
<item_ab>
<code_ogr>126253</code_ogr>
<libelle>Pr&#0233;senter ou identifier l&#0039;objet de l&#0039;appel (commande, vente, information, r&#0233;clamation, assistance, ...)</libelle>
<code_type_activite>3</code_type_activite>
<code_type_item_activite>2</code_type_item_activite>
<position_item>2</position_item>
<priorisation>1</priorisation>
<riasec_majeur>S</riasec_majeur>
<riasec_mineur>c</riasec_mineur>
</item_ab>
<item_ab>
<code_ogr>125815</code_ogr>
<libelle>Conseiller un client</libelle>
<code_type_activite>3</code_type_activite>
<code_type_item_activite>2</code_type_item_activite>
<position_item>3</position_item>
<priorisation>1</priorisation>
<riasec_majeur>S</riasec_majeur>
</item_ab>
<item_ab>
<code_ogr>122484</code_ogr>
<libelle>V&#0233;rifier la disponibilit&#0233; d&#0039;un produit</libelle>
<code_type_activite>3</code_type_activite>
<code_type_item_activite>2</code_type_item_activite>
<position_item>4</position_item>
<priorisation>1</priorisation>
<riasec_majeur>C</riasec_majeur>
</item_ab>
<item_ab>
<code_ogr>121646</code_ogr>
<libelle>Enregistrer les donn&#0233;es d&#0039;une commande</libelle>
<code_type_activite>3</code_type_activite>
<code_type_item_activite>2</code_type_item_activite>
<position_item>5</position_item>
<priorisation>1</priorisation>
<riasec_majeur>C</riasec_majeur>
</item_ab>
<item_ab>
<code_ogr>126315</code_ogr>
<libelle>Orienter le client et transf&#0233;rer son appel vers l&#0039;interlocuteur appropri&#0233;</libelle>
<code_type_activite>3</code_type_activite>
<code_type_item_activite>2</code_type_item_activite>
<position_item>6</position_item>
<priorisation>1</priorisation>
<riasec_majeur>S</riasec_majeur>
<riasec_mineur>c</riasec_mineur>
</item_ab>
<item_ab>
<code_ogr>121420</code_ogr>
<libelle>Contacter un client ou un prospect</libelle>
<code_type_activite>3</code_type_activite>
<code_type_item_activite>2</code_type_item_activite>
<position_item>7</position_item>
<priorisation>1</priorisation>
<riasec_majeur>E</riasec_majeur>
</item_ab>
<item_ab>
<code_ogr>121421</code_ogr>
<libelle>Pr&#0233;senter des produits et services</libelle>
<code_type_activite>3</code_type_activite>
<code_type_item_activite>2</code_type_item_activite>
<position_item>8</position_item>
<priorisation>1</priorisation>
<riasec_majeur>S</riasec_majeur>
</item_ab>
<item_ab>
<code_ogr>124611</code_ogr>
<libelle>R&#0233;aliser un suivi d&#0039;appel</libelle>
<code_type_activite>3</code_type_activite>
<code_type_item_activite>2</code_type_item_activite>
<position_item>9</position_item>
<priorisation>1</priorisation>
<riasec_majeur>C</riasec_majeur>
</item_ab>
</activites_de_base>
<savoir_theorique_et_proceduraux nbItemSTP_AB="10">
<item_ab_stp>
<code_ogr>100381</code_ogr>
<libelle>Argumentation commerciale</libelle>
<code_type_competence>1</code_type_competence>
<position_item>1</position_item>
<priorisation>1</priorisation>
</item_ab_stp>
<item_ab_stp>
<code_ogr>121467</code_ogr>
<libelle>Marketing t&#0233;l&#0233;phonique</libelle>
<code_type_competence>1</code_type_competence>
<position_item>2</position_item>
<priorisation>1</priorisation>
</item_ab_stp>
<item_ab_stp>
<code_ogr>121862</code_ogr>
<libelle>Techniques de vente par t&#0233;l&#0233;phone</libelle>
<code_type_competence>1</code_type_competence>
<position_item>3</position_item>
<priorisation>1</priorisation>
</item_ab_stp>
<item_ab_stp>
<code_ogr>121706</code_ogr>
<libelle>Techniques commerciales</libelle>
<code_type_competence>1</code_type_competence>
<position_item>4</position_item>
<priorisation>1</priorisation>
</item_ab_stp>
<item_ab_stp>
<code_ogr>101343</code_ogr>
<libelle>Principes de la relation client</libelle>
<code_type_competence>1</code_type_competence>
<position_item>5</position_item>
<priorisation>1</priorisation>
</item_ab_stp>
<item_ab_stp>
<code_ogr>121691</code_ogr>
<libelle>Typologie du client</libelle>
<code_type_competence>1</code_type_competence>
<position_item>6</position_item>
<priorisation>1</priorisation>
</item_ab_stp>
<item_ab_stp>
<code_ogr>124447</code_ogr>
<libelle>E-procurement</libelle>
<code_type_competence>1</code_type_competence>
<position_item>7</position_item>
<priorisation>1</priorisation>
</item_ab_stp>
<item_ab_stp>
<code_ogr>116414</code_ogr>
<libelle>Progiciels de gestion de la relation client (CRM - Customer Relationship Management)</libelle>
<code_type_competence>1</code_type_competence>
<position_item>8</position_item>
<priorisation>1</priorisation>
</item_ab_stp>
<item_ab_stp>
<code_ogr>118975</code_ogr>
<libelle>Outils bureautiques</libelle>
<code_type_competence>1</code_type_competence>
<position_item>9</position_item>
<priorisation>1</priorisation>
</item_ab_stp>
<item_ab_stp>
<code_ogr>121688</code_ogr>
<libelle>Logiciel de gestion clients</libelle>
<code_type_competence>1</code_type_competence>
<position_item>10</position_item>
<priorisation>1</priorisation>
</item_ab_stp>
</savoir_theorique_et_proceduraux>
<savoir_action nbItemSA_AB="0">
</savoir_action>
</bloc_activites_de_base>
<bloc_activites_specifiques nbBlocActiviteSpecifique="11">
<bloc>
<position_bloc>1</position_bloc>
<activite_specifique nbItemActivite_AS="2">
<item_as>
<code_ogr>126122</code_ogr>
<libelle>G&#0233;rer des appels entrants</libelle>
<code_type_activite>3</code_type_activite>
<code_type_item_activite>2</code_type_item_activite>
<position_item>1</position_item>
<priorisation>1</priorisation>
<riasec_majeur>E</riasec_majeur>
</item_as>
<item_as>
<code_ogr>126123</code_ogr>
<libelle>G&#0233;rer des appels sortants</libelle>
<code_type_activite>3</code_type_activite>
<code_type_item_activite>2</code_type_item_activite>
<position_item>2</position_item>
<priorisation>1</priorisation>
<riasec_majeur>E</riasec_majeur>
</item_as>
</activite_specifique>
<savoir_theorique_et_proceduraux nbItemSTP_AS="1">
<item_as_stp>
<code_ogr>119077</code_ogr>
<libelle>Logiciels de gestion d&#0039;appels t&#0233;l&#0233;phoniques</libelle>
<code_type_competence>1</code_type_competence>
<position_item>1</position_item>
<priorisation>1</priorisation>
</item_as_stp>
</savoir_theorique_et_proceduraux>
<savoir_action nbItemSA_AS="0">
</savoir_action>
</bloc>
<bloc>
<position_bloc>2</position_bloc>
<activite_specifique nbItemActivite_AS="1">
<item_as>
<code_ogr>122165</code_ogr>
<libelle>Proposer une solution d&#0039;assistance</libelle>
<code_type_activite>3</code_type_activite>
<code_type_item_activite>2</code_type_item_activite>
<position_item>1</position_item>
<priorisation>1</priorisation>
<riasec_majeur>R</riasec_majeur>
</item_as>
</activite_specifique>
<savoir_theorique_et_proceduraux nbItemSTP_AS="2">
<item_as_stp>
<code_ogr>102066</code_ogr>
<libelle>Techniques d&#0039;&#0233;coute et de la relation &#0224; la personne</libelle>
<code_type_competence>1</code_type_competence>
<position_item>1</position_item>
<priorisation>1</priorisation>
</item_as_stp>
<item_as_stp>
<code_ogr>102336</code_ogr>
<libelle>Techniques de gestion du stress</libelle>
<code_type_competence>1</code_type_competence>
<position_item>2</position_item>
<priorisation>1</priorisation>
</item_as_stp>
</savoir_theorique_et_proceduraux>
<savoir_action nbItemSA_AS="0">
</savoir_action>
</bloc>
<bloc>
<position_bloc>3</position_bloc>
<activite_specifique nbItemActivite_AS="1">
<item_as>
<code_ogr>114166</code_ogr>
<libelle>R&#0233;ceptionner les appels en centre de r&#0233;gulation de secours m&#0233;dical, &#0233;valuer le degr&#0233; d&#0039;urgence et organiser les modalit&#0233;s d&#0039;intervention (envoi de m&#0233;decin, hospitalisation, rapatriement, ...)</libelle>
<code_type_activite>3</code_type_activite>
<code_type_item_activite>2</code_type_item_activite>
<position_item>1</position_item>
<priorisation>1</priorisation>
<riasec_majeur>E</riasec_majeur>
<riasec_mineur>c</riasec_mineur>
</item_as>
</activite_specifique>
<savoir_theorique_et_proceduraux nbItemSTP_AS="0">
</savoir_theorique_et_proceduraux>
<savoir_action nbItemSA_AS="0">
</savoir_action>
</bloc>
<bloc>
<position_bloc>4</position_bloc>
<activite_specifique nbItemActivite_AS="1">
<item_as>
<code_ogr>122220</code_ogr>
<libelle>Construire un argumentaire de vente</libelle>
<code_type_activite>3</code_type_activite>
<code_type_item_activite>2</code_type_item_activite>
<position_item>1</position_item>
<priorisation>1</priorisation>
<riasec_majeur>E</riasec_majeur>
</item_as>
</activite_specifique>
<savoir_theorique_et_proceduraux nbItemSTP_AS="0">
</savoir_theorique_et_proceduraux>
<savoir_action nbItemSA_AS="0">
</savoir_action>
</bloc>
<bloc>
<position_bloc>5</position_bloc>
<activite_specifique nbItemActivite_AS="1">
<item_as>
<code_ogr>122628</code_ogr>
<libelle>D&#0233;finir des objectifs commerciaux</libelle>
<code_type_activite>3</code_type_activite>
<code_type_item_activite>2</code_type_item_activite>
<position_item>1</position_item>
<priorisation>1</priorisation>
<riasec_majeur>E</riasec_majeur>
</item_as>
</activite_specifique>
<savoir_theorique_et_proceduraux nbItemSTP_AS="1">
<item_as_stp>
<code_ogr>101399</code_ogr>
<libelle>Marketing / Mercatique</libelle>
<code_type_competence>1</code_type_competence>
<position_item>1</position_item>
<priorisation>1</priorisation>
</item_as_stp>
</savoir_theorique_et_proceduraux>
<savoir_action nbItemSA_AS="0">
</savoir_action>
</bloc>
<bloc>
<position_bloc>6</position_bloc>
<activite_specifique nbItemActivite_AS="2">
<item_as>
<code_ogr>122103</code_ogr>
<libelle>Contr&#0244;ler la qualit&#0233; du discours et de l&#0039;argumentaire des t&#0233;l&#0233;op&#0233;rateurs</libelle>
<code_type_activite>3</code_type_activite>
<code_type_item_activite>2</code_type_item_activite>
<position_item>1</position_item>
<priorisation>1</priorisation>
<riasec_majeur>C</riasec_majeur>
</item_as>
<item_as>
<code_ogr>119762</code_ogr>
<libelle>D&#0233;finir des besoins en formation</libelle>
<code_type_activite>3</code_type_activite>
<code_type_item_activite>2</code_type_item_activite>
<position_item>2</position_item>
<priorisation>1</priorisation>
<riasec_majeur>S</riasec_majeur>
</item_as>
</activite_specifique>
<savoir_theorique_et_proceduraux nbItemSTP_AS="1">
<item_as_stp>
<code_ogr>100090</code_ogr>
<libelle>Techniques p&#0233;dagogiques</libelle>
<code_type_competence>1</code_type_competence>
<position_item>1</position_item>
<priorisation>1</priorisation>
</item_as_stp>
</savoir_theorique_et_proceduraux>
<savoir_action nbItemSA_AS="0">
</savoir_action>
</bloc>
<bloc>
<position_bloc>7</position_bloc>
<activite_specifique nbItemActivite_AS="1">
<item_as>
<code_ogr>102359</code_ogr>
<libelle>Coordonner l&#0039;activit&#0233; d&#0039;une &#0233;quipe</libelle>
<code_type_activite>3</code_type_activite>
<code_type_item_activite>2</code_type_item_activite>
<position_item>1</position_item>
<priorisation>1</priorisation>
<riasec_majeur>E</riasec_majeur>
<riasec_mineur>s</riasec_mineur>
</item_as>
</activite_specifique>
<savoir_theorique_et_proceduraux nbItemSTP_AS="0">
</savoir_theorique_et_proceduraux>
<savoir_action nbItemSA_AS="0">
</savoir_action>
</bloc>
<bloc>
<position_bloc>8</position_bloc>
<activite_specifique nbItemActivite_AS="2">
<item_as>
<code_ogr>124524</code_ogr>
<libelle>Recruter du personnel</libelle>
<code_type_activite>3</code_type_activite>
<code_type_item_activite>2</code_type_item_activite>
<position_item>1</position_item>
<priorisation>1</priorisation>
<riasec_majeur>E</riasec_majeur>
</item_as>
<item_as>
<code_ogr>121060</code_ogr>
<libelle>Former du personnel &#0224; des proc&#0233;dures et techniques</libelle>
<code_type_activite>3</code_type_activite>
<code_type_item_activite>2</code_type_item_activite>
<position_item>2</position_item>
<priorisation>1</priorisation>
<riasec_majeur>S</riasec_majeur>
<riasec_mineur>r</riasec_mineur>
</item_as>
</activite_specifique>
<savoir_theorique_et_proceduraux nbItemSTP_AS="0">
</savoir_theorique_et_proceduraux>
<savoir_action nbItemSA_AS="0">
</savoir_action>
</bloc>
<bloc>
<position_bloc>9</position_bloc>
<activite_specifique nbItemActivite_AS="1">
<item_as>
<code_ogr>122479</code_ogr>
<libelle>Organiser des actions de formation</libelle>
<code_type_activite>3</code_type_activite>
<code_type_item_activite>2</code_type_item_activite>
<position_item>1</position_item>
<priorisation>1</priorisation>
<riasec_majeur>S</riasec_majeur>
<riasec_mineur>e</riasec_mineur>
</item_as>
</activite_specifique>
<savoir_theorique_et_proceduraux nbItemSTP_AS="1">
<item_as_stp>
<code_ogr>101388</code_ogr>
<libelle>Gestion des Ressources Humaines</libelle>
<code_type_competence>1</code_type_competence>
<position_item>1</position_item>
<priorisation>1</priorisation>
</item_as_stp>
</savoir_theorique_et_proceduraux>
<savoir_action nbItemSA_AS="0">
</savoir_action>
</bloc>
<bloc>
<position_bloc>10</position_bloc>
<activite_specifique nbItemActivite_AS="1">
<item_as>
<code_ogr>124620</code_ogr>
<libelle>V&#0233;rifier les &#0233;l&#0233;ments d&#0039;activit&#0233; et de gestion administrative du personnel</libelle>
<code_type_activite>3</code_type_activite>
<code_type_item_activite>2</code_type_item_activite>
<position_item>1</position_item>
<priorisation>1</priorisation>
<riasec_majeur>C</riasec_majeur>
</item_as>
</activite_specifique>
<savoir_theorique_et_proceduraux nbItemSTP_AS="0">
</savoir_theorique_et_proceduraux>
<savoir_action nbItemSA_AS="0">
</savoir_action>
</bloc>
<bloc>
<position_bloc>11</position_bloc>
<activite_specifique nbItemActivite_AS="1">
<item_as>
<code_ogr>115028</code_ogr>
<libelle>Analyser les donn&#0233;es d&#0039;activit&#0233; de la structure, du service et identifier des axes d&#0039;&#0233;volution</libelle>
<code_type_activite>3</code_type_activite>
<code_type_item_activite>2</code_type_item_activite>
<position_item>1</position_item>
<priorisation>1</priorisation>
<riasec_majeur>E</riasec_majeur>
<riasec_mineur>i</riasec_mineur>
</item_as>
</activite_specifique>
<savoir_theorique_et_proceduraux nbItemSTP_AS="1">
<item_as_stp>
<code_ogr>101315</code_ogr>
<libelle>Analyse statistique</libelle>
<code_type_competence>1</code_type_competence>
<position_item>1</position_item>
<priorisation>1</priorisation>
</item_as_stp>
</savoir_theorique_et_proceduraux>
<savoir_action nbItemSA_AS="0">
</savoir_action>
</bloc>
</bloc_activites_specifiques>
<bloc_mobilites>
<mobilites_proches nbItemMob="4">
<item_mob_pr><code_type_mobilite>1</code_type_mobilite>
<liste_appellation_source>
<code_appellation_source>0</code_appellation_source>
<libelle_appellation_source>Toutes les appellations</libelle_appellation_source>
</liste_appellation_source>
<code_rome_cible>D1401</code_rome_cible>
<libelle_rome_cible>Assistanat commercial</libelle_rome_cible>
<liste_appellation_cible>
<code_appellation_cible>0</code_appellation_cible>
<libelle_appellation_cible>Toutes les appellations</libelle_appellation_cible>
</liste_appellation_cible>
</item_mob_pr>
<item_mob_pr><code_type_mobilite>1</code_type_mobilite>
<liste_appellation_source>
<code_appellation_source>0</code_appellation_source>
<libelle_appellation_source>Toutes les appellations</libelle_appellation_source>
</liste_appellation_source>
<code_rome_cible>D1403</code_rome_cible>
<libelle_rome_cible>Relation commerciale aupr&#0232;s de particuliers</libelle_rome_cible>
<liste_appellation_cible>
<code_appellation_cible>0</code_appellation_cible>
<libelle_appellation_cible>Toutes les appellations</libelle_appellation_cible>
</liste_appellation_cible>
</item_mob_pr>
<item_mob_pr><code_type_mobilite>1</code_type_mobilite>
<liste_appellation_source>
<code_appellation_source>0</code_appellation_source>
<libelle_appellation_source>Toutes les appellations</libelle_appellation_source>
</liste_appellation_source>
<code_rome_cible>E1101</code_rome_cible>
<libelle_rome_cible>Animation de site multim&#0233;dia</libelle_rome_cible>
<liste_appellation_cible>
<code_appellation_cible>0</code_appellation_cible>
<libelle_appellation_cible>Toutes les appellations</libelle_appellation_cible>
</liste_appellation_cible>
</item_mob_pr>
<item_mob_pr><code_type_mobilite>1</code_type_mobilite>
<liste_appellation_source>
<code_appellation_source>0</code_appellation_source>
<libelle_appellation_source>Toutes les appellations</libelle_appellation_source>
</liste_appellation_source>
<code_rome_cible>M1401</code_rome_cible>
<libelle_rome_cible>Conduite d&#0039;enqu&#0234;tes</libelle_rome_cible>
<liste_appellation_cible>
<code_appellation_cible>0</code_appellation_cible>
<libelle_appellation_cible>Toutes les appellations</libelle_appellation_cible>
</liste_appellation_cible>
</item_mob_pr>
</mobilites_proches>
<mobilites_si_evolution nbItemMob="5">
<item_mob_ev><code_type_mobilite>2</code_type_mobilite>
<liste_appellation_source>
<code_appellation_source>0</code_appellation_source>
<libelle_appellation_source>Toutes les appellations</libelle_appellation_source>
</liste_appellation_source>
<code_rome_cible>D1402</code_rome_cible>
<libelle_rome_cible>Relation commerciale grands comptes et entreprises</libelle_rome_cible>
<liste_appellation_cible>
<code_appellation_cible>0</code_appellation_cible>
<libelle_appellation_cible>Toutes les appellations</libelle_appellation_cible>
</liste_appellation_cible>
</item_mob_ev>
<item_mob_ev><code_type_mobilite>2</code_type_mobilite>
<liste_appellation_source>
<code_appellation_source>0</code_appellation_source>
<libelle_appellation_source>Toutes les appellations</libelle_appellation_source>
</liste_appellation_source>
<code_rome_cible>D1405</code_rome_cible>
<libelle_rome_cible>Conseil en information m&#0233;dicale</libelle_rome_cible>
<liste_appellation_cible>
<code_appellation_cible>13941</code_appellation_cible>
<libelle_appellation_cible>D&#0233;l&#0233;gu&#0233; / D&#0233;l&#0233;gu&#0233;e pharmaceutique</libelle_appellation_cible>
</liste_appellation_cible>
</item_mob_ev>
<item_mob_ev><code_type_mobilite>2</code_type_mobilite>
<liste_appellation_source>
<code_appellation_source>18675</code_appellation_source>
<libelle_appellation_source>Responsable de centre d&#0039;appels</libelle_appellation_source>
<code_appellation_source>18806</code_appellation_source>
<libelle_appellation_source>Responsable de plateau de centre d&#0039;appels</libelle_appellation_source>
<code_appellation_source>19557</code_appellation_source>
<libelle_appellation_source>Superviseur / Superviseuse de centre d&#0039;appels</libelle_appellation_source>
</liste_appellation_source>
<code_rome_cible>D1406</code_rome_cible>
<libelle_rome_cible>Management en force de vente</libelle_rome_cible>
<liste_appellation_cible>
<code_appellation_cible>0</code_appellation_cible>
<libelle_appellation_cible>Toutes les appellations</libelle_appellation_cible>
</liste_appellation_cible>
</item_mob_ev>
<item_mob_ev><code_type_mobilite>2</code_type_mobilite>
<liste_appellation_source>
<code_appellation_source>0</code_appellation_source>
<libelle_appellation_source>Toutes les appellations</libelle_appellation_source>
</liste_appellation_source>
<code_rome_cible>G1303</code_rome_cible>
<libelle_rome_cible>Vente de voyages</libelle_rome_cible>
<liste_appellation_cible>
<code_appellation_cible>20301</code_appellation_cible>
<libelle_appellation_cible>T&#0233;l&#0233;conseiller / T&#0233;l&#0233;conseill&#0232;re voyages</libelle_appellation_cible>
</liste_appellation_cible>
</item_mob_ev>
<item_mob_ev><code_type_mobilite>2</code_type_mobilite>
<liste_appellation_source>
<code_appellation_source>0</code_appellation_source>
<libelle_appellation_source>Toutes les appellations</libelle_appellation_source>
</liste_appellation_source>
<code_rome_cible>M1404</code_rome_cible>
<libelle_rome_cible>Management et gestion d&#0039;enqu&#0234;tes</libelle_rome_cible>
<liste_appellation_cible>
<code_appellation_cible>0</code_appellation_cible>
<libelle_appellation_cible>Toutes les appellations</libelle_appellation_cible>
</liste_appellation_cible>
</item_mob_ev>
</mobilites_si_evolution>
</bloc_mobilites>
</fiche_emploi_metier>