<?xml version="1.0" encoding="UTF-8" ?>
<fiche_emploi_metier>
<type_fiche>2</type_fiche>
<libelle_type_fiche>priorise</libelle_type_fiche>
<version_SI>
<version_rome>333</version_rome>
<date_version_si>01/10/2017</date_version_si>
<mois_version_si>Octobre</mois_version_si>
<annee_version_si>2017</annee_version_si>
</version_SI>
<bloc_code_rome>
<code_rome>E1306</code_rome>
<intitule>Pr&#0233;presse</intitule>
<code_ogr>137</code_ogr>
<riasec_majeur>R</riasec_majeur>
<riasec_mineur>c</riasec_mineur>
</bloc_code_rome>
<bloc_appellation nbItemAppellation="48">
<item_app>
<code_ogr>12066</code_ogr>
<libelle>Chef d&#0039;atelier pr&#0233;presse</libelle>
<libelle_court>Chef d&#0039;atelier pr&#0233;presse</libelle_court>
<priorisation>1</priorisation>
</item_app>
<item_app>
<code_ogr>126538</code_ogr>
<libelle>Chef d&#0039;atelier signal&#0233;tique</libelle>
<libelle_court>Chef d&#0039;atelier signal&#0233;tique</libelle_court>
<priorisation>1</priorisation>
</item_app>
<item_app>
<code_ogr>12636</code_ogr>
<libelle>Chromiste</libelle>
<libelle_court>Chromiste</libelle_court>
<priorisation>1</priorisation>
</item_app>
<item_app>
<code_ogr>12654</code_ogr>
<libelle>Claviste en Publication Assist&#0233;e par Ordinateur -PAO-</libelle>
<libelle_court>Claviste en Publication Assist&#0233;e par Ordinateur -PAO-</libelle_court>
<priorisation>1</priorisation>
</item_app>
<item_app>
<code_ogr>12670</code_ogr>
<libelle>Clicheur / Clicheuse</libelle>
<libelle_court>Clicheur / Clicheuse</libelle_court>
<priorisation>1</priorisation>
</item_app>
<item_app>
<code_ogr>12781</code_ogr>
<libelle>Compograveur / Compograveuse</libelle>
<libelle_court>Compograveur / Compograveuse</libelle_court>
<priorisation>1</priorisation>
</item_app>
<item_app>
<code_ogr>12785</code_ogr>
<libelle>Compositeur / Compositrice en Publication Assist&#0233;e par Ordinateur -PAO-</libelle>
<libelle_court>Compositeur/Compositrice en -PAO-</libelle_court>
<priorisation>1</priorisation>
</item_app>
<item_app>
<code_ogr>13724</code_ogr>
<libelle>Copiste</libelle>
<libelle_court>Copiste</libelle_court>
<priorisation>1</priorisation>
</item_app>
<item_app>
<code_ogr>13725</code_ogr>
<libelle>Copiste offset</libelle>
<libelle_court>Copiste offset</libelle_court>
<priorisation>1</priorisation>
</item_app>
<item_app>
<code_ogr>15094</code_ogr>
<libelle>Flasheur / Flasheuse</libelle>
<libelle_court>Flasheur / Flasheuse</libelle_court>
<priorisation>1</priorisation>
</item_app>
<item_app>
<code_ogr>15396</code_ogr>
<libelle>Graphiste en Publication Assist&#0233;e par Ordinateur -PAO-</libelle>
<libelle_court>Graphiste en Publication Assist&#0233;e par Ordinateur -PAO-</libelle_court>
<priorisation>1</priorisation>
</item_app>
<item_app>
<code_ogr>15397</code_ogr>
<libelle>Graphiste metteur / metteuse en page</libelle>
<libelle_court>Graphiste metteur / metteuse en page</libelle_court>
<priorisation>1</priorisation>
</item_app>
<item_app>
<code_ogr>15408</code_ogr>
<libelle>Graveur / Graveuse h&#0233;lio</libelle>
<libelle_court>Graveur / Graveuse h&#0233;lio</libelle_court>
<priorisation>1</priorisation>
</item_app>
<item_app>
<code_ogr>38734</code_ogr>
<libelle>Graveur / Graveuse sur commande num&#0233;rique</libelle>
<libelle_court>Graveur / Graveuse sur commande num&#0233;rique</libelle_court>
<priorisation>1</priorisation>
</item_app>
<item_app>
<code_ogr>16033</code_ogr>
<libelle>Int&#0233;grateur / Int&#0233;gratrice texte/image</libelle>
<libelle_court>Int&#0233;grateur / Int&#0233;gratrice texte/image</libelle_court>
<priorisation>1</priorisation>
</item_app>
<item_app>
<code_ogr>16368</code_ogr>
<libelle>Maquettiste d&#0039;ex&#0233;cution &#0233;dition</libelle>
<libelle_court>Maquettiste d&#0039;ex&#0233;cution &#0233;dition</libelle_court>
<priorisation>1</priorisation>
</item_app>
<item_app>
<code_ogr>16369</code_ogr>
<libelle>Maquettiste d&#0039;ex&#0233;cution en imprimerie</libelle>
<libelle_court>Maquettiste d&#0039;ex&#0233;cution en imprimerie</libelle_court>
<priorisation>1</priorisation>
</item_app>
<item_app>
<code_ogr>16370</code_ogr>
<libelle>Maquettiste d&#0039;ex&#0233;cution en Publication Assist&#0233;e par Ordinateur -PAO-</libelle>
<libelle_court>Maquettiste d&#0039;ex&#0233;cution Publication Assist&#0233;e par Ordinateur</libelle_court>
<priorisation>1</priorisation>
</item_app>
<item_app>
<code_ogr>16371</code_ogr>
<libelle>Maquettiste d&#0039;ex&#0233;cution publicitaire</libelle>
<libelle_court>Maquettiste d&#0039;ex&#0233;cution publicitaire</libelle_court>
<priorisation>1</priorisation>
</item_app>
<item_app>
<code_ogr>16668</code_ogr>
<libelle>Metteur / Metteuse en page</libelle>
<libelle_court>Metteur / Metteuse en page</libelle_court>
<priorisation>1</priorisation>
</item_app>
<item_app>
<code_ogr>16669</code_ogr>
<libelle>Metteur / Metteuse en page maquettiste</libelle>
<libelle_court>Metteur / Metteuse en page maquettiste</libelle_court>
<priorisation>1</priorisation>
</item_app>
<item_app>
<code_ogr>16670</code_ogr>
<libelle>Metteur / Metteuse en page texte/image</libelle>
<libelle_court>Metteur / Metteuse en page texte/image</libelle_court>
<priorisation>1</priorisation>
</item_app>
<item_app>
<code_ogr>16824</code_ogr>
<libelle>Monteur / Monteuse en imposition</libelle>
<libelle_court>Monteur / Monteuse en imposition</libelle_court>
<priorisation>1</priorisation>
</item_app>
<item_app>
<code_ogr>16849</code_ogr>
<libelle>Monteur / Monteuse offset</libelle>
<libelle_court>Monteur / Monteuse offset</libelle_court>
<priorisation>1</priorisation>
</item_app>
<item_app>
<code_ogr>16864</code_ogr>
<libelle>Monteur / Monteuse sur table</libelle>
<libelle_court>Monteur / Monteuse sur table</libelle_court>
<priorisation>1</priorisation>
</item_app>
<item_app>
<code_ogr>16844</code_ogr>
<libelle>Monteur incorporateur / Monteuse incorporatrice en industrie graphique</libelle>
<libelle_court>Monteur(se) incorporateur(trice) en industrie graphique</libelle_court>
<priorisation>1</priorisation>
</item_app>
<item_app>
<code_ogr>16861</code_ogr>
<libelle>Monteur scanneur / Monteuse scanneuse</libelle>
<libelle_court>Monteur scanneur / Monteuse scanneuse</libelle_court>
<priorisation>1</priorisation>
</item_app>
<item_app>
<code_ogr>16882</code_ogr>
<libelle>Monteur-copiste / Monteuse-copiste en industrie graphique</libelle>
<libelle_court>Monteur-copiste / Monteuse-copiste en industrie graphique</libelle_court>
<priorisation>1</priorisation>
</item_app>
<item_app>
<code_ogr>17130</code_ogr>
<libelle>Op&#0233;rateur / Op&#0233;ratrice de photocomposition</libelle>
<libelle_court>Op&#0233;rateur / Op&#0233;ratrice de photocomposition</libelle_court>
<priorisation>1</priorisation>
</item_app>
<item_app>
<code_ogr>17143</code_ogr>
<libelle>Op&#0233;rateur / Op&#0233;ratrice de pr&#0233;presse</libelle>
<libelle_court>Op&#0233;rateur / Op&#0233;ratrice de pr&#0233;presse</libelle_court>
<priorisation>1</priorisation>
</item_app>
<item_app>
<code_ogr>126539</code_ogr>
<libelle>Op&#0233;rateur / Op&#0233;ratrice en impression num&#0233;rique et d&#0233;coupe adh&#0233;sif/vinyle</libelle>
<libelle_court>Op&#0233;rateur(trice)  impres. num&#0233;rique d&#0233;coupe adh&#0233;sif/vinyle</libelle_court>
<priorisation>1</priorisation>
</item_app>
<item_app>
<code_ogr>17211</code_ogr>
<libelle>Op&#0233;rateur / Op&#0233;ratrice en Publication Assist&#0233;e par Ordinateur -PAO-</libelle>
<libelle_court>Op&#0233;rateur/Op&#0233;ratrice en Publication Assist&#0233;e par Ordinateur</libelle_court>
<priorisation>1</priorisation>
</item_app>
<item_app>
<code_ogr>17237</code_ogr>
<libelle>Op&#0233;rateur / Op&#0233;ratrice graphiste enseigne et signal&#0233;tique</libelle>
<libelle_court>Op&#0233;rateur / Op&#0233;ratrice graphiste enseigne et signal&#0233;tique</libelle_court>
<priorisation>1</priorisation>
</item_app>
<item_app>
<code_ogr>17254</code_ogr>
<libelle>Op&#0233;rateur / Op&#0233;ratrice pr&#0233;presse en Publication Assist&#0233;e par Ordinateur -PAO-</libelle>
<libelle_court>Op&#0233;rateur/Op&#0233;ratrice pr&#0233;presse en -PAO-</libelle_court>
<priorisation>1</priorisation>
</item_app>
<item_app>
<code_ogr>17274</code_ogr>
<libelle>Op&#0233;rateur / Op&#0233;ratrice scanner</libelle>
<libelle_court>Op&#0233;rateur / Op&#0233;ratrice scanner</libelle_court>
<priorisation>1</priorisation>
</item_app>
<item_app>
<code_ogr>17338</code_ogr>
<libelle>Op&#0233;rateur / Op&#0233;ratrice syst&#0232;me en Publication Assist&#0233;e par Ordinateur -PAO-</libelle>
<libelle_court>Op&#0233;rateur/Op&#0233;ratrice syst&#0232;me en -PAO-</libelle_court>
<priorisation>1</priorisation>
</item_app>
<item_app>
<code_ogr>17340</code_ogr>
<libelle>Op&#0233;rateur / Op&#0233;ratrice syst&#0232;me texte/image</libelle>
<libelle_court>Op&#0233;rateur / Op&#0233;ratrice syst&#0232;me texte/image</libelle_court>
<priorisation>1</priorisation>
</item_app>
<item_app>
<code_ogr>17343</code_ogr>
<libelle>Op&#0233;rateur / Op&#0233;ratrice texte en Publication Assist&#0233;e par Ordinateur -PAO-</libelle>
<libelle_court>Op&#0233;rateur/Op&#0233;ratrice texte en -PAO-</libelle_court>
<priorisation>1</priorisation>
</item_app>
<item_app>
<code_ogr>17344</code_ogr>
<libelle>Op&#0233;rateur / Op&#0233;ratrice texte/image en Publication Assist&#0233;e par Ordinateur -PAO-</libelle>
<libelle_court>Op&#0233;rateur/Op&#0233;ratrice texte/image en -PAO-</libelle_court>
<priorisation>1</priorisation>
</item_app>
<item_app>
<code_ogr>17698</code_ogr>
<libelle>Photocompositeur / Photocompositrice</libelle>
<libelle_court>Photocompositeur / Photocompositrice</libelle_court>
<priorisation>1</priorisation>
</item_app>
<item_app>
<code_ogr>17729</code_ogr>
<libelle>Photograveur / Photograveuse</libelle>
<libelle_court>Photograveur / Photograveuse</libelle_court>
<priorisation>1</priorisation>
</item_app>
<item_app>
<code_ogr>18024</code_ogr>
<libelle>Pr&#0233;parateur / Pr&#0233;paratrice en forme imprimante</libelle>
<libelle_court>Pr&#0233;parateur / Pr&#0233;paratrice en forme imprimante</libelle_court>
<priorisation>1</priorisation>
</item_app>
<item_app>
<code_ogr>18641</code_ogr>
<libelle>Responsable d&#0039;atelier de photogravure</libelle>
<libelle_court>Responsable d&#0039;atelier de photogravure</libelle_court>
<priorisation>1</priorisation>
</item_app>
<item_app>
<code_ogr>19028</code_ogr>
<libelle>Responsable du service pr&#0233;presse</libelle>
<libelle_court>Responsable du service pr&#0233;presse</libelle_court>
<priorisation>1</priorisation>
</item_app>
<item_app>
<code_ogr>19247</code_ogr>
<libelle>Retoucheur / Retoucheuse h&#0233;lio</libelle>
<libelle_court>Retoucheur / Retoucheuse h&#0233;lio</libelle_court>
<priorisation>1</priorisation>
</item_app>
<item_app>
<code_ogr>19252</code_ogr>
<libelle>Retoucheur-chromiste / Retoucheuse-chromiste</libelle>
<libelle_court>Retoucheur-chromiste / Retoucheuse-chromiste</libelle_court>
<priorisation>1</priorisation>
</item_app>
<item_app>
<code_ogr>19315</code_ogr>
<libelle>Scann&#0233;riste</libelle>
<libelle_court>Scann&#0233;riste</libelle_court>
<priorisation>1</priorisation>
</item_app>
<item_app>
<code_ogr>20491</code_ogr>
<libelle>Typographe</libelle>
<libelle_court>Typographe</libelle_court>
<priorisation>1</priorisation>
</item_app>
</bloc_appellation>
<definition nbItemDefinition="4">
R&#0233;alise tout ou partie des op&#0233;rations de pr&#0233;presse d&#0039;&#0233;l&#0233;ments graphiques (pr&#0233;paration de la forme imprimante, mise en page de texte/image, imposition, flashage, photogravure, ...) en fonction des commandes et des imp&#0233;ratifs de quantit&#0233;s, d&#0233;lais, qualit&#0233;.
Peut concevoir, vectoriser ou fabriquer des &#0233;l&#0233;ments visuels de communication (graphismes, logos, enseignes, signal&#0233;tiques, ...).
Peut graver et marquer en creux ou en relief des m&#0233;taux, des plastiques, des mat&#0233;riaux composites, organiques et min&#0233;raux.
Peut coordonner une &#0233;quipe et diriger un service pr&#0233;presse ou signal&#0233;tique.
</definition>
<acces_emploi_metier nbItemAccesEmploiMetier="4">
Cet emploi/m&#0233;tier est accessible avec un dipl&#0244;me de niveau Bac (professionnel, brevet professionnel, ...) &#0224; Bac+2 (BTS, DUT, ...) dans les secteurs de la communication et des industries graphiques et signal&#0233;tiques.
Il est &#0233;galement accessible avec un dipl&#0244;me de niveau CAP/BEP en communication et industries graphiques compl&#0233;t&#0233; par une exp&#0233;rience professionnelle dans le secteur.
La pratique d&#0039;une langue &#0233;trang&#0232;re peut &#0234;tre demand&#0233;e.
La ma&#0238;trise de l&#0039;outil informatique (logiciels de Publication Assist&#0233;e par Ordinateur -PAO-, logiciels de Dessin Assist&#0233; par Ordinateur - DAO,...) est exig&#0233;e.
</acces_emploi_metier>
<condition_exercice_activite nbItemConditionExercice="4">
L&#0039;activit&#0233; de cet emploi/m&#0233;tier s&#0039;exerce au sein d&#0039;entreprises de communication et d&#0039;industries graphiques (imprimerie, atelier de reprographie, service d&#0039;impression int&#0233;gr&#0233;, atelier de photogravure, agence de publicit&#0233;, atelier de gravure, atelier de signal&#0233;tique et d&#0039;enseigne) en relation avec des bureaux d&#0039;&#0233;tudes, des &#0233;diteurs, ...
Elle varie selon le secteur (imprimerie de labeur, imprimerie de presse, communication visuelle, signal&#0233;tique...), la taille de l&#0039;entreprise et le degr&#0233; d&#0039;informatisation des &#0233;quipements.
Elle peut s&#0039;exercer par roulement, les fins de semaine, jours f&#0233;ri&#0233;s ou de nuit.
L&#0039;activit&#0233; s&#0039;effectue en bureau, en atelier ou sur site (photogravure, gravure, signal&#0233;tique...).
</condition_exercice_activite>
<bloc_environnement_de_travail nbItemEnvTrav="16">
<item_env>
<code_ogr>23716</code_ogr>
<libelle>Atelier int&#0233;gr&#0233;</libelle>
<code_type_section_env>1</code_type_section_env>
<priorisation>1</priorisation>
</item_env>
<item_env>
<code_ogr>23388</code_ogr>
<libelle>Administration / Services de l&#0039;Etat</libelle>
<code_type_section_env>2</code_type_section_env>
<priorisation>1</priorisation>
</item_env>
<item_env>
<code_ogr>23401</code_ogr>
<libelle>Arm&#0233;e</libelle>
<code_type_section_env>2</code_type_section_env>
<priorisation>1</priorisation>
</item_env>
<item_env>
<code_ogr>23448</code_ogr>
<libelle>Communication</libelle>
<code_type_section_env>2</code_type_section_env>
<priorisation>1</priorisation>
</item_env>
<item_env>
<code_ogr>23449</code_ogr>
<libelle>Conditionnement, emballage</libelle>
<code_type_section_env>2</code_type_section_env>
<priorisation>1</priorisation>
</item_env>
<item_env>
<code_ogr>23482</code_ogr>
<libelle>Enseigne/signal&#0233;tique</libelle>
<code_type_section_env>2</code_type_section_env>
<priorisation>1</priorisation>
</item_env>
<item_env>
<code_ogr>23497</code_ogr>
<libelle>Fa&#0231;onnage/routage</libelle>
<code_type_section_env>2</code_type_section_env>
<priorisation>1</priorisation>
</item_env>
<item_env>
<code_ogr>38748</code_ogr>
<libelle>Gravure industrielle</libelle>
<code_type_section_env>2</code_type_section_env>
<priorisation>1</priorisation>
</item_env>
<item_env>
<code_ogr>23524</code_ogr>
<libelle>Imprimerie</libelle>
<code_type_section_env>2</code_type_section_env>
<priorisation>1</priorisation>
</item_env>
<item_env>
<code_ogr>23525</code_ogr>
<libelle>Imprimerie de labeur</libelle>
<code_type_section_env>2</code_type_section_env>
<priorisation>1</priorisation>
</item_env>
<item_env>
<code_ogr>23526</code_ogr>
<libelle>Imprimerie de presse</libelle>
<code_type_section_env>2</code_type_section_env>
<priorisation>1</priorisation>
</item_env>
<item_env>
<code_ogr>23527</code_ogr>
<libelle>Imprimerie d&#0039;&#0233;dition</libelle>
<code_type_section_env>2</code_type_section_env>
<priorisation>1</priorisation>
</item_env>
<item_env>
<code_ogr>23531</code_ogr>
<libelle>Industrie du papier, carton</libelle>
<code_type_section_env>2</code_type_section_env>
<priorisation>1</priorisation>
</item_env>
<item_env>
<code_ogr>23532</code_ogr>
<libelle>Industrie graphique</libelle>
<code_type_section_env>2</code_type_section_env>
<priorisation>1</priorisation>
</item_env>
<item_env>
<code_ogr>23570</code_ogr>
<libelle>Papeterie</libelle>
<code_type_section_env>2</code_type_section_env>
<priorisation>1</priorisation>
</item_env>
<item_env>
<code_ogr>23603</code_ogr>
<libelle>Publicit&#0233;</libelle>
<code_type_section_env>2</code_type_section_env>
<priorisation>1</priorisation>
</item_env>
</bloc_environnement_de_travail>
<bloc_activites_de_base nbBlocActiviteBase="1">
<activites_de_base nbItemActivite_AB="13">
<item_ab>
<code_ogr>102945</code_ogr>
<libelle>D&#0233;finir les &#0233;tapes de r&#0233;alisation de la commande (mise en page, imposition, flashage, ...) et contr&#0244;ler le support fourni</libelle>
<code_type_activite>3</code_type_activite>
<code_type_item_activite>2</code_type_item_activite>
<position_item>1</position_item>
<priorisation>1</priorisation>
<riasec_majeur>C</riasec_majeur>
</item_ab>
<item_ab>
<code_ogr>102946</code_ogr>
<libelle>Saisir le texte ou r&#0233;aliser la maquette &#0224; partir du manuscrit, pr&#0233;-projet, brouillon</libelle>
<code_type_activite>3</code_type_activite>
<code_type_item_activite>2</code_type_item_activite>
<position_item>2</position_item>
<priorisation>1</priorisation>
<riasec_majeur>C</riasec_majeur>
</item_ab>
<item_ab>
<code_ogr>124623</code_ogr>
<libelle>S&#0233;lectionner des documents et images dans une base de donn&#0233;es</libelle>
<code_type_activite>3</code_type_activite>
<code_type_item_activite>2</code_type_item_activite>
<position_item>3</position_item>
<priorisation>1</priorisation>
<riasec_majeur>A</riasec_majeur>
<riasec_mineur>i</riasec_mineur>
</item_ab>
<item_ab>
<code_ogr>102725</code_ogr>
<libelle>Concevoir la mise en page et enrichir le document (int&#0233;gration texte, image, correction, ...) selon les r&#0232;gles typographiques et la charte graphique</libelle>
<code_type_activite>3</code_type_activite>
<code_type_item_activite>2</code_type_item_activite>
<position_item>4</position_item>
<priorisation>1</priorisation>
<riasec_majeur>A</riasec_majeur>
</item_ab>
<item_ab>
<code_ogr>102948</code_ogr>
<libelle>Traiter textes et images en fonction des modes et des supports d&#0039;impression</libelle>
<code_type_activite>3</code_type_activite>
<code_type_item_activite>2</code_type_item_activite>
<position_item>5</position_item>
<priorisation>1</priorisation>
<riasec_majeur>A</riasec_majeur>
<riasec_mineur>r</riasec_mineur>
</item_ab>
<item_ab>
<code_ogr>125562</code_ogr>
<libelle>Effectuer le flashage d&#0039;un film</libelle>
<code_type_activite>3</code_type_activite>
<code_type_item_activite>2</code_type_item_activite>
<position_item>6</position_item>
<priorisation>1</priorisation>
<riasec_majeur>I</riasec_majeur>
<riasec_mineur>a</riasec_mineur>
</item_ab>
<item_ab>
<code_ogr>125560</code_ogr>
<libelle>R&#0233;aliser une &#0233;preuve de contr&#0244;le</libelle>
<code_type_activite>3</code_type_activite>
<code_type_item_activite>2</code_type_item_activite>
<position_item>7</position_item>
<priorisation>1</priorisation>
<riasec_majeur>I</riasec_majeur>
<riasec_mineur>a</riasec_mineur>
</item_ab>
<item_ab>
<code_ogr>125561</code_ogr>
<libelle>V&#0233;rifier une &#0233;preuve de contr&#0244;le</libelle>
<code_type_activite>3</code_type_activite>
<code_type_item_activite>2</code_type_item_activite>
<position_item>8</position_item>
<priorisation>1</priorisation>
<riasec_majeur>I</riasec_majeur>
<riasec_mineur>a</riasec_mineur>
</item_ab>
<item_ab>
<code_ogr>125742</code_ogr>
<libelle>Copier des films sur une forme imprimante</libelle>
<code_type_activite>3</code_type_activite>
<code_type_item_activite>2</code_type_item_activite>
<position_item>9</position_item>
<priorisation>1</priorisation>
<riasec_majeur>C</riasec_majeur>
</item_ab>
<item_ab>
<code_ogr>125741</code_ogr>
<libelle>R&#0233;aliser l&#0039;imposition de films</libelle>
<code_type_activite>3</code_type_activite>
<code_type_item_activite>2</code_type_item_activite>
<position_item>10</position_item>
<priorisation>1</priorisation>
<riasec_majeur>C</riasec_majeur>
</item_ab>
<item_ab>
<code_ogr>124604</code_ogr>
<libelle>Contr&#0244;ler un syst&#0232;me de gravure directe de plaque d&#0039;impression</libelle>
<code_type_activite>3</code_type_activite>
<code_type_item_activite>2</code_type_item_activite>
<position_item>11</position_item>
<priorisation>1</priorisation>
<riasec_majeur>R</riasec_majeur>
</item_ab>
<item_ab>
<code_ogr>124606</code_ogr>
<libelle>Contr&#0244;ler un syst&#0232;me d&#0039;imposition num&#0233;rique</libelle>
<code_type_activite>3</code_type_activite>
<code_type_item_activite>2</code_type_item_activite>
<position_item>12</position_item>
<priorisation>1</priorisation>
<riasec_majeur>R</riasec_majeur>
</item_ab>
<item_ab>
<code_ogr>102952</code_ogr>
<libelle>Contr&#0244;ler le document finalis&#0233; et v&#0233;rifier sa conformit&#0233; (charte graphique, maquette) pour pr&#0233;sentation du Bon &#0224; Tirer</libelle>
<code_type_activite>3</code_type_activite>
<code_type_item_activite>2</code_type_item_activite>
<position_item>13</position_item>
<priorisation>1</priorisation>
<riasec_majeur>C</riasec_majeur>
</item_ab>
</activites_de_base>
<savoir_theorique_et_proceduraux nbItemSTP_AB="14">
<item_ab_stp>
<code_ogr>124605</code_ogr>
<libelle>Computer To Film (CTF)</libelle>
<code_type_competence>1</code_type_competence>
<position_item>1</position_item>
<priorisation>1</priorisation>
</item_ab_stp>
<item_ab_stp>
<code_ogr>124603</code_ogr>
<libelle>Computer To Plate (CTP)</libelle>
<code_type_competence>1</code_type_competence>
<position_item>2</position_item>
<priorisation>1</priorisation>
</item_ab_stp>
<item_ab_stp>
<code_ogr>102734</code_ogr>
<libelle>R&#0232;gles de s&#0233;curisation de fichiers informatiques</libelle>
<code_type_competence>1</code_type_competence>
<position_item>3</position_item>
<priorisation>1</priorisation>
</item_ab_stp>
<item_ab_stp>
<code_ogr>119226</code_ogr>
<libelle>Publication Assist&#0233;e par Ordinateur (PAO)</libelle>
<code_type_competence>1</code_type_competence>
<position_item>4</position_item>
<priorisation>1</priorisation>
</item_ab_stp>
<item_ab_stp>
<code_ogr>102731</code_ogr>
<libelle>Techniques de gestion de r&#0233;seaux pr&#0233;presse</libelle>
<code_type_competence>1</code_type_competence>
<position_item>5</position_item>
<priorisation>1</priorisation>
</item_ab_stp>
<item_ab_stp>
<code_ogr>102957</code_ogr>
<libelle>Techniques d&#0039;imposition</libelle>
<code_type_competence>1</code_type_competence>
<position_item>6</position_item>
<priorisation>1</priorisation>
</item_ab_stp>
<item_ab_stp>
<code_ogr>102730</code_ogr>
<libelle>Proc&#0233;d&#0233;s et contraintes d&#0039;impression</libelle>
<code_type_competence>1</code_type_competence>
<position_item>7</position_item>
<priorisation>1</priorisation>
</item_ab_stp>
<item_ab_stp>
<code_ogr>102646</code_ogr>
<libelle>Colorim&#0233;trie</libelle>
<code_type_competence>1</code_type_competence>
<position_item>8</position_item>
<priorisation>1</priorisation>
</item_ab_stp>
<item_ab_stp>
<code_ogr>122238</code_ogr>
<libelle>Typographie</libelle>
<code_type_competence>1</code_type_competence>
<position_item>9</position_item>
<priorisation>1</priorisation>
</item_ab_stp>
<item_ab_stp>
<code_ogr>102956</code_ogr>
<libelle>Proc&#0233;d&#0233;s de photogravure</libelle>
<code_type_competence>1</code_type_competence>
<position_item>10</position_item>
<priorisation>1</priorisation>
</item_ab_stp>
<item_ab_stp>
<code_ogr>102461</code_ogr>
<libelle>Cha&#0238;ne graphique</libelle>
<code_type_competence>1</code_type_competence>
<position_item>11</position_item>
<priorisation>1</priorisation>
</item_ab_stp>
<item_ab_stp>
<code_ogr>119672</code_ogr>
<libelle>Conception et Dessin Assist&#0233;s par Ordinateur (CAO/DAO)</libelle>
<code_type_competence>1</code_type_competence>
<position_item>12</position_item>
<priorisation>1</priorisation>
</item_ab_stp>
<item_ab_stp>
<code_ogr>124468</code_ogr>
<libelle>Machines &#0224; commandes num&#0233;riques</libelle>
<code_type_competence>1</code_type_competence>
<position_item>13</position_item>
<priorisation>1</priorisation>
</item_ab_stp>
<item_ab_stp>
<code_ogr>118354</code_ogr>
<libelle>Techniques de s&#0233;paration Cyan Magenta Jaune Noir</libelle>
<code_type_competence>1</code_type_competence>
<position_item>14</position_item>
<priorisation>1</priorisation>
</item_ab_stp>
</savoir_theorique_et_proceduraux>
<savoir_action nbItemSA_AB="0">
</savoir_action>
</bloc_activites_de_base>
<bloc_activites_specifiques nbBlocActiviteSpecifique="10">
<bloc>
<position_bloc>1</position_bloc>
<activite_specifique nbItemActivite_AS="1">
<item_as>
<code_ogr>126130</code_ogr>
<libelle>Utiliser des logiciels</libelle>
<code_type_activite>3</code_type_activite>
<code_type_item_activite>2</code_type_item_activite>
<position_item>1</position_item>
<priorisation>1</priorisation>
<riasec_majeur>C</riasec_majeur>
</item_as>
</activite_specifique>
<savoir_theorique_et_proceduraux nbItemSTP_AS="14">
<item_as_stp>
<code_ogr>116427</code_ogr>
<libelle>Logiciel ArtCAM</libelle>
<code_type_competence>1</code_type_competence>
<position_item>1</position_item>
<priorisation>1</priorisation>
</item_as_stp>
<item_as_stp>
<code_ogr>116428</code_ogr>
<libelle>Logiciel Autocad</libelle>
<code_type_competence>1</code_type_competence>
<position_item>2</position_item>
<priorisation>1</priorisation>
</item_as_stp>
<item_as_stp>
<code_ogr>116432</code_ogr>
<libelle>Logiciel Corel Draw</libelle>
<code_type_competence>1</code_type_competence>
<position_item>3</position_item>
<priorisation>1</priorisation>
</item_as_stp>
<item_as_stp>
<code_ogr>126540</code_ogr>
<libelle>Logiciel FlexiSign</libelle>
<code_type_competence>1</code_type_competence>
<position_item>4</position_item>
<priorisation>1</priorisation>
</item_as_stp>
<item_as_stp>
<code_ogr>116437</code_ogr>
<libelle>Logiciel FrameMaker</libelle>
<code_type_competence>1</code_type_competence>
<position_item>5</position_item>
<priorisation>1</priorisation>
</item_as_stp>
<item_as_stp>
<code_ogr>116439</code_ogr>
<libelle>Logiciel GravoStyle</libelle>
<code_type_competence>1</code_type_competence>
<position_item>6</position_item>
<priorisation>1</priorisation>
</item_as_stp>
<item_as_stp>
<code_ogr>120739</code_ogr>
<libelle>Logiciel Illustrator</libelle>
<code_type_competence>1</code_type_competence>
<position_item>7</position_item>
<priorisation>1</priorisation>
</item_as_stp>
<item_as_stp>
<code_ogr>116442</code_ogr>
<libelle>Logiciel InDesign</libelle>
<code_type_competence>1</code_type_competence>
<position_item>8</position_item>
<priorisation>1</priorisation>
</item_as_stp>
<item_as_stp>
<code_ogr>116449</code_ogr>
<libelle>Logiciel Page Maker</libelle>
<code_type_competence>1</code_type_competence>
<position_item>9</position_item>
<priorisation>1</priorisation>
</item_as_stp>
<item_as_stp>
<code_ogr>120738</code_ogr>
<libelle>Logiciel Photoshop</libelle>
<code_type_competence>1</code_type_competence>
<position_item>10</position_item>
<priorisation>1</priorisation>
</item_as_stp>
<item_as_stp>
<code_ogr>116454</code_ogr>
<libelle>Logiciel Quark Express</libelle>
<code_type_competence>1</code_type_competence>
<position_item>11</position_item>
<priorisation>1</priorisation>
</item_as_stp>
<item_as_stp>
<code_ogr>126542</code_ogr>
<libelle>Logiciel RIP d&#0039;impression</libelle>
<code_type_competence>1</code_type_competence>
<position_item>12</position_item>
<priorisation>1</priorisation>
</item_as_stp>
<item_as_stp>
<code_ogr>126541</code_ogr>
<libelle>Logiciel SolidWorks</libelle>
<code_type_competence>1</code_type_competence>
<position_item>13</position_item>
<priorisation>1</priorisation>
</item_as_stp>
<item_as_stp>
<code_ogr>116458</code_ogr>
<libelle>Logiciel Type 3</libelle>
<code_type_competence>1</code_type_competence>
<position_item>14</position_item>
<priorisation>1</priorisation>
</item_as_stp>
</savoir_theorique_et_proceduraux>
<savoir_action nbItemSA_AS="0">
</savoir_action>
</bloc>
<bloc>
<position_bloc>2</position_bloc>
<activite_specifique nbItemActivite_AS="11">
<item_as>
<code_ogr>102961</code_ogr>
<libelle>Pr&#0233;parer des documents pour la flexographie</libelle>
<code_type_activite>3</code_type_activite>
<code_type_item_activite>2</code_type_item_activite>
<position_item>1</position_item>
<priorisation>1</priorisation>
<riasec_majeur>R</riasec_majeur>
</item_as>
<item_as>
<code_ogr>102962</code_ogr>
<libelle>Pr&#0233;parer des documents pour la gravure laser</libelle>
<code_type_activite>3</code_type_activite>
<code_type_item_activite>2</code_type_item_activite>
<position_item>2</position_item>
<priorisation>1</priorisation>
<riasec_majeur>R</riasec_majeur>
<riasec_mineur>a</riasec_mineur>
</item_as>
<item_as>
<code_ogr>102963</code_ogr>
<libelle>Pr&#0233;parer des documents pour la gravure m&#0233;canique</libelle>
<code_type_activite>3</code_type_activite>
<code_type_item_activite>2</code_type_item_activite>
<position_item>3</position_item>
<priorisation>1</priorisation>
<riasec_majeur>R</riasec_majeur>
<riasec_mineur>a</riasec_mineur>
</item_as>
<item_as>
<code_ogr>102964</code_ogr>
<libelle>Pr&#0233;parer des documents pour l&#0039;h&#0233;liogravure</libelle>
<code_type_activite>3</code_type_activite>
<code_type_item_activite>2</code_type_item_activite>
<position_item>4</position_item>
<priorisation>1</priorisation>
<riasec_majeur>R</riasec_majeur>
</item_as>
<item_as>
<code_ogr>102965</code_ogr>
<libelle>Pr&#0233;parer des documents pour la lithographie</libelle>
<code_type_activite>3</code_type_activite>
<code_type_item_activite>2</code_type_item_activite>
<position_item>5</position_item>
<priorisation>1</priorisation>
<riasec_majeur>R</riasec_majeur>
</item_as>
<item_as>
<code_ogr>102966</code_ogr>
<libelle>Pr&#0233;parer des documents pour une impression num&#0233;rique</libelle>
<code_type_activite>3</code_type_activite>
<code_type_item_activite>2</code_type_item_activite>
<position_item>6</position_item>
<priorisation>1</priorisation>
<riasec_majeur>R</riasec_majeur>
</item_as>
<item_as>
<code_ogr>102967</code_ogr>
<libelle>Pr&#0233;parer des documents pour un type d&#0039;impression ou de marquage Offset</libelle>
<code_type_activite>3</code_type_activite>
<code_type_item_activite>2</code_type_item_activite>
<position_item>7</position_item>
<priorisation>1</priorisation>
<riasec_majeur>R</riasec_majeur>
</item_as>
<item_as>
<code_ogr>102968</code_ogr>
<libelle>Pr&#0233;parer des documents pour la s&#0233;rigraphie</libelle>
<code_type_activite>3</code_type_activite>
<code_type_item_activite>2</code_type_item_activite>
<position_item>8</position_item>
<priorisation>1</priorisation>
<riasec_majeur>R</riasec_majeur>
</item_as>
<item_as>
<code_ogr>102969</code_ogr>
<libelle>Pr&#0233;parer des documents pour un type d&#0039;impression ou de marquage taille douce</libelle>
<code_type_activite>3</code_type_activite>
<code_type_item_activite>2</code_type_item_activite>
<position_item>9</position_item>
<priorisation>1</priorisation>
<riasec_majeur>R</riasec_majeur>
</item_as>
<item_as>
<code_ogr>102970</code_ogr>
<libelle>Pr&#0233;parer des documents pour la tampographie</libelle>
<code_type_activite>3</code_type_activite>
<code_type_item_activite>2</code_type_item_activite>
<position_item>10</position_item>
<priorisation>1</priorisation>
<riasec_majeur>R</riasec_majeur>
</item_as>
<item_as>
<code_ogr>102971</code_ogr>
<libelle>Pr&#0233;parer des documents pour la typogravure</libelle>
<code_type_activite>3</code_type_activite>
<code_type_item_activite>2</code_type_item_activite>
<position_item>11</position_item>
<priorisation>1</priorisation>
<riasec_majeur>R</riasec_majeur>
</item_as>
</activite_specifique>
<savoir_theorique_et_proceduraux nbItemSTP_AS="0">
</savoir_theorique_et_proceduraux>
<savoir_action nbItemSA_AS="0">
</savoir_action>
</bloc>
<bloc>
<position_bloc>3</position_bloc>
<activite_specifique nbItemActivite_AS="7">
<item_as>
<code_ogr>102972</code_ogr>
<libelle>Pr&#0233;parer des supports et mat&#0233;riaux (sciage, perforage, pliage, chanfreinage, polissage, ...)</libelle>
<code_type_activite>3</code_type_activite>
<code_type_item_activite>2</code_type_item_activite>
<position_item>1</position_item>
<priorisation>1</priorisation>
<riasec_majeur>R</riasec_majeur>
<riasec_mineur>a</riasec_mineur>
</item_as>
<item_as>
<code_ogr>102973</code_ogr>
<libelle>D&#0233;couper des films adh&#0233;sifs</libelle>
<code_type_activite>3</code_type_activite>
<code_type_item_activite>2</code_type_item_activite>
<position_item>2</position_item>
<priorisation>1</priorisation>
<riasec_majeur>R</riasec_majeur>
</item_as>
<item_as>
<code_ogr>102974</code_ogr>
<libelle>R&#0233;aliser la finition de lettres pr&#0233;d&#0233;coup&#0233;es au plotter</libelle>
<code_type_activite>3</code_type_activite>
<code_type_item_activite>2</code_type_item_activite>
<position_item>3</position_item>
<priorisation>1</priorisation>
<riasec_majeur>R</riasec_majeur>
</item_as>
<item_as>
<code_ogr>125258</code_ogr>
<libelle>Concevoir une signal&#0233;tique</libelle>
<code_type_activite>3</code_type_activite>
<code_type_item_activite>2</code_type_item_activite>
<position_item>4</position_item>
<priorisation>1</priorisation>
<riasec_majeur>R</riasec_majeur>
<riasec_mineur>a</riasec_mineur>
</item_as>
<item_as>
<code_ogr>126543</code_ogr>
<libelle>Mettre en peinture (rouleau, pistolet, pochoir, ...) des supports visuels</libelle>
<code_type_activite>3</code_type_activite>
<code_type_item_activite>2</code_type_item_activite>
<position_item>5</position_item>
<priorisation>1</priorisation>
<riasec_majeur>R</riasec_majeur>
</item_as>
<item_as>
<code_ogr>102976</code_ogr>
<libelle>R&#0233;aliser la pose de visuels (adh&#0233;sifs pr&#0233;d&#0233;coup&#0233;s, impressions num&#0233;riques, ...)</libelle>
<code_type_activite>3</code_type_activite>
<code_type_item_activite>2</code_type_item_activite>
<position_item>6</position_item>
<priorisation>1</priorisation>
<riasec_majeur>R</riasec_majeur>
</item_as>
<item_as>
<code_ogr>102977</code_ogr>
<libelle>R&#0233;aliser la reproduction de maquettes &#0224; partir d&#0039;un moniteur vid&#0233;o ou d&#0039;un vid&#0233;oprojecteur</libelle>
<code_type_activite>3</code_type_activite>
<code_type_item_activite>2</code_type_item_activite>
<position_item>7</position_item>
<priorisation>1</priorisation>
<riasec_majeur>R</riasec_majeur>
<riasec_mineur>a</riasec_mineur>
</item_as>
</activite_specifique>
<savoir_theorique_et_proceduraux nbItemSTP_AS="1">
<item_as_stp>
<code_ogr>102978</code_ogr>
<libelle>Utilisation de machine de d&#0233;coupage automatique</libelle>
<code_type_competence>1</code_type_competence>
<position_item>1</position_item>
<priorisation>1</priorisation>
</item_as_stp>
</savoir_theorique_et_proceduraux>
<savoir_action nbItemSA_AS="0">
</savoir_action>
</bloc>
<bloc>
<position_bloc>4</position_bloc>
<activite_specifique nbItemActivite_AS="1">
<item_as>
<code_ogr>121500</code_ogr>
<libelle>Concevoir un visuel (images, photos, illustrations)</libelle>
<code_type_activite>3</code_type_activite>
<code_type_item_activite>2</code_type_item_activite>
<position_item>1</position_item>
<priorisation>1</priorisation>
<riasec_majeur>A</riasec_majeur>
<riasec_mineur>e</riasec_mineur>
</item_as>
</activite_specifique>
<savoir_theorique_et_proceduraux nbItemSTP_AS="1">
<item_as_stp>
<code_ogr>119228</code_ogr>
<libelle>Communication visuelle</libelle>
<code_type_competence>1</code_type_competence>
<position_item>1</position_item>
<priorisation>1</priorisation>
</item_as_stp>
</savoir_theorique_et_proceduraux>
<savoir_action nbItemSA_AS="0">
</savoir_action>
</bloc>
<bloc>
<position_bloc>5</position_bloc>
<activite_specifique nbItemActivite_AS="1">
<item_as>
<code_ogr>114243</code_ogr>
<libelle>S&#0233;lectionner un programme de gravure de cylindre d&#0039;impression (h&#0233;liogravure) et surveiller la r&#0233;alisation</libelle>
<code_type_activite>3</code_type_activite>
<code_type_item_activite>2</code_type_item_activite>
<position_item>1</position_item>
<priorisation>1</priorisation>
<riasec_majeur>C</riasec_majeur>
</item_as>
</activite_specifique>
<savoir_theorique_et_proceduraux nbItemSTP_AS="0">
</savoir_theorique_et_proceduraux>
<savoir_action nbItemSA_AS="0">
</savoir_action>
</bloc>
<bloc>
<position_bloc>6</position_bloc>
<activite_specifique nbItemActivite_AS="2">
<item_as>
<code_ogr>117852</code_ogr>
<libelle>Surveiller la production</libelle>
<code_type_activite>3</code_type_activite>
<code_type_item_activite>2</code_type_item_activite>
<position_item>1</position_item>
<priorisation>1</priorisation>
<riasec_majeur>R</riasec_majeur>
</item_as>
<item_as>
<code_ogr>120277</code_ogr>
<libelle>R&#0233;gler les param&#0232;tres des machines et des &#0233;quipements</libelle>
<code_type_activite>3</code_type_activite>
<code_type_item_activite>2</code_type_item_activite>
<position_item>2</position_item>
<priorisation>1</priorisation>
<riasec_majeur>R</riasec_majeur>
</item_as>
</activite_specifique>
<savoir_theorique_et_proceduraux nbItemSTP_AS="0">
</savoir_theorique_et_proceduraux>
<savoir_action nbItemSA_AS="0">
</savoir_action>
</bloc>
<bloc>
<position_bloc>7</position_bloc>
<activite_specifique nbItemActivite_AS="2">
<item_as>
<code_ogr>117150</code_ogr>
<libelle>Corriger des dysfonctionnements sur un poste de travail</libelle>
<code_type_activite>3</code_type_activite>
<code_type_item_activite>2</code_type_item_activite>
<position_item>1</position_item>
<priorisation>1</priorisation>
<riasec_majeur>R</riasec_majeur>
<riasec_mineur>e</riasec_mineur>
</item_as>
<item_as>
<code_ogr>117149</code_ogr>
<libelle>D&#0233;tecter des dysfonctionnements sur un poste de travail</libelle>
<code_type_activite>3</code_type_activite>
<code_type_item_activite>2</code_type_item_activite>
<position_item>2</position_item>
<priorisation>1</priorisation>
<riasec_majeur>I</riasec_majeur>
<riasec_mineur>e</riasec_mineur>
</item_as>
</activite_specifique>
<savoir_theorique_et_proceduraux nbItemSTP_AS="0">
</savoir_theorique_et_proceduraux>
<savoir_action nbItemSA_AS="0">
</savoir_action>
</bloc>
<bloc>
<position_bloc>8</position_bloc>
<activite_specifique nbItemActivite_AS="2">
<item_as>
<code_ogr>123352</code_ogr>
<libelle>R&#0233;aliser un appel d&#0039;offre</libelle>
<code_type_activite>3</code_type_activite>
<code_type_item_activite>2</code_type_item_activite>
<position_item>1</position_item>
<priorisation>1</priorisation>
<riasec_majeur>C</riasec_majeur>
<riasec_mineur>e</riasec_mineur>
</item_as>
<item_as>
<code_ogr>117309</code_ogr>
<libelle>Etablir un cahier des charges</libelle>
<code_type_activite>3</code_type_activite>
<code_type_item_activite>2</code_type_item_activite>
<position_item>2</position_item>
<priorisation>1</priorisation>
<riasec_majeur>C</riasec_majeur>
<riasec_mineur>e</riasec_mineur>
</item_as>
</activite_specifique>
<savoir_theorique_et_proceduraux nbItemSTP_AS="0">
</savoir_theorique_et_proceduraux>
<savoir_action nbItemSA_AS="0">
</savoir_action>
</bloc>
<bloc>
<position_bloc>9</position_bloc>
<activite_specifique nbItemActivite_AS="1">
<item_as>
<code_ogr>123036</code_ogr>
<libelle>Former un public</libelle>
<code_type_activite>3</code_type_activite>
<code_type_item_activite>2</code_type_item_activite>
<position_item>1</position_item>
<priorisation>1</priorisation>
<riasec_majeur>S</riasec_majeur>
</item_as>
</activite_specifique>
<savoir_theorique_et_proceduraux nbItemSTP_AS="1">
<item_as_stp>
<code_ogr>100090</code_ogr>
<libelle>Techniques p&#0233;dagogiques</libelle>
<code_type_competence>1</code_type_competence>
<position_item>1</position_item>
<priorisation>1</priorisation>
</item_as_stp>
</savoir_theorique_et_proceduraux>
<savoir_action nbItemSA_AS="0">
</savoir_action>
</bloc>
<bloc>
<position_bloc>10</position_bloc>
<activite_specifique nbItemActivite_AS="1">
<item_as>
<code_ogr>102359</code_ogr>
<libelle>Coordonner l&#0039;activit&#0233; d&#0039;une &#0233;quipe</libelle>
<code_type_activite>3</code_type_activite>
<code_type_item_activite>2</code_type_item_activite>
<position_item>1</position_item>
<priorisation>1</priorisation>
<riasec_majeur>E</riasec_majeur>
<riasec_mineur>s</riasec_mineur>
</item_as>
</activite_specifique>
<savoir_theorique_et_proceduraux nbItemSTP_AS="1">
<item_as_stp>
<code_ogr>119842</code_ogr>
<libelle>Management</libelle>
<code_type_competence>1</code_type_competence>
<position_item>1</position_item>
<priorisation>1</priorisation>
</item_as_stp>
</savoir_theorique_et_proceduraux>
<savoir_action nbItemSA_AS="0">
</savoir_action>
</bloc>
</bloc_activites_specifiques>
<bloc_mobilites>
<mobilites_proches nbItemMob="1">
<item_mob_pr><code_type_mobilite>1</code_type_mobilite>
<liste_appellation_source>
<code_appellation_source>0</code_appellation_source>
<libelle_appellation_source>Toutes les appellations</libelle_appellation_source>
</liste_appellation_source>
<code_rome_cible>E1205</code_rome_cible>
<libelle_rome_cible>R&#0233;alisation de contenus multim&#0233;dias</libelle_rome_cible>
<liste_appellation_cible>
<code_appellation_cible>0</code_appellation_cible>
<libelle_appellation_cible>Toutes les appellations</libelle_appellation_cible>
</liste_appellation_cible>
</item_mob_pr>
</mobilites_proches>
<mobilites_si_evolution nbItemMob="5">
<item_mob_ev><code_type_mobilite>2</code_type_mobilite>
<liste_appellation_source>
<code_appellation_source>0</code_appellation_source>
<libelle_appellation_source>Toutes les appellations</libelle_appellation_source>
</liste_appellation_source>
<code_rome_cible>E1104</code_rome_cible>
<libelle_rome_cible>Conception de contenus multim&#0233;dias</libelle_rome_cible>
<liste_appellation_cible>
<code_appellation_cible>0</code_appellation_cible>
<libelle_appellation_cible>Toutes les appellations</libelle_appellation_cible>
</liste_appellation_cible>
</item_mob_ev>
<item_mob_ev><code_type_mobilite>2</code_type_mobilite>
<liste_appellation_source>
<code_appellation_source>0</code_appellation_source>
<libelle_appellation_source>Toutes les appellations</libelle_appellation_source>
</liste_appellation_source>
<code_rome_cible>E1301</code_rome_cible>
<libelle_rome_cible>Conduite de machines d&#0039;impression</libelle_rome_cible>
<liste_appellation_cible>
<code_appellation_cible>0</code_appellation_cible>
<libelle_appellation_cible>Toutes les appellations</libelle_appellation_cible>
</liste_appellation_cible>
</item_mob_ev>
<item_mob_ev><code_type_mobilite>2</code_type_mobilite>
<liste_appellation_source>
<code_appellation_source>0</code_appellation_source>
<libelle_appellation_source>Toutes les appellations</libelle_appellation_source>
</liste_appellation_source>
<code_rome_cible>E1303</code_rome_cible>
<libelle_rome_cible>Encadrement des industries graphiques</libelle_rome_cible>
<liste_appellation_cible>
<code_appellation_cible>0</code_appellation_cible>
<libelle_appellation_cible>Toutes les appellations</libelle_appellation_cible>
</liste_appellation_cible>
</item_mob_ev>
<item_mob_ev><code_type_mobilite>2</code_type_mobilite>
<liste_appellation_source>
<code_appellation_source>0</code_appellation_source>
<libelle_appellation_source>Toutes les appellations</libelle_appellation_source>
</liste_appellation_source>
<code_rome_cible>E1305</code_rome_cible>
<libelle_rome_cible>Pr&#0233;paration et correction en &#0233;dition et presse</libelle_rome_cible>
<liste_appellation_cible>
<code_appellation_cible>0</code_appellation_cible>
<libelle_appellation_cible>Toutes les appellations</libelle_appellation_cible>
</liste_appellation_cible>
</item_mob_ev>
<item_mob_ev><code_type_mobilite>2</code_type_mobilite>
<liste_appellation_source>
<code_appellation_source>0</code_appellation_source>
<libelle_appellation_source>Toutes les appellations</libelle_appellation_source>
</liste_appellation_source>
<code_rome_cible>E1308</code_rome_cible>
<libelle_rome_cible>Intervention technique en industrie graphique</libelle_rome_cible>
<liste_appellation_cible>
<code_appellation_cible>0</code_appellation_cible>
<libelle_appellation_cible>Toutes les appellations</libelle_appellation_cible>
</liste_appellation_cible>
</item_mob_ev>
</mobilites_si_evolution>
</bloc_mobilites>
</fiche_emploi_metier>