<?xml version="1.0" encoding="UTF-8" ?>
<fiche_emploi_metier>
<type_fiche>2</type_fiche>
<libelle_type_fiche>priorise</libelle_type_fiche>
<version_SI>
<version_rome>333</version_rome>
<date_version_si>01/10/2017</date_version_si>
<mois_version_si>Octobre</mois_version_si>
<annee_version_si>2017</annee_version_si>
</version_SI>
<bloc_code_rome>
<code_rome>F1108</code_rome>
<intitule>M&#0233;tr&#0233; de la construction</intitule>
<code_ogr>149</code_ogr>
<riasec_majeur>C</riasec_majeur>
<riasec_mineur>r</riasec_mineur>
</bloc_code_rome>
<bloc_appellation nbItemAppellation="14">
<item_app>
<code_ogr>14567</code_ogr>
<libelle>Economiste de la construction</libelle>
<libelle_court>Economiste de la construction</libelle_court>
<priorisation>1</priorisation>
</item_app>
<item_app>
<code_ogr>16650</code_ogr>
<libelle>M&#0233;treur / M&#0233;treuse</libelle>
<libelle_court>M&#0233;treur / M&#0233;treuse</libelle_court>
<priorisation>1</priorisation>
</item_app>
<item_app>
<code_ogr>16651</code_ogr>
<libelle>M&#0233;treur / M&#0233;treuse b&#0226;timent</libelle>
<libelle_court>M&#0233;treur / M&#0233;treuse b&#0226;timent</libelle_court>
<priorisation>1</priorisation>
</item_app>
<item_app>
<code_ogr>16652</code_ogr>
<libelle>M&#0233;treur / M&#0233;treuse du BTP</libelle>
<libelle_court>M&#0233;treur / M&#0233;treuse du BTP</libelle_court>
<priorisation>1</priorisation>
</item_app>
<item_app>
<code_ogr>16653</code_ogr>
<libelle>M&#0233;treur / M&#0233;treuse en charpente et menuiserie bois</libelle>
<libelle_court>M&#0233;treur / M&#0233;treuse en charpente et menuiserie bois</libelle_court>
<priorisation>1</priorisation>
</item_app>
<item_app>
<code_ogr>16654</code_ogr>
<libelle>M&#0233;treur / M&#0233;treuse en &#0233;lectricit&#0233;</libelle>
<libelle_court>M&#0233;treur / M&#0233;treuse en &#0233;lectricit&#0233;</libelle_court>
<priorisation>1</priorisation>
</item_app>
<item_app>
<code_ogr>16655</code_ogr>
<libelle>M&#0233;treur / M&#0233;treuse en g&#0233;nie climatique et sanitaire</libelle>
<libelle_court>M&#0233;treur / M&#0233;treuse en g&#0233;nie climatique et sanitaire</libelle_court>
<priorisation>1</priorisation>
</item_app>
<item_app>
<code_ogr>16656</code_ogr>
<libelle>M&#0233;treur / M&#0233;treuse en m&#0233;tallerie et construction m&#0233;tallique</libelle>
<libelle_court>M&#0233;treur / M&#0233;treuse en m&#0233;tallerie et construction m&#0233;tallique</libelle_court>
<priorisation>1</priorisation>
</item_app>
<item_app>
<code_ogr>16657</code_ogr>
<libelle>M&#0233;treur / M&#0233;treuse en r&#0233;habilitation de l&#0039;habitat</libelle>
<libelle_court>M&#0233;treur / M&#0233;treuse en r&#0233;habilitation de l&#0039;habitat</libelle_court>
<priorisation>1</priorisation>
</item_app>
<item_app>
<code_ogr>16658</code_ogr>
<libelle>M&#0233;treur / M&#0233;treuse gros oeuvre</libelle>
<libelle_court>M&#0233;treur / M&#0233;treuse gros oeuvre</libelle_court>
<priorisation>1</priorisation>
</item_app>
<item_app>
<code_ogr>16659</code_ogr>
<libelle>M&#0233;treur / M&#0233;treuse second oeuvre</libelle>
<libelle_court>M&#0233;treur / M&#0233;treuse second oeuvre</libelle_court>
<priorisation>1</priorisation>
</item_app>
<item_app>
<code_ogr>16660</code_ogr>
<libelle>M&#0233;treur / M&#0233;treuse travaux publics</libelle>
<libelle_court>M&#0233;treur / M&#0233;treuse travaux publics</libelle_court>
<priorisation>1</priorisation>
</item_app>
<item_app>
<code_ogr>16661</code_ogr>
<libelle>M&#0233;treur-concepteur / M&#0233;treuse-conceptrice</libelle>
<libelle_court>M&#0233;treur-concepteur / M&#0233;treuse-conceptrice</libelle_court>
<priorisation>1</priorisation>
</item_app>
<item_app>
<code_ogr>16662</code_ogr>
<libelle>M&#0233;treur-v&#0233;rificateur / M&#0233;treuse-v&#0233;rificatrice</libelle>
<libelle_court>M&#0233;treur-v&#0233;rificateur / M&#0233;treuse-v&#0233;rificatrice</libelle_court>
<priorisation>1</priorisation>
</item_app>
</bloc_appellation>
<definition nbItemDefinition="2">
Effectue les m&#0233;tr&#0233;s et &#0233;tablit les devis quantitatif et estimatif d&#0039;ouvrages &#0224; r&#0233;aliser dans le cadre d&#0039;une op&#0233;ration de construction.
Peut pr&#0233;parer les dossiers d&#0039;ex&#0233;cution des travaux et effectuer le suivi des chantiers.
</definition>
<acces_emploi_metier nbItemAccesEmploiMetier="3">
Cet emploi/m&#0233;tier est accessible &#0224; partir d&#0039;un dipl&#0244;me de niveau Bac+2 (BTS, ...) dans les secteurs du m&#0233;trage, de l&#0039;&#0233;conomie de la construction ou des techniques li&#0233;es &#0224; la construction BTP.
Un grade de Master (Master professionnel, Ecoles d&#0039;ing&#0233;nieurs, ...) en construction du B&#0226;timent, des Travaux Publics et ouvrages d&#0039;art peut &#0234;tre demand&#0233;.
Des formations sp&#0233;cifiques (&#0233;lectricit&#0233;, menuiserie, climatisation, ...) peuvent &#0234;tre exig&#0233;es.
</acces_emploi_metier>
<condition_exercice_activite nbItemConditionExercice="3">
L&#0039;activit&#0233; de cet emploi/m&#0233;tier s&#0039;exerce au sein de bureaux d&#0039;&#0233;tudes, cabinets d&#0039;architectes, d&#0039;entreprises du BTP, ... ou en ind&#0233;pendant.
Elle peut impliquer des d&#0233;placements sur les chantiers et un &#0233;loignement du domicile de plusieurs jours.
Le port d&#0039;&#0233;quipements de protection (casque de chantier, gants, ...) est requis.
</condition_exercice_activite>
<bloc_environnement_de_travail nbItemEnvTrav="8">
<item_env>
<code_ogr>23735</code_ogr>
<libelle>Bureau d&#0039;&#0233;tudes et d&#0039;ing&#0233;nierie</libelle>
<code_type_section_env>1</code_type_section_env>
<priorisation>1</priorisation>
</item_env>
<item_env>
<code_ogr>23739</code_ogr>
<libelle>Cabinet d&#0039;architectes</libelle>
<code_type_section_env>1</code_type_section_env>
<priorisation>1</priorisation>
</item_env>
<item_env>
<code_ogr>23742</code_ogr>
<libelle>Cabinet de m&#0233;tr&#0233;s</libelle>
<code_type_section_env>1</code_type_section_env>
<priorisation>1</priorisation>
</item_env>
<item_env>
<code_ogr>23808</code_ogr>
<libelle>Collectivit&#0233; territoriale</libelle>
<code_type_section_env>1</code_type_section_env>
<priorisation>1</priorisation>
</item_env>
<item_env>
<code_ogr>23420</code_ogr>
<libelle>B&#0226;timent et Travaux Publics -BTP-</libelle>
<code_type_section_env>2</code_type_section_env>
<priorisation>1</priorisation>
</item_env>
<item_env>
<code_ogr>23416</code_ogr>
<libelle>B&#0226;timent gros oeuvre</libelle>
<code_type_section_env>2</code_type_section_env>
<priorisation>1</priorisation>
</item_env>
<item_env>
<code_ogr>23418</code_ogr>
<libelle>B&#0226;timent second oeuvre</libelle>
<code_type_section_env>2</code_type_section_env>
<priorisation>1</priorisation>
</item_env>
<item_env>
<code_ogr>24844</code_ogr>
<libelle>Travail en ind&#0233;pendant</libelle>
<code_type_section_env>3</code_type_section_env>
<priorisation>1</priorisation>
</item_env>
</bloc_environnement_de_travail>
<bloc_activites_de_base nbBlocActiviteBase="1">
<activites_de_base nbItemActivite_AB="9">
<item_ab>
<code_ogr>125960</code_ogr>
<libelle>Analyser un dossier de construction</libelle>
<code_type_activite>3</code_type_activite>
<code_type_item_activite>2</code_type_item_activite>
<position_item>1</position_item>
<priorisation>1</priorisation>
<riasec_majeur>C</riasec_majeur>
<riasec_mineur>r</riasec_mineur>
</item_ab>
<item_ab>
<code_ogr>126016</code_ogr>
<libelle>R&#0233;aliser les relev&#0233;s (dimensions, surfaces etc.) sur chantier</libelle>
<code_type_activite>3</code_type_activite>
<code_type_item_activite>2</code_type_item_activite>
<position_item>2</position_item>
<priorisation>1</priorisation>
<riasec_majeur>C</riasec_majeur>
<riasec_mineur>r</riasec_mineur>
</item_ab>
<item_ab>
<code_ogr>123098</code_ogr>
<libelle>D&#0233;terminer les besoins en mati&#0232;re premi&#0232;re</libelle>
<code_type_activite>3</code_type_activite>
<code_type_item_activite>2</code_type_item_activite>
<position_item>3</position_item>
<priorisation>1</priorisation>
<riasec_majeur>C</riasec_majeur>
<riasec_mineur>r</riasec_mineur>
</item_ab>
<item_ab>
<code_ogr>123099</code_ogr>
<libelle>D&#0233;terminer le volume d&#0039;heure de travail pour un ouvrage</libelle>
<code_type_activite>3</code_type_activite>
<code_type_item_activite>2</code_type_item_activite>
<position_item>4</position_item>
<priorisation>1</priorisation>
<riasec_majeur>C</riasec_majeur>
<riasec_mineur>r</riasec_mineur>
</item_ab>
<item_ab>
<code_ogr>117146</code_ogr>
<libelle>S&#0233;lectionner des fournisseurs, sous-traitants, prestataires</libelle>
<code_type_activite>3</code_type_activite>
<code_type_item_activite>2</code_type_item_activite>
<position_item>5</position_item>
<priorisation>1</priorisation>
<riasec_majeur>E</riasec_majeur>
<riasec_mineur>c</riasec_mineur>
</item_ab>
<item_ab>
<code_ogr>117180</code_ogr>
<libelle>N&#0233;gocier un contrat</libelle>
<code_type_activite>3</code_type_activite>
<code_type_item_activite>2</code_type_item_activite>
<position_item>6</position_item>
<priorisation>1</priorisation>
<riasec_majeur>E</riasec_majeur>
<riasec_mineur>c</riasec_mineur>
</item_ab>
<item_ab>
<code_ogr>124007</code_ogr>
<libelle>Contr&#0244;ler la r&#0233;alisation d&#0039;une prestation</libelle>
<code_type_activite>3</code_type_activite>
<code_type_item_activite>2</code_type_item_activite>
<position_item>7</position_item>
<priorisation>1</priorisation>
<riasec_majeur>C</riasec_majeur>
</item_ab>
<item_ab>
<code_ogr>120630</code_ogr>
<libelle>Chiffrer des co&#0251;ts de fabrication</libelle>
<code_type_activite>3</code_type_activite>
<code_type_item_activite>2</code_type_item_activite>
<position_item>8</position_item>
<priorisation>1</priorisation>
<riasec_majeur>C</riasec_majeur>
<riasec_mineur>r</riasec_mineur>
</item_ab>
<item_ab>
<code_ogr>121564</code_ogr>
<libelle>Etablir un devis global</libelle>
<code_type_activite>3</code_type_activite>
<code_type_item_activite>2</code_type_item_activite>
<position_item>9</position_item>
<priorisation>1</priorisation>
<riasec_majeur>C</riasec_majeur>
</item_ab>
</activites_de_base>
<savoir_theorique_et_proceduraux nbItemSTP_AB="20">
<item_ab_stp>
<code_ogr>100038</code_ogr>
<libelle>Chiffrage/calcul de co&#0251;t</libelle>
<code_type_competence>1</code_type_competence>
<position_item>1</position_item>
<priorisation>1</priorisation>
</item_ab_stp>
<item_ab_stp>
<code_ogr>103045</code_ogr>
<libelle>Normes de la construction</libelle>
<code_type_competence>1</code_type_competence>
<position_item>2</position_item>
<priorisation>1</priorisation>
</item_ab_stp>
<item_ab_stp>
<code_ogr>122480</code_ogr>
<libelle>Cahier des Clauses Administratives Particuli&#0232;res (CCAP)</libelle>
<code_type_competence>1</code_type_competence>
<position_item>3</position_item>
<priorisation>1</priorisation>
</item_ab_stp>
<item_ab_stp>
<code_ogr>121487</code_ogr>
<libelle>M&#0233;thode des d&#0233;bours&#0233;s</libelle>
<code_type_competence>1</code_type_competence>
<position_item>4</position_item>
<priorisation>1</priorisation>
</item_ab_stp>
<item_ab_stp>
<code_ogr>118975</code_ogr>
<libelle>Outils bureautiques</libelle>
<code_type_competence>1</code_type_competence>
<position_item>5</position_item>
<priorisation>1</priorisation>
</item_ab_stp>
<item_ab_stp>
<code_ogr>119672</code_ogr>
<libelle>Conception et Dessin Assist&#0233;s par Ordinateur (CAO/DAO)</libelle>
<code_type_competence>1</code_type_competence>
<position_item>6</position_item>
<priorisation>1</priorisation>
</item_ab_stp>
<item_ab_stp>
<code_ogr>103236</code_ogr>
<libelle>M&#0233;thodes de quantification</libelle>
<code_type_competence>1</code_type_competence>
<position_item>7</position_item>
<priorisation>1</priorisation>
</item_ab_stp>
<item_ab_stp>
<code_ogr>121244</code_ogr>
<libelle>Calcul de m&#0233;tr&#0233;</libelle>
<code_type_competence>1</code_type_competence>
<position_item>8</position_item>
<priorisation>1</priorisation>
</item_ab_stp>
<item_ab_stp>
<code_ogr>118828</code_ogr>
<libelle>Technologie du b&#0226;timent</libelle>
<code_type_competence>1</code_type_competence>
<position_item>9</position_item>
<priorisation>1</priorisation>
</item_ab_stp>
<item_ab_stp>
<code_ogr>122897</code_ogr>
<libelle>Voirie R&#0233;seaux Divers (VRD)</libelle>
<code_type_competence>1</code_type_competence>
<position_item>10</position_item>
<priorisation>1</priorisation>
</item_ab_stp>
<item_ab_stp>
<code_ogr>119722</code_ogr>
<libelle>G&#0233;nie thermique</libelle>
<code_type_competence>1</code_type_competence>
<position_item>11</position_item>
<priorisation>1</priorisation>
</item_ab_stp>
<item_ab_stp>
<code_ogr>121245</code_ogr>
<libelle>Equipements de climatisation</libelle>
<code_type_competence>1</code_type_competence>
<position_item>12</position_item>
<priorisation>1</priorisation>
</item_ab_stp>
<item_ab_stp>
<code_ogr>102717</code_ogr>
<libelle>Electricit&#0233;</libelle>
<code_type_competence>1</code_type_competence>
<position_item>13</position_item>
<priorisation>1</priorisation>
</item_ab_stp>
<item_ab_stp>
<code_ogr>119121</code_ogr>
<libelle>Agencement d&#0039;int&#0233;rieur</libelle>
<code_type_competence>1</code_type_competence>
<position_item>14</position_item>
<priorisation>1</priorisation>
</item_ab_stp>
<item_ab_stp>
<code_ogr>120009</code_ogr>
<libelle>Serrurerie</libelle>
<code_type_competence>1</code_type_competence>
<position_item>15</position_item>
<priorisation>1</priorisation>
</item_ab_stp>
<item_ab_stp>
<code_ogr>103596</code_ogr>
<libelle>Menuiserie bois</libelle>
<code_type_competence>1</code_type_competence>
<position_item>16</position_item>
<priorisation>1</priorisation>
</item_ab_stp>
<item_ab_stp>
<code_ogr>103598</code_ogr>
<libelle>Menuiserie PVC</libelle>
<code_type_competence>1</code_type_competence>
<position_item>17</position_item>
<priorisation>1</priorisation>
</item_ab_stp>
<item_ab_stp>
<code_ogr>103597</code_ogr>
<libelle>Menuiserie aluminium</libelle>
<code_type_competence>1</code_type_competence>
<position_item>18</position_item>
<priorisation>1</priorisation>
</item_ab_stp>
<item_ab_stp>
<code_ogr>103572</code_ogr>
<libelle>Caract&#0233;ristiques des peintures</libelle>
<code_type_competence>1</code_type_competence>
<position_item>19</position_item>
<priorisation>1</priorisation>
</item_ab_stp>
<item_ab_stp>
<code_ogr>100596</code_ogr>
<libelle>Techniques de ma&#0231;onnerie</libelle>
<code_type_competence>1</code_type_competence>
<position_item>20</position_item>
<priorisation>1</priorisation>
</item_ab_stp>
</savoir_theorique_et_proceduraux>
<savoir_action nbItemSA_AB="0">
</savoir_action>
</bloc_activites_de_base>
<bloc_activites_specifiques nbBlocActiviteSpecifique="6">
<bloc>
<position_bloc>2</position_bloc>
<activite_specifique nbItemActivite_AS="1">
<item_as>
<code_ogr>126053</code_ogr>
<libelle>Pr&#0233;parer le dossier d&#0039;ex&#0233;cution des travaux</libelle>
<code_type_activite>3</code_type_activite>
<code_type_item_activite>2</code_type_item_activite>
<position_item>1</position_item>
<priorisation>1</priorisation>
<riasec_majeur>C</riasec_majeur>
<riasec_mineur>r</riasec_mineur>
</item_as>
</activite_specifique>
<savoir_theorique_et_proceduraux nbItemSTP_AS="1">
<item_as_stp>
<code_ogr>101642</code_ogr>
<libelle>Economie de la construction</libelle>
<code_type_competence>1</code_type_competence>
<position_item>1</position_item>
<priorisation>1</priorisation>
</item_as_stp>
</savoir_theorique_et_proceduraux>
<savoir_action nbItemSA_AS="0">
</savoir_action>
</bloc>
<bloc>
<position_bloc>3</position_bloc>
<activite_specifique nbItemActivite_AS="1">
<item_as>
<code_ogr>114888</code_ogr>
<libelle>Suivre et contr&#0244;ler la conformit&#0233; d&#0039;intervention sur un chantier (s&#0233;curit&#0233;, d&#0233;lai, ...)</libelle>
<code_type_activite>3</code_type_activite>
<code_type_item_activite>2</code_type_item_activite>
<position_item>1</position_item>
<priorisation>1</priorisation>
<riasec_majeur>C</riasec_majeur>
</item_as>
</activite_specifique>
<savoir_theorique_et_proceduraux nbItemSTP_AS="0">
</savoir_theorique_et_proceduraux>
<savoir_action nbItemSA_AS="0">
</savoir_action>
</bloc>
<bloc>
<position_bloc>4</position_bloc>
<activite_specifique nbItemActivite_AS="3">
<item_as>
<code_ogr>121774</code_ogr>
<libelle>Evaluer le prix de revient d&#0039;un chantier</libelle>
<code_type_activite>3</code_type_activite>
<code_type_item_activite>2</code_type_item_activite>
<position_item>1</position_item>
<priorisation>1</priorisation>
<riasec_majeur>C</riasec_majeur>
<riasec_mineur>i</riasec_mineur>
</item_as>
<item_as>
<code_ogr>121775</code_ogr>
<libelle>Contr&#0244;ler les d&#0233;penses d&#0039;un chantier</libelle>
<code_type_activite>3</code_type_activite>
<code_type_item_activite>2</code_type_item_activite>
<position_item>2</position_item>
<priorisation>1</priorisation>
<riasec_majeur>C</riasec_majeur>
</item_as>
<item_as>
<code_ogr>121776</code_ogr>
<libelle>Actualiser des prix</libelle>
<code_type_activite>3</code_type_activite>
<code_type_item_activite>2</code_type_item_activite>
<position_item>3</position_item>
<priorisation>1</priorisation>
<riasec_majeur>C</riasec_majeur>
<riasec_mineur>i</riasec_mineur>
</item_as>
</activite_specifique>
<savoir_theorique_et_proceduraux nbItemSTP_AS="0">
</savoir_theorique_et_proceduraux>
<savoir_action nbItemSA_AS="0">
</savoir_action>
</bloc>
<bloc>
<position_bloc>5</position_bloc>
<activite_specifique nbItemActivite_AS="3">
<item_as>
<code_ogr>116932</code_ogr>
<libelle>Suivre l&#0039;&#0233;tat des stocks</libelle>
<code_type_activite>3</code_type_activite>
<code_type_item_activite>2</code_type_item_activite>
<position_item>1</position_item>
<priorisation>1</priorisation>
<riasec_majeur>C</riasec_majeur>
</item_as>
<item_as>
<code_ogr>125971</code_ogr>
<libelle>D&#0233;finir des besoins en approvisionnement</libelle>
<code_type_activite>3</code_type_activite>
<code_type_item_activite>2</code_type_item_activite>
<position_item>2</position_item>
<priorisation>1</priorisation>
<riasec_majeur>C</riasec_majeur>
</item_as>
<item_as>
<code_ogr>119860</code_ogr>
<libelle>Pr&#0233;parer les commandes</libelle>
<code_type_activite>3</code_type_activite>
<code_type_item_activite>2</code_type_item_activite>
<position_item>3</position_item>
<priorisation>1</priorisation>
<riasec_majeur>C</riasec_majeur>
<riasec_mineur>r</riasec_mineur>
</item_as>
</activite_specifique>
<savoir_theorique_et_proceduraux nbItemSTP_AS="0">
</savoir_theorique_et_proceduraux>
<savoir_action nbItemSA_AS="0">
</savoir_action>
</bloc>
<bloc>
<position_bloc>6</position_bloc>
<activite_specifique nbItemActivite_AS="2">
<item_as>
<code_ogr>122313</code_ogr>
<libelle>R&#0233;aliser un suivi commercial</libelle>
<code_type_activite>3</code_type_activite>
<code_type_item_activite>2</code_type_item_activite>
<position_item>1</position_item>
<priorisation>1</priorisation>
<riasec_majeur>C</riasec_majeur>
<riasec_mineur>e</riasec_mineur>
</item_as>
<item_as>
<code_ogr>113667</code_ogr>
<libelle>Prospecter de nouveaux clients</libelle>
<code_type_activite>3</code_type_activite>
<code_type_item_activite>2</code_type_item_activite>
<position_item>2</position_item>
<priorisation>1</priorisation>
<riasec_majeur>E</riasec_majeur>
</item_as>
</activite_specifique>
<savoir_theorique_et_proceduraux nbItemSTP_AS="0">
</savoir_theorique_et_proceduraux>
<savoir_action nbItemSA_AS="0">
</savoir_action>
</bloc>
<bloc>
<position_bloc>7</position_bloc>
<activite_specifique nbItemActivite_AS="1">
<item_as>
<code_ogr>121543</code_ogr>
<libelle>Assister techniquement un client</libelle>
<code_type_activite>3</code_type_activite>
<code_type_item_activite>2</code_type_item_activite>
<position_item>1</position_item>
<priorisation>1</priorisation>
<riasec_majeur>R</riasec_majeur>
<riasec_mineur>s</riasec_mineur>
</item_as>
</activite_specifique>
<savoir_theorique_et_proceduraux nbItemSTP_AS="0">
</savoir_theorique_et_proceduraux>
<savoir_action nbItemSA_AS="0">
</savoir_action>
</bloc>
</bloc_activites_specifiques>
<bloc_mobilites>
<mobilites_proches nbItemMob="1">
<item_mob_pr><code_type_mobilite>1</code_type_mobilite>
<liste_appellation_source>
<code_appellation_source>0</code_appellation_source>
<libelle_appellation_source>Toutes les appellations</libelle_appellation_source>
</liste_appellation_source>
<code_rome_cible>F1106</code_rome_cible>
<libelle_rome_cible>Ing&#0233;nierie et &#0233;tudes du BTP</libelle_rome_cible>
<liste_appellation_cible>
<code_appellation_cible>0</code_appellation_cible>
<libelle_appellation_cible>Toutes les appellations</libelle_appellation_cible>
</liste_appellation_cible>
</item_mob_pr>
</mobilites_proches>
<mobilites_si_evolution nbItemMob="4">
<item_mob_ev><code_type_mobilite>2</code_type_mobilite>
<liste_appellation_source>
<code_appellation_source>0</code_appellation_source>
<libelle_appellation_source>Toutes les appellations</libelle_appellation_source>
</liste_appellation_source>
<code_rome_cible>C1503</code_rome_cible>
<libelle_rome_cible>Management de projet immobilier</libelle_rome_cible>
<liste_appellation_cible>
<code_appellation_cible>0</code_appellation_cible>
<libelle_appellation_cible>Toutes les appellations</libelle_appellation_cible>
</liste_appellation_cible>
</item_mob_ev>
<item_mob_ev><code_type_mobilite>2</code_type_mobilite>
<liste_appellation_source>
<code_appellation_source>0</code_appellation_source>
<libelle_appellation_source>Toutes les appellations</libelle_appellation_source>
</liste_appellation_source>
<code_rome_cible>F1104</code_rome_cible>
<libelle_rome_cible>Dessin BTP</libelle_rome_cible>
<liste_appellation_cible>
<code_appellation_cible>0</code_appellation_cible>
<libelle_appellation_cible>Toutes les appellations</libelle_appellation_cible>
</liste_appellation_cible>
</item_mob_ev>
<item_mob_ev><code_type_mobilite>2</code_type_mobilite>
<liste_appellation_source>
<code_appellation_source>0</code_appellation_source>
<libelle_appellation_source>Toutes les appellations</libelle_appellation_source>
</liste_appellation_source>
<code_rome_cible>F1201</code_rome_cible>
<libelle_rome_cible>Conduite de travaux du BTP</libelle_rome_cible>
<liste_appellation_cible>
<code_appellation_cible>0</code_appellation_cible>
<libelle_appellation_cible>Toutes les appellations</libelle_appellation_cible>
</liste_appellation_cible>
</item_mob_ev>
<item_mob_ev><code_type_mobilite>2</code_type_mobilite>
<liste_appellation_source>
<code_appellation_source>0</code_appellation_source>
<libelle_appellation_source>Toutes les appellations</libelle_appellation_source>
</liste_appellation_source>
<code_rome_cible>K2111</code_rome_cible>
<libelle_rome_cible>Formation professionnelle</libelle_rome_cible>
<liste_appellation_cible>
<code_appellation_cible>38237</code_appellation_cible>
<libelle_appellation_cible>Formateur / Formatrice b&#0226;timent</libelle_appellation_cible>
</liste_appellation_cible>
</item_mob_ev>
</mobilites_si_evolution>
</bloc_mobilites>
</fiche_emploi_metier>