<?xml version="1.0" encoding="UTF-8" ?>
<fiche_emploi_metier>
<type_fiche>2</type_fiche>
<libelle_type_fiche>priorise</libelle_type_fiche>
<version_SI>
<version_rome>333</version_rome>
<date_version_si>01/10/2017</date_version_si>
<mois_version_si>Octobre</mois_version_si>
<annee_version_si>2017</annee_version_si>
</version_SI>
<bloc_code_rome>
<code_rome>F1502</code_rome>
<intitule>Montage de structures m&#0233;talliques</intitule>
<code_ogr>159</code_ogr>
<riasec_majeur>R</riasec_majeur>
<riasec_mineur>e</riasec_mineur>
</bloc_code_rome>
<bloc_appellation nbItemAppellation="16">
<item_app>
<code_ogr>11492</code_ogr>
<libelle>Bardeur / Bardeuse</libelle>
<libelle_court>Bardeur / Bardeuse</libelle_court>
<priorisation>1</priorisation>
</item_app>
<item_app>
<code_ogr>12454</code_ogr>
<libelle>Chef d&#0039;&#0233;quipe en construction m&#0233;tallique</libelle>
<libelle_court>Chef d&#0039;&#0233;quipe en construction m&#0233;tallique</libelle_court>
<priorisation>1</priorisation>
</item_app>
<item_app>
<code_ogr>14551</code_ogr>
<libelle>Echafaudeur / Echafaudeuse</libelle>
<libelle_court>Echafaudeur / Echafaudeuse</libelle_court>
<priorisation>1</priorisation>
</item_app>
<item_app>
<code_ogr>14552</code_ogr>
<libelle>Echafaudeur / Echafaudeuse en construction navale</libelle>
<libelle_court>Echafaudeur / Echafaudeuse en construction navale</libelle_court>
<priorisation>1</priorisation>
</item_app>
<item_app>
<code_ogr>16765</code_ogr>
<libelle>Monteur / Monteuse de bardages</libelle>
<libelle_court>Monteur / Monteuse de bardages</libelle_court>
<priorisation>1</priorisation>
</item_app>
<item_app>
<code_ogr>16773</code_ogr>
<libelle>Monteur / Monteuse de chapiteau</libelle>
<libelle_court>Monteur / Monteuse de chapiteau</libelle_court>
<priorisation>1</priorisation>
</item_app>
<item_app>
<code_ogr>16781</code_ogr>
<libelle>Monteur / Monteuse de grues</libelle>
<libelle_court>Monteur / Monteuse de grues</libelle_court>
<priorisation>1</priorisation>
</item_app>
<item_app>
<code_ogr>16792</code_ogr>
<libelle>Monteur / Monteuse de pyl&#0244;nes</libelle>
<libelle_court>Monteur / Monteuse de pyl&#0244;nes</libelle_court>
<priorisation>1</priorisation>
</item_app>
<item_app>
<code_ogr>16809</code_ogr>
<libelle>Monteur / Monteuse en charpente m&#0233;tallique</libelle>
<libelle_court>Monteur / Monteuse en charpente m&#0233;tallique</libelle_court>
<priorisation>1</priorisation>
</item_app>
<item_app>
<code_ogr>16814</code_ogr>
<libelle>Monteur / Monteuse en constructions m&#0233;talliques</libelle>
<libelle_court>Monteur / Monteuse en constructions m&#0233;talliques</libelle_court>
<priorisation>1</priorisation>
</item_app>
<item_app>
<code_ogr>16816</code_ogr>
<libelle>Monteur / Monteuse en &#0233;chafaudage</libelle>
<libelle_court>Monteur / Monteuse en &#0233;chafaudage</libelle_court>
<priorisation>1</priorisation>
</item_app>
<item_app>
<code_ogr>16841</code_ogr>
<libelle>Monteur / Monteuse en structures m&#0233;talliques</libelle>
<libelle_court>Monteur / Monteuse en structures m&#0233;talliques</libelle_court>
<priorisation>1</priorisation>
</item_app>
<item_app>
<code_ogr>16758</code_ogr>
<libelle>Monteur bardeur / Monteuse bardeuse</libelle>
<libelle_court>Monteur bardeur / Monteuse bardeuse</libelle_court>
<priorisation>1</priorisation>
</item_app>
<item_app>
<code_ogr>16887</code_ogr>
<libelle>Monteur-&#0233;chafaudeur / Monteuse-&#0233;chafaudeuse</libelle>
<libelle_court>Monteur-&#0233;chafaudeur / Monteuse-&#0233;chafaudeuse</libelle_court>
<priorisation>1</priorisation>
</item_app>
<item_app>
<code_ogr>16891</code_ogr>
<libelle>Monteur-levageur / Monteuse-levageuse</libelle>
<libelle_court>Monteur-levageur / Monteuse-levageuse</libelle_court>
<priorisation>1</priorisation>
</item_app>
<item_app>
<code_ogr>17949</code_ogr>
<libelle>Poseur / Poseuse en structures m&#0233;talliques</libelle>
<libelle_court>Poseur / Poseuse en structures m&#0233;talliques</libelle_court>
<priorisation>1</priorisation>
</item_app>
</bloc_appellation>
<definition nbItemDefinition="1">
Monte une structure m&#0233;tallique d&#0233;finitive (construction de b&#0226;timents, de passerelles, de ponts, ...) ou provisoire (&#0233;chafaudages, tribunes, chapiteaux, ...) compos&#0233;e d&#0039;&#0233;l&#0233;ments pr&#0233;fabriqu&#0233;s et le plus souvent pr&#0233;-assembl&#0233;s au sol, selon les r&#0232;gles de s&#0233;curit&#0233;.
</definition>
<acces_emploi_metier nbItemAccesEmploiMetier="4">
Cet emploi/m&#0233;tier est accessible avec un CAP/BEP en construction m&#0233;tallique.
Il est &#0233;galement accessible sur exp&#0233;rience professionnelle sans dipl&#0244;me particulier.
Un dipl&#0244;me de niveau Bac (Brevet Professionnel, Bac professionnel) peut &#0234;tre demand&#0233; pour les postes d&#0039;encadrement d&#0039;&#0233;quipe.
Un ou plusieurs Certificat (s) d&#0039;Aptitude &#0224; la Conduite En S&#0233;curit&#0233; -CACES- conditionn&#0233;(s) par une aptitude m&#0233;dicale &#0224; renouveler p&#0233;riodiquement peu(ven)t &#0234;tre exig&#0233;(s).
</acces_emploi_metier>
<condition_exercice_activite nbItemConditionExercice="4">
L&#0039;activit&#0233; de cet emploi /m&#0233;tier s&#0039;exerce sur des chantiers (neuf, r&#0233;habilitation) au sein d&#0039;entreprises du b&#0226;timent, de g&#0233;nie civil, ...
Elle peut impliquer des d&#0233;placements et un &#0233;loignement du domicile de plusieurs jours.
Elle peut s&#0039;effectuer en hauteur et implique le port de charges.
Le port d&#0039;&#0233;quipements de protection (casque de chantier, harnais, ...) est requis.
</condition_exercice_activite>
<bloc_environnement_de_travail nbItemEnvTrav="8">
<item_env>
<code_ogr>23870</code_ogr>
<libelle>Entreprise artisanale</libelle>
<code_type_section_env>1</code_type_section_env>
<priorisation>1</priorisation>
</item_env>
<item_env>
<code_ogr>23401</code_ogr>
<libelle>Arm&#0233;e</libelle>
<code_type_section_env>2</code_type_section_env>
<priorisation>1</priorisation>
</item_env>
<item_env>
<code_ogr>23415</code_ogr>
<libelle>B&#0226;timent domestique</libelle>
<code_type_section_env>2</code_type_section_env>
<priorisation>1</priorisation>
</item_env>
<item_env>
<code_ogr>23420</code_ogr>
<libelle>B&#0226;timent et Travaux Publics -BTP-</libelle>
<code_type_section_env>2</code_type_section_env>
<priorisation>1</priorisation>
</item_env>
<item_env>
<code_ogr>23417</code_ogr>
<libelle>B&#0226;timent industriel</libelle>
<code_type_section_env>2</code_type_section_env>
<priorisation>1</priorisation>
</item_env>
<item_env>
<code_ogr>23418</code_ogr>
<libelle>B&#0226;timent second oeuvre</libelle>
<code_type_section_env>2</code_type_section_env>
<priorisation>1</priorisation>
</item_env>
<item_env>
<code_ogr>23419</code_ogr>
<libelle>B&#0226;timent tertiaire</libelle>
<code_type_section_env>2</code_type_section_env>
<priorisation>1</priorisation>
</item_env>
<item_env>
<code_ogr>23487</code_ogr>
<libelle>Ev&#0232;nementiel</libelle>
<code_type_section_env>2</code_type_section_env>
<priorisation>1</priorisation>
</item_env>
</bloc_environnement_de_travail>
<bloc_activites_de_base nbBlocActiviteBase="1">
<activites_de_base nbItemActivite_AB="9">
<item_ab>
<code_ogr>121159</code_ogr>
<libelle>S&#0233;curiser une zone de chantier</libelle>
<code_type_activite>3</code_type_activite>
<code_type_item_activite>2</code_type_item_activite>
<position_item>1</position_item>
<priorisation>1</priorisation>
<riasec_majeur>R</riasec_majeur>
</item_ab>
<item_ab>
<code_ogr>119848</code_ogr>
<libelle>D&#0233;charger des marchandises, des produits</libelle>
<code_type_activite>3</code_type_activite>
<code_type_item_activite>2</code_type_item_activite>
<position_item>2</position_item>
<priorisation>1</priorisation>
<riasec_majeur>R</riasec_majeur>
</item_ab>
<item_ab>
<code_ogr>114765</code_ogr>
<libelle>D&#0233;placer des produits vers la zone de stockage</libelle>
<code_type_activite>3</code_type_activite>
<code_type_item_activite>2</code_type_item_activite>
<position_item>3</position_item>
<priorisation>1</priorisation>
<riasec_majeur>R</riasec_majeur>
</item_ab>
<item_ab>
<code_ogr>121501</code_ogr>
<libelle>Assembler des &#0233;l&#0233;ments de structures m&#0233;talliques</libelle>
<code_type_activite>3</code_type_activite>
<code_type_item_activite>2</code_type_item_activite>
<position_item>4</position_item>
<priorisation>1</priorisation>
<riasec_majeur>R</riasec_majeur>
</item_ab>
<item_ab>
<code_ogr>123402</code_ogr>
<libelle>Installer des &#0233;l&#0233;ments de structures m&#0233;talliques</libelle>
<code_type_activite>3</code_type_activite>
<code_type_item_activite>2</code_type_item_activite>
<position_item>5</position_item>
<priorisation>1</priorisation>
<riasec_majeur>R</riasec_majeur>
</item_ab>
<item_ab>
<code_ogr>122640</code_ogr>
<libelle>Fixer les &#0233;l&#0233;ments d&#0039;une structure m&#0233;tallique</libelle>
<code_type_activite>3</code_type_activite>
<code_type_item_activite>2</code_type_item_activite>
<position_item>6</position_item>
<priorisation>1</priorisation>
<riasec_majeur>R</riasec_majeur>
</item_ab>
<item_ab>
<code_ogr>103408</code_ogr>
<libelle>R&#0233;aliser l&#0039;isolation et l&#0039;&#0233;tanch&#0233;it&#0233; de la toiture, terrasse</libelle>
<code_type_activite>3</code_type_activite>
<code_type_item_activite>2</code_type_item_activite>
<position_item>7</position_item>
<priorisation>1</priorisation>
<riasec_majeur>R</riasec_majeur>
</item_ab>
<item_ab>
<code_ogr>121358</code_ogr>
<libelle>Poser les goutti&#0232;res, ch&#0233;neaux et tuyaux de descente</libelle>
<code_type_activite>3</code_type_activite>
<code_type_item_activite>2</code_type_item_activite>
<position_item>8</position_item>
<priorisation>1</priorisation>
<riasec_majeur>R</riasec_majeur>
</item_ab>
<item_ab>
<code_ogr>119943</code_ogr>
<libelle>Traiter les &#0233;vacuations des eaux pluviales</libelle>
<code_type_activite>3</code_type_activite>
<code_type_item_activite>2</code_type_item_activite>
<position_item>9</position_item>
<priorisation>1</priorisation>
<riasec_majeur>R</riasec_majeur>
</item_ab>
</activites_de_base>
<savoir_theorique_et_proceduraux nbItemSTP_AB="11">
<item_ab_stp>
<code_ogr>100007</code_ogr>
<libelle>Techniques de soudage</libelle>
<code_type_competence>1</code_type_competence>
<position_item>1</position_item>
<priorisation>1</priorisation>
</item_ab_stp>
<item_ab_stp>
<code_ogr>103411</code_ogr>
<libelle>Collage &#0224; chaud</libelle>
<code_type_competence>1</code_type_competence>
<position_item>2</position_item>
<priorisation>1</priorisation>
</item_ab_stp>
<item_ab_stp>
<code_ogr>123428</code_ogr>
<libelle>Bardage (parement)</libelle>
<code_type_competence>1</code_type_competence>
<position_item>3</position_item>
<priorisation>1</priorisation>
</item_ab_stp>
<item_ab_stp>
<code_ogr>103315</code_ogr>
<libelle>Prise d&#0039;aplomb et de niveau</libelle>
<code_type_competence>1</code_type_competence>
<position_item>4</position_item>
<priorisation>1</priorisation>
</item_ab_stp>
<item_ab_stp>
<code_ogr>103395</code_ogr>
<libelle>Equerrage</libelle>
<code_type_competence>1</code_type_competence>
<position_item>5</position_item>
<priorisation>1</priorisation>
</item_ab_stp>
<item_ab_stp>
<code_ogr>101506</code_ogr>
<libelle>R&#0232;gles et consignes de s&#0233;curit&#0233;</libelle>
<code_type_competence>1</code_type_competence>
<position_item>6</position_item>
<priorisation>1</priorisation>
</item_ab_stp>
<item_ab_stp>
<code_ogr>119373</code_ogr>
<libelle>Guidage d&#0039;engins de chantier</libelle>
<code_type_competence>1</code_type_competence>
<position_item>7</position_item>
<priorisation>1</priorisation>
</item_ab_stp>
<item_ab_stp>
<code_ogr>100961</code_ogr>
<libelle>Proc&#0233;d&#0233;s d&#0039;&#0233;tanch&#0233;it&#0233;</libelle>
<code_type_competence>1</code_type_competence>
<position_item>8</position_item>
<priorisation>1</priorisation>
</item_ab_stp>
<item_ab_stp>
<code_ogr>100746</code_ogr>
<libelle>Techniques de pliage</libelle>
<code_type_competence>1</code_type_competence>
<position_item>9</position_item>
<priorisation>1</priorisation>
</item_ab_stp>
<item_ab_stp>
<code_ogr>103296</code_ogr>
<libelle>Techniques d&#0039;&#0233;lingage</libelle>
<code_type_competence>1</code_type_competence>
<position_item>10</position_item>
<priorisation>1</priorisation>
</item_ab_stp>
<item_ab_stp>
<code_ogr>103070</code_ogr>
<libelle>Lecture de plan, de sch&#0233;ma</libelle>
<code_type_competence>1</code_type_competence>
<position_item>11</position_item>
<priorisation>1</priorisation>
</item_ab_stp>
</savoir_theorique_et_proceduraux>
<savoir_action nbItemSA_AB="0">
</savoir_action>
</bloc_activites_de_base>
<bloc_activites_specifiques nbBlocActiviteSpecifique="6">
<bloc>
<position_bloc>1</position_bloc>
<activite_specifique nbItemActivite_AS="1">
<item_as>
<code_ogr>120405</code_ogr>
<libelle>Utiliser un engin n&#0233;cessitant une habilitation</libelle>
<code_type_activite>3</code_type_activite>
<code_type_item_activite>2</code_type_item_activite>
<position_item>1</position_item>
<priorisation>1</priorisation>
<riasec_majeur>R</riasec_majeur>
</item_as>
</activite_specifique>
<savoir_theorique_et_proceduraux nbItemSTP_AS="3">
<item_as_stp>
<code_ogr>121311</code_ogr>
<libelle>Plates-formes &#0233;l&#0233;vatrices mobiles de personnes ou PEMP (CACES R 386)</libelle>
<code_type_competence>1</code_type_competence>
<position_item>1</position_item>
<priorisation>1</priorisation>
</item_as_stp>
<item_as_stp>
<code_ogr>121310</code_ogr>
<libelle>Grues mobiles (CACES R 383)</libelle>
<code_type_competence>1</code_type_competence>
<position_item>2</position_item>
<priorisation>1</priorisation>
</item_as_stp>
<item_as_stp>
<code_ogr>126509</code_ogr>
<libelle>Montage, utilisation et d&#0233;montage des &#0233;chafaudages de pied (CACES R 408)</libelle>
<code_type_competence>1</code_type_competence>
<position_item>3</position_item>
<priorisation>1</priorisation>
</item_as_stp>
</savoir_theorique_et_proceduraux>
<savoir_action nbItemSA_AS="0">
</savoir_action>
</bloc>
<bloc>
<position_bloc>2</position_bloc>
<activite_specifique nbItemActivite_AS="2">
<item_as>
<code_ogr>121512</code_ogr>
<libelle>Assembler des structures sp&#0233;ciales</libelle>
<code_type_activite>3</code_type_activite>
<code_type_item_activite>2</code_type_item_activite>
<position_item>1</position_item>
<priorisation>1</priorisation>
<riasec_majeur>R</riasec_majeur>
</item_as>
<item_as>
<code_ogr>121513</code_ogr>
<libelle>Monter des structures sp&#0233;ciales</libelle>
<code_type_activite>3</code_type_activite>
<code_type_item_activite>2</code_type_item_activite>
<position_item>2</position_item>
<priorisation>1</priorisation>
<riasec_majeur>R</riasec_majeur>
</item_as>
</activite_specifique>
<savoir_theorique_et_proceduraux nbItemSTP_AS="0">
</savoir_theorique_et_proceduraux>
<savoir_action nbItemSA_AS="0">
</savoir_action>
</bloc>
<bloc>
<position_bloc>3</position_bloc>
<activite_specifique nbItemActivite_AS="1">
<item_as>
<code_ogr>122045</code_ogr>
<libelle>D&#0233;monter des &#0233;l&#0233;ments de structures anciennes</libelle>
<code_type_activite>3</code_type_activite>
<code_type_item_activite>2</code_type_item_activite>
<position_item>1</position_item>
<priorisation>1</priorisation>
<riasec_majeur>R</riasec_majeur>
</item_as>
</activite_specifique>
<savoir_theorique_et_proceduraux nbItemSTP_AS="0">
</savoir_theorique_et_proceduraux>
<savoir_action nbItemSA_AS="0">
</savoir_action>
</bloc>
<bloc>
<position_bloc>4</position_bloc>
<activite_specifique nbItemActivite_AS="1">
<item_as>
<code_ogr>121957</code_ogr>
<libelle>R&#0233;aliser des ouvertures de portes ou fen&#0234;tres</libelle>
<code_type_activite>3</code_type_activite>
<code_type_item_activite>2</code_type_item_activite>
<position_item>1</position_item>
<priorisation>1</priorisation>
<riasec_majeur>R</riasec_majeur>
</item_as>
</activite_specifique>
<savoir_theorique_et_proceduraux nbItemSTP_AS="1">
<item_as_stp>
<code_ogr>103413</code_ogr>
<libelle>D&#0233;coupe au chalumeau</libelle>
<code_type_competence>1</code_type_competence>
<position_item>1</position_item>
<priorisation>1</priorisation>
</item_as_stp>
</savoir_theorique_et_proceduraux>
<savoir_action nbItemSA_AS="0">
</savoir_action>
</bloc>
<bloc>
<position_bloc>5</position_bloc>
<activite_specifique nbItemActivite_AS="2">
<item_as>
<code_ogr>123256</code_ogr>
<libelle>Souder des &#0233;l&#0233;ments m&#0233;talliques</libelle>
<code_type_activite>3</code_type_activite>
<code_type_item_activite>2</code_type_item_activite>
<position_item>1</position_item>
<priorisation>1</priorisation>
<riasec_majeur>R</riasec_majeur>
</item_as>
<item_as>
<code_ogr>123255</code_ogr>
<libelle>Poser des &#0233;l&#0233;ments m&#0233;talliques</libelle>
<code_type_activite>3</code_type_activite>
<code_type_item_activite>2</code_type_item_activite>
<position_item>2</position_item>
<priorisation>1</priorisation>
<riasec_majeur>R</riasec_majeur>
</item_as>
</activite_specifique>
<savoir_theorique_et_proceduraux nbItemSTP_AS="1">
<item_as_stp>
<code_ogr>120009</code_ogr>
<libelle>Serrurerie</libelle>
<code_type_competence>1</code_type_competence>
<position_item>1</position_item>
<priorisation>1</priorisation>
</item_as_stp>
</savoir_theorique_et_proceduraux>
<savoir_action nbItemSA_AS="0">
</savoir_action>
</bloc>
<bloc>
<position_bloc>6</position_bloc>
<activite_specifique nbItemActivite_AS="1">
<item_as>
<code_ogr>102359</code_ogr>
<libelle>Coordonner l&#0039;activit&#0233; d&#0039;une &#0233;quipe</libelle>
<code_type_activite>3</code_type_activite>
<code_type_item_activite>2</code_type_item_activite>
<position_item>1</position_item>
<priorisation>1</priorisation>
<riasec_majeur>E</riasec_majeur>
<riasec_mineur>s</riasec_mineur>
</item_as>
</activite_specifique>
<savoir_theorique_et_proceduraux nbItemSTP_AS="0">
</savoir_theorique_et_proceduraux>
<savoir_action nbItemSA_AS="0">
</savoir_action>
</bloc>
</bloc_activites_specifiques>
<bloc_mobilites>
<mobilites_proches nbItemMob="2">
<item_mob_pr><code_type_mobilite>1</code_type_mobilite>
<liste_appellation_source>
<code_appellation_source>0</code_appellation_source>
<libelle_appellation_source>Toutes les appellations</libelle_appellation_source>
</liste_appellation_source>
<code_rome_cible>F1501</code_rome_cible>
<libelle_rome_cible>Montage de structures et de charpentes bois</libelle_rome_cible>
<liste_appellation_cible>
<code_appellation_cible>0</code_appellation_cible>
<libelle_appellation_cible>Toutes les appellations</libelle_appellation_cible>
</liste_appellation_cible>
</item_mob_pr>
<item_mob_pr><code_type_mobilite>1</code_type_mobilite>
<liste_appellation_source>
<code_appellation_source>0</code_appellation_source>
<libelle_appellation_source>Toutes les appellations</libelle_appellation_source>
</liste_appellation_source>
<code_rome_cible>F1610</code_rome_cible>
<libelle_rome_cible>Pose et restauration de couvertures</libelle_rome_cible>
<liste_appellation_cible>
<code_appellation_cible>0</code_appellation_cible>
<libelle_appellation_cible>Toutes les appellations</libelle_appellation_cible>
</liste_appellation_cible>
</item_mob_pr>
</mobilites_proches>
<mobilites_si_evolution nbItemMob="7">
<item_mob_ev><code_type_mobilite>2</code_type_mobilite>
<liste_appellation_source>
<code_appellation_source>0</code_appellation_source>
<libelle_appellation_source>Toutes les appellations</libelle_appellation_source>
</liste_appellation_source>
<code_rome_cible>F1202</code_rome_cible>
<libelle_rome_cible>Direction de chantier du BTP</libelle_rome_cible>
<liste_appellation_cible>
<code_appellation_cible>12096</code_appellation_cible>
<libelle_appellation_cible>Chef de chantier montage de structures m&#0233;talliques</libelle_appellation_cible>
</liste_appellation_cible>
</item_mob_ev>
<item_mob_ev><code_type_mobilite>2</code_type_mobilite>
<liste_appellation_source>
<code_appellation_source>0</code_appellation_source>
<libelle_appellation_source>Toutes les appellations</libelle_appellation_source>
</liste_appellation_source>
<code_rome_cible>F1301</code_rome_cible>
<libelle_rome_cible>Conduite de grue</libelle_rome_cible>
<liste_appellation_cible>
<code_appellation_cible>0</code_appellation_cible>
<libelle_appellation_cible>Toutes les appellations</libelle_appellation_cible>
</liste_appellation_cible>
</item_mob_ev>
<item_mob_ev><code_type_mobilite>2</code_type_mobilite>
<liste_appellation_source>
<code_appellation_source>0</code_appellation_source>
<libelle_appellation_source>Toutes les appellations</libelle_appellation_source>
</liste_appellation_source>
<code_rome_cible>F1604</code_rome_cible>
<libelle_rome_cible>Montage d&#0039;agencements</libelle_rome_cible>
<liste_appellation_cible>
<code_appellation_cible>0</code_appellation_cible>
<libelle_appellation_cible>Toutes les appellations</libelle_appellation_cible>
</liste_appellation_cible>
</item_mob_ev>
<item_mob_ev><code_type_mobilite>2</code_type_mobilite>
<liste_appellation_source>
<code_appellation_source>0</code_appellation_source>
<libelle_appellation_source>Toutes les appellations</libelle_appellation_source>
</liste_appellation_source>
<code_rome_cible>F1605</code_rome_cible>
<libelle_rome_cible>Montage de r&#0233;seaux &#0233;lectriques et t&#0233;l&#0233;coms</libelle_rome_cible>
<liste_appellation_cible>
<code_appellation_cible>0</code_appellation_cible>
<libelle_appellation_cible>Toutes les appellations</libelle_appellation_cible>
</liste_appellation_cible>
</item_mob_ev>
<item_mob_ev><code_type_mobilite>2</code_type_mobilite>
<liste_appellation_source>
<code_appellation_source>0</code_appellation_source>
<libelle_appellation_source>Toutes les appellations</libelle_appellation_source>
</liste_appellation_source>
<code_rome_cible>H2911</code_rome_cible>
<libelle_rome_cible>R&#0233;alisation de structures m&#0233;talliques</libelle_rome_cible>
<liste_appellation_cible>
<code_appellation_cible>0</code_appellation_cible>
<libelle_appellation_cible>Toutes les appellations</libelle_appellation_cible>
</liste_appellation_cible>
</item_mob_ev>
<item_mob_ev><code_type_mobilite>2</code_type_mobilite>
<liste_appellation_source>
<code_appellation_source>0</code_appellation_source>
<libelle_appellation_source>Toutes les appellations</libelle_appellation_source>
</liste_appellation_source>
<code_rome_cible>I1501</code_rome_cible>
<libelle_rome_cible>Intervention en grande hauteur</libelle_rome_cible>
<liste_appellation_cible>
<code_appellation_cible>0</code_appellation_cible>
<libelle_appellation_cible>Toutes les appellations</libelle_appellation_cible>
</liste_appellation_cible>
</item_mob_ev>
<item_mob_ev><code_type_mobilite>2</code_type_mobilite>
<liste_appellation_source>
<code_appellation_source>0</code_appellation_source>
<libelle_appellation_source>Toutes les appellations</libelle_appellation_source>
</liste_appellation_source>
<code_rome_cible>N1104</code_rome_cible>
<libelle_rome_cible>Manoeuvre et conduite d&#0039;engins lourds de manutention</libelle_rome_cible>
<liste_appellation_cible>
<code_appellation_cible>0</code_appellation_cible>
<libelle_appellation_cible>Toutes les appellations</libelle_appellation_cible>
</liste_appellation_cible>
</item_mob_ev>
</mobilites_si_evolution>
</bloc_mobilites>
</fiche_emploi_metier>