<?xml version="1.0" encoding="UTF-8" ?>
<fiche_emploi_metier>
<type_fiche>2</type_fiche>
<libelle_type_fiche>priorise</libelle_type_fiche>
<version_SI>
<version_rome>333</version_rome>
<date_version_si>01/10/2017</date_version_si>
<mois_version_si>Octobre</mois_version_si>
<annee_version_si>2017</annee_version_si>
</version_SI>
<bloc_code_rome>
<code_rome>G1301</code_rome>
<intitule>Conception de produits touristiques</intitule>
<code_ogr>188</code_ogr>
<riasec_majeur>E</riasec_majeur>
<riasec_mineur>c</riasec_mineur>
</bloc_code_rome>
<bloc_appellation nbItemAppellation="20">
<item_app>
<code_ogr>11203</code_ogr>
<libelle>Assistant / Assistante chef de produit tourisme</libelle>
<libelle_court>Assistant / Assistante chef de produit tourisme</libelle_court>
<priorisation>1</priorisation>
</item_app>
<item_app>
<code_ogr>11245</code_ogr>
<libelle>Assistant / Assistante de production tourisme</libelle>
<libelle_court>Assistant / Assistante de production tourisme</libelle_court>
<priorisation>1</priorisation>
</item_app>
<item_app>
<code_ogr>11246</code_ogr>
<libelle>Assistant / Assistante de production voyages</libelle>
<libelle_court>Assistant / Assistante de production voyages</libelle_court>
<priorisation>1</priorisation>
</item_app>
<item_app>
<code_ogr>11289</code_ogr>
<libelle>Assistant / Assistante forfaitiste</libelle>
<libelle_court>Assistant / Assistante forfaitiste</libelle_court>
<priorisation>1</priorisation>
</item_app>
<item_app>
<code_ogr>11350</code_ogr>
<libelle>Assistant / Assistante technique en tourisme d&#0039;affaires</libelle>
<libelle_court>Assistant / Assistante technique en tourisme d&#0039;affaires</libelle_court>
<priorisation>1</priorisation>
</item_app>
<item_app>
<code_ogr>12227</code_ogr>
<libelle>Chef de produit tourisme</libelle>
<libelle_court>Chef de produit tourisme</libelle_court>
<priorisation>1</priorisation>
</item_app>
<item_app>
<code_ogr>12817</code_ogr>
<libelle>Concepteur / Conceptrice de prestations touristiques</libelle>
<libelle_court>Concepteur / Conceptrice de prestations touristiques</libelle_court>
<priorisation>1</priorisation>
</item_app>
<item_app>
<code_ogr>12818</code_ogr>
<libelle>Concepteur / Conceptrice de produits d&#0039;&#0233;cotourisme</libelle>
<libelle_court>Concepteur / Conceptrice de produits d&#0039;&#0233;cotourisme</libelle_court>
<priorisation>1</priorisation>
</item_app>
<item_app>
<code_ogr>12819</code_ogr>
<libelle>Concepteur / Conceptrice de produits en tourisme d&#0039;affaires</libelle>
<libelle_court>Concepteur / Conceptrice de produits en tourisme d&#0039;affaires</libelle_court>
<priorisation>1</priorisation>
</item_app>
<item_app>
<code_ogr>12821</code_ogr>
<libelle>Concepteur / Conceptrice de produits touristiques</libelle>
<libelle_court>Concepteur / Conceptrice de produits touristiques</libelle_court>
<priorisation>1</priorisation>
</item_app>
<item_app>
<code_ogr>12827</code_ogr>
<libelle>Concepteur / Conceptrice forfaitiste tourisme</libelle>
<libelle_court>Concepteur / Conceptrice forfaitiste tourisme</libelle_court>
<priorisation>1</priorisation>
</item_app>
<item_app>
<code_ogr>14308</code_ogr>
<libelle>Directeur / Directrice de production tourisme</libelle>
<libelle_court>Directeur / Directrice de production tourisme</libelle_court>
<priorisation>1</priorisation>
</item_app>
<item_app>
<code_ogr>15116</code_ogr>
<libelle>Forfaitiste</libelle>
<libelle_court>Forfaitiste</libelle_court>
<priorisation>1</priorisation>
</item_app>
<item_app>
<code_ogr>15117</code_ogr>
<libelle>Forfaitiste groupe</libelle>
<libelle_court>Forfaitiste groupe</libelle_court>
<priorisation>1</priorisation>
</item_app>
<item_app>
<code_ogr>15118</code_ogr>
<libelle>Forfaitiste Groupement d&#0039;Individuels Regroup&#0233;s -GIR-</libelle>
<libelle_court>Forfaitiste Groupement d&#0039;Individuels Regroup&#0233;s -GIR-</libelle_court>
<priorisation>1</priorisation>
</item_app>
<item_app>
<code_ogr>15119</code_ogr>
<libelle>Forfaitiste s&#0233;jours linguistiques</libelle>
<libelle_court>Forfaitiste s&#0233;jours linguistiques</libelle_court>
<priorisation>1</priorisation>
</item_app>
<item_app>
<code_ogr>17364</code_ogr>
<libelle>Organisateur / Organisatrice de voyages</libelle>
<libelle_court>Organisateur / Organisatrice de voyages</libelle_court>
<priorisation>1</priorisation>
</item_app>
<item_app>
<code_ogr>18107</code_ogr>
<libelle>Producteur / Productrice technique de prestations touristiques</libelle>
<libelle_court>Producteur/Productrice technique de prestations touristiques</libelle_court>
<priorisation>1</priorisation>
</item_app>
<item_app>
<code_ogr>19189</code_ogr>
<libelle>Responsable service production tourisme</libelle>
<libelle_court>Responsable service production tourisme</libelle_court>
<priorisation>1</priorisation>
</item_app>
<item_app>
<code_ogr>19904</code_ogr>
<libelle>Technicien / Technicienne de production du tourisme</libelle>
<libelle_court>Technicien / Technicienne de production du tourisme</libelle_court>
<priorisation>1</priorisation>
</item_app>
</bloc_appellation>
<definition nbItemDefinition="3">
Elabore un produit touristique (circuits, s&#0233;jours, ...) et coordonne les diff&#0233;rentes &#0233;tapes de r&#0233;alisation du montage du produit jusqu&#0039;&#0224; sa mise sur le march&#0233; selon les r&#0232;gles de s&#0233;curit&#0233; des biens et des personnes.
Peut &#0234;tre sp&#0233;cialis&#0233; sur un type de produit ou une destination.
Peut diriger un service.
</definition>
<acces_emploi_metier nbItemAccesEmploiMetier="2">
Cet emploi/m&#0233;tier est accessible avec un BTS en vente et productions touristiques, ... compl&#0233;t&#0233; par une exp&#0233;rience professionnelle dans le secteur du tourisme.
La pratique d&#0039;une ou plusieurs langue(s) &#0233;trang&#0232;re(s), en particulier l&#0039;anglais, est exig&#0233;e.
</acces_emploi_metier>
<condition_exercice_activite nbItemConditionExercice="3">
L&#0039;activit&#0233; de cet emploi/m&#0233;tier s&#0039;exerce au sein d&#0039;entreprises de tourisme (tour op&#0233;rateurs, ...) en relation avec diff&#0233;rents intervenants (clients, fournisseurs, service commercial, ...).
Elle peut impliquer des d&#0233;placements (visites de sites, des prestataires, ...).
Elle peut varier selon le poste (forfaitiste, chef de produit tourisme, ...).
</condition_exercice_activite>
<bloc_environnement_de_travail nbItemEnvTrav="3">
<item_env>
<code_ogr>23695</code_ogr>
<libelle>Agence de voyages</libelle>
<code_type_section_env>1</code_type_section_env>
<priorisation>1</priorisation>
</item_env>
<item_env>
<code_ogr>23706</code_ogr>
<libelle>Association</libelle>
<code_type_section_env>1</code_type_section_env>
<priorisation>1</priorisation>
</item_env>
<item_env>
<code_ogr>24129</code_ogr>
<libelle>Voyagiste (tour op&#0233;rateur)</libelle>
<code_type_section_env>1</code_type_section_env>
<priorisation>1</priorisation>
</item_env>
</bloc_environnement_de_travail>
<bloc_activites_de_base nbBlocActiviteBase="1">
<activites_de_base nbItemActivite_AB="11">
<item_ab>
<code_ogr>104045</code_ogr>
<libelle>Recueillir et analyser les informations sur les prestations des partenaires (h&#0244;teliers, autocaristes, compagnies a&#0233;riennes, ...)</libelle>
<code_type_activite>3</code_type_activite>
<code_type_item_activite>2</code_type_item_activite>
<position_item>1</position_item>
<priorisation>1</priorisation>
<riasec_majeur>E</riasec_majeur>
<riasec_mineur>c</riasec_mineur>
</item_ab>
<item_ab>
<code_ogr>117314</code_ogr>
<libelle>Analyser une r&#0233;ponse &#0224; un appel d&#0039;offres</libelle>
<code_type_activite>3</code_type_activite>
<code_type_item_activite>2</code_type_item_activite>
<position_item>2</position_item>
<priorisation>1</priorisation>
<riasec_majeur>C</riasec_majeur>
<riasec_mineur>e</riasec_mineur>
</item_ab>
<item_ab>
<code_ogr>117335</code_ogr>
<libelle>Concevoir un dossier technique</libelle>
<code_type_activite>3</code_type_activite>
<code_type_item_activite>2</code_type_item_activite>
<position_item>3</position_item>
<priorisation>1</priorisation>
<riasec_majeur>I</riasec_majeur>
<riasec_mineur>c</riasec_mineur>
</item_ab>
<item_ab>
<code_ogr>124007</code_ogr>
<libelle>Contr&#0244;ler la r&#0233;alisation d&#0039;une prestation</libelle>
<code_type_activite>3</code_type_activite>
<code_type_item_activite>2</code_type_item_activite>
<position_item>4</position_item>
<priorisation>1</priorisation>
<riasec_majeur>C</riasec_majeur>
</item_ab>
<item_ab>
<code_ogr>117180</code_ogr>
<libelle>N&#0233;gocier un contrat</libelle>
<code_type_activite>3</code_type_activite>
<code_type_item_activite>2</code_type_item_activite>
<position_item>5</position_item>
<priorisation>1</priorisation>
<riasec_majeur>E</riasec_majeur>
<riasec_mineur>c</riasec_mineur>
</item_ab>
<item_ab>
<code_ogr>117146</code_ogr>
<libelle>S&#0233;lectionner des fournisseurs, sous-traitants, prestataires</libelle>
<code_type_activite>3</code_type_activite>
<code_type_item_activite>2</code_type_item_activite>
<position_item>6</position_item>
<priorisation>1</priorisation>
<riasec_majeur>E</riasec_majeur>
<riasec_mineur>c</riasec_mineur>
</item_ab>
<item_ab>
<code_ogr>104047</code_ogr>
<libelle>D&#0233;terminer la programmation du produit touristique et &#0233;tablir le descriptif des sites &#0224; visiter, des formalit&#0233;s pratiques, des modalit&#0233;s de vente</libelle>
<code_type_activite>3</code_type_activite>
<code_type_item_activite>2</code_type_item_activite>
<position_item>7</position_item>
<priorisation>1</priorisation>
<riasec_majeur>C</riasec_majeur>
<riasec_mineur>e</riasec_mineur>
</item_ab>
<item_ab>
<code_ogr>119235</code_ogr>
<libelle>Concevoir une pr&#0233;maquette publicitaire</libelle>
<code_type_activite>3</code_type_activite>
<code_type_item_activite>2</code_type_item_activite>
<position_item>8</position_item>
<priorisation>1</priorisation>
<riasec_majeur>A</riasec_majeur>
<riasec_mineur>e</riasec_mineur>
</item_ab>
<item_ab>
<code_ogr>122455</code_ogr>
<libelle>S&#0233;lectionner un support de diffusion</libelle>
<code_type_activite>3</code_type_activite>
<code_type_item_activite>2</code_type_item_activite>
<position_item>9</position_item>
<priorisation>1</priorisation>
<riasec_majeur>A</riasec_majeur>
<riasec_mineur>e</riasec_mineur>
</item_ab>
<item_ab>
<code_ogr>113738</code_ogr>
<libelle>Actualiser la documentation professionnelle et r&#0233;glementaire</libelle>
<code_type_activite>3</code_type_activite>
<code_type_item_activite>2</code_type_item_activite>
<position_item>10</position_item>
<priorisation>1</priorisation>
<riasec_majeur>C</riasec_majeur>
</item_ab>
<item_ab>
<code_ogr>123352</code_ogr>
<libelle>R&#0233;aliser un appel d&#0039;offre</libelle>
<code_type_activite>3</code_type_activite>
<code_type_item_activite>2</code_type_item_activite>
<position_item>11</position_item>
<priorisation>1</priorisation>
<riasec_majeur>C</riasec_majeur>
<riasec_mineur>e</riasec_mineur>
</item_ab>
</activites_de_base>
<savoir_theorique_et_proceduraux nbItemSTP_AB="7">
<item_ab_stp>
<code_ogr>104050</code_ogr>
<libelle>Organisation de la cha&#0238;ne de transport national et international</libelle>
<code_type_competence>1</code_type_competence>
<position_item>1</position_item>
<priorisation>1</priorisation>
</item_ab_stp>
<item_ab_stp>
<code_ogr>101399</code_ogr>
<libelle>Marketing / Mercatique</libelle>
<code_type_competence>1</code_type_competence>
<position_item>2</position_item>
<priorisation>1</priorisation>
</item_ab_stp>
<item_ab_stp>
<code_ogr>100541</code_ogr>
<libelle>Techniques de communication</libelle>
<code_type_competence>1</code_type_competence>
<position_item>3</position_item>
<priorisation>1</priorisation>
</item_ab_stp>
<item_ab_stp>
<code_ogr>102226</code_ogr>
<libelle>Normes r&#0233;dactionnelles</libelle>
<code_type_competence>1</code_type_competence>
<position_item>4</position_item>
<priorisation>1</priorisation>
</item_ab_stp>
<item_ab_stp>
<code_ogr>121706</code_ogr>
<libelle>Techniques commerciales</libelle>
<code_type_competence>1</code_type_competence>
<position_item>5</position_item>
<priorisation>1</priorisation>
</item_ab_stp>
<item_ab_stp>
<code_ogr>104049</code_ogr>
<libelle>G&#0233;ographie du tourisme</libelle>
<code_type_competence>1</code_type_competence>
<position_item>6</position_item>
<priorisation>1</priorisation>
</item_ab_stp>
<item_ab_stp>
<code_ogr>104051</code_ogr>
<libelle>R&#0233;glementation du tourisme</libelle>
<code_type_competence>1</code_type_competence>
<position_item>7</position_item>
<priorisation>1</priorisation>
</item_ab_stp>
</savoir_theorique_et_proceduraux>
<savoir_action nbItemSA_AB="0">
</savoir_action>
</bloc_activites_de_base>
<bloc_activites_specifiques nbBlocActiviteSpecifique="9">
<bloc>
<position_bloc>1</position_bloc>
<activite_specifique nbItemActivite_AS="1">
<item_as>
<code_ogr>121550</code_ogr>
<libelle>Proposer un forfait touristique pour un type de client&#0232;le</libelle>
<code_type_activite>3</code_type_activite>
<code_type_item_activite>2</code_type_item_activite>
<position_item>1</position_item>
<priorisation>1</priorisation>
<riasec_majeur>E</riasec_majeur>
<riasec_mineur>c</riasec_mineur>
</item_as>
</activite_specifique>
<savoir_theorique_et_proceduraux nbItemSTP_AS="1">
<item_as_stp>
<code_ogr>100340</code_ogr>
<libelle>Techniques de vente</libelle>
<code_type_competence>1</code_type_competence>
<position_item>1</position_item>
<priorisation>1</priorisation>
</item_as_stp>
</savoir_theorique_et_proceduraux>
<savoir_action nbItemSA_AS="0">
</savoir_action>
</bloc>
<bloc>
<position_bloc>2</position_bloc>
<activite_specifique nbItemActivite_AS="2">
<item_as>
<code_ogr>122651</code_ogr>
<libelle>D&#0233;finir un produit touristique</libelle>
<code_type_activite>3</code_type_activite>
<code_type_item_activite>2</code_type_item_activite>
<position_item>1</position_item>
<priorisation>1</priorisation>
<riasec_majeur>E</riasec_majeur>
<riasec_mineur>c</riasec_mineur>
</item_as>
<item_as>
<code_ogr>118730</code_ogr>
<libelle>R&#0233;aliser une &#0233;tude de march&#0233;</libelle>
<code_type_activite>3</code_type_activite>
<code_type_item_activite>2</code_type_item_activite>
<position_item>2</position_item>
<priorisation>1</priorisation>
<riasec_majeur>E</riasec_majeur>
<riasec_mineur>i</riasec_mineur>
</item_as>
</activite_specifique>
<savoir_theorique_et_proceduraux nbItemSTP_AS="1">
<item_as_stp>
<code_ogr>120246</code_ogr>
<libelle>Gestion de projet</libelle>
<code_type_competence>1</code_type_competence>
<position_item>1</position_item>
<priorisation>1</priorisation>
</item_as_stp>
</savoir_theorique_et_proceduraux>
<savoir_action nbItemSA_AS="0">
</savoir_action>
</bloc>
<bloc>
<position_bloc>3</position_bloc>
<activite_specifique nbItemActivite_AS="1">
<item_as>
<code_ogr>114471</code_ogr>
<libelle>Organiser des s&#0233;jours linguistiques</libelle>
<code_type_activite>3</code_type_activite>
<code_type_item_activite>2</code_type_item_activite>
<position_item>1</position_item>
<priorisation>1</priorisation>
<riasec_majeur>S</riasec_majeur>
<riasec_mineur>c</riasec_mineur>
</item_as>
</activite_specifique>
<savoir_theorique_et_proceduraux nbItemSTP_AS="0">
</savoir_theorique_et_proceduraux>
<savoir_action nbItemSA_AS="0">
</savoir_action>
</bloc>
<bloc>
<position_bloc>4</position_bloc>
<activite_specifique nbItemActivite_AS="1">
<item_as>
<code_ogr>113425</code_ogr>
<libelle>R&#0233;aliser la cotation d&#0039;un produit et d&#0233;terminer le prix de vente de la prestation</libelle>
<code_type_activite>3</code_type_activite>
<code_type_item_activite>2</code_type_item_activite>
<position_item>1</position_item>
<priorisation>1</priorisation>
<riasec_majeur>C</riasec_majeur>
<riasec_mineur>e</riasec_mineur>
</item_as>
</activite_specifique>
<savoir_theorique_et_proceduraux nbItemSTP_AS="0">
</savoir_theorique_et_proceduraux>
<savoir_action nbItemSA_AS="0">
</savoir_action>
</bloc>
<bloc>
<position_bloc>5</position_bloc>
<activite_specifique nbItemActivite_AS="3">
<item_as>
<code_ogr>122316</code_ogr>
<libelle>Coordonner une &#0233;quipe d&#0039;intervenants</libelle>
<code_type_activite>3</code_type_activite>
<code_type_item_activite>2</code_type_item_activite>
<position_item>1</position_item>
<priorisation>1</priorisation>
<riasec_majeur>E</riasec_majeur>
</item_as>
<item_as>
<code_ogr>123899</code_ogr>
<libelle>Organiser le planning des activit&#0233;s</libelle>
<code_type_activite>3</code_type_activite>
<code_type_item_activite>2</code_type_item_activite>
<position_item>2</position_item>
<priorisation>1</priorisation>
<riasec_majeur>C</riasec_majeur>
</item_as>
<item_as>
<code_ogr>123900</code_ogr>
<libelle>Suivre les &#0233;tapes de montage d&#0039;un produit touristique</libelle>
<code_type_activite>3</code_type_activite>
<code_type_item_activite>2</code_type_item_activite>
<position_item>3</position_item>
<priorisation>1</priorisation>
<riasec_majeur>C</riasec_majeur>
</item_as>
</activite_specifique>
<savoir_theorique_et_proceduraux nbItemSTP_AS="0">
</savoir_theorique_et_proceduraux>
<savoir_action nbItemSA_AS="0">
</savoir_action>
</bloc>
<bloc>
<position_bloc>6</position_bloc>
<activite_specifique nbItemActivite_AS="3">
<item_as>
<code_ogr>117162</code_ogr>
<libelle>Proposer des axes d&#0039;am&#0233;lioration</libelle>
<code_type_activite>3</code_type_activite>
<code_type_item_activite>2</code_type_item_activite>
<position_item>1</position_item>
<priorisation>1</priorisation>
<riasec_majeur>E</riasec_majeur>
</item_as>
<item_as>
<code_ogr>121395</code_ogr>
<libelle>Analyser les performances d&#0039;un produit</libelle>
<code_type_activite>3</code_type_activite>
<code_type_item_activite>2</code_type_item_activite>
<position_item>2</position_item>
<priorisation>1</priorisation>
<riasec_majeur>E</riasec_majeur>
<riasec_mineur>i</riasec_mineur>
</item_as>
<item_as>
<code_ogr>121396</code_ogr>
<libelle>Analyser les performances d&#0039;une destination touristique</libelle>
<code_type_activite>3</code_type_activite>
<code_type_item_activite>2</code_type_item_activite>
<position_item>3</position_item>
<priorisation>1</priorisation>
<riasec_majeur>E</riasec_majeur>
<riasec_mineur>i</riasec_mineur>
</item_as>
</activite_specifique>
<savoir_theorique_et_proceduraux nbItemSTP_AS="1">
<item_as_stp>
<code_ogr>123186</code_ogr>
<libelle>Yield management</libelle>
<code_type_competence>1</code_type_competence>
<position_item>1</position_item>
<priorisation>1</priorisation>
</item_as_stp>
</savoir_theorique_et_proceduraux>
<savoir_action nbItemSA_AS="0">
</savoir_action>
</bloc>
<bloc>
<position_bloc>7</position_bloc>
<activite_specifique nbItemActivite_AS="2">
<item_as>
<code_ogr>122515</code_ogr>
<libelle>Piloter le d&#0233;veloppement d&#0039;un site Internet</libelle>
<code_type_activite>3</code_type_activite>
<code_type_item_activite>2</code_type_item_activite>
<position_item>1</position_item>
<priorisation>1</priorisation>
<riasec_majeur>I</riasec_majeur>
</item_as>
<item_as>
<code_ogr>122514</code_ogr>
<libelle>D&#0233;finir le d&#0233;veloppement d&#0039;un site Internet</libelle>
<code_type_activite>3</code_type_activite>
<code_type_item_activite>2</code_type_item_activite>
<position_item>2</position_item>
<priorisation>1</priorisation>
<riasec_majeur>I</riasec_majeur>
</item_as>
</activite_specifique>
<savoir_theorique_et_proceduraux nbItemSTP_AS="1">
<item_as_stp>
<code_ogr>101859</code_ogr>
<libelle>R&#0233;glementation du commerce &#0233;lectronique</libelle>
<code_type_competence>1</code_type_competence>
<position_item>1</position_item>
<priorisation>1</priorisation>
</item_as_stp>
</savoir_theorique_et_proceduraux>
<savoir_action nbItemSA_AS="0">
</savoir_action>
</bloc>
<bloc>
<position_bloc>8</position_bloc>
<activite_specifique nbItemActivite_AS="1">
<item_as>
<code_ogr>119337</code_ogr>
<libelle>Mettre en place des actions de gestion de ressources humaines</libelle>
<code_type_activite>3</code_type_activite>
<code_type_item_activite>2</code_type_item_activite>
<position_item>1</position_item>
<priorisation>1</priorisation>
<riasec_majeur>E</riasec_majeur>
<riasec_mineur>s</riasec_mineur>
</item_as>
</activite_specifique>
<savoir_theorique_et_proceduraux nbItemSTP_AS="2">
<item_as_stp>
<code_ogr>100343</code_ogr>
<libelle>L&#0233;gislation sociale</libelle>
<code_type_competence>1</code_type_competence>
<position_item>1</position_item>
<priorisation>1</priorisation>
</item_as_stp>
<item_as_stp>
<code_ogr>101388</code_ogr>
<libelle>Gestion des Ressources Humaines</libelle>
<code_type_competence>1</code_type_competence>
<position_item>2</position_item>
<priorisation>1</priorisation>
</item_as_stp>
</savoir_theorique_et_proceduraux>
<savoir_action nbItemSA_AS="0">
</savoir_action>
</bloc>
<bloc>
<position_bloc>9</position_bloc>
<activite_specifique nbItemActivite_AS="1">
<item_as>
<code_ogr>102359</code_ogr>
<libelle>Coordonner l&#0039;activit&#0233; d&#0039;une &#0233;quipe</libelle>
<code_type_activite>3</code_type_activite>
<code_type_item_activite>2</code_type_item_activite>
<position_item>1</position_item>
<priorisation>1</priorisation>
<riasec_majeur>E</riasec_majeur>
<riasec_mineur>s</riasec_mineur>
</item_as>
</activite_specifique>
<savoir_theorique_et_proceduraux nbItemSTP_AS="0">
</savoir_theorique_et_proceduraux>
<savoir_action nbItemSA_AS="0">
</savoir_action>
</bloc>
</bloc_activites_specifiques>
<bloc_mobilites>
<mobilites_proches nbItemMob="3">
<item_mob_pr><code_type_mobilite>1</code_type_mobilite>
<liste_appellation_source>
<code_appellation_source>0</code_appellation_source>
<libelle_appellation_source>Toutes les appellations</libelle_appellation_source>
</liste_appellation_source>
<code_rome_cible>E1107</code_rome_cible>
<libelle_rome_cible>Organisation d&#0039;&#0233;v&#0232;nementiel</libelle_rome_cible>
<liste_appellation_cible>
<code_appellation_cible>0</code_appellation_cible>
<libelle_appellation_cible>Toutes les appellations</libelle_appellation_cible>
</liste_appellation_cible>
</item_mob_pr>
<item_mob_pr><code_type_mobilite>1</code_type_mobilite>
<liste_appellation_source>
<code_appellation_source>0</code_appellation_source>
<libelle_appellation_source>Toutes les appellations</libelle_appellation_source>
</liste_appellation_source>
<code_rome_cible>G1102</code_rome_cible>
<libelle_rome_cible>Promotion du tourisme local</libelle_rome_cible>
<liste_appellation_cible>
<code_appellation_cible>0</code_appellation_cible>
<libelle_appellation_cible>Toutes les appellations</libelle_appellation_cible>
</liste_appellation_cible>
</item_mob_pr>
<item_mob_pr><code_type_mobilite>1</code_type_mobilite>
<liste_appellation_source>
<code_appellation_source>0</code_appellation_source>
<libelle_appellation_source>Toutes les appellations</libelle_appellation_source>
</liste_appellation_source>
<code_rome_cible>G1302</code_rome_cible>
<libelle_rome_cible>Optimisation de produits touristiques</libelle_rome_cible>
<liste_appellation_cible>
<code_appellation_cible>0</code_appellation_cible>
<libelle_appellation_cible>Toutes les appellations</libelle_appellation_cible>
</liste_appellation_cible>
</item_mob_pr>
</mobilites_proches>
<mobilites_si_evolution nbItemMob="6">
<item_mob_ev><code_type_mobilite>2</code_type_mobilite>
<liste_appellation_source>
<code_appellation_source>0</code_appellation_source>
<libelle_appellation_source>Toutes les appellations</libelle_appellation_source>
</liste_appellation_source>
<code_rome_cible>G1402</code_rome_cible>
<libelle_rome_cible>Management d&#0039;h&#0244;tel-restaurant</libelle_rome_cible>
<liste_appellation_cible>
<code_appellation_cible>0</code_appellation_cible>
<libelle_appellation_cible>Toutes les appellations</libelle_appellation_cible>
</liste_appellation_cible>
</item_mob_ev>
<item_mob_ev><code_type_mobilite>2</code_type_mobilite>
<liste_appellation_source>
<code_appellation_source>0</code_appellation_source>
<libelle_appellation_source>Toutes les appellations</libelle_appellation_source>
</liste_appellation_source>
<code_rome_cible>G1403</code_rome_cible>
<libelle_rome_cible>Gestion de structure de loisirs ou d&#0039;h&#0233;bergement touristique</libelle_rome_cible>
<liste_appellation_cible>
<code_appellation_cible>0</code_appellation_cible>
<libelle_appellation_cible>Toutes les appellations</libelle_appellation_cible>
</liste_appellation_cible>
</item_mob_ev>
<item_mob_ev><code_type_mobilite>2</code_type_mobilite>
<liste_appellation_source>
<code_appellation_source>0</code_appellation_source>
<libelle_appellation_source>Toutes les appellations</libelle_appellation_source>
</liste_appellation_source>
<code_rome_cible>K2109</code_rome_cible>
<libelle_rome_cible>Enseignement technique et professionnel</libelle_rome_cible>
<liste_appellation_cible>
<code_appellation_cible>0</code_appellation_cible>
<libelle_appellation_cible>Toutes les appellations</libelle_appellation_cible>
</liste_appellation_cible>
</item_mob_ev>
<item_mob_ev><code_type_mobilite>2</code_type_mobilite>
<liste_appellation_source>
<code_appellation_source>0</code_appellation_source>
<libelle_appellation_source>Toutes les appellations</libelle_appellation_source>
</liste_appellation_source>
<code_rome_cible>K2111</code_rome_cible>
<libelle_rome_cible>Formation professionnelle</libelle_rome_cible>
<liste_appellation_cible>
<code_appellation_cible>0</code_appellation_cible>
<libelle_appellation_cible>Toutes les appellations</libelle_appellation_cible>
</liste_appellation_cible>
</item_mob_ev>
<item_mob_ev><code_type_mobilite>2</code_type_mobilite>
<liste_appellation_source>
<code_appellation_source>0</code_appellation_source>
<libelle_appellation_source>Toutes les appellations</libelle_appellation_source>
</liste_appellation_source>
<code_rome_cible>M1302</code_rome_cible>
<libelle_rome_cible>Direction de petite ou moyenne entreprise</libelle_rome_cible>
<liste_appellation_cible>
<code_appellation_cible>18615</code_appellation_cible>
<libelle_appellation_cible>Responsable d&#0039;agence de voyages</libelle_appellation_cible>
</liste_appellation_cible>
</item_mob_ev>
<item_mob_ev><code_type_mobilite>2</code_type_mobilite>
<liste_appellation_source>
<code_appellation_source>0</code_appellation_source>
<libelle_appellation_source>Toutes les appellations</libelle_appellation_source>
</liste_appellation_source>
<code_rome_cible>M1703</code_rome_cible>
<libelle_rome_cible>Management et gestion de produit</libelle_rome_cible>
<liste_appellation_cible>
<code_appellation_cible>0</code_appellation_cible>
<libelle_appellation_cible>Toutes les appellations</libelle_appellation_cible>
</liste_appellation_cible>
</item_mob_ev>
</mobilites_si_evolution>
</bloc_mobilites>
</fiche_emploi_metier>