<?xml version="1.0" encoding="UTF-8" ?>
<fiche_emploi_metier>
<type_fiche>2</type_fiche>
<libelle_type_fiche>priorise</libelle_type_fiche>
<version_SI>
<version_rome>333</version_rome>
<date_version_si>01/10/2017</date_version_si>
<mois_version_si>Octobre</mois_version_si>
<annee_version_si>2017</annee_version_si>
</version_SI>
<bloc_code_rome>
<code_rome>G1503</code_rome>
<intitule>Management du personnel d&#0039;&#0233;tage</intitule>
<code_ogr>197</code_ogr>
<riasec_majeur>C</riasec_majeur>
<riasec_mineur>e</riasec_mineur>
</bloc_code_rome>
<bloc_appellation nbItemAppellation="11">
<item_app>
<code_ogr>10848</code_ogr>
<libelle>Aide gouvernant / Aide gouvernante en h&#0244;tellerie</libelle>
<libelle_court>Aide gouvernant / Aide gouvernante en h&#0244;tellerie</libelle_court>
<priorisation>1</priorisation>
</item_app>
<item_app>
<code_ogr>11357</code_ogr>
<libelle>Assistant gouvernant / Assistante gouvernante en h&#0244;tellerie</libelle>
<libelle_court>Assistant gouvernant / Assistante gouvernante en h&#0244;tellerie</libelle_court>
<priorisation>1</priorisation>
</item_app>
<item_app>
<code_ogr>11358</code_ogr>
<libelle>Assistant gouvernant g&#0233;n&#0233;ral / Assistante gouvernante g&#0233;n&#0233;rale en h&#0244;tellerie</libelle>
<libelle_court>Assistant(e) gouvernant(e) g&#0233;n&#0233;ral(e) en h&#0244;tellerie</libelle_court>
<priorisation>1</priorisation>
</item_app>
<item_app>
<code_ogr>12569</code_ogr>
<libelle>Chef gouvernant / Chef gouvernante en h&#0244;tellerie</libelle>
<libelle_court>Chef gouvernant / Chef gouvernante en h&#0244;tellerie</libelle_court>
<priorisation>1</priorisation>
</item_app>
<item_app>
<code_ogr>15384</code_ogr>
<libelle>Gouvernant / Gouvernante d&#0039;&#0233;tage</libelle>
<libelle_court>Gouvernant / Gouvernante d&#0039;&#0233;tage</libelle_court>
<priorisation>1</priorisation>
</item_app>
<item_app>
<code_ogr>15385</code_ogr>
<libelle>Gouvernant / Gouvernante d&#0039;h&#0244;tel</libelle>
<libelle_court>Gouvernant / Gouvernante d&#0039;h&#0244;tel</libelle_court>
<priorisation>1</priorisation>
</item_app>
<item_app>
<code_ogr>15387</code_ogr>
<libelle>Gouvernant / Gouvernante en &#0233;tablissement h&#0244;telier</libelle>
<libelle_court>Gouvernant / Gouvernante en &#0233;tablissement h&#0244;telier</libelle_court>
<priorisation>1</priorisation>
</item_app>
<item_app>
<code_ogr>15388</code_ogr>
<libelle>Gouvernant / Gouvernante en h&#0244;tellerie</libelle>
<libelle_court>Gouvernant / Gouvernante en h&#0244;tellerie</libelle_court>
<priorisation>1</priorisation>
</item_app>
<item_app>
<code_ogr>15390</code_ogr>
<libelle>Gouvernant g&#0233;n&#0233;ral / Gouvernante g&#0233;n&#0233;rale en h&#0244;tellerie</libelle>
<libelle_court>Gouvernant g&#0233;n&#0233;ral / Gouvernante g&#0233;n&#0233;rale en h&#0244;tellerie</libelle_court>
<priorisation>1</priorisation>
</item_app>
<item_app>
<code_ogr>17984</code_ogr>
<libelle>Premier gouvernant / Premi&#0232;re gouvernante d&#0039;h&#0244;tel</libelle>
<libelle_court>Premier gouvernant / Premi&#0232;re gouvernante d&#0039;h&#0244;tel</libelle_court>
<priorisation>1</priorisation>
</item_app>
<item_app>
<code_ogr>18960</code_ogr>
<libelle>Responsable d&#0039;&#0233;tage</libelle>
<libelle_court>Responsable d&#0039;&#0233;tage</libelle_court>
<priorisation>1</priorisation>
</item_app>
</bloc_appellation>
<definition nbItemDefinition="3">
Organise et coordonne les activit&#0233;s du personnel d&#0039;&#0233;tage (femmes de chambre, valets de chambre, ...) d&#0039;un &#0233;tablissement d&#0039;h&#0233;bergement h&#0244;telier ou touristique (h&#0244;tels, bateaux de croisi&#0232;re, ...).
Contr&#0244;le la conformit&#0233; du travail effectu&#0233; selon la charte qualit&#0233; de l&#0039;&#0233;tablissement et les normes d&#0039;hygi&#0232;ne et de s&#0233;curit&#0233;.
Peut participer &#0224; des travaux ou des services sp&#0233;cifiques (nettoyage, remise en ordre des chambres, petits-d&#0233;jeuners, ...).
</definition>
<acces_emploi_metier nbItemAccesEmploiMetier="4">
Cet emploi/m&#0233;tier est accessible avec un dipl&#0244;me de niveau Bac (professionnel, technologique, Brevet Professionnel, ...) en h&#0244;tellerie.
Il est &#0233;galement accessible avec un CAP/BEP dans le m&#0234;me secteur, compl&#0233;t&#0233; par une exp&#0233;rience professionnelle.
Les recrutements peuvent &#0234;tre ouverts sur contrats de travail saisonniers.
La pratique d&#0039;une ou plusieurs langue(s) &#0233;trang&#0232;re(s), en particulier l&#0039;anglais, est requise.
</acces_emploi_metier>
<condition_exercice_activite nbItemConditionExercice="4">
L&#0039;activit&#0233; de cet emploi/m&#0233;tier s&#0039;exerce au sein d&#0039;h&#0244;tels, de r&#0233;sidences de tourisme, d&#0039;&#0233;tablissements h&#0244;teliers mobiles (bateaux de croisi&#0232;re, ...), de villages de vacances, en relation avec les clients et diff&#0233;rents services (r&#0233;ception, lingerie, maintenance, ...).
Elle varie selon le type de structure (h&#0244;tellerie traditionnelle, de cha&#0238;ne, de luxe, ...) et son mode d&#0039;organisation (lingerie int&#0233;gr&#0233;e ou sous-trait&#0233;e, ...).
Elle peut s&#0039;exercer les fins de semaine et les jours f&#0233;ri&#0233;s.
Le port d&#0039;un uniforme est requis.
</condition_exercice_activite>
<bloc_environnement_de_travail nbItemEnvTrav="7">
<item_env>
<code_ogr>23960</code_ogr>
<libelle>H&#0244;tel 3 &#0233;toiles</libelle>
<code_type_section_env>1</code_type_section_env>
<priorisation>1</priorisation>
</item_env>
<item_env>
<code_ogr>23961</code_ogr>
<libelle>H&#0244;tel 4 &#0233;toiles</libelle>
<code_type_section_env>1</code_type_section_env>
<priorisation>1</priorisation>
</item_env>
<item_env>
<code_ogr>23962</code_ogr>
<libelle>H&#0244;tel 5 &#0233;toiles</libelle>
<code_type_section_env>1</code_type_section_env>
<priorisation>1</priorisation>
</item_env>
<item_env>
<code_ogr>23966</code_ogr>
<libelle>H&#0244;tellerie mobile (bateau de croisi&#0232;re, ...)</libelle>
<code_type_section_env>1</code_type_section_env>
<priorisation>1</priorisation>
</item_env>
<item_env>
<code_ogr>24051</code_ogr>
<libelle>R&#0233;sidence de tourisme</libelle>
<code_type_section_env>1</code_type_section_env>
<priorisation>1</priorisation>
</item_env>
<item_env>
<code_ogr>24052</code_ogr>
<libelle>R&#0233;sidence h&#0244;teli&#0232;re</libelle>
<code_type_section_env>1</code_type_section_env>
<priorisation>1</priorisation>
</item_env>
<item_env>
<code_ogr>24128</code_ogr>
<libelle>Village vacances</libelle>
<code_type_section_env>1</code_type_section_env>
<priorisation>1</priorisation>
</item_env>
</bloc_environnement_de_travail>
<bloc_activites_de_base nbBlocActiviteBase="1">
<activites_de_base nbItemActivite_AB="9">
<item_ab>
<code_ogr>121796</code_ogr>
<libelle>Organiser un planning du personnel</libelle>
<code_type_activite>3</code_type_activite>
<code_type_item_activite>2</code_type_item_activite>
<position_item>1</position_item>
<priorisation>1</priorisation>
<riasec_majeur>C</riasec_majeur>
</item_ab>
<item_ab>
<code_ogr>123603</code_ogr>
<libelle>Contr&#0244;ler l&#0039;&#0233;tat de propret&#0233; d&#0039;un lieu</libelle>
<code_type_activite>3</code_type_activite>
<code_type_item_activite>2</code_type_item_activite>
<position_item>2</position_item>
<priorisation>1</priorisation>
<riasec_majeur>C</riasec_majeur>
</item_ab>
<item_ab>
<code_ogr>125971</code_ogr>
<libelle>D&#0233;finir des besoins en approvisionnement</libelle>
<code_type_activite>3</code_type_activite>
<code_type_item_activite>2</code_type_item_activite>
<position_item>3</position_item>
<priorisation>1</priorisation>
<riasec_majeur>C</riasec_majeur>
</item_ab>
<item_ab>
<code_ogr>116932</code_ogr>
<libelle>Suivre l&#0039;&#0233;tat des stocks</libelle>
<code_type_activite>3</code_type_activite>
<code_type_item_activite>2</code_type_item_activite>
<position_item>4</position_item>
<priorisation>1</priorisation>
<riasec_majeur>C</riasec_majeur>
</item_ab>
<item_ab>
<code_ogr>119860</code_ogr>
<libelle>Pr&#0233;parer les commandes</libelle>
<code_type_activite>3</code_type_activite>
<code_type_item_activite>2</code_type_item_activite>
<position_item>5</position_item>
<priorisation>1</priorisation>
<riasec_majeur>C</riasec_majeur>
<riasec_mineur>r</riasec_mineur>
</item_ab>
<item_ab>
<code_ogr>104181</code_ogr>
<libelle>Intervenir aupr&#0232;s de la client&#0232;le pour des demandes particuli&#0232;res d&#0039;installation de fauteuil ou lit suppl&#0233;mentaire, ...</libelle>
<code_type_activite>3</code_type_activite>
<code_type_item_activite>2</code_type_item_activite>
<position_item>6</position_item>
<priorisation>1</priorisation>
<riasec_majeur>E</riasec_majeur>
<riasec_mineur>s</riasec_mineur>
</item_ab>
<item_ab>
<code_ogr>124620</code_ogr>
<libelle>V&#0233;rifier les &#0233;l&#0233;ments d&#0039;activit&#0233; et de gestion administrative du personnel</libelle>
<code_type_activite>3</code_type_activite>
<code_type_item_activite>2</code_type_item_activite>
<position_item>7</position_item>
<priorisation>1</priorisation>
<riasec_majeur>C</riasec_majeur>
</item_ab>
<item_ab>
<code_ogr>124524</code_ogr>
<libelle>Recruter du personnel</libelle>
<code_type_activite>3</code_type_activite>
<code_type_item_activite>2</code_type_item_activite>
<position_item>8</position_item>
<priorisation>1</priorisation>
<riasec_majeur>E</riasec_majeur>
</item_ab>
<item_ab>
<code_ogr>123036</code_ogr>
<libelle>Former un public</libelle>
<code_type_activite>3</code_type_activite>
<code_type_item_activite>2</code_type_item_activite>
<position_item>9</position_item>
<priorisation>1</priorisation>
<riasec_majeur>S</riasec_majeur>
</item_ab>
</activites_de_base>
<savoir_theorique_et_proceduraux nbItemSTP_AB="10">
<item_ab_stp>
<code_ogr>118975</code_ogr>
<libelle>Outils bureautiques</libelle>
<code_type_competence>1</code_type_competence>
<position_item>1</position_item>
<priorisation>1</priorisation>
</item_ab_stp>
<item_ab_stp>
<code_ogr>100038</code_ogr>
<libelle>Chiffrage/calcul de co&#0251;t</libelle>
<code_type_competence>1</code_type_competence>
<position_item>2</position_item>
<priorisation>1</priorisation>
</item_ab_stp>
<item_ab_stp>
<code_ogr>102226</code_ogr>
<libelle>Normes r&#0233;dactionnelles</libelle>
<code_type_competence>1</code_type_competence>
<position_item>3</position_item>
<priorisation>1</priorisation>
</item_ab_stp>
<item_ab_stp>
<code_ogr>102250</code_ogr>
<libelle>Techniques d&#0039;animation d&#0039;&#0233;quipe</libelle>
<code_type_competence>1</code_type_competence>
<position_item>4</position_item>
<priorisation>1</priorisation>
</item_ab_stp>
<item_ab_stp>
<code_ogr>104182</code_ogr>
<libelle>Planning d&#0039;occupation des chambres</libelle>
<code_type_competence>1</code_type_competence>
<position_item>5</position_item>
<priorisation>1</priorisation>
</item_ab_stp>
<item_ab_stp>
<code_ogr>104167</code_ogr>
<libelle>Caract&#0233;ristiques des produits d&#0039;entretien</libelle>
<code_type_competence>1</code_type_competence>
<position_item>6</position_item>
<priorisation>1</priorisation>
</item_ab_stp>
<item_ab_stp>
<code_ogr>119000</code_ogr>
<libelle>Gestion des stocks et des approvisionnements</libelle>
<code_type_competence>1</code_type_competence>
<position_item>7</position_item>
<priorisation>1</priorisation>
</item_ab_stp>
<item_ab_stp>
<code_ogr>101506</code_ogr>
<libelle>R&#0232;gles et consignes de s&#0233;curit&#0233;</libelle>
<code_type_competence>1</code_type_competence>
<position_item>8</position_item>
<priorisation>1</priorisation>
</item_ab_stp>
<item_ab_stp>
<code_ogr>102096</code_ogr>
<libelle>R&#0232;gles d&#0039;hygi&#0232;ne et de propret&#0233;</libelle>
<code_type_competence>1</code_type_competence>
<position_item>9</position_item>
<priorisation>1</priorisation>
</item_ab_stp>
<item_ab_stp>
<code_ogr>121691</code_ogr>
<libelle>Typologie du client</libelle>
<code_type_competence>1</code_type_competence>
<position_item>10</position_item>
<priorisation>1</priorisation>
</item_ab_stp>
</savoir_theorique_et_proceduraux>
<savoir_action nbItemSA_AB="0">
</savoir_action>
</bloc_activites_de_base>
<bloc_activites_specifiques nbBlocActiviteSpecifique="5">
<bloc>
<position_bloc>1</position_bloc>
<activite_specifique nbItemActivite_AS="1">
<item_as>
<code_ogr>125301</code_ogr>
<libelle>Diriger un service</libelle>
<code_type_activite>3</code_type_activite>
<code_type_item_activite>2</code_type_item_activite>
<position_item>1</position_item>
<priorisation>1</priorisation>
<riasec_majeur>E</riasec_majeur>
</item_as>
</activite_specifique>
<savoir_theorique_et_proceduraux nbItemSTP_AS="0">
</savoir_theorique_et_proceduraux>
<savoir_action nbItemSA_AS="0">
</savoir_action>
</bloc>
<bloc>
<position_bloc>2</position_bloc>
<activite_specifique nbItemActivite_AS="2">
<item_as>
<code_ogr>113782</code_ogr>
<libelle>Etablir un contrat de travail</libelle>
<code_type_activite>3</code_type_activite>
<code_type_item_activite>2</code_type_item_activite>
<position_item>1</position_item>
<priorisation>1</priorisation>
<riasec_majeur>C</riasec_majeur>
</item_as>
<item_as>
<code_ogr>124007</code_ogr>
<libelle>Contr&#0244;ler la r&#0233;alisation d&#0039;une prestation</libelle>
<code_type_activite>3</code_type_activite>
<code_type_item_activite>2</code_type_item_activite>
<position_item>2</position_item>
<priorisation>1</priorisation>
<riasec_majeur>C</riasec_majeur>
</item_as>
</activite_specifique>
<savoir_theorique_et_proceduraux nbItemSTP_AS="0">
</savoir_theorique_et_proceduraux>
<savoir_action nbItemSA_AS="0">
</savoir_action>
</bloc>
<bloc>
<position_bloc>3</position_bloc>
<activite_specifique nbItemActivite_AS="1">
<item_as>
<code_ogr>124543</code_ogr>
<libelle>Entretenir des locaux</libelle>
<code_type_activite>3</code_type_activite>
<code_type_item_activite>2</code_type_item_activite>
<position_item>1</position_item>
<priorisation>1</priorisation>
<riasec_majeur>R</riasec_majeur>
</item_as>
</activite_specifique>
<savoir_theorique_et_proceduraux nbItemSTP_AS="0">
</savoir_theorique_et_proceduraux>
<savoir_action nbItemSA_AS="0">
</savoir_action>
</bloc>
<bloc>
<position_bloc>4</position_bloc>
<activite_specifique nbItemActivite_AS="1">
<item_as>
<code_ogr>104175</code_ogr>
<libelle>Pr&#0233;parer et effectuer le service des petits-d&#0233;jeuners en salle, en chambre</libelle>
<code_type_activite>3</code_type_activite>
<code_type_item_activite>2</code_type_item_activite>
<position_item>1</position_item>
<priorisation>1</priorisation>
<riasec_majeur>R</riasec_majeur>
</item_as>
</activite_specifique>
<savoir_theorique_et_proceduraux nbItemSTP_AS="0">
</savoir_theorique_et_proceduraux>
<savoir_action nbItemSA_AS="0">
</savoir_action>
</bloc>
<bloc>
<position_bloc>5</position_bloc>
<activite_specifique nbItemActivite_AS="1">
<item_as>
<code_ogr>104174</code_ogr>
<libelle>Accueillir les clients &#0224; leur arriv&#0233;e et effectuer les formalit&#0233;s administratives li&#0233;es &#0224; leur s&#0233;jour</libelle>
<code_type_activite>3</code_type_activite>
<code_type_item_activite>2</code_type_item_activite>
<position_item>1</position_item>
<priorisation>1</priorisation>
<riasec_majeur>S</riasec_majeur>
<riasec_mineur>c</riasec_mineur>
</item_as>
</activite_specifique>
<savoir_theorique_et_proceduraux nbItemSTP_AS="2">
<item_as_stp>
<code_ogr>100341</code_ogr>
<libelle>Proc&#0233;dures d&#0039;encaissement</libelle>
<code_type_competence>1</code_type_competence>
<position_item>1</position_item>
<priorisation>1</priorisation>
</item_as_stp>
<item_as_stp>
<code_ogr>119527</code_ogr>
<libelle>Logiciels de r&#0233;servation</libelle>
<code_type_competence>1</code_type_competence>
<position_item>2</position_item>
<priorisation>1</priorisation>
</item_as_stp>
</savoir_theorique_et_proceduraux>
<savoir_action nbItemSA_AS="0">
</savoir_action>
</bloc>
</bloc_activites_specifiques>
<bloc_mobilites>
<mobilites_proches nbItemMob="3">
<item_mob_pr><code_type_mobilite>1</code_type_mobilite>
<liste_appellation_source>
<code_appellation_source>0</code_appellation_source>
<libelle_appellation_source>Toutes les appellations</libelle_appellation_source>
</liste_appellation_source>
<code_rome_cible>G1502</code_rome_cible>
<libelle_rome_cible>Personnel polyvalent d&#0039;h&#0244;tellerie</libelle_rome_cible>
<liste_appellation_cible>
<code_appellation_cible>0</code_appellation_cible>
<libelle_appellation_cible>Toutes les appellations</libelle_appellation_cible>
</liste_appellation_cible>
</item_mob_pr>
<item_mob_pr><code_type_mobilite>1</code_type_mobilite>
<liste_appellation_source>
<code_appellation_source>0</code_appellation_source>
<libelle_appellation_source>Toutes les appellations</libelle_appellation_source>
</liste_appellation_source>
<code_rome_cible>G1701</code_rome_cible>
<libelle_rome_cible>Conciergerie en h&#0244;tellerie</libelle_rome_cible>
<liste_appellation_cible>
<code_appellation_cible>0</code_appellation_cible>
<libelle_appellation_cible>Toutes les appellations</libelle_appellation_cible>
</liste_appellation_cible>
</item_mob_pr>
<item_mob_pr><code_type_mobilite>1</code_type_mobilite>
<liste_appellation_source>
<code_appellation_source>0</code_appellation_source>
<libelle_appellation_source>Toutes les appellations</libelle_appellation_source>
</liste_appellation_source>
<code_rome_cible>G1703</code_rome_cible>
<libelle_rome_cible>R&#0233;ception en h&#0244;tellerie</libelle_rome_cible>
<liste_appellation_cible>
<code_appellation_cible>0</code_appellation_cible>
<libelle_appellation_cible>Toutes les appellations</libelle_appellation_cible>
</liste_appellation_cible>
</item_mob_pr>
</mobilites_proches>
<mobilites_si_evolution nbItemMob="3">
<item_mob_ev><code_type_mobilite>2</code_type_mobilite>
<liste_appellation_source>
<code_appellation_source>0</code_appellation_source>
<libelle_appellation_source>Toutes les appellations</libelle_appellation_source>
</liste_appellation_source>
<code_rome_cible>G1401</code_rome_cible>
<libelle_rome_cible>Assistance de direction d&#0039;h&#0244;tel-restaurant</libelle_rome_cible>
<liste_appellation_cible>
<code_appellation_cible>0</code_appellation_cible>
<libelle_appellation_cible>Toutes les appellations</libelle_appellation_cible>
</liste_appellation_cible>
</item_mob_ev>
<item_mob_ev><code_type_mobilite>2</code_type_mobilite>
<liste_appellation_source>
<code_appellation_source>0</code_appellation_source>
<libelle_appellation_source>Toutes les appellations</libelle_appellation_source>
</liste_appellation_source>
<code_rome_cible>G1402</code_rome_cible>
<libelle_rome_cible>Management d&#0039;h&#0244;tel-restaurant</libelle_rome_cible>
<liste_appellation_cible>
<code_appellation_cible>0</code_appellation_cible>
<libelle_appellation_cible>Toutes les appellations</libelle_appellation_cible>
</liste_appellation_cible>
</item_mob_ev>
<item_mob_ev><code_type_mobilite>2</code_type_mobilite>
<liste_appellation_source>
<code_appellation_source>0</code_appellation_source>
<libelle_appellation_source>Toutes les appellations</libelle_appellation_source>
</liste_appellation_source>
<code_rome_cible>K2111</code_rome_cible>
<libelle_rome_cible>Formation professionnelle</libelle_rome_cible>
<liste_appellation_cible>
<code_appellation_cible>38241</code_appellation_cible>
<libelle_appellation_cible>Formateur / Formatrice h&#0244;tellerie restauration</libelle_appellation_cible>
</liste_appellation_cible>
</item_mob_ev>
</mobilites_si_evolution>
</bloc_mobilites>
</fiche_emploi_metier>