<?xml version="1.0" encoding="UTF-8" ?>
<fiche_emploi_metier>
<type_fiche>2</type_fiche>
<libelle_type_fiche>priorise</libelle_type_fiche>
<version_SI>
<version_rome>333</version_rome>
<date_version_si>01/10/2017</date_version_si>
<mois_version_si>Octobre</mois_version_si>
<annee_version_si>2017</annee_version_si>
</version_SI>
<bloc_code_rome>
<code_rome>G1603</code_rome>
<intitule>Personnel polyvalent en restauration</intitule>
<code_ogr>200</code_ogr>
<riasec_majeur>R</riasec_majeur>
<riasec_mineur>c</riasec_mineur>
</bloc_code_rome>
<bloc_appellation nbItemAppellation="19">
<item_app>
<code_ogr>10594</code_ogr>
<libelle>Agent / Agente de restauration rapide</libelle>
<libelle_court>Agent / Agente de restauration rapide</libelle_court>
<priorisation>1</priorisation>
</item_app>
<item_app>
<code_ogr>12762</code_ogr>
<libelle>Commis / Commise de self</libelle>
<libelle_court>Commis / Commise de self</libelle_court>
<priorisation>1</priorisation>
</item_app>
<item_app>
<code_ogr>14759</code_ogr>
<libelle>Employ&#0233; / Employ&#0233;e de caf&#0233;t&#0233;ria</libelle>
<libelle_court>Employ&#0233; / Employ&#0233;e de caf&#0233;t&#0233;ria</libelle_court>
<priorisation>1</priorisation>
</item_app>
<item_app>
<code_ogr>14760</code_ogr>
<libelle>Employ&#0233; / Employ&#0233;e de cantine</libelle>
<libelle_court>Employ&#0233; / Employ&#0233;e de cantine</libelle_court>
<priorisation>1</priorisation>
</item_app>
<item_app>
<code_ogr>14765</code_ogr>
<libelle>Employ&#0233; / Employ&#0233;e de friterie</libelle>
<libelle_court>Employ&#0233; / Employ&#0233;e de friterie</libelle_court>
<priorisation>1</priorisation>
</item_app>
<item_app>
<code_ogr>14786</code_ogr>
<libelle>Employ&#0233; / Employ&#0233;e de restauration collective</libelle>
<libelle_court>Employ&#0233; / Employ&#0233;e de restauration collective</libelle_court>
<priorisation>1</priorisation>
</item_app>
<item_app>
<code_ogr>14788</code_ogr>
<libelle>Employ&#0233; / Employ&#0233;e de snack-bar</libelle>
<libelle_court>Employ&#0233; / Employ&#0233;e de snack-bar</libelle_court>
<priorisation>1</priorisation>
</item_app>
<item_app>
<code_ogr>14812</code_ogr>
<libelle>Employ&#0233; polyvalent / Employ&#0233;e polyvalente de restaurant</libelle>
<libelle_court>Employ&#0233; polyvalent / Employ&#0233;e polyvalente de restaurant</libelle_court>
<priorisation>1</priorisation>
</item_app>
<item_app>
<code_ogr>14813</code_ogr>
<libelle>Employ&#0233; polyvalent / Employ&#0233;e polyvalente de restauration</libelle>
<libelle_court>Employ&#0233; polyvalent / Employ&#0233;e polyvalente de restauration</libelle_court>
<priorisation>1</priorisation>
</item_app>
<item_app>
<code_ogr>14875</code_ogr>
<libelle>Equipier polyvalent / Equipi&#0232;re polyvalente de restauration rapide</libelle>
<libelle_court>Equipier(&#0232;re) polyvalent(e) de restauration rapide</libelle_court>
<priorisation>1</priorisation>
</item_app>
<item_app>
<code_ogr>18031</code_ogr>
<libelle>Pr&#0233;parateur livreur / Pr&#0233;paratrice livreuse en restauration rapide</libelle>
<libelle_court>Pr&#0233;parateur(trice) livreur(se) en restauration rapide</libelle_court>
<priorisation>1</priorisation>
</item_app>
<item_app>
<code_ogr>38417</code_ogr>
<libelle>Pr&#0233;parateur-vendeur / Pr&#0233;paratrice vendeuse en restauration rapide</libelle>
<libelle_court>Pr&#0233;parateur(trice)-vendeur(se) en restauration rapide</libelle_court>
<priorisation>1</priorisation>
</item_app>
<item_app>
<code_ogr>18044</code_ogr>
<libelle>Pr&#0233;parateur-vendeur / Pr&#0233;paratrice-vendeuse de plats &#0224; emporter</libelle>
<libelle_court>Pr&#0233;parateur(trice)-vendeur(se) de plats &#0224; emporter</libelle_court>
<priorisation>1</priorisation>
</item_app>
<item_app>
<code_ogr>18045</code_ogr>
<libelle>Pr&#0233;parateur-vendeur / Pr&#0233;paratrice-vendeuse de sandwichs</libelle>
<libelle_court>Pr&#0233;parateur-vendeur / Pr&#0233;paratrice-vendeuse de sandwichs</libelle_court>
<priorisation>1</priorisation>
</item_app>
<item_app>
<code_ogr>18046</code_ogr>
<libelle>Pr&#0233;parateur-vendeur / Pr&#0233;paratrice-vendeuse en point chaud</libelle>
<libelle_court>Pr&#0233;parateur-vendeur / Pr&#0233;paratrice-vendeuse en point chaud</libelle_court>
<priorisation>1</priorisation>
</item_app>
<item_app>
<code_ogr>18047</code_ogr>
<libelle>Pr&#0233;parateur-vendeur / Pr&#0233;paratrice-vendeuse en terminal de cuisson</libelle>
<libelle_court>Pr&#0233;parateur(trice)-vendeur(se) en terminal de cuisson</libelle_court>
<priorisation>1</priorisation>
</item_app>
<item_app>
<code_ogr>19529</code_ogr>
<libelle>Steward / H&#0244;tesse de train</libelle>
<libelle_court>Steward / H&#0244;tesse de train</libelle_court>
<priorisation>1</priorisation>
</item_app>
<item_app>
<code_ogr>20526</code_ogr>
<libelle>Vendeur / Vendeuse de glaces</libelle>
<libelle_court>Vendeur / Vendeuse de glaces</libelle_court>
<priorisation>1</priorisation>
</item_app>
<item_app>
<code_ogr>20533</code_ogr>
<libelle>Vendeur / Vendeuse de sandwichs</libelle>
<libelle_court>Vendeur / Vendeuse de sandwichs</libelle_court>
<priorisation>1</priorisation>
</item_app>
</bloc_appellation>
<definition nbItemDefinition="2">
Pr&#0233;pare et assemble des produits (pain, viennoiseries), des plats simples chauds ou froids (sandwichs, salades, glaces, ...) et en effectue la vente selon les r&#0232;gles d&#0039;hygi&#0232;ne et de s&#0233;curit&#0233; alimentaires et la charte qualit&#0233; de l&#0039;&#0233;tablissement.
Peut servir les plats &#0224; table.
</definition>
<acces_emploi_metier nbItemAccesEmploiMetier="3">
Cet emploi/m&#0233;tier est accessible sans dipl&#0244;me ni exp&#0233;rience professionnelle.
Un CAP d&#0039;agent polyvalent de restauration peut en faciliter l&#0039;acc&#0232;s.
Les recrutements peuvent &#0234;tre ouverts sur contrats de travail saisonniers ou de tr&#0232;s courte dur&#0233;e (extra).
</acces_emploi_metier>
<condition_exercice_activite nbItemConditionExercice="4">
L&#0039;activit&#0233; de cet emploi/m&#0233;tier s&#0039;exerce au sein d&#0039;&#0233;tablissements de restauration rapide, de caf&#0233;t&#0233;rias, de restaurants d&#0039;entreprise ou de collectivit&#0233;, en contact avec les clients et diff&#0233;rents intervenants (managers, responsable d&#0039;&#0233;tablissement de restauration, ...).
Elle peut s&#0039;exercer en horaires fractionn&#0233;s, en soir&#0233;e, les fins de semaine, jours f&#0233;ri&#0233;s et &#0234;tre soumise &#0224; des pics d&#0039;activit&#0233; (&#0171;coup de feu&#0187;).
Le port d&#0039;un uniforme est requis.
La connaissance des normes d&#0039;hygi&#0232;ne et de s&#0233;curit&#0233; alimentaires (Hazard Analysis Critical Control Point -HACCP-) est requise.
</condition_exercice_activite>
<bloc_environnement_de_travail nbItemEnvTrav="5">
<item_env>
<code_ogr>23917</code_ogr>
<libelle>Etablissement de restauration mobile (bateau de croisi&#0232;re, train, ...)</libelle>
<code_type_section_env>1</code_type_section_env>
<priorisation>1</priorisation>
</item_env>
<item_env>
<code_ogr>23918</code_ogr>
<libelle>Etablissement de restauration rapide</libelle>
<code_type_section_env>1</code_type_section_env>
<priorisation>1</priorisation>
</item_env>
<item_env>
<code_ogr>24041</code_ogr>
<libelle>Point chaud, terminal de cuisson</libelle>
<code_type_section_env>1</code_type_section_env>
<priorisation>1</priorisation>
</item_env>
<item_env>
<code_ogr>24054</code_ogr>
<libelle>Restaurant de collectivit&#0233;</libelle>
<code_type_section_env>1</code_type_section_env>
<priorisation>1</priorisation>
</item_env>
<item_env>
<code_ogr>38056</code_ogr>
<libelle>Travail en extra</libelle>
<code_type_section_env>3</code_type_section_env>
<priorisation>1</priorisation>
</item_env>
</bloc_environnement_de_travail>
<bloc_activites_de_base nbBlocActiviteBase="1">
<activites_de_base nbItemActivite_AB="10">
<item_ab>
<code_ogr>104226</code_ogr>
<libelle>Renseigner le client sur la composition des produits (salades, sandwichs, ...) et enregistrer sa commande</libelle>
<code_type_activite>3</code_type_activite>
<code_type_item_activite>2</code_type_item_activite>
<position_item>1</position_item>
<priorisation>1</priorisation>
<riasec_majeur>E</riasec_majeur>
<riasec_mineur>c</riasec_mineur>
</item_ab>
<item_ab>
<code_ogr>104227</code_ogr>
<libelle>Pr&#0233;parer des plats simples (salades, assiette de crudit&#0233;s, de fromages, desserts, ...)</libelle>
<code_type_activite>3</code_type_activite>
<code_type_item_activite>2</code_type_item_activite>
<position_item>2</position_item>
<priorisation>1</priorisation>
<riasec_majeur>R</riasec_majeur>
</item_ab>
<item_ab>
<code_ogr>124919</code_ogr>
<libelle>Cuire des viandes, poissons ou l&#0233;gumes</libelle>
<code_type_activite>3</code_type_activite>
<code_type_item_activite>2</code_type_item_activite>
<position_item>3</position_item>
<priorisation>1</priorisation>
<riasec_majeur>R</riasec_majeur>
</item_ab>
<item_ab>
<code_ogr>124966</code_ogr>
<libelle>Pr&#0233;parer des sandwichs</libelle>
<code_type_activite>3</code_type_activite>
<code_type_item_activite>2</code_type_item_activite>
<position_item>4</position_item>
<priorisation>1</priorisation>
<riasec_majeur>R</riasec_majeur>
</item_ab>
<item_ab>
<code_ogr>117532</code_ogr>
<libelle>Disposer des produits sur le lieu de vente</libelle>
<code_type_activite>3</code_type_activite>
<code_type_item_activite>2</code_type_item_activite>
<position_item>5</position_item>
<priorisation>1</priorisation>
<riasec_majeur>R</riasec_majeur>
</item_ab>
<item_ab>
<code_ogr>104230</code_ogr>
<libelle>Remettre la commande au client (service &#0224; l&#0039;assiette, emballage &#0224; emporter, plateau, ...)</libelle>
<code_type_activite>3</code_type_activite>
<code_type_item_activite>2</code_type_item_activite>
<position_item>6</position_item>
<priorisation>1</priorisation>
<riasec_majeur>E</riasec_majeur>
<riasec_mineur>c</riasec_mineur>
</item_ab>
<item_ab>
<code_ogr>102068</code_ogr>
<libelle>Encaisser le montant d&#0039;une vente</libelle>
<code_type_activite>3</code_type_activite>
<code_type_item_activite>2</code_type_item_activite>
<position_item>7</position_item>
<priorisation>1</priorisation>
<riasec_majeur>C</riasec_majeur>
</item_ab>
<item_ab>
<code_ogr>117482</code_ogr>
<libelle>Conditionner un produit</libelle>
<code_type_activite>3</code_type_activite>
<code_type_item_activite>2</code_type_item_activite>
<position_item>8</position_item>
<priorisation>1</priorisation>
<riasec_majeur>R</riasec_majeur>
</item_ab>
<item_ab>
<code_ogr>124543</code_ogr>
<libelle>Entretenir des locaux</libelle>
<code_type_activite>3</code_type_activite>
<code_type_item_activite>2</code_type_item_activite>
<position_item>9</position_item>
<priorisation>1</priorisation>
<riasec_majeur>R</riasec_majeur>
</item_ab>
<item_ab>
<code_ogr>124547</code_ogr>
<libelle>Nettoyer du mat&#0233;riel ou un &#0233;quipement</libelle>
<code_type_activite>3</code_type_activite>
<code_type_item_activite>2</code_type_item_activite>
<position_item>10</position_item>
<priorisation>1</priorisation>
<riasec_majeur>R</riasec_majeur>
</item_ab>
</activites_de_base>
<savoir_theorique_et_proceduraux nbItemSTP_AB="11">
<item_ab_stp>
<code_ogr>100341</code_ogr>
<libelle>Proc&#0233;dures d&#0039;encaissement</libelle>
<code_type_competence>1</code_type_competence>
<position_item>1</position_item>
<priorisation>1</priorisation>
</item_ab_stp>
<item_ab_stp>
<code_ogr>124451</code_ogr>
<libelle>Proc&#0233;dures de conditionnement</libelle>
<code_type_competence>1</code_type_competence>
<position_item>2</position_item>
<priorisation>1</priorisation>
</item_ab_stp>
<item_ab_stp>
<code_ogr>122435</code_ogr>
<libelle>Syst&#0232;me Hazard Analysis Critical Control Point  (HACCP)</libelle>
<code_type_competence>1</code_type_competence>
<position_item>3</position_item>
<priorisation>1</priorisation>
</item_ab_stp>
<item_ab_stp>
<code_ogr>101782</code_ogr>
<libelle>Modes de cuisson des aliments</libelle>
<code_type_competence>1</code_type_competence>
<position_item>4</position_item>
<priorisation>1</priorisation>
</item_ab_stp>
<item_ab_stp>
<code_ogr>101716</code_ogr>
<libelle>Cha&#0238;ne du froid</libelle>
<code_type_competence>1</code_type_competence>
<position_item>5</position_item>
<priorisation>1</priorisation>
</item_ab_stp>
<item_ab_stp>
<code_ogr>104234</code_ogr>
<libelle>Dressage de plats</libelle>
<code_type_competence>1</code_type_competence>
<position_item>6</position_item>
<priorisation>1</priorisation>
</item_ab_stp>
<item_ab_stp>
<code_ogr>104100</code_ogr>
<libelle>Fiches techniques de cuisine</libelle>
<code_type_competence>1</code_type_competence>
<position_item>7</position_item>
<priorisation>1</priorisation>
</item_ab_stp>
<item_ab_stp>
<code_ogr>104233</code_ogr>
<libelle>Utilisation de four &#0224; commandes num&#0233;riques</libelle>
<code_type_competence>1</code_type_competence>
<position_item>8</position_item>
<priorisation>1</priorisation>
</item_ab_stp>
<item_ab_stp>
<code_ogr>100086</code_ogr>
<libelle>Techniques de comptage</libelle>
<code_type_competence>1</code_type_competence>
<position_item>9</position_item>
<priorisation>1</priorisation>
</item_ab_stp>
<item_ab_stp>
<code_ogr>100259</code_ogr>
<libelle>Utilisation de mat&#0233;riel de nettoyage</libelle>
<code_type_competence>1</code_type_competence>
<position_item>10</position_item>
<priorisation>1</priorisation>
</item_ab_stp>
<item_ab_stp>
<code_ogr>101767</code_ogr>
<libelle>Modes de conservation des produits alimentaires</libelle>
<code_type_competence>1</code_type_competence>
<position_item>11</position_item>
<priorisation>1</priorisation>
</item_ab_stp>
</savoir_theorique_et_proceduraux>
<savoir_action nbItemSA_AB="0">
</savoir_action>
</bloc_activites_de_base>
<bloc_activites_specifiques nbBlocActiviteSpecifique="6">
<bloc>
<position_bloc>1</position_bloc>
<activite_specifique nbItemActivite_AS="5">
<item_as>
<code_ogr>124961</code_ogr>
<libelle>Pr&#0233;parer des boissons chaudes ou froides</libelle>
<code_type_activite>3</code_type_activite>
<code_type_item_activite>2</code_type_item_activite>
<position_item>1</position_item>
<priorisation>1</priorisation>
<riasec_majeur>R</riasec_majeur>
</item_as>
<item_as>
<code_ogr>104236</code_ogr>
<libelle>Pr&#0233;parer et/ou r&#0233;chauffer des pains</libelle>
<code_type_activite>3</code_type_activite>
<code_type_item_activite>2</code_type_item_activite>
<position_item>2</position_item>
<priorisation>1</priorisation>
<riasec_majeur>R</riasec_majeur>
</item_as>
<item_as>
<code_ogr>119445</code_ogr>
<libelle>Cuisiner des produits traiteurs</libelle>
<code_type_activite>3</code_type_activite>
<code_type_item_activite>2</code_type_item_activite>
<position_item>3</position_item>
<priorisation>1</priorisation>
<riasec_majeur>R</riasec_majeur>
</item_as>
<item_as>
<code_ogr>104259</code_ogr>
<libelle>Pr&#0233;parer des salades</libelle>
<code_type_activite>3</code_type_activite>
<code_type_item_activite>2</code_type_item_activite>
<position_item>4</position_item>
<priorisation>1</priorisation>
<riasec_majeur>R</riasec_majeur>
</item_as>
<item_as>
<code_ogr>124959</code_ogr>
<libelle>Cuire des pi&#0232;ces de viennoiserie</libelle>
<code_type_activite>3</code_type_activite>
<code_type_item_activite>2</code_type_item_activite>
<position_item>5</position_item>
<priorisation>1</priorisation>
<riasec_majeur>R</riasec_majeur>
</item_as>
</activite_specifique>
<savoir_theorique_et_proceduraux nbItemSTP_AS="1">
<item_as_stp>
<code_ogr>104241</code_ogr>
<libelle>Conditions de fermentation de la p&#0226;te (&#0224; pain, &#0224; viennoiserie)</libelle>
<code_type_competence>1</code_type_competence>
<position_item>1</position_item>
<priorisation>1</priorisation>
</item_as_stp>
</savoir_theorique_et_proceduraux>
<savoir_action nbItemSA_AS="0">
</savoir_action>
</bloc>
<bloc>
<position_bloc>2</position_bloc>
<activite_specifique nbItemActivite_AS="1">
<item_as>
<code_ogr>124963</code_ogr>
<libelle>R&#0233;aliser un service en salle</libelle>
<code_type_activite>3</code_type_activite>
<code_type_item_activite>2</code_type_item_activite>
<position_item>1</position_item>
<priorisation>1</priorisation>
<riasec_majeur>R</riasec_majeur>
</item_as>
</activite_specifique>
<savoir_theorique_et_proceduraux nbItemSTP_AS="2">
<item_as_stp>
<code_ogr>124964</code_ogr>
<libelle>Techniques de service plat sur table</libelle>
<code_type_competence>1</code_type_competence>
<position_item>1</position_item>
<priorisation>1</priorisation>
</item_as_stp>
<item_as_stp>
<code_ogr>104316</code_ogr>
<libelle>Techniques de service &#0224; l&#0039;assiette</libelle>
<code_type_competence>1</code_type_competence>
<position_item>2</position_item>
<priorisation>1</priorisation>
</item_as_stp>
</savoir_theorique_et_proceduraux>
<savoir_action nbItemSA_AS="0">
</savoir_action>
</bloc>
<bloc>
<position_bloc>3</position_bloc>
<activite_specifique nbItemActivite_AS="2">
<item_as>
<code_ogr>121921</code_ogr>
<libelle>Ranger une r&#0233;serve</libelle>
<code_type_activite>3</code_type_activite>
<code_type_item_activite>2</code_type_item_activite>
<position_item>1</position_item>
<priorisation>1</priorisation>
<riasec_majeur>R</riasec_majeur>
</item_as>
<item_as>
<code_ogr>115554</code_ogr>
<libelle>R&#0233;ceptionner et contr&#0244;ler des produits (quantit&#0233;, conformit&#0233;, &#0233;tat, ...)</libelle>
<code_type_activite>3</code_type_activite>
<code_type_item_activite>2</code_type_item_activite>
<position_item>2</position_item>
<priorisation>1</priorisation>
<riasec_majeur>C</riasec_majeur>
</item_as>
</activite_specifique>
<savoir_theorique_et_proceduraux nbItemSTP_AS="1">
<item_as_stp>
<code_ogr>100016</code_ogr>
<libelle>Gestes et postures de manutention</libelle>
<code_type_competence>1</code_type_competence>
<position_item>1</position_item>
<priorisation>1</priorisation>
</item_as_stp>
</savoir_theorique_et_proceduraux>
<savoir_action nbItemSA_AS="0">
</savoir_action>
</bloc>
<bloc>
<position_bloc>4</position_bloc>
<activite_specifique nbItemActivite_AS="1">
<item_as>
<code_ogr>121935</code_ogr>
<libelle>Planifier une production selon les flux de vente pr&#0233;visionnels</libelle>
<code_type_activite>3</code_type_activite>
<code_type_item_activite>2</code_type_item_activite>
<position_item>1</position_item>
<priorisation>1</priorisation>
<riasec_majeur>C</riasec_majeur>
<riasec_mineur>i</riasec_mineur>
</item_as>
</activite_specifique>
<savoir_theorique_et_proceduraux nbItemSTP_AS="0">
</savoir_theorique_et_proceduraux>
<savoir_action nbItemSA_AS="0">
</savoir_action>
</bloc>
<bloc>
<position_bloc>5</position_bloc>
<activite_specifique nbItemActivite_AS="1">
<item_as>
<code_ogr>104262</code_ogr>
<libelle>R&#0233;aliser la plonge</libelle>
<code_type_activite>3</code_type_activite>
<code_type_item_activite>2</code_type_item_activite>
<position_item>1</position_item>
<priorisation>1</priorisation>
<riasec_majeur>R</riasec_majeur>
</item_as>
</activite_specifique>
<savoir_theorique_et_proceduraux nbItemSTP_AS="2">
<item_as_stp>
<code_ogr>104172</code_ogr>
<libelle>Utilisation de machine de plonge automatis&#0233;e</libelle>
<code_type_competence>1</code_type_competence>
<position_item>1</position_item>
<priorisation>1</priorisation>
</item_as_stp>
<item_as_stp>
<code_ogr>104171</code_ogr>
<libelle>Plonge manuelle</libelle>
<code_type_competence>1</code_type_competence>
<position_item>2</position_item>
<priorisation>1</priorisation>
</item_as_stp>
</savoir_theorique_et_proceduraux>
<savoir_action nbItemSA_AS="0">
</savoir_action>
</bloc>
<bloc>
<position_bloc>6</position_bloc>
<activite_specifique nbItemActivite_AS="1">
<item_as>
<code_ogr>125102</code_ogr>
<libelle>Livrer une commande</libelle>
<code_type_activite>3</code_type_activite>
<code_type_item_activite>2</code_type_item_activite>
<position_item>1</position_item>
<priorisation>1</priorisation>
<riasec_majeur>R</riasec_majeur>
</item_as>
</activite_specifique>
<savoir_theorique_et_proceduraux nbItemSTP_AS="0">
</savoir_theorique_et_proceduraux>
<savoir_action nbItemSA_AS="0">
</savoir_action>
</bloc>
</bloc_activites_specifiques>
<bloc_mobilites>
<mobilites_proches nbItemMob="6">
<item_mob_pr><code_type_mobilite>1</code_type_mobilite>
<liste_appellation_source>
<code_appellation_source>0</code_appellation_source>
<libelle_appellation_source>Toutes les appellations</libelle_appellation_source>
</liste_appellation_source>
<code_rome_cible>D1106</code_rome_cible>
<libelle_rome_cible>Vente en alimentation</libelle_rome_cible>
<liste_appellation_cible>
<code_appellation_cible>0</code_appellation_cible>
<libelle_appellation_cible>Toutes les appellations</libelle_appellation_cible>
</liste_appellation_cible>
</item_mob_pr>
<item_mob_pr><code_type_mobilite>1</code_type_mobilite>
<liste_appellation_source>
<code_appellation_source>0</code_appellation_source>
<libelle_appellation_source>Toutes les appellations</libelle_appellation_source>
</liste_appellation_source>
<code_rome_cible>G1604</code_rome_cible>
<libelle_rome_cible>Fabrication de cr&#0234;pes ou pizzas</libelle_rome_cible>
<liste_appellation_cible>
<code_appellation_cible>0</code_appellation_cible>
<libelle_appellation_cible>Toutes les appellations</libelle_appellation_cible>
</liste_appellation_cible>
</item_mob_pr>
<item_mob_pr><code_type_mobilite>1</code_type_mobilite>
<liste_appellation_source>
<code_appellation_source>0</code_appellation_source>
<libelle_appellation_source>Toutes les appellations</libelle_appellation_source>
</liste_appellation_source>
<code_rome_cible>G1702</code_rome_cible>
<libelle_rome_cible>Personnel du hall</libelle_rome_cible>
<liste_appellation_cible>
<code_appellation_cible>0</code_appellation_cible>
<libelle_appellation_cible>Toutes les appellations</libelle_appellation_cible>
</liste_appellation_cible>
</item_mob_pr>
<item_mob_pr><code_type_mobilite>1</code_type_mobilite>
<liste_appellation_source>
<code_appellation_source>0</code_appellation_source>
<libelle_appellation_source>Toutes les appellations</libelle_appellation_source>
</liste_appellation_source>
<code_rome_cible>G1801</code_rome_cible>
<libelle_rome_cible>Caf&#0233;, bar brasserie</libelle_rome_cible>
<liste_appellation_cible>
<code_appellation_cible>0</code_appellation_cible>
<libelle_appellation_cible>Toutes les appellations</libelle_appellation_cible>
</liste_appellation_cible>
</item_mob_pr>
<item_mob_pr><code_type_mobilite>1</code_type_mobilite>
<liste_appellation_source>
<code_appellation_source>0</code_appellation_source>
<libelle_appellation_source>Toutes les appellations</libelle_appellation_source>
</liste_appellation_source>
<code_rome_cible>G1803</code_rome_cible>
<libelle_rome_cible>Service en restauration</libelle_rome_cible>
<liste_appellation_cible>
<code_appellation_cible>0</code_appellation_cible>
<libelle_appellation_cible>Toutes les appellations</libelle_appellation_cible>
</liste_appellation_cible>
</item_mob_pr>
<item_mob_pr><code_type_mobilite>1</code_type_mobilite>
<liste_appellation_source>
<code_appellation_source>0</code_appellation_source>
<libelle_appellation_source>Toutes les appellations</libelle_appellation_source>
</liste_appellation_source>
<code_rome_cible>J1301</code_rome_cible>
<libelle_rome_cible>Personnel polyvalent des services hospitaliers</libelle_rome_cible>
<liste_appellation_cible>
<code_appellation_cible>0</code_appellation_cible>
<libelle_appellation_cible>Toutes les appellations</libelle_appellation_cible>
</liste_appellation_cible>
</item_mob_pr>
</mobilites_proches>
<mobilites_si_evolution nbItemMob="2">
<item_mob_ev><code_type_mobilite>2</code_type_mobilite>
<liste_appellation_source>
<code_appellation_source>0</code_appellation_source>
<libelle_appellation_source>Toutes les appellations</libelle_appellation_source>
</liste_appellation_source>
<code_rome_cible>G1401</code_rome_cible>
<libelle_rome_cible>Assistance de direction d&#0039;h&#0244;tel-restaurant</libelle_rome_cible>
<liste_appellation_cible>
<code_appellation_cible>0</code_appellation_cible>
<libelle_appellation_cible>Toutes les appellations</libelle_appellation_cible>
</liste_appellation_cible>
</item_mob_ev>
<item_mob_ev><code_type_mobilite>2</code_type_mobilite>
<liste_appellation_source>
<code_appellation_source>0</code_appellation_source>
<libelle_appellation_source>Toutes les appellations</libelle_appellation_source>
</liste_appellation_source>
<code_rome_cible>G1602</code_rome_cible>
<libelle_rome_cible>Personnel de cuisine</libelle_rome_cible>
<liste_appellation_cible>
<code_appellation_cible>0</code_appellation_cible>
<libelle_appellation_cible>Toutes les appellations</libelle_appellation_cible>
</liste_appellation_cible>
</item_mob_ev>
</mobilites_si_evolution>
</bloc_mobilites>
</fiche_emploi_metier>