<?xml version="1.0" encoding="UTF-8" ?>
<fiche_emploi_metier>
<type_fiche>2</type_fiche>
<libelle_type_fiche>priorise</libelle_type_fiche>
<version_SI>
<version_rome>333</version_rome>
<date_version_si>01/10/2017</date_version_si>
<mois_version_si>Octobre</mois_version_si>
<annee_version_si>2017</annee_version_si>
</version_SI>
<bloc_code_rome>
<code_rome>H1102</code_rome>
<intitule>Management et ing&#0233;nierie d&#0039;affaires</intitule>
<code_ogr>211</code_ogr>
<riasec_majeur>E</riasec_majeur>
<riasec_mineur>c</riasec_mineur>
</bloc_code_rome>
<bloc_appellation nbItemAppellation="12">
<item_app>
<code_ogr>11755</code_ogr>
<libelle>Charg&#0233; / Charg&#0233;e d&#0039;affaires en industrie</libelle>
<libelle_court>Charg&#0233; / Charg&#0233;e d&#0039;affaires en industrie</libelle_court>
<priorisation>1</priorisation>
</item_app>
<item_app>
<code_ogr>11841</code_ogr>
<libelle>Charg&#0233; / Charg&#0233;e de projet d&#0039;affaires en industrie</libelle>
<libelle_court>Charg&#0233; / Charg&#0233;e de projet d&#0039;affaires en industrie</libelle_court>
<priorisation>1</priorisation>
</item_app>
<item_app>
<code_ogr>12234</code_ogr>
<libelle>Chef de projet d&#0039;affaires d&#0039;ing&#0233;nierie industrielle</libelle>
<libelle_court>Chef de projet d&#0039;affaires d&#0039;ing&#0233;nierie industrielle</libelle_court>
<priorisation>1</priorisation>
</item_app>
<item_app>
<code_ogr>15623</code_ogr>
<libelle>Ing&#0233;nieur / Ing&#0233;nieure d&#0039;affaires en industrie</libelle>
<libelle_court>Ing&#0233;nieur / Ing&#0233;nieure d&#0039;affaires en industrie</libelle_court>
<priorisation>1</priorisation>
</item_app>
<item_app>
<code_ogr>15632</code_ogr>
<libelle>Ing&#0233;nieur / Ing&#0233;nieure de contrats industriels</libelle>
<libelle_court>Ing&#0233;nieur / Ing&#0233;nieure de contrats industriels</libelle_court>
<priorisation>1</priorisation>
</item_app>
<item_app>
<code_ogr>15662</code_ogr>
<libelle>Ing&#0233;nieur / Ing&#0233;nieure de programme d&#0039;affaires en industrie</libelle>
<libelle_court>Ing&#0233;nieur / Ing&#0233;nieure de programme d&#0039;affaires en industrie</libelle_court>
<priorisation>1</priorisation>
</item_app>
<item_app>
<code_ogr>15663</code_ogr>
<libelle>Ing&#0233;nieur / Ing&#0233;nieure de projet d&#0039;affaires en industrie</libelle>
<libelle_court>Ing&#0233;nieur / Ing&#0233;nieure de projet d&#0039;affaires en industrie</libelle_court>
<priorisation>1</priorisation>
</item_app>
<item_app>
<code_ogr>15674</code_ogr>
<libelle>Ing&#0233;nieur / Ing&#0233;nieure de suivi d&#0039;affaires en industrie</libelle>
<libelle_court>Ing&#0233;nieur / Ing&#0233;nieure de suivi d&#0039;affaires en industrie</libelle_court>
<priorisation>1</priorisation>
</item_app>
<item_app>
<code_ogr>15854</code_ogr>
<libelle>Ing&#0233;nieur / Ing&#0233;nieure pilotage de projets d&#0039;affaires industriels</libelle>
<libelle_court>Ing&#0233;nieur(e) pilotage de projets d&#0039;affaires industriels</libelle_court>
<priorisation>1</priorisation>
</item_app>
<item_app>
<code_ogr>15899</code_ogr>
<libelle>Ing&#0233;nieur technico-commercial / Ing&#0233;nieure technico-commerciale en affaires industrielles</libelle>
<libelle_court>Ing&#0233;nieur(e) technico-commercial(e) affaires industrielles</libelle_court>
<priorisation>1</priorisation>
</item_app>
<item_app>
<code_ogr>18608</code_ogr>
<libelle>Responsable d&#0039;affaires en industrie</libelle>
<libelle_court>Responsable d&#0039;affaires en industrie</libelle_court>
<priorisation>1</priorisation>
</item_app>
<item_app>
<code_ogr>18827</code_ogr>
<libelle>Responsable de projet d&#0039;affaires en industrie</libelle>
<libelle_court>Responsable de projet d&#0039;affaires en industrie</libelle_court>
<priorisation>1</priorisation>
</item_app>
</bloc_appellation>
<definition nbItemDefinition="3">
R&#0233;alise le montage, le pilotage et le suivi d&#0039;une affaire &#0224; forte valeur technique et financi&#0232;re (produits, &#0233;quipements, installations, prestations, solutions).
Effectue l&#0039;interface entre le client et les services de l&#0039;entreprise par la prise en charge des aspects commerciaux, techniques et financiers selon la r&#0233;glementation et les imp&#0233;ratifs de d&#0233;lai, co&#0251;t et qualit&#0233;.
Peut superviser une &#0233;quipe d&#0039;ing&#0233;nieurs, de charg&#0233;s d&#0039;affaires industrielles ou une &#0233;quipe projet.
</definition>
<acces_emploi_metier nbItemAccesEmploiMetier="2">
Cet emploi/m&#0233;tier est accessible avec un Master (Master professionnel, dipl&#0244;me d&#0039;ing&#0233;nieur, Ecole de commerce, ...) dans un secteur technique (a&#0233;ronautique, m&#0233;canique, &#0233;lectronique, ...) compl&#0233;t&#0233; par une exp&#0233;rience professionnelle dans le m&#0234;me secteur d&#0039;activit&#0233;.
La pratique de l&#0039;anglais est requise.
</acces_emploi_metier>
<condition_exercice_activite nbItemConditionExercice="3">
L&#0039;activit&#0233; de cet emploi/m&#0233;tier s&#0039;exerce au sein d&#0039;entreprises industrielles, de soci&#0233;t&#0233;s de services en relation avec les clients et diff&#0233;rents services et intervenants (bureaux d&#0039;&#0233;tudes, production, commercial, achat, fournisseurs, prestataires de services, ...).
Elle implique des d&#0233;placements et parfois un &#0233;loignement du domicile de plusieurs jours.
Elle varie selon le secteur (a&#0233;ronautique, chimie, &#0233;nergie, ...), le mode d&#0039;organisation (projet, ...), le type de march&#0233; (national, international) et le type de projet (complexe, &#0224; haute technicit&#0233;, ...).
</condition_exercice_activite>
<bloc_environnement_de_travail nbItemEnvTrav="33">
<item_env>
<code_ogr>23735</code_ogr>
<libelle>Bureau d&#0039;&#0233;tudes et d&#0039;ing&#0233;nierie</libelle>
<code_type_section_env>1</code_type_section_env>
<priorisation>1</priorisation>
</item_env>
<item_env>
<code_ogr>23909</code_ogr>
<libelle>Entreprise industrielle</libelle>
<code_type_section_env>1</code_type_section_env>
<priorisation>1</priorisation>
</item_env>
<item_env>
<code_ogr>23925</code_ogr>
<libelle>Etablissement/organisme de recherche</libelle>
<code_type_section_env>1</code_type_section_env>
<priorisation>1</priorisation>
</item_env>
<item_env>
<code_ogr>24093</code_ogr>
<libelle>Soci&#0233;t&#0233; de services</libelle>
<code_type_section_env>1</code_type_section_env>
<priorisation>1</priorisation>
</item_env>
<item_env>
<code_ogr>23391</code_ogr>
<libelle>A&#0233;ronautique, spatial</libelle>
<code_type_section_env>2</code_type_section_env>
<priorisation>1</priorisation>
</item_env>
<item_env>
<code_ogr>23395</code_ogr>
<libelle>Alimentaire</libelle>
<code_type_section_env>2</code_type_section_env>
<priorisation>1</priorisation>
</item_env>
<item_env>
<code_ogr>23404</code_ogr>
<libelle>Armement</libelle>
<code_type_section_env>2</code_type_section_env>
<priorisation>1</priorisation>
</item_env>
<item_env>
<code_ogr>23410</code_ogr>
<libelle>Automobile</libelle>
<code_type_section_env>2</code_type_section_env>
<priorisation>1</priorisation>
</item_env>
<item_env>
<code_ogr>23424</code_ogr>
<libelle>Bois, ameublement</libelle>
<code_type_section_env>2</code_type_section_env>
<priorisation>1</priorisation>
</item_env>
<item_env>
<code_ogr>23436</code_ogr>
<libelle>Chimie</libelle>
<code_type_section_env>2</code_type_section_env>
<priorisation>1</priorisation>
</item_env>
<item_env>
<code_ogr>23437</code_ogr>
<libelle>Chimie fine</libelle>
<code_type_section_env>2</code_type_section_env>
<priorisation>1</priorisation>
</item_env>
<item_env>
<code_ogr>23453</code_ogr>
<libelle>Construction navale</libelle>
<code_type_section_env>2</code_type_section_env>
<priorisation>1</priorisation>
</item_env>
<item_env>
<code_ogr>23469</code_ogr>
<libelle>Eco-industrie</libelle>
<code_type_section_env>2</code_type_section_env>
<priorisation>1</priorisation>
</item_env>
<item_env>
<code_ogr>23474</code_ogr>
<libelle>Electricit&#0233;</libelle>
<code_type_section_env>2</code_type_section_env>
<priorisation>1</priorisation>
</item_env>
<item_env>
<code_ogr>23476</code_ogr>
<libelle>Electrom&#0233;nager</libelle>
<code_type_section_env>2</code_type_section_env>
<priorisation>1</priorisation>
</item_env>
<item_env>
<code_ogr>23477</code_ogr>
<libelle>Electronique</libelle>
<code_type_section_env>2</code_type_section_env>
<priorisation>1</priorisation>
</item_env>
<item_env>
<code_ogr>23480</code_ogr>
<libelle>Energie, nucl&#0233;aire, fluide</libelle>
<code_type_section_env>2</code_type_section_env>
<priorisation>1</priorisation>
</item_env>
<item_env>
<code_ogr>23498</code_ogr>
<libelle>Ferroviaire</libelle>
<code_type_section_env>2</code_type_section_env>
<priorisation>1</priorisation>
</item_env>
<item_env>
<code_ogr>23515</code_ogr>
<libelle>Habillement, cuir, textile</libelle>
<code_type_section_env>2</code_type_section_env>
<priorisation>1</priorisation>
</item_env>
<item_env>
<code_ogr>23530</code_ogr>
<libelle>Industrie cosm&#0233;tique</libelle>
<code_type_section_env>2</code_type_section_env>
<priorisation>1</priorisation>
</item_env>
<item_env>
<code_ogr>23531</code_ogr>
<libelle>Industrie du papier, carton</libelle>
<code_type_section_env>2</code_type_section_env>
<priorisation>1</priorisation>
</item_env>
<item_env>
<code_ogr>23534</code_ogr>
<libelle>Information et communication</libelle>
<code_type_section_env>2</code_type_section_env>
<priorisation>1</priorisation>
</item_env>
<item_env>
<code_ogr>23544</code_ogr>
<libelle>Machinisme</libelle>
<code_type_section_env>2</code_type_section_env>
<priorisation>1</priorisation>
</item_env>
<item_env>
<code_ogr>23552</code_ogr>
<libelle>M&#0233;canique, travail des m&#0233;taux</libelle>
<code_type_section_env>2</code_type_section_env>
<priorisation>1</priorisation>
</item_env>
<item_env>
<code_ogr>23558</code_ogr>
<libelle>M&#0233;tallurgie, sid&#0233;rurgie</libelle>
<code_type_section_env>2</code_type_section_env>
<priorisation>1</priorisation>
</item_env>
<item_env>
<code_ogr>23567</code_ogr>
<libelle>Nautisme</libelle>
<code_type_section_env>2</code_type_section_env>
<priorisation>1</priorisation>
</item_env>
<item_env>
<code_ogr>23568</code_ogr>
<libelle>Optique, optronique</libelle>
<code_type_section_env>2</code_type_section_env>
<priorisation>1</priorisation>
</item_env>
<item_env>
<code_ogr>23573</code_ogr>
<libelle>Parachimie</libelle>
<code_type_section_env>2</code_type_section_env>
<priorisation>1</priorisation>
</item_env>
<item_env>
<code_ogr>23582</code_ogr>
<libelle>P&#0233;trochimie</libelle>
<code_type_section_env>2</code_type_section_env>
<priorisation>1</priorisation>
</item_env>
<item_env>
<code_ogr>23585</code_ogr>
<libelle>Plasturgie, caoutchouc, composites</libelle>
<code_type_section_env>2</code_type_section_env>
<priorisation>1</priorisation>
</item_env>
<item_env>
<code_ogr>23640</code_ogr>
<libelle>Sport et loisirs</libelle>
<code_type_section_env>2</code_type_section_env>
<priorisation>1</priorisation>
</item_env>
<item_env>
<code_ogr>23659</code_ogr>
<libelle>Transport/logistique</libelle>
<code_type_section_env>2</code_type_section_env>
<priorisation>1</priorisation>
</item_env>
<item_env>
<code_ogr>23673</code_ogr>
<libelle>Verre, mat&#0233;riaux de construction</libelle>
<code_type_section_env>2</code_type_section_env>
<priorisation>1</priorisation>
</item_env>
</bloc_environnement_de_travail>
<bloc_activites_de_base nbBlocActiviteBase="1">
<activites_de_base nbItemActivite_AB="7">
<item_ab>
<code_ogr>118637</code_ogr>
<libelle>Analyser les besoins du client</libelle>
<code_type_activite>3</code_type_activite>
<code_type_item_activite>2</code_type_item_activite>
<position_item>1</position_item>
<priorisation>1</priorisation>
<riasec_majeur>E</riasec_majeur>
<riasec_mineur>s</riasec_mineur>
</item_ab>
<item_ab>
<code_ogr>104376</code_ogr>
<libelle>Elaborer des solutions techniques et financi&#0232;res</libelle>
<code_type_activite>3</code_type_activite>
<code_type_item_activite>2</code_type_item_activite>
<position_item>2</position_item>
<priorisation>1</priorisation>
<riasec_majeur>C</riasec_majeur>
</item_ab>
<item_ab>
<code_ogr>121657</code_ogr>
<libelle>N&#0233;gocier des solutions techniques ou financi&#0232;res avec un client</libelle>
<code_type_activite>3</code_type_activite>
<code_type_item_activite>2</code_type_item_activite>
<position_item>3</position_item>
<priorisation>1</priorisation>
<riasec_majeur>E</riasec_majeur>
<riasec_mineur>r</riasec_mineur>
</item_ab>
<item_ab>
<code_ogr>118023</code_ogr>
<libelle>Coordonner les diff&#0233;rentes &#0233;tapes d&#0039;un projet</libelle>
<code_type_activite>3</code_type_activite>
<code_type_item_activite>2</code_type_item_activite>
<position_item>4</position_item>
<priorisation>1</priorisation>
<riasec_majeur>E</riasec_majeur>
<riasec_mineur>c</riasec_mineur>
</item_ab>
<item_ab>
<code_ogr>124674</code_ogr>
<libelle>Contr&#0244;ler la conformit&#0233; contractuelle d&#0039;une affaire</libelle>
<code_type_activite>3</code_type_activite>
<code_type_item_activite>2</code_type_item_activite>
<position_item>5</position_item>
<priorisation>1</priorisation>
<riasec_majeur>C</riasec_majeur>
</item_ab>
<item_ab>
<code_ogr>118620</code_ogr>
<libelle>Contractualiser une affaire avec un client</libelle>
<code_type_activite>3</code_type_activite>
<code_type_item_activite>2</code_type_item_activite>
<position_item>6</position_item>
<priorisation>1</priorisation>
<riasec_majeur>R</riasec_majeur>
<riasec_mineur>c</riasec_mineur>
</item_ab>
<item_ab>
<code_ogr>119625</code_ogr>
<libelle>Apporter une assistance technique</libelle>
<code_type_activite>3</code_type_activite>
<code_type_item_activite>2</code_type_item_activite>
<position_item>6</position_item>
<priorisation>1</priorisation>
<riasec_majeur>R</riasec_majeur>
<riasec_mineur>s</riasec_mineur>
</item_ab>
</activites_de_base>
<savoir_theorique_et_proceduraux nbItemSTP_AB="9">
<item_ab_stp>
<code_ogr>101343</code_ogr>
<libelle>Principes de la relation client</libelle>
<code_type_competence>1</code_type_competence>
<position_item>1</position_item>
<priorisation>1</priorisation>
</item_ab_stp>
<item_ab_stp>
<code_ogr>121706</code_ogr>
<libelle>Techniques commerciales</libelle>
<code_type_competence>1</code_type_competence>
<position_item>2</position_item>
<priorisation>1</priorisation>
</item_ab_stp>
<item_ab_stp>
<code_ogr>101399</code_ogr>
<libelle>Marketing / Mercatique</libelle>
<code_type_competence>1</code_type_competence>
<position_item>3</position_item>
<priorisation>1</priorisation>
</item_ab_stp>
<item_ab_stp>
<code_ogr>102224</code_ogr>
<libelle>Organisation de la cha&#0238;ne logistique</libelle>
<code_type_competence>1</code_type_competence>
<position_item>4</position_item>
<priorisation>1</priorisation>
</item_ab_stp>
<item_ab_stp>
<code_ogr>101359</code_ogr>
<libelle>Droit commercial</libelle>
<code_type_competence>1</code_type_competence>
<position_item>5</position_item>
<priorisation>1</priorisation>
</item_ab_stp>
<item_ab_stp>
<code_ogr>121126</code_ogr>
<libelle>Progiciels de Gestion Int&#0233;gr&#0233;e (PGI) / Enterprise Resource Planning (ERP)</libelle>
<code_type_competence>1</code_type_competence>
<position_item>6</position_item>
<priorisation>1</priorisation>
</item_ab_stp>
<item_ab_stp>
<code_ogr>119672</code_ogr>
<libelle>Conception et Dessin Assist&#0233;s par Ordinateur (CAO/DAO)</libelle>
<code_type_competence>1</code_type_competence>
<position_item>7</position_item>
<priorisation>1</priorisation>
</item_ab_stp>
<item_ab_stp>
<code_ogr>121688</code_ogr>
<libelle>Logiciel de gestion clients</libelle>
<code_type_competence>1</code_type_competence>
<position_item>8</position_item>
<priorisation>1</priorisation>
</item_ab_stp>
<item_ab_stp>
<code_ogr>118975</code_ogr>
<libelle>Outils bureautiques</libelle>
<code_type_competence>1</code_type_competence>
<position_item>9</position_item>
<priorisation>1</priorisation>
</item_ab_stp>
</savoir_theorique_et_proceduraux>
<savoir_action nbItemSA_AB="0">
</savoir_action>
</bloc_activites_de_base>
<bloc_activites_specifiques nbBlocActiviteSpecifique="9">
<bloc>
<position_bloc>1</position_bloc>
<activite_specifique nbItemActivite_AS="1">
<item_as>
<code_ogr>121427</code_ogr>
<libelle>D&#0233;velopper un portefeuille clients et prospects</libelle>
<code_type_activite>3</code_type_activite>
<code_type_item_activite>2</code_type_item_activite>
<position_item>1</position_item>
<priorisation>1</priorisation>
<riasec_majeur>E</riasec_majeur>
</item_as>
</activite_specifique>
<savoir_theorique_et_proceduraux nbItemSTP_AS="0">
</savoir_theorique_et_proceduraux>
<savoir_action nbItemSA_AS="0">
</savoir_action>
</bloc>
<bloc>
<position_bloc>2</position_bloc>
<activite_specifique nbItemActivite_AS="3">
<item_as>
<code_ogr>117180</code_ogr>
<libelle>N&#0233;gocier un contrat</libelle>
<code_type_activite>3</code_type_activite>
<code_type_item_activite>2</code_type_item_activite>
<position_item>1</position_item>
<priorisation>1</priorisation>
<riasec_majeur>E</riasec_majeur>
<riasec_mineur>c</riasec_mineur>
</item_as>
<item_as>
<code_ogr>117146</code_ogr>
<libelle>S&#0233;lectionner des fournisseurs, sous-traitants, prestataires</libelle>
<code_type_activite>3</code_type_activite>
<code_type_item_activite>2</code_type_item_activite>
<position_item>2</position_item>
<priorisation>1</priorisation>
<riasec_majeur>E</riasec_majeur>
<riasec_mineur>c</riasec_mineur>
</item_as>
<item_as>
<code_ogr>124007</code_ogr>
<libelle>Contr&#0244;ler la r&#0233;alisation d&#0039;une prestation</libelle>
<code_type_activite>3</code_type_activite>
<code_type_item_activite>2</code_type_item_activite>
<position_item>3</position_item>
<priorisation>1</priorisation>
<riasec_majeur>C</riasec_majeur>
</item_as>
</activite_specifique>
<savoir_theorique_et_proceduraux nbItemSTP_AS="0">
</savoir_theorique_et_proceduraux>
<savoir_action nbItemSA_AS="0">
</savoir_action>
</bloc>
<bloc>
<position_bloc>3</position_bloc>
<activite_specifique nbItemActivite_AS="1">
<item_as>
<code_ogr>114544</code_ogr>
<libelle>Participer &#0224; la mise en service d&#0039;&#0233;quipements ou d&#0039;installations chez le client</libelle>
<code_type_activite>3</code_type_activite>
<code_type_item_activite>2</code_type_item_activite>
<position_item>1</position_item>
<priorisation>1</priorisation>
<riasec_majeur>R</riasec_majeur>
</item_as>
</activite_specifique>
<savoir_theorique_et_proceduraux nbItemSTP_AS="0">
</savoir_theorique_et_proceduraux>
<savoir_action nbItemSA_AS="0">
</savoir_action>
</bloc>
<bloc>
<position_bloc>4</position_bloc>
<activite_specifique nbItemActivite_AS="1">
<item_as>
<code_ogr>120695</code_ogr>
<libelle>Traiter des dossiers de contentieux (litiges, r&#0233;clamations ...)</libelle>
<code_type_activite>3</code_type_activite>
<code_type_item_activite>2</code_type_item_activite>
<position_item>1</position_item>
<priorisation>1</priorisation>
<riasec_majeur>C</riasec_majeur>
</item_as>
</activite_specifique>
<savoir_theorique_et_proceduraux nbItemSTP_AS="0">
</savoir_theorique_et_proceduraux>
<savoir_action nbItemSA_AS="0">
</savoir_action>
</bloc>
<bloc>
<position_bloc>5</position_bloc>
<activite_specifique nbItemActivite_AS="1">
<item_as>
<code_ogr>119114</code_ogr>
<libelle>Traiter l&#0039;information (collecter, classer et mettre &#0224; jour)</libelle>
<code_type_activite>3</code_type_activite>
<code_type_item_activite>2</code_type_item_activite>
<position_item>1</position_item>
<priorisation>1</priorisation>
<riasec_majeur>C</riasec_majeur>
<riasec_mineur>i</riasec_mineur>
</item_as>
</activite_specifique>
<savoir_theorique_et_proceduraux nbItemSTP_AS="0">
</savoir_theorique_et_proceduraux>
<savoir_action nbItemSA_AS="0">
</savoir_action>
</bloc>
<bloc>
<position_bloc>6</position_bloc>
<activite_specifique nbItemActivite_AS="1">
<item_as>
<code_ogr>126422</code_ogr>
<libelle>Rechercher et identifier des &#0233;volutions de march&#0233;, march&#0233; potentiel</libelle>
<code_type_activite>3</code_type_activite>
<code_type_item_activite>2</code_type_item_activite>
<position_item>1</position_item>
<priorisation>1</priorisation>
<riasec_majeur>I</riasec_majeur>
<riasec_mineur>e</riasec_mineur>
</item_as>
</activite_specifique>
<savoir_theorique_et_proceduraux nbItemSTP_AS="2">
<item_as_stp>
<code_ogr>118721</code_ogr>
<libelle>Veille strat&#0233;gique</libelle>
<code_type_competence>1</code_type_competence>
<position_item>1</position_item>
<priorisation>1</priorisation>
</item_as_stp>
<item_as_stp>
<code_ogr>115724</code_ogr>
<libelle>Veille commerciale</libelle>
<code_type_competence>1</code_type_competence>
<position_item>2</position_item>
<priorisation>1</priorisation>
</item_as_stp>
</savoir_theorique_et_proceduraux>
<savoir_action nbItemSA_AS="0">
</savoir_action>
</bloc>
<bloc>
<position_bloc>7</position_bloc>
<activite_specifique nbItemActivite_AS="1">
<item_as>
<code_ogr>115028</code_ogr>
<libelle>Analyser les donn&#0233;es d&#0039;activit&#0233; de la structure, du service et identifier des axes d&#0039;&#0233;volution</libelle>
<code_type_activite>3</code_type_activite>
<code_type_item_activite>2</code_type_item_activite>
<position_item>1</position_item>
<priorisation>1</priorisation>
<riasec_majeur>E</riasec_majeur>
<riasec_mineur>i</riasec_mineur>
</item_as>
</activite_specifique>
<savoir_theorique_et_proceduraux nbItemSTP_AS="0">
</savoir_theorique_et_proceduraux>
<savoir_action nbItemSA_AS="0">
</savoir_action>
</bloc>
<bloc>
<position_bloc>8</position_bloc>
<activite_specifique nbItemActivite_AS="1">
<item_as>
<code_ogr>113325</code_ogr>
<libelle>Piloter un projet</libelle>
<code_type_activite>3</code_type_activite>
<code_type_item_activite>2</code_type_item_activite>
<position_item>1</position_item>
<priorisation>1</priorisation>
<riasec_majeur>E</riasec_majeur>
</item_as>
</activite_specifique>
<savoir_theorique_et_proceduraux nbItemSTP_AS="1">
<item_as_stp>
<code_ogr>120246</code_ogr>
<libelle>Gestion de projet</libelle>
<code_type_competence>1</code_type_competence>
<position_item>1</position_item>
<priorisation>1</priorisation>
</item_as_stp>
</savoir_theorique_et_proceduraux>
<savoir_action nbItemSA_AS="0">
</savoir_action>
</bloc>
<bloc>
<position_bloc>9</position_bloc>
<activite_specifique nbItemActivite_AS="1">
<item_as>
<code_ogr>102359</code_ogr>
<libelle>Coordonner l&#0039;activit&#0233; d&#0039;une &#0233;quipe</libelle>
<code_type_activite>3</code_type_activite>
<code_type_item_activite>2</code_type_item_activite>
<position_item>1</position_item>
<priorisation>1</priorisation>
<riasec_majeur>E</riasec_majeur>
<riasec_mineur>s</riasec_mineur>
</item_as>
</activite_specifique>
<savoir_theorique_et_proceduraux nbItemSTP_AS="0">
</savoir_theorique_et_proceduraux>
<savoir_action nbItemSA_AS="0">
</savoir_action>
</bloc>
</bloc_activites_specifiques>
<bloc_mobilites>
<mobilites_proches nbItemMob="4">
<item_mob_pr><code_type_mobilite>1</code_type_mobilite>
<liste_appellation_source>
<code_appellation_source>0</code_appellation_source>
<libelle_appellation_source>Toutes les appellations</libelle_appellation_source>
</liste_appellation_source>
<code_rome_cible>D1406</code_rome_cible>
<libelle_rome_cible>Management en force de vente</libelle_rome_cible>
<liste_appellation_cible>
<code_appellation_cible>0</code_appellation_cible>
<libelle_appellation_cible>Toutes les appellations</libelle_appellation_cible>
</liste_appellation_cible>
</item_mob_pr>
<item_mob_pr><code_type_mobilite>1</code_type_mobilite>
<liste_appellation_source>
<code_appellation_source>0</code_appellation_source>
<libelle_appellation_source>Toutes les appellations</libelle_appellation_source>
</liste_appellation_source>
<code_rome_cible>D1407</code_rome_cible>
<libelle_rome_cible>Relation technico-commerciale</libelle_rome_cible>
<liste_appellation_cible>
<code_appellation_cible>15614</code_appellation_cible>
<libelle_appellation_cible>Ing&#0233;nieur commercial / Ing&#0233;nieure commerciale</libelle_appellation_cible>
</liste_appellation_cible>
</item_mob_pr>
<item_mob_pr><code_type_mobilite>1</code_type_mobilite>
<liste_appellation_source>
<code_appellation_source>0</code_appellation_source>
<libelle_appellation_source>Toutes les appellations</libelle_appellation_source>
</liste_appellation_source>
<code_rome_cible>H1101</code_rome_cible>
<libelle_rome_cible>Assistance et support technique client</libelle_rome_cible>
<liste_appellation_cible>
<code_appellation_cible>0</code_appellation_cible>
<libelle_appellation_cible>Toutes les appellations</libelle_appellation_cible>
</liste_appellation_cible>
</item_mob_pr>
<item_mob_pr><code_type_mobilite>1</code_type_mobilite>
<liste_appellation_source>
<code_appellation_source>0</code_appellation_source>
<libelle_appellation_source>Toutes les appellations</libelle_appellation_source>
</liste_appellation_source>
<code_rome_cible>M1707</code_rome_cible>
<libelle_rome_cible>Strat&#0233;gie commerciale</libelle_rome_cible>
<liste_appellation_cible>
<code_appellation_cible>0</code_appellation_cible>
<libelle_appellation_cible>Toutes les appellations</libelle_appellation_cible>
</liste_appellation_cible>
</item_mob_pr>
</mobilites_proches>
<mobilites_si_evolution nbItemMob="5">
<item_mob_ev><code_type_mobilite>2</code_type_mobilite>
<liste_appellation_source>
<code_appellation_source>0</code_appellation_source>
<libelle_appellation_source>Toutes les appellations</libelle_appellation_source>
</liste_appellation_source>
<code_rome_cible>C1503</code_rome_cible>
<libelle_rome_cible>Management de projet immobilier</libelle_rome_cible>
<liste_appellation_cible>
<code_appellation_cible>0</code_appellation_cible>
<libelle_appellation_cible>Toutes les appellations</libelle_appellation_cible>
</liste_appellation_cible>
</item_mob_ev>
<item_mob_ev><code_type_mobilite>2</code_type_mobilite>
<liste_appellation_source>
<code_appellation_source>0</code_appellation_source>
<libelle_appellation_source>Toutes les appellations</libelle_appellation_source>
</liste_appellation_source>
<code_rome_cible>M1102</code_rome_cible>
<libelle_rome_cible>Direction des achats</libelle_rome_cible>
<liste_appellation_cible>
<code_appellation_cible>0</code_appellation_cible>
<libelle_appellation_cible>Toutes les appellations</libelle_appellation_cible>
</liste_appellation_cible>
</item_mob_ev>
<item_mob_ev><code_type_mobilite>2</code_type_mobilite>
<liste_appellation_source>
<code_appellation_source>0</code_appellation_source>
<libelle_appellation_source>Toutes les appellations</libelle_appellation_source>
</liste_appellation_source>
<code_rome_cible>M1301</code_rome_cible>
<libelle_rome_cible>Direction de grande entreprise ou d&#0039;&#0233;tablissement public</libelle_rome_cible>
<liste_appellation_cible>
<code_appellation_cible>0</code_appellation_cible>
<libelle_appellation_cible>Toutes les appellations</libelle_appellation_cible>
</liste_appellation_cible>
</item_mob_ev>
<item_mob_ev><code_type_mobilite>2</code_type_mobilite>
<liste_appellation_source>
<code_appellation_source>0</code_appellation_source>
<libelle_appellation_source>Toutes les appellations</libelle_appellation_source>
</liste_appellation_source>
<code_rome_cible>M1302</code_rome_cible>
<libelle_rome_cible>Direction de petite ou moyenne entreprise</libelle_rome_cible>
<liste_appellation_cible>
<code_appellation_cible>0</code_appellation_cible>
<libelle_appellation_cible>Toutes les appellations</libelle_appellation_cible>
</liste_appellation_cible>
</item_mob_ev>
<item_mob_ev><code_type_mobilite>2</code_type_mobilite>
<liste_appellation_source>
<code_appellation_source>0</code_appellation_source>
<libelle_appellation_source>Toutes les appellations</libelle_appellation_source>
</liste_appellation_source>
<code_rome_cible>M1402</code_rome_cible>
<libelle_rome_cible>Conseil en organisation et management d&#0039;entreprise</libelle_rome_cible>
<liste_appellation_cible>
<code_appellation_cible>0</code_appellation_cible>
<libelle_appellation_cible>Toutes les appellations</libelle_appellation_cible>
</liste_appellation_cible>
</item_mob_ev>
</mobilites_si_evolution>
</bloc_mobilites>
</fiche_emploi_metier>