<?xml version="1.0" encoding="UTF-8" ?>
<fiche_emploi_metier>
<type_fiche>2</type_fiche>
<libelle_type_fiche>priorise</libelle_type_fiche>
<version_SI>
<version_rome>333</version_rome>
<date_version_si>01/10/2017</date_version_si>
<mois_version_si>Octobre</mois_version_si>
<annee_version_si>2017</annee_version_si>
</version_SI>
<bloc_code_rome>
<code_rome>H1301</code_rome>
<intitule>Inspection de conformit&#0233;</intitule>
<code_ogr>222</code_ogr>
<riasec_majeur>C</riasec_majeur>
<riasec_mineur>r</riasec_mineur>
</bloc_code_rome>
<bloc_appellation nbItemAppellation="27">
<item_app>
<code_ogr>15923</code_ogr>
<libelle>Inspecteur / Inspectrice de conformit&#0233; d&#0039;ascenseurs</libelle>
<libelle_court>Inspecteur / Inspectrice de conformit&#0233; d&#0039;ascenseurs</libelle_court>
<priorisation>1</priorisation>
</item_app>
<item_app>
<code_ogr>15924</code_ogr>
<libelle>Inspecteur / Inspectrice de conformit&#0233; de mat&#0233;riel</libelle>
<libelle_court>Inspecteur / Inspectrice de conformit&#0233; de mat&#0233;riel</libelle_court>
<priorisation>1</priorisation>
</item_app>
<item_app>
<code_ogr>15925</code_ogr>
<libelle>Inspecteur / Inspectrice de conformit&#0233; d&#0039;&#0233;quipements sous pression</libelle>
<libelle_court>Inspecteur(trice) de conformit&#0233; d&#0039;&#0233;quipements sous pression</libelle_court>
<priorisation>1</priorisation>
</item_app>
<item_app>
<code_ogr>38855</code_ogr>
<libelle>Inspecteur / Inspectrice de conformit&#0233; d&#0039;&#0233;quipements sportifs et aires de jeux</libelle>
<libelle_court>Inspecteur(trice) conformit&#0233; &#0233;quip. sportifs &#0038; aires de jeux</libelle_court>
<priorisation>1</priorisation>
</item_app>
<item_app>
<code_ogr>15926</code_ogr>
<libelle>Inspecteur / Inspectrice de conformit&#0233; d&#0039;unit&#0233;s d&#0039;exploitation</libelle>
<libelle_court>Inspecteur/Inspectrice de conformit&#0233; d&#0039;unit&#0233;s d&#0039;exploitation</libelle_court>
<priorisation>1</priorisation>
</item_app>
<item_app>
<code_ogr>15927</code_ogr>
<libelle>Inspecteur / Inspectrice de conformit&#0233; en &#0233;lectricit&#0233;</libelle>
<libelle_court>Inspecteur / Inspectrice de conformit&#0233; en &#0233;lectricit&#0233;</libelle_court>
<priorisation>1</priorisation>
</item_app>
<item_app>
<code_ogr>15928</code_ogr>
<libelle>Inspecteur / Inspectrice de conformit&#0233; en environnement</libelle>
<libelle_court>Inspecteur / Inspectrice de conformit&#0233; en environnement</libelle_court>
<priorisation>1</priorisation>
</item_app>
<item_app>
<code_ogr>15929</code_ogr>
<libelle>Inspecteur / Inspectrice de conformit&#0233; en gaz</libelle>
<libelle_court>Inspecteur / Inspectrice de conformit&#0233; en gaz</libelle_court>
<priorisation>1</priorisation>
</item_app>
<item_app>
<code_ogr>15930</code_ogr>
<libelle>Inspecteur / Inspectrice de conformit&#0233; en levage</libelle>
<libelle_court>Inspecteur / Inspectrice de conformit&#0233; en levage</libelle_court>
<priorisation>1</priorisation>
</item_app>
<item_app>
<code_ogr>15931</code_ogr>
<libelle>Inspecteur / Inspectrice de conformit&#0233; en pression/soudage</libelle>
<libelle_court>Inspecteur / Inspectrice de conformit&#0233; en pression/soudage</libelle_court>
<priorisation>1</priorisation>
</item_app>
<item_app>
<code_ogr>15932</code_ogr>
<libelle>Inspecteur / Inspectrice de conformit&#0233; en s&#0233;curit&#0233; incendie</libelle>
<libelle_court>Inspecteur / Inspectrice de conformit&#0233; en s&#0233;curit&#0233; incendie</libelle_court>
<priorisation>1</priorisation>
</item_app>
<item_app>
<code_ogr>15933</code_ogr>
<libelle>Inspecteur / Inspectrice de conformit&#0233; en thermique</libelle>
<libelle_court>Inspecteur / Inspectrice de conformit&#0233; en thermique</libelle_court>
<priorisation>1</priorisation>
</item_app>
<item_app>
<code_ogr>15935</code_ogr>
<libelle>Inspecteur / Inspectrice de contr&#0244;le de conformit&#0233;</libelle>
<libelle_court>Inspecteur / Inspectrice de contr&#0244;le de conformit&#0233;</libelle_court>
<priorisation>1</priorisation>
</item_app>
<item_app>
<code_ogr>15951</code_ogr>
<libelle>Inspecteur / Inspectrice de mise en conformit&#0233;</libelle>
<libelle_court>Inspecteur / Inspectrice de mise en conformit&#0233;</libelle_court>
<priorisation>1</priorisation>
</item_app>
<item_app>
<code_ogr>15968</code_ogr>
<libelle>Inspecteur / Inspectrice d&#0039;inspection r&#0233;glementaire de conformit&#0233;</libelle>
<libelle_court>Inspecteur(trice) d&#0039;inspection r&#0233;glementaire de conformit&#0233;</libelle_court>
<priorisation>1</priorisation>
</item_app>
<item_app>
<code_ogr>15977</code_ogr>
<libelle>Inspecteur / Inspectrice en inspection r&#0233;glementaire pression</libelle>
<libelle_court>Inspecteur/Inspectrice en inspection r&#0233;glementaire pression</libelle_court>
<priorisation>1</priorisation>
</item_app>
<item_app>
<code_ogr>15934</code_ogr>
<libelle>Inspecteur pr&#0233;venteur / Inspectrice pr&#0233;ventrice de conformit&#0233;</libelle>
<libelle_court>Inspecteur pr&#0233;venteur/Inspectrice pr&#0233;ventrice de conformit&#0233;</libelle_court>
<priorisation>1</priorisation>
</item_app>
<item_app>
<code_ogr>18567</code_ogr>
<libelle>Responsable activit&#0233; inspection r&#0233;glementaire de conformit&#0233;</libelle>
<libelle_court>Responsable activit&#0233; inspection r&#0233;glementaire de conformit&#0233;</libelle_court>
<priorisation>1</priorisation>
</item_app>
<item_app>
<code_ogr>19107</code_ogr>
<libelle>Responsable inspection technique</libelle>
<libelle_court>Responsable inspection technique</libelle_court>
<priorisation>1</priorisation>
</item_app>
<item_app>
<code_ogr>19723</code_ogr>
<libelle>Technicien / Technicienne de contr&#0244;le de conformit&#0233;</libelle>
<libelle_court>Technicien / Technicienne de contr&#0244;le de conformit&#0233;</libelle_court>
<priorisation>1</priorisation>
</item_app>
<item_app>
<code_ogr>19889</code_ogr>
<libelle>Technicien / Technicienne de non-conformit&#0233;</libelle>
<libelle_court>Technicien / Technicienne de non-conformit&#0233;</libelle_court>
<priorisation>1</priorisation>
</item_app>
<item_app>
<code_ogr>20171</code_ogr>
<libelle>Technicien / Technicienne inspection de conformit&#0233;</libelle>
<libelle_court>Technicien / Technicienne inspection de conformit&#0233;</libelle_court>
<priorisation>1</priorisation>
</item_app>
<item_app>
<code_ogr>20651</code_ogr>
<libelle>V&#0233;rificateur / V&#0233;rificatrice de conformit&#0233; de s&#0233;curit&#0233; industrielle</libelle>
<libelle_court>V&#0233;rificateur(trice) de conformit&#0233; de s&#0233;curit&#0233; industrielle</libelle_court>
<priorisation>1</priorisation>
</item_app>
<item_app>
<code_ogr>20652</code_ogr>
<libelle>V&#0233;rificateur / V&#0233;rificatrice de conformit&#0233; des installations &#0233;lectriques</libelle>
<libelle_court>V&#0233;rificateur(trice) conformit&#0233; des installations &#0233;lectriques</libelle_court>
<priorisation>1</priorisation>
</item_app>
<item_app>
<code_ogr>20653</code_ogr>
<libelle>V&#0233;rificateur / V&#0233;rificatrice de conformit&#0233; des installations &#0233;lectriques d&#0039;avion</libelle>
<libelle_court>V&#0233;rificateur(trice) conformit&#0233; des install &#0233;lectri d&#0039;avion</libelle_court>
<priorisation>1</priorisation>
</item_app>
<item_app>
<code_ogr>20657</code_ogr>
<libelle>V&#0233;rificateur / V&#0233;rificatrice technique de conformit&#0233;</libelle>
<libelle_court>V&#0233;rificateur / V&#0233;rificatrice technique de conformit&#0233;</libelle_court>
<priorisation>1</priorisation>
</item_app>
<item_app>
<code_ogr>20711</code_ogr>
<libelle>Visiteur-v&#0233;rificateur / Visiteuse-v&#0233;rificatrice de conformit&#0233;</libelle>
<libelle_court>Visiteur-v&#0233;rificateur/Visiteuse-v&#0233;rificatrice de conformit&#0233;</libelle_court>
<priorisation>1</priorisation>
</item_app>
</bloc_appellation>
<definition nbItemDefinition="2">
R&#0233;alise des inspections et des v&#0233;rifications techniques et normatives dans un objectif de suivi, de mise en conformit&#0233; r&#0233;glementaire et de fiabilisation des &#0233;quipements, mat&#0233;riels, installations industrielles et b&#0226;timents recevant du public.
Peut coordonner une &#0233;quipe.
</definition>
<acces_emploi_metier nbItemAccesEmploiMetier="4">
Cet emploi/m&#0233;tier est accessible avec un dipl&#0244;me de niveau Bac+2 (BTS, DUT) dans le secteur de l&#0039;entreprise (alimentaire, automobile, m&#0233;canique, ...).
Un Master (Master professionnel, dipl&#0244;me d&#0039;ing&#0233;nieur, ...) peut &#0234;tre demand&#0233; en fonction du niveau de technicit&#0233;.
Une habilitation sp&#0233;cifique (&#0233;lectrique, soudure, radioprotection, ...) peut &#0234;tre requise.
La pratique d&#0039;une langue &#0233;trang&#0232;re, en particulier l&#0039;anglais, peut &#0234;tre exig&#0233;e.
</acces_emploi_metier>
<condition_exercice_activite nbItemConditionExercice="3">
L&#0039;activit&#0233; de cet emploi/m&#0233;tier s&#0039;exerce au sein d&#0039;entreprises industrielles, d&#0039;organismes de contr&#0244;le et de certification en relation avec les clients et diff&#0233;rents services (production, exploitation, maintenance, s&#0233;curit&#0233;, ...). Elle implique des d&#0233;placements.
Elle varie selon le secteur (p&#0233;trochimie, ...), le type d&#0039;entreprise (industrielle, organisme de contr&#0244;le) et le type d&#0039;&#0233;quipements (sous pression, levage, &#0233;lectrique, ...).
Le port d&#0039;Equipements de Protection Individuelle -EPI- (gants, chaussures de s&#0233;curit&#0233;, ...) peut &#0234;tre requis.
</condition_exercice_activite>
<bloc_environnement_de_travail nbItemEnvTrav="33">
<item_env>
<code_ogr>23909</code_ogr>
<libelle>Entreprise industrielle</libelle>
<code_type_section_env>1</code_type_section_env>
<priorisation>1</priorisation>
</item_env>
<item_env>
<code_ogr>23912</code_ogr>
<libelle>Entreprise publique/&#0233;tablissement public</libelle>
<code_type_section_env>1</code_type_section_env>
<priorisation>1</priorisation>
</item_env>
<item_env>
<code_ogr>24017</code_ogr>
<libelle>Organisme de contr&#0244;le et de certification</libelle>
<code_type_section_env>1</code_type_section_env>
<priorisation>1</priorisation>
</item_env>
<item_env>
<code_ogr>24093</code_ogr>
<libelle>Soci&#0233;t&#0233; de services</libelle>
<code_type_section_env>1</code_type_section_env>
<priorisation>1</priorisation>
</item_env>
<item_env>
<code_ogr>23391</code_ogr>
<libelle>A&#0233;ronautique, spatial</libelle>
<code_type_section_env>2</code_type_section_env>
<priorisation>1</priorisation>
</item_env>
<item_env>
<code_ogr>23395</code_ogr>
<libelle>Alimentaire</libelle>
<code_type_section_env>2</code_type_section_env>
<priorisation>1</priorisation>
</item_env>
<item_env>
<code_ogr>23404</code_ogr>
<libelle>Armement</libelle>
<code_type_section_env>2</code_type_section_env>
<priorisation>1</priorisation>
</item_env>
<item_env>
<code_ogr>23410</code_ogr>
<libelle>Automobile</libelle>
<code_type_section_env>2</code_type_section_env>
<priorisation>1</priorisation>
</item_env>
<item_env>
<code_ogr>23424</code_ogr>
<libelle>Bois, ameublement</libelle>
<code_type_section_env>2</code_type_section_env>
<priorisation>1</priorisation>
</item_env>
<item_env>
<code_ogr>23436</code_ogr>
<libelle>Chimie</libelle>
<code_type_section_env>2</code_type_section_env>
<priorisation>1</priorisation>
</item_env>
<item_env>
<code_ogr>23437</code_ogr>
<libelle>Chimie fine</libelle>
<code_type_section_env>2</code_type_section_env>
<priorisation>1</priorisation>
</item_env>
<item_env>
<code_ogr>23453</code_ogr>
<libelle>Construction navale</libelle>
<code_type_section_env>2</code_type_section_env>
<priorisation>1</priorisation>
</item_env>
<item_env>
<code_ogr>23469</code_ogr>
<libelle>Eco-industrie</libelle>
<code_type_section_env>2</code_type_section_env>
<priorisation>1</priorisation>
</item_env>
<item_env>
<code_ogr>23474</code_ogr>
<libelle>Electricit&#0233;</libelle>
<code_type_section_env>2</code_type_section_env>
<priorisation>1</priorisation>
</item_env>
<item_env>
<code_ogr>23476</code_ogr>
<libelle>Electrom&#0233;nager</libelle>
<code_type_section_env>2</code_type_section_env>
<priorisation>1</priorisation>
</item_env>
<item_env>
<code_ogr>23477</code_ogr>
<libelle>Electronique</libelle>
<code_type_section_env>2</code_type_section_env>
<priorisation>1</priorisation>
</item_env>
<item_env>
<code_ogr>23480</code_ogr>
<libelle>Energie, nucl&#0233;aire, fluide</libelle>
<code_type_section_env>2</code_type_section_env>
<priorisation>1</priorisation>
</item_env>
<item_env>
<code_ogr>23498</code_ogr>
<libelle>Ferroviaire</libelle>
<code_type_section_env>2</code_type_section_env>
<priorisation>1</priorisation>
</item_env>
<item_env>
<code_ogr>23515</code_ogr>
<libelle>Habillement, cuir, textile</libelle>
<code_type_section_env>2</code_type_section_env>
<priorisation>1</priorisation>
</item_env>
<item_env>
<code_ogr>23530</code_ogr>
<libelle>Industrie cosm&#0233;tique</libelle>
<code_type_section_env>2</code_type_section_env>
<priorisation>1</priorisation>
</item_env>
<item_env>
<code_ogr>23531</code_ogr>
<libelle>Industrie du papier, carton</libelle>
<code_type_section_env>2</code_type_section_env>
<priorisation>1</priorisation>
</item_env>
<item_env>
<code_ogr>23534</code_ogr>
<libelle>Information et communication</libelle>
<code_type_section_env>2</code_type_section_env>
<priorisation>1</priorisation>
</item_env>
<item_env>
<code_ogr>23544</code_ogr>
<libelle>Machinisme</libelle>
<code_type_section_env>2</code_type_section_env>
<priorisation>1</priorisation>
</item_env>
<item_env>
<code_ogr>23552</code_ogr>
<libelle>M&#0233;canique, travail des m&#0233;taux</libelle>
<code_type_section_env>2</code_type_section_env>
<priorisation>1</priorisation>
</item_env>
<item_env>
<code_ogr>23558</code_ogr>
<libelle>M&#0233;tallurgie, sid&#0233;rurgie</libelle>
<code_type_section_env>2</code_type_section_env>
<priorisation>1</priorisation>
</item_env>
<item_env>
<code_ogr>23567</code_ogr>
<libelle>Nautisme</libelle>
<code_type_section_env>2</code_type_section_env>
<priorisation>1</priorisation>
</item_env>
<item_env>
<code_ogr>23568</code_ogr>
<libelle>Optique, optronique</libelle>
<code_type_section_env>2</code_type_section_env>
<priorisation>1</priorisation>
</item_env>
<item_env>
<code_ogr>23573</code_ogr>
<libelle>Parachimie</libelle>
<code_type_section_env>2</code_type_section_env>
<priorisation>1</priorisation>
</item_env>
<item_env>
<code_ogr>23582</code_ogr>
<libelle>P&#0233;trochimie</libelle>
<code_type_section_env>2</code_type_section_env>
<priorisation>1</priorisation>
</item_env>
<item_env>
<code_ogr>23585</code_ogr>
<libelle>Plasturgie, caoutchouc, composites</libelle>
<code_type_section_env>2</code_type_section_env>
<priorisation>1</priorisation>
</item_env>
<item_env>
<code_ogr>23640</code_ogr>
<libelle>Sport et loisirs</libelle>
<code_type_section_env>2</code_type_section_env>
<priorisation>1</priorisation>
</item_env>
<item_env>
<code_ogr>23659</code_ogr>
<libelle>Transport/logistique</libelle>
<code_type_section_env>2</code_type_section_env>
<priorisation>1</priorisation>
</item_env>
<item_env>
<code_ogr>23673</code_ogr>
<libelle>Verre, mat&#0233;riaux de construction</libelle>
<code_type_section_env>2</code_type_section_env>
<priorisation>1</priorisation>
</item_env>
</bloc_environnement_de_travail>
<bloc_activites_de_base nbBlocActiviteBase="1">
<activites_de_base nbItemActivite_AB="6">
<item_ab>
<code_ogr>104601</code_ogr>
<libelle>V&#0233;rifier la conformit&#0233; r&#0233;glementaire et fonctionnelle des &#0233;quipements et installations au moyen de contr&#0244;les, mesures, essais et relev&#0233;s</libelle>
<code_type_activite>3</code_type_activite>
<code_type_item_activite>2</code_type_item_activite>
<position_item>1</position_item>
<priorisation>1</priorisation>
<riasec_majeur>R</riasec_majeur>
<riasec_mineur>c</riasec_mineur>
</item_ab>
<item_ab>
<code_ogr>124804</code_ogr>
<libelle>Rep&#0233;rer une anomalie ou un dysfonctionnement</libelle>
<code_type_activite>3</code_type_activite>
<code_type_item_activite>2</code_type_item_activite>
<position_item>2</position_item>
<priorisation>1</priorisation>
<riasec_majeur>R</riasec_majeur>
<riasec_mineur>i</riasec_mineur>
</item_ab>
<item_ab>
<code_ogr>124803</code_ogr>
<libelle>Identifier un facteur &#0224; risque pour le personnel, les &#0233;quipements ou l&#0039;installation</libelle>
<code_type_activite>3</code_type_activite>
<code_type_item_activite>2</code_type_item_activite>
<position_item>3</position_item>
<priorisation>1</priorisation>
<riasec_majeur>C</riasec_majeur>
<riasec_mineur>e</riasec_mineur>
</item_ab>
<item_ab>
<code_ogr>104603</code_ogr>
<libelle>Renseigner les supports de contr&#0244;le et de constat (listes, grilles, documents, fiches, ...)</libelle>
<code_type_activite>3</code_type_activite>
<code_type_item_activite>2</code_type_item_activite>
<position_item>4</position_item>
<priorisation>1</priorisation>
<riasec_majeur>C</riasec_majeur>
</item_ab>
<item_ab>
<code_ogr>104604</code_ogr>
<libelle>R&#0233;aliser les rapports de contr&#0244;les et de diagnostics d&#0039;anomalie ou de risque et les transmettre aux services production, maintenance, s&#0233;curit&#0233;,,,</libelle>
<code_type_activite>3</code_type_activite>
<code_type_item_activite>2</code_type_item_activite>
<position_item>5</position_item>
<priorisation>1</priorisation>
<riasec_majeur>I</riasec_majeur>
<riasec_mineur>r</riasec_mineur>
</item_ab>
<item_ab>
<code_ogr>104605</code_ogr>
<libelle>Conseiller et prescrire des solutions techniques correctives, pr&#0233;ventives ou d&#0039;am&#0233;lioration des &#0233;quipements</libelle>
<code_type_activite>3</code_type_activite>
<code_type_item_activite>2</code_type_item_activite>
<position_item>6</position_item>
<priorisation>1</priorisation>
<riasec_majeur>S</riasec_majeur>
<riasec_mineur>r</riasec_mineur>
</item_ab>
</activites_de_base>
<savoir_theorique_et_proceduraux nbItemSTP_AB="4">
<item_ab_stp>
<code_ogr>118975</code_ogr>
<libelle>Outils bureautiques</libelle>
<code_type_competence>1</code_type_competence>
<position_item>1</position_item>
<priorisation>1</priorisation>
</item_ab_stp>
<item_ab_stp>
<code_ogr>120581</code_ogr>
<libelle>Qualit&#0233;, Hygi&#0232;ne, S&#0233;curit&#0233; et Environnement (QHSE)</libelle>
<code_type_competence>1</code_type_competence>
<position_item>2</position_item>
<priorisation>1</priorisation>
</item_ab_stp>
<item_ab_stp>
<code_ogr>103167</code_ogr>
<libelle>M&#0233;trologie</libelle>
<code_type_competence>1</code_type_competence>
<position_item>3</position_item>
<priorisation>1</priorisation>
</item_ab_stp>
<item_ab_stp>
<code_ogr>104606</code_ogr>
<libelle>Utilisation de mat&#0233;riel de contr&#0244;le et mesure</libelle>
<code_type_competence>1</code_type_competence>
<position_item>4</position_item>
<priorisation>1</priorisation>
</item_ab_stp>
</savoir_theorique_et_proceduraux>
<savoir_action nbItemSA_AB="0">
</savoir_action>
</bloc_activites_de_base>
<bloc_activites_specifiques nbBlocActiviteSpecifique="10">
<bloc>
<position_bloc>1</position_bloc>
<activite_specifique nbItemActivite_AS="5">
<item_as>
<code_ogr>124048</code_ogr>
<libelle>Contr&#0244;ler la conformit&#0233; d&#0039;un &#0233;quipement ou mat&#0233;riel</libelle>
<code_type_activite>3</code_type_activite>
<code_type_item_activite>2</code_type_item_activite>
<position_item>1</position_item>
<priorisation>1</priorisation>
<riasec_majeur>R</riasec_majeur>
<riasec_mineur>c</riasec_mineur>
</item_as>
<item_as>
<code_ogr>123621</code_ogr>
<libelle>Contr&#0244;ler une installation &#0233;lectrique</libelle>
<code_type_activite>3</code_type_activite>
<code_type_item_activite>2</code_type_item_activite>
<position_item>2</position_item>
<priorisation>1</priorisation>
<riasec_majeur>R</riasec_majeur>
</item_as>
<item_as>
<code_ogr>103203</code_ogr>
<libelle>Intervenir en acoustique, thermique</libelle>
<code_type_activite>3</code_type_activite>
<code_type_item_activite>2</code_type_item_activite>
<position_item>3</position_item>
<priorisation>1</priorisation>
<riasec_majeur>R</riasec_majeur>
</item_as>
<item_as>
<code_ogr>123559</code_ogr>
<libelle>Contr&#0244;ler une installation</libelle>
<code_type_activite>3</code_type_activite>
<code_type_item_activite>2</code_type_item_activite>
<position_item>4</position_item>
<priorisation>1</priorisation>
<riasec_majeur>C</riasec_majeur>
<riasec_mineur>r</riasec_mineur>
</item_as>
<item_as>
<code_ogr>124894</code_ogr>
<libelle>Contr&#0244;ler la conformit&#0233; d&#0039;un &#0233;quipement dans un lieu public</libelle>
<code_type_activite>3</code_type_activite>
<code_type_item_activite>2</code_type_item_activite>
<position_item>5</position_item>
<priorisation>1</priorisation>
<riasec_majeur>E</riasec_majeur>
<riasec_mineur>r</riasec_mineur>
</item_as>
</activite_specifique>
<savoir_theorique_et_proceduraux nbItemSTP_AS="18">
<item_as_stp>
<code_ogr>124941</code_ogr>
<libelle>S&#0233;curit&#0233; incendie</libelle>
<code_type_competence>1</code_type_competence>
<position_item>1</position_item>
<priorisation>1</priorisation>
</item_as_stp>
<item_as_stp>
<code_ogr>124946</code_ogr>
<libelle>Pr&#0233;vention incendie</libelle>
<code_type_competence>1</code_type_competence>
<position_item>2</position_item>
<priorisation>1</priorisation>
</item_as_stp>
<item_as_stp>
<code_ogr>104035</code_ogr>
<libelle>Caract&#0233;ristiques des &#0233;quipements de jeux</libelle>
<code_type_competence>1</code_type_competence>
<position_item>3</position_item>
<priorisation>1</priorisation>
</item_as_stp>
<item_as_stp>
<code_ogr>109184</code_ogr>
<libelle>Caract&#0233;ristiques des &#0233;quipements sportifs</libelle>
<code_type_competence>1</code_type_competence>
<position_item>4</position_item>
<priorisation>1</priorisation>
</item_as_stp>
<item_as_stp>
<code_ogr>124895</code_ogr>
<libelle>Equipements Sous Pression (ESP)</libelle>
<code_type_competence>1</code_type_competence>
<position_item>5</position_item>
<priorisation>1</priorisation>
</item_as_stp>
<item_as_stp>
<code_ogr>106945</code_ogr>
<libelle>Radioprotection</libelle>
<code_type_competence>1</code_type_competence>
<position_item>6</position_item>
<priorisation>1</priorisation>
</item_as_stp>
<item_as_stp>
<code_ogr>104620</code_ogr>
<libelle>Mesures physiques</libelle>
<code_type_competence>1</code_type_competence>
<position_item>7</position_item>
<priorisation>1</priorisation>
</item_as_stp>
<item_as_stp>
<code_ogr>104623</code_ogr>
<libelle>Proc&#0233;d&#0233;s de soudage</libelle>
<code_type_competence>1</code_type_competence>
<position_item>8</position_item>
<priorisation>1</priorisation>
</item_as_stp>
<item_as_stp>
<code_ogr>126026</code_ogr>
<libelle>R&#0233;sistance Des Mat&#0233;riaux (RDM)</libelle>
<code_type_competence>1</code_type_competence>
<position_item>9</position_item>
<priorisation>1</priorisation>
</item_as_stp>
<item_as_stp>
<code_ogr>104514</code_ogr>
<libelle>M&#0233;canique</libelle>
<code_type_competence>1</code_type_competence>
<position_item>10</position_item>
<priorisation>1</priorisation>
</item_as_stp>
<item_as_stp>
<code_ogr>101065</code_ogr>
<libelle>Chimie</libelle>
<code_type_competence>1</code_type_competence>
<position_item>11</position_item>
<priorisation>1</priorisation>
</item_as_stp>
<item_as_stp>
<code_ogr>104546</code_ogr>
<libelle>Electrotechnique</libelle>
<code_type_competence>1</code_type_competence>
<position_item>12</position_item>
<priorisation>1</priorisation>
</item_as_stp>
<item_as_stp>
<code_ogr>104617</code_ogr>
<libelle>M&#0233;tallurgie</libelle>
<code_type_competence>1</code_type_competence>
<position_item>13</position_item>
<priorisation>1</priorisation>
</item_as_stp>
<item_as_stp>
<code_ogr>105941</code_ogr>
<libelle>Techniques de chaudronnerie</libelle>
<code_type_competence>1</code_type_competence>
<position_item>14</position_item>
<priorisation>1</priorisation>
</item_as_stp>
<item_as_stp>
<code_ogr>121068</code_ogr>
<libelle>March&#0233; des &#0233;nergies</libelle>
<code_type_competence>1</code_type_competence>
<position_item>15</position_item>
<priorisation>1</priorisation>
</item_as_stp>
<item_as_stp>
<code_ogr>118136</code_ogr>
<libelle>Environnement / nature</libelle>
<code_type_competence>1</code_type_competence>
<position_item>16</position_item>
<priorisation>1</priorisation>
</item_as_stp>
<item_as_stp>
<code_ogr>119727</code_ogr>
<libelle>Audit &#0233;nerg&#0233;tique</libelle>
<code_type_competence>1</code_type_competence>
<position_item>17</position_item>
<priorisation>1</priorisation>
</item_as_stp>
<item_as_stp>
<code_ogr>119726</code_ogr>
<libelle>Efficacit&#0233; &#0233;nerg&#0233;tique</libelle>
<code_type_competence>1</code_type_competence>
<position_item>18</position_item>
<priorisation>1</priorisation>
</item_as_stp>
</savoir_theorique_et_proceduraux>
<savoir_action nbItemSA_AS="0">
</savoir_action>
</bloc>
<bloc>
<position_bloc>2</position_bloc>
<activite_specifique nbItemActivite_AS="1">
<item_as>
<code_ogr>124088</code_ogr>
<libelle>Proc&#0233;der &#0224; des contr&#0244;les n&#0233;cessitant des habilitations/certifications</libelle>
<code_type_activite>3</code_type_activite>
<code_type_item_activite>2</code_type_item_activite>
<position_item>1</position_item>
<priorisation>1</priorisation>
<riasec_majeur>C</riasec_majeur>
</item_as>
</activite_specifique>
<savoir_theorique_et_proceduraux nbItemSTP_AS="2">
<item_as_stp>
<code_ogr>123784</code_ogr>
<libelle>Contr&#0244;le qualit&#0233; non destructif</libelle>
<code_type_competence>1</code_type_competence>
<position_item>1</position_item>
<priorisation>1</priorisation>
</item_as_stp>
<item_as_stp>
<code_ogr>104562</code_ogr>
<libelle>Normes de s&#0233;curit&#0233; &#0233;lectrique</libelle>
<code_type_competence>1</code_type_competence>
<position_item>2</position_item>
<priorisation>1</priorisation>
</item_as_stp>
</savoir_theorique_et_proceduraux>
<savoir_action nbItemSA_AS="0">
</savoir_action>
</bloc>
<bloc>
<position_bloc>3</position_bloc>
<activite_specifique nbItemActivite_AS="1">
<item_as>
<code_ogr>124866</code_ogr>
<libelle>V&#0233;rifier la conformit&#0233; d&#0039;application et de r&#0233;alisation de notes de calcul</libelle>
<code_type_activite>3</code_type_activite>
<code_type_item_activite>2</code_type_item_activite>
<position_item>1</position_item>
<priorisation>1</priorisation>
<riasec_majeur>C</riasec_majeur>
</item_as>
</activite_specifique>
<savoir_theorique_et_proceduraux nbItemSTP_AS="0">
</savoir_theorique_et_proceduraux>
<savoir_action nbItemSA_AS="0">
</savoir_action>
</bloc>
<bloc>
<position_bloc>4</position_bloc>
<activite_specifique nbItemActivite_AS="1">
<item_as>
<code_ogr>125307</code_ogr>
<libelle>Concevoir un plan d&#0039;inspection</libelle>
<code_type_activite>3</code_type_activite>
<code_type_item_activite>2</code_type_item_activite>
<position_item>1</position_item>
<priorisation>1</priorisation>
<riasec_majeur>I</riasec_majeur>
<riasec_mineur>c</riasec_mineur>
</item_as>
</activite_specifique>
<savoir_theorique_et_proceduraux nbItemSTP_AS="0">
</savoir_theorique_et_proceduraux>
<savoir_action nbItemSA_AS="0">
</savoir_action>
</bloc>
<bloc>
<position_bloc>5</position_bloc>
<activite_specifique nbItemActivite_AS="1">
<item_as>
<code_ogr>123325</code_ogr>
<libelle>V&#0233;rifier l&#0039;&#0233;tat de conformit&#0233; r&#0233;glementaire d&#0039;un &#0233;quipement</libelle>
<code_type_activite>3</code_type_activite>
<code_type_item_activite>2</code_type_item_activite>
<position_item>1</position_item>
<priorisation>1</priorisation>
<riasec_majeur>C</riasec_majeur>
<riasec_mineur>r</riasec_mineur>
</item_as>
</activite_specifique>
<savoir_theorique_et_proceduraux nbItemSTP_AS="0">
</savoir_theorique_et_proceduraux>
<savoir_action nbItemSA_AS="0">
</savoir_action>
</bloc>
<bloc>
<position_bloc>6</position_bloc>
<activite_specifique nbItemActivite_AS="1">
<item_as>
<code_ogr>119114</code_ogr>
<libelle>Traiter l&#0039;information (collecter, classer et mettre &#0224; jour)</libelle>
<code_type_activite>3</code_type_activite>
<code_type_item_activite>2</code_type_item_activite>
<position_item>1</position_item>
<priorisation>1</priorisation>
<riasec_majeur>C</riasec_majeur>
<riasec_mineur>i</riasec_mineur>
</item_as>
</activite_specifique>
<savoir_theorique_et_proceduraux nbItemSTP_AS="0">
</savoir_theorique_et_proceduraux>
<savoir_action nbItemSA_AS="0">
</savoir_action>
</bloc>
<bloc>
<position_bloc>7</position_bloc>
<activite_specifique nbItemActivite_AS="2">
<item_as>
<code_ogr>121698</code_ogr>
<libelle>Proposer un service, produit adapt&#0233; &#0224; la demande client</libelle>
<code_type_activite>3</code_type_activite>
<code_type_item_activite>2</code_type_item_activite>
<position_item>1</position_item>
<priorisation>1</priorisation>
<riasec_majeur>S</riasec_majeur>
<riasec_mineur>e</riasec_mineur>
</item_as>
<item_as>
<code_ogr>119945</code_ogr>
<libelle>Identifier les besoins d&#0039;un client</libelle>
<code_type_activite>3</code_type_activite>
<code_type_item_activite>2</code_type_item_activite>
<position_item>2</position_item>
<priorisation>1</priorisation>
<riasec_majeur>E</riasec_majeur>
<riasec_mineur>s</riasec_mineur>
</item_as>
</activite_specifique>
<savoir_theorique_et_proceduraux nbItemSTP_AS="0">
</savoir_theorique_et_proceduraux>
<savoir_action nbItemSA_AS="0">
</savoir_action>
</bloc>
<bloc>
<position_bloc>8</position_bloc>
<activite_specifique nbItemActivite_AS="1">
<item_as>
<code_ogr>121049</code_ogr>
<libelle>Apporter un appui technique aux services qualit&#0233;, maintenance, m&#0233;thodes</libelle>
<code_type_activite>3</code_type_activite>
<code_type_item_activite>2</code_type_item_activite>
<position_item>1</position_item>
<priorisation>1</priorisation>
<riasec_majeur>R</riasec_majeur>
<riasec_mineur>s</riasec_mineur>
</item_as>
</activite_specifique>
<savoir_theorique_et_proceduraux nbItemSTP_AS="0">
</savoir_theorique_et_proceduraux>
<savoir_action nbItemSA_AS="0">
</savoir_action>
</bloc>
<bloc>
<position_bloc>9</position_bloc>
<activite_specifique nbItemActivite_AS="2">
<item_as>
<code_ogr>124678</code_ogr>
<libelle>Sensibiliser un public &#0224; une d&#0233;marche qualit&#0233;</libelle>
<code_type_activite>3</code_type_activite>
<code_type_item_activite>2</code_type_item_activite>
<position_item>1</position_item>
<priorisation>1</priorisation>
<riasec_majeur>S</riasec_majeur>
<riasec_mineur>c</riasec_mineur>
</item_as>
<item_as>
<code_ogr>123036</code_ogr>
<libelle>Former un public</libelle>
<code_type_activite>3</code_type_activite>
<code_type_item_activite>2</code_type_item_activite>
<position_item>2</position_item>
<priorisation>1</priorisation>
<riasec_majeur>S</riasec_majeur>
</item_as>
</activite_specifique>
<savoir_theorique_et_proceduraux nbItemSTP_AS="1">
<item_as_stp>
<code_ogr>100090</code_ogr>
<libelle>Techniques p&#0233;dagogiques</libelle>
<code_type_competence>1</code_type_competence>
<position_item>1</position_item>
<priorisation>1</priorisation>
</item_as_stp>
</savoir_theorique_et_proceduraux>
<savoir_action nbItemSA_AS="0">
</savoir_action>
</bloc>
<bloc>
<position_bloc>10</position_bloc>
<activite_specifique nbItemActivite_AS="1">
<item_as>
<code_ogr>102359</code_ogr>
<libelle>Coordonner l&#0039;activit&#0233; d&#0039;une &#0233;quipe</libelle>
<code_type_activite>3</code_type_activite>
<code_type_item_activite>2</code_type_item_activite>
<position_item>1</position_item>
<priorisation>1</priorisation>
<riasec_majeur>E</riasec_majeur>
<riasec_mineur>s</riasec_mineur>
</item_as>
</activite_specifique>
<savoir_theorique_et_proceduraux nbItemSTP_AS="0">
</savoir_theorique_et_proceduraux>
<savoir_action nbItemSA_AS="0">
</savoir_action>
</bloc>
</bloc_activites_specifiques>
<bloc_mobilites>
<mobilites_proches nbItemMob="4">
<item_mob_pr><code_type_mobilite>1</code_type_mobilite>
<liste_appellation_source>
<code_appellation_source>0</code_appellation_source>
<libelle_appellation_source>Toutes les appellations</libelle_appellation_source>
</liste_appellation_source>
<code_rome_cible>F1103</code_rome_cible>
<libelle_rome_cible>Contr&#0244;le et diagnostic technique du b&#0226;timent</libelle_rome_cible>
<liste_appellation_cible>
<code_appellation_cible>0</code_appellation_cible>
<libelle_appellation_cible>Toutes les appellations</libelle_appellation_cible>
</liste_appellation_cible>
</item_mob_pr>
<item_mob_pr><code_type_mobilite>1</code_type_mobilite>
<liste_appellation_source>
<code_appellation_source>0</code_appellation_source>
<libelle_appellation_source>Toutes les appellations</libelle_appellation_source>
</liste_appellation_source>
<code_rome_cible>H1303</code_rome_cible>
<libelle_rome_cible>Intervention technique en Hygi&#0232;ne S&#0233;curit&#0233; Environnement -HSE- industriel</libelle_rome_cible>
<liste_appellation_cible>
<code_appellation_cible>0</code_appellation_cible>
<libelle_appellation_cible>Toutes les appellations</libelle_appellation_cible>
</liste_appellation_cible>
</item_mob_pr>
<item_mob_pr><code_type_mobilite>1</code_type_mobilite>
<liste_appellation_source>
<code_appellation_source>0</code_appellation_source>
<libelle_appellation_source>Toutes les appellations</libelle_appellation_source>
</liste_appellation_source>
<code_rome_cible>H1503</code_rome_cible>
<libelle_rome_cible>Intervention technique en laboratoire d&#0039;analyse industrielle</libelle_rome_cible>
<liste_appellation_cible>
<code_appellation_cible>0</code_appellation_cible>
<libelle_appellation_cible>Toutes les appellations</libelle_appellation_cible>
</liste_appellation_cible>
</item_mob_pr>
<item_mob_pr><code_type_mobilite>1</code_type_mobilite>
<liste_appellation_source>
<code_appellation_source>0</code_appellation_source>
<libelle_appellation_source>Toutes les appellations</libelle_appellation_source>
</liste_appellation_source>
<code_rome_cible>H1506</code_rome_cible>
<libelle_rome_cible>Intervention technique qualit&#0233; en m&#0233;canique et travail des m&#0233;taux</libelle_rome_cible>
<liste_appellation_cible>
<code_appellation_cible>0</code_appellation_cible>
<libelle_appellation_cible>Toutes les appellations</libelle_appellation_cible>
</liste_appellation_cible>
</item_mob_pr>
</mobilites_proches>
<mobilites_si_evolution nbItemMob="3">
<item_mob_ev><code_type_mobilite>2</code_type_mobilite>
<liste_appellation_source>
<code_appellation_source>0</code_appellation_source>
<libelle_appellation_source>Toutes les appellations</libelle_appellation_source>
</liste_appellation_source>
<code_rome_cible>C1106</code_rome_cible>
<libelle_rome_cible>Expertise risques en assurances</libelle_rome_cible>
<liste_appellation_cible>
<code_appellation_cible>0</code_appellation_cible>
<libelle_appellation_cible>Toutes les appellations</libelle_appellation_cible>
</liste_appellation_cible>
</item_mob_ev>
<item_mob_ev><code_type_mobilite>2</code_type_mobilite>
<liste_appellation_source>
<code_appellation_source>0</code_appellation_source>
<libelle_appellation_source>Toutes les appellations</libelle_appellation_source>
</liste_appellation_source>
<code_rome_cible>H1302</code_rome_cible>
<libelle_rome_cible>Management et ing&#0233;nierie Hygi&#0232;ne S&#0233;curit&#0233; Environnement -HSE- industriels</libelle_rome_cible>
<liste_appellation_cible>
<code_appellation_cible>0</code_appellation_cible>
<libelle_appellation_cible>Toutes les appellations</libelle_appellation_cible>
</liste_appellation_cible>
</item_mob_ev>
<item_mob_ev><code_type_mobilite>2</code_type_mobilite>
<liste_appellation_source>
<code_appellation_source>0</code_appellation_source>
<libelle_appellation_source>Toutes les appellations</libelle_appellation_source>
</liste_appellation_source>
<code_rome_cible>K2111</code_rome_cible>
<libelle_rome_cible>Formation professionnelle</libelle_rome_cible>
<liste_appellation_cible>
<code_appellation_cible>0</code_appellation_cible>
<libelle_appellation_cible>Toutes les appellations</libelle_appellation_cible>
</liste_appellation_cible>
</item_mob_ev>
</mobilites_si_evolution>
</bloc_mobilites>
</fiche_emploi_metier>