<?xml version="1.0" encoding="UTF-8" ?>
<fiche_emploi_metier>
<type_fiche>2</type_fiche>
<libelle_type_fiche>priorise</libelle_type_fiche>
<version_SI>
<version_rome>333</version_rome>
<date_version_si>01/10/2017</date_version_si>
<mois_version_si>Octobre</mois_version_si>
<annee_version_si>2017</annee_version_si>
</version_SI>
<bloc_code_rome>
<code_rome>H1302</code_rome>
<intitule>Management et ing&#0233;nierie Hygi&#0232;ne S&#0233;curit&#0233; Environnement -HSE- industriels</intitule>
<code_ogr>223</code_ogr>
<riasec_majeur>R</riasec_majeur>
</bloc_code_rome>
<bloc_appellation nbItemAppellation="42">
<item_app>
<code_ogr>38185</code_ogr>
<libelle>Adjoint / Adjointe au responsable environnement-hygi&#0232;ne-s&#0233;curit&#0233; en industrie</libelle>
<libelle_court>Adjoint(e) responsable environnement-hygi&#0232;ne-s&#0233;curit&#0233; en ind</libelle_court>
<priorisation>1</priorisation>
</item_app>
<item_app>
<code_ogr>11809</code_ogr>
<libelle>Charg&#0233; / Charg&#0233;e de l&#0039;hygi&#0232;ne et de la s&#0233;curit&#0233; du travail en industrie</libelle>
<libelle_court>Charg&#0233;(e) de l&#0039;hygi&#0232;ne et de la s&#0233;curit&#0233; du travail en ind</libelle_court>
<priorisation>1</priorisation>
</item_app>
<item_app>
<code_ogr>12364</code_ogr>
<libelle>Chef de service pr&#0233;vention g&#0233;n&#0233;rale et ergonomie</libelle>
<libelle_court>Chef de service pr&#0233;vention g&#0233;n&#0233;rale et ergonomie</libelle_court>
<priorisation>1</priorisation>
</item_app>
<item_app>
<code_ogr>12544</code_ogr>
<libelle>Chef du service environnement en industrie</libelle>
<libelle_court>Chef du service environnement en industrie</libelle_court>
<priorisation>1</priorisation>
</item_app>
<item_app>
<code_ogr>12545</code_ogr>
<libelle>Chef du service environnement-hygi&#0232;ne-s&#0233;curit&#0233; en industrie</libelle>
<libelle_court>Chef du service environnement-hygi&#0232;ne-s&#0233;curit&#0233; en industrie</libelle_court>
<priorisation>1</priorisation>
</item_app>
<item_app>
<code_ogr>12548</code_ogr>
<libelle>Chef du service hygi&#0232;ne-s&#0233;curit&#0233; en industrie</libelle>
<libelle_court>Chef du service hygi&#0232;ne-s&#0233;curit&#0233; en industrie</libelle_court>
<priorisation>1</priorisation>
</item_app>
<item_app>
<code_ogr>12558</code_ogr>
<libelle>Chef du service s&#0233;curit&#0233; en industrie</libelle>
<libelle_court>Chef du service s&#0233;curit&#0233; en industrie</libelle_court>
<priorisation>1</priorisation>
</item_app>
<item_app>
<code_ogr>12774</code_ogr>
<libelle>Commissaire-inspecteur / Commissaire-inspectrice des installations class&#0233;es</libelle>
<libelle_court>Commissaire-inspecteur(trice) des installations class&#0233;es</libelle_court>
<priorisation>1</priorisation>
</item_app>
<item_app>
<code_ogr>13709</code_ogr>
<libelle>Coordonnateur / Coordonnatrice de s&#0233;curit&#0233; et protection de la sant&#0233; en industrie</libelle>
<libelle_court>Coordonnateur(trice) s&#0233;curit&#0233; protect sant&#0233; en ind</libelle_court>
<priorisation>1</priorisation>
</item_app>
<item_app>
<code_ogr>13881</code_ogr>
<libelle>Cyndinicien / Cyndinicienne</libelle>
<libelle_court>Cyndinicien / Cyndinicienne</libelle_court>
<priorisation>1</priorisation>
</item_app>
<item_app>
<code_ogr>14441</code_ogr>
<libelle>Directeur / Directrice en ma&#0238;trise des risques industriels</libelle>
<libelle_court>Directeur / Directrice en ma&#0238;trise des risques industriels</libelle_court>
<priorisation>1</priorisation>
</item_app>
<item_app>
<code_ogr>14451</code_ogr>
<libelle>Directeur / Directrice Hygi&#0232;ne, S&#0233;curit&#0233; et Environnement en industrie -HSE-</libelle>
<libelle_court>Directeur/Directrice Hygi&#0232;ne -HSE-en industrie</libelle_court>
<priorisation>1</priorisation>
</item_app>
<item_app>
<code_ogr>14935</code_ogr>
<libelle>Expert / Experte des risques technologiques</libelle>
<libelle_court>Expert / Experte des risques technologiques</libelle_court>
<priorisation>1</priorisation>
</item_app>
<item_app>
<code_ogr>14940</code_ogr>
<libelle>Expert / Experte en environnement industriel</libelle>
<libelle_court>Expert / Experte en environnement industriel</libelle_court>
<priorisation>1</priorisation>
</item_app>
<item_app>
<code_ogr>15617</code_ogr>
<libelle>Ing&#0233;nieur / Ing&#0233;nieure conseil en pr&#0233;vention des risques industriels</libelle>
<libelle_court>Ing&#0233;nieur(e) conseil en pr&#0233;vention des risques industriels</libelle_court>
<priorisation>1</priorisation>
</item_app>
<item_app>
<code_ogr>15622</code_ogr>
<libelle>Ing&#0233;nieur / Ing&#0233;nieure criticit&#0233; en risques technologiques</libelle>
<libelle_court>Ing&#0233;nieur / Ing&#0233;nieure criticit&#0233; en risques technologiques</libelle_court>
<priorisation>1</priorisation>
</item_app>
<item_app>
<code_ogr>15667</code_ogr>
<libelle>Ing&#0233;nieur / Ing&#0233;nieure de recherche en Hygi&#0232;ne, S&#0233;curit&#0233; et Environnement en industrie</libelle>
<libelle_court>Ing&#0233;nieur(re) recherche Hygi&#0232;ne S&#0233;curit&#0233; Environnement ind</libelle_court>
<priorisation>1</priorisation>
</item_app>
<item_app>
<code_ogr>15726</code_ogr>
<libelle>Ing&#0233;nieur / Ing&#0233;nieure &#0233;cologue</libelle>
<libelle_court>Ing&#0233;nieur / Ing&#0233;nieure &#0233;cologue</libelle_court>
<priorisation>1</priorisation>
</item_app>
<item_app>
<code_ogr>15764</code_ogr>
<libelle>Ing&#0233;nieur / Ing&#0233;nieure en gestion des risques industriels</libelle>
<libelle_court>Ing&#0233;nieur / Ing&#0233;nieure en gestion des risques industriels</libelle_court>
<priorisation>1</priorisation>
</item_app>
<item_app>
<code_ogr>15766</code_ogr>
<libelle>Ing&#0233;nieur / Ing&#0233;nieure en ma&#0238;trise des risques industriels</libelle>
<libelle_court>Ing&#0233;nieur / Ing&#0233;nieure en ma&#0238;trise des risques industriels</libelle_court>
<priorisation>1</priorisation>
</item_app>
<item_app>
<code_ogr>15776</code_ogr>
<libelle>Ing&#0233;nieur / Ing&#0233;nieure en pr&#0233;vention des risques industriels</libelle>
<libelle_court>Ing&#0233;nieur / Ing&#0233;nieure en pr&#0233;vention des risques industriels</libelle_court>
<priorisation>1</priorisation>
</item_app>
<item_app>
<code_ogr>15782</code_ogr>
<libelle>Ing&#0233;nieur / Ing&#0233;nieure en radioprotection</libelle>
<libelle_court>Ing&#0233;nieur / Ing&#0233;nieure en radioprotection</libelle_court>
<priorisation>1</priorisation>
</item_app>
<item_app>
<code_ogr>15790</code_ogr>
<libelle>Ing&#0233;nieur / Ing&#0233;nieure en traitement des d&#0233;chets industriels</libelle>
<libelle_court>Ing&#0233;nieur / Ing&#0233;nieure en traitement des d&#0233;chets industriels</libelle_court>
<priorisation>1</priorisation>
</item_app>
<item_app>
<code_ogr>15795</code_ogr>
<libelle>Ing&#0233;nieur / Ing&#0233;nieure environnement en industrie</libelle>
<libelle_court>Ing&#0233;nieur / Ing&#0233;nieure environnement en industrie</libelle_court>
<priorisation>1</priorisation>
</item_app>
<item_app>
<code_ogr>15796</code_ogr>
<libelle>Ing&#0233;nieur / Ing&#0233;nieure environnement-hygi&#0232;ne-s&#0233;curit&#0233; en industrie</libelle>
<libelle_court>Ing&#0233;nieur(e) environnement-hygi&#0232;ne-s&#0233;curit&#0233; en industrie</libelle_court>
<priorisation>1</priorisation>
</item_app>
<item_app>
<code_ogr>15820</code_ogr>
<libelle>Ing&#0233;nieur / Ing&#0233;nieure Hygi&#0232;ne, S&#0233;curit&#0233; et Environnement en industrie -HSE-</libelle>
<libelle_court>Ing&#0233;nieur/Ing&#0233;nieure Hygi&#0232;ne HSE en industrie</libelle_court>
<priorisation>1</priorisation>
</item_app>
<item_app>
<code_ogr>15859</code_ogr>
<libelle>Ing&#0233;nieur / Ing&#0233;nieure pr&#0233;vention en industrie</libelle>
<libelle_court>Ing&#0233;nieur / Ing&#0233;nieure pr&#0233;vention en industrie</libelle_court>
<priorisation>1</priorisation>
</item_app>
<item_app>
<code_ogr>15860</code_ogr>
<libelle>Ing&#0233;nieur / Ing&#0233;nieure pr&#0233;vention-s&#0233;curit&#0233; en industrie</libelle>
<libelle_court>Ing&#0233;nieur / Ing&#0233;nieure pr&#0233;vention-s&#0233;curit&#0233; en industrie</libelle_court>
<priorisation>1</priorisation>
</item_app>
<item_app>
<code_ogr>15881</code_ogr>
<libelle>Ing&#0233;nieur / Ing&#0233;nieure s&#0233;curit&#0233; des proc&#0233;d&#0233;s industriels</libelle>
<libelle_court>Ing&#0233;nieur / Ing&#0233;nieure s&#0233;curit&#0233; des proc&#0233;d&#0233;s industriels</libelle_court>
<priorisation>1</priorisation>
</item_app>
<item_app>
<code_ogr>15883</code_ogr>
<libelle>Ing&#0233;nieur / Ing&#0233;nieure s&#0233;curit&#0233; en industrie</libelle>
<libelle_court>Ing&#0233;nieur / Ing&#0233;nieure s&#0233;curit&#0233; en industrie</libelle_court>
<priorisation>1</priorisation>
</item_app>
<item_app>
<code_ogr>15884</code_ogr>
<libelle>Ing&#0233;nieur / Ing&#0233;nieure s&#0233;curit&#0233; environnement en industrie</libelle>
<libelle_court>Ing&#0233;nieur / Ing&#0233;nieure s&#0233;curit&#0233; environnement en industrie</libelle_court>
<priorisation>1</priorisation>
</item_app>
<item_app>
<code_ogr>15892</code_ogr>
<libelle>Ing&#0233;nieur / Ing&#0233;nieure s&#0251;ret&#0233; en industrie nucl&#0233;aire</libelle>
<libelle_court>Ing&#0233;nieur / Ing&#0233;nieure s&#0251;ret&#0233; en industrie nucl&#0233;aire</libelle_court>
<priorisation>1</priorisation>
</item_app>
<item_app>
<code_ogr>15956</code_ogr>
<libelle>Inspecteur / Inspectrice de sites industriels</libelle>
<libelle_court>Inspecteur / Inspectrice de sites industriels</libelle_court>
<priorisation>1</priorisation>
</item_app>
<item_app>
<code_ogr>17041</code_ogr>
<libelle>Officier / Offici&#0232;re s&#0233;curit&#0233; en risques technologiques</libelle>
<libelle_court>Officier / Offici&#0232;re s&#0233;curit&#0233; en risques technologiques</libelle_court>
<priorisation>1</priorisation>
</item_app>
<item_app>
<code_ogr>19027</code_ogr>
<libelle>Responsable du service hygi&#0232;ne-s&#0233;curit&#0233;</libelle>
<libelle_court>Responsable du service hygi&#0232;ne-s&#0233;curit&#0233;</libelle_court>
<priorisation>1</priorisation>
</item_app>
<item_app>
<code_ogr>19031</code_ogr>
<libelle>Responsable du service s&#0233;curit&#0233; en industrie</libelle>
<libelle_court>Responsable du service s&#0233;curit&#0233; en industrie</libelle_court>
<priorisation>1</priorisation>
</item_app>
<item_app>
<code_ogr>19032</code_ogr>
<libelle>Responsable du service s&#0251;ret&#0233; en industrie nucl&#0233;aire</libelle>
<libelle_court>Responsable du service s&#0251;ret&#0233; en industrie nucl&#0233;aire</libelle_court>
<priorisation>1</priorisation>
</item_app>
<item_app>
<code_ogr>19069</code_ogr>
<libelle>Responsable environnement en industrie</libelle>
<libelle_court>Responsable environnement en industrie</libelle_court>
<priorisation>1</priorisation>
</item_app>
<item_app>
<code_ogr>19071</code_ogr>
<libelle>Responsable environnement-hygi&#0232;ne-s&#0233;curit&#0233; en industrie</libelle>
<libelle_court>Responsable environnement-hygi&#0232;ne-s&#0233;curit&#0233; en industrie</libelle_court>
<priorisation>1</priorisation>
</item_app>
<item_app>
<code_ogr>19175</code_ogr>
<libelle>Responsable s&#0233;curit&#0233; de fonctionnement en industrie</libelle>
<libelle_court>Responsable s&#0233;curit&#0233; de fonctionnement en industrie</libelle_court>
<priorisation>1</priorisation>
</item_app>
<item_app>
<code_ogr>20419</code_ogr>
<libelle>Traitant / Traitante hygi&#0232;ne, s&#0233;curit&#0233;, conditions de travail</libelle>
<libelle_court>Traitant/Traitante hygi&#0232;ne, s&#0233;curit&#0233;, conditions de travail</libelle_court>
<priorisation>1</priorisation>
</item_app>
<item_app>
<code_ogr>20420</code_ogr>
<libelle>Traitant / Traitante protection environnement</libelle>
<libelle_court>Traitant / Traitante protection environnement</libelle_court>
<priorisation>1</priorisation>
</item_app>
</bloc_appellation>
<definition nbItemDefinition="3">
D&#0233;finit la politique de s&#0233;curit&#0233; (s&#0233;curit&#0233; au travail, conditions de travail, protection de l&#0039;environnement), la met en place et en assure le suivi selon les normes et la r&#0233;glementation Hygi&#0232;ne, S&#0233;curit&#0233; et Environnement.
Peut coordonner une &#0233;quipe.
Peut diriger un service.
</definition>
<acces_emploi_metier nbItemAccesEmploiMetier="4">
Cet emploi/m&#0233;tier est accessible avec un Master (Master recherche ou professionnel, dipl&#0244;me d&#0039;ing&#0233;nieur, ...) en hygi&#0232;ne, s&#0233;curit&#0233; du travail, environnement, risques industriels ou dans le secteur de l&#0039;entreprise (a&#0233;ronautique, &#0233;lectricit&#0233;, papier, ...).
Il est &#0233;galement accessible avec un dipl&#0244;me de niveau Bac+2 (BTS, DUT) dans ces secteurs compl&#0233;t&#0233; par une exp&#0233;rience en industrie.
Une habilitation peut &#0234;tre requise pour la r&#0233;alisation d&#0039;audits.
La pratique de l&#0039;anglais peut &#0234;tre exig&#0233;e.
</acces_emploi_metier>
<condition_exercice_activite nbItemConditionExercice="4">
L&#0039;activit&#0233; de cet emploi/m&#0233;tier s&#0039;exerce au sein d&#0039;entreprises industrielles, de soci&#0233;t&#0233;s de services, de bureaux d&#0039;&#0233;tudes et d&#0039;ing&#0233;nierie, ... en relation avec diff&#0233;rents services et intervenants (production, qualit&#0233;, maintenance, Comit&#0233; Hygi&#0232;ne, S&#0233;curit&#0233; et Conditions de Travail -CHSCT-, auditeurs, m&#0233;decins du travail, fournisseurs, ...). Elle peut impliquer des d&#0233;placements.
Elle varie selon le secteur (nucl&#0233;aire, chimie, p&#0233;trochimie, alimentaire,...), le type d&#0039;&#0233;tablissement (SEVESO, Installation Class&#0233;e pour la Protection de l&#0039;Environnement -ICPE-, ...), le type de process et de produits fabriqu&#0233;s ou stock&#0233;s.
Elle peut s&#0039;exercer les fins de semaine, jours f&#0233;ri&#0233;s et &#0234;tre soumise &#0224; des astreintes.
Le port d&#0039;Equipements de Protection Individuelle -EPI- (casque, chaussures de s&#0233;curit&#0233;, ...) peut &#0234;tre requis.
</condition_exercice_activite>
<bloc_environnement_de_travail nbItemEnvTrav="39">
<item_env>
<code_ogr>23682</code_ogr>
<libelle>A&#0233;roport</libelle>
<code_type_section_env>1</code_type_section_env>
<priorisation>1</priorisation>
</item_env>
<item_env>
<code_ogr>23735</code_ogr>
<libelle>Bureau d&#0039;&#0233;tudes et d&#0039;ing&#0233;nierie</libelle>
<code_type_section_env>1</code_type_section_env>
<priorisation>1</priorisation>
</item_env>
<item_env>
<code_ogr>23808</code_ogr>
<libelle>Collectivit&#0233; territoriale</libelle>
<code_type_section_env>1</code_type_section_env>
<priorisation>1</priorisation>
</item_env>
<item_env>
<code_ogr>23909</code_ogr>
<libelle>Entreprise industrielle</libelle>
<code_type_section_env>1</code_type_section_env>
<priorisation>1</priorisation>
</item_env>
<item_env>
<code_ogr>23912</code_ogr>
<libelle>Entreprise publique/&#0233;tablissement public</libelle>
<code_type_section_env>1</code_type_section_env>
<priorisation>1</priorisation>
</item_env>
<item_env>
<code_ogr>24017</code_ogr>
<libelle>Organisme de contr&#0244;le et de certification</libelle>
<code_type_section_env>1</code_type_section_env>
<priorisation>1</priorisation>
</item_env>
<item_env>
<code_ogr>24076</code_ogr>
<libelle>Site portuaire</libelle>
<code_type_section_env>1</code_type_section_env>
<priorisation>1</priorisation>
</item_env>
<item_env>
<code_ogr>24078</code_ogr>
<libelle>Soci&#0233;t&#0233; d&#0039;autoroute</libelle>
<code_type_section_env>1</code_type_section_env>
<priorisation>1</priorisation>
</item_env>
<item_env>
<code_ogr>24093</code_ogr>
<libelle>Soci&#0233;t&#0233; de services</libelle>
<code_type_section_env>1</code_type_section_env>
<priorisation>1</priorisation>
</item_env>
<item_env>
<code_ogr>23391</code_ogr>
<libelle>A&#0233;ronautique, spatial</libelle>
<code_type_section_env>2</code_type_section_env>
<priorisation>1</priorisation>
</item_env>
<item_env>
<code_ogr>23395</code_ogr>
<libelle>Alimentaire</libelle>
<code_type_section_env>2</code_type_section_env>
<priorisation>1</priorisation>
</item_env>
<item_env>
<code_ogr>23401</code_ogr>
<libelle>Arm&#0233;e</libelle>
<code_type_section_env>2</code_type_section_env>
<priorisation>1</priorisation>
</item_env>
<item_env>
<code_ogr>23404</code_ogr>
<libelle>Armement</libelle>
<code_type_section_env>2</code_type_section_env>
<priorisation>1</priorisation>
</item_env>
<item_env>
<code_ogr>23410</code_ogr>
<libelle>Automobile</libelle>
<code_type_section_env>2</code_type_section_env>
<priorisation>1</priorisation>
</item_env>
<item_env>
<code_ogr>23424</code_ogr>
<libelle>Bois, ameublement</libelle>
<code_type_section_env>2</code_type_section_env>
<priorisation>1</priorisation>
</item_env>
<item_env>
<code_ogr>23436</code_ogr>
<libelle>Chimie</libelle>
<code_type_section_env>2</code_type_section_env>
<priorisation>1</priorisation>
</item_env>
<item_env>
<code_ogr>23437</code_ogr>
<libelle>Chimie fine</libelle>
<code_type_section_env>2</code_type_section_env>
<priorisation>1</priorisation>
</item_env>
<item_env>
<code_ogr>23453</code_ogr>
<libelle>Construction navale</libelle>
<code_type_section_env>2</code_type_section_env>
<priorisation>1</priorisation>
</item_env>
<item_env>
<code_ogr>23469</code_ogr>
<libelle>Eco-industrie</libelle>
<code_type_section_env>2</code_type_section_env>
<priorisation>1</priorisation>
</item_env>
<item_env>
<code_ogr>23474</code_ogr>
<libelle>Electricit&#0233;</libelle>
<code_type_section_env>2</code_type_section_env>
<priorisation>1</priorisation>
</item_env>
<item_env>
<code_ogr>23476</code_ogr>
<libelle>Electrom&#0233;nager</libelle>
<code_type_section_env>2</code_type_section_env>
<priorisation>1</priorisation>
</item_env>
<item_env>
<code_ogr>23477</code_ogr>
<libelle>Electronique</libelle>
<code_type_section_env>2</code_type_section_env>
<priorisation>1</priorisation>
</item_env>
<item_env>
<code_ogr>23480</code_ogr>
<libelle>Energie, nucl&#0233;aire, fluide</libelle>
<code_type_section_env>2</code_type_section_env>
<priorisation>1</priorisation>
</item_env>
<item_env>
<code_ogr>23498</code_ogr>
<libelle>Ferroviaire</libelle>
<code_type_section_env>2</code_type_section_env>
<priorisation>1</priorisation>
</item_env>
<item_env>
<code_ogr>23515</code_ogr>
<libelle>Habillement, cuir, textile</libelle>
<code_type_section_env>2</code_type_section_env>
<priorisation>1</priorisation>
</item_env>
<item_env>
<code_ogr>23530</code_ogr>
<libelle>Industrie cosm&#0233;tique</libelle>
<code_type_section_env>2</code_type_section_env>
<priorisation>1</priorisation>
</item_env>
<item_env>
<code_ogr>23531</code_ogr>
<libelle>Industrie du papier, carton</libelle>
<code_type_section_env>2</code_type_section_env>
<priorisation>1</priorisation>
</item_env>
<item_env>
<code_ogr>23534</code_ogr>
<libelle>Information et communication</libelle>
<code_type_section_env>2</code_type_section_env>
<priorisation>1</priorisation>
</item_env>
<item_env>
<code_ogr>23544</code_ogr>
<libelle>Machinisme</libelle>
<code_type_section_env>2</code_type_section_env>
<priorisation>1</priorisation>
</item_env>
<item_env>
<code_ogr>23552</code_ogr>
<libelle>M&#0233;canique, travail des m&#0233;taux</libelle>
<code_type_section_env>2</code_type_section_env>
<priorisation>1</priorisation>
</item_env>
<item_env>
<code_ogr>23558</code_ogr>
<libelle>M&#0233;tallurgie, sid&#0233;rurgie</libelle>
<code_type_section_env>2</code_type_section_env>
<priorisation>1</priorisation>
</item_env>
<item_env>
<code_ogr>23567</code_ogr>
<libelle>Nautisme</libelle>
<code_type_section_env>2</code_type_section_env>
<priorisation>1</priorisation>
</item_env>
<item_env>
<code_ogr>23568</code_ogr>
<libelle>Optique, optronique</libelle>
<code_type_section_env>2</code_type_section_env>
<priorisation>1</priorisation>
</item_env>
<item_env>
<code_ogr>23573</code_ogr>
<libelle>Parachimie</libelle>
<code_type_section_env>2</code_type_section_env>
<priorisation>1</priorisation>
</item_env>
<item_env>
<code_ogr>23582</code_ogr>
<libelle>P&#0233;trochimie</libelle>
<code_type_section_env>2</code_type_section_env>
<priorisation>1</priorisation>
</item_env>
<item_env>
<code_ogr>23585</code_ogr>
<libelle>Plasturgie, caoutchouc, composites</libelle>
<code_type_section_env>2</code_type_section_env>
<priorisation>1</priorisation>
</item_env>
<item_env>
<code_ogr>23640</code_ogr>
<libelle>Sport et loisirs</libelle>
<code_type_section_env>2</code_type_section_env>
<priorisation>1</priorisation>
</item_env>
<item_env>
<code_ogr>23659</code_ogr>
<libelle>Transport/logistique</libelle>
<code_type_section_env>2</code_type_section_env>
<priorisation>1</priorisation>
</item_env>
<item_env>
<code_ogr>23673</code_ogr>
<libelle>Verre, mat&#0233;riaux de construction</libelle>
<code_type_section_env>2</code_type_section_env>
<priorisation>1</priorisation>
</item_env>
</bloc_environnement_de_travail>
<bloc_activites_de_base nbBlocActiviteBase="1">
<activites_de_base nbItemActivite_AB="13">
<item_ab>
<code_ogr>120853</code_ogr>
<libelle>Construire un plan d&#0039;action QSE</libelle>
<code_type_activite>3</code_type_activite>
<code_type_item_activite>2</code_type_item_activite>
<position_item>1</position_item>
<priorisation>1</priorisation>
<riasec_majeur>I</riasec_majeur>
<riasec_mineur>r</riasec_mineur>
</item_ab>
<item_ab>
<code_ogr>121802</code_ogr>
<libelle>Concevoir un syst&#0232;me de management Qualit&#0233; S&#0233;curit&#0233; Environnement (QSE)</libelle>
<code_type_activite>3</code_type_activite>
<code_type_item_activite>2</code_type_item_activite>
<position_item>2</position_item>
<priorisation>1</priorisation>
<riasec_majeur>I</riasec_majeur>
<riasec_mineur>r</riasec_mineur>
</item_ab>
<item_ab>
<code_ogr>123873</code_ogr>
<libelle>Mettre en place des proc&#0233;dures qualit&#0233;</libelle>
<code_type_activite>3</code_type_activite>
<code_type_item_activite>2</code_type_item_activite>
<position_item>3</position_item>
<priorisation>1</priorisation>
<riasec_majeur>E</riasec_majeur>
<riasec_mineur>c</riasec_mineur>
</item_ab>
<item_ab>
<code_ogr>120281</code_ogr>
<libelle>Contr&#0244;ler l&#0039;application de proc&#0233;dures Qualit&#0233;, Hygi&#0232;ne, S&#0233;curit&#0233; et Environnement (QHSE)</libelle>
<code_type_activite>3</code_type_activite>
<code_type_item_activite>2</code_type_item_activite>
<position_item>4</position_item>
<priorisation>1</priorisation>
<riasec_majeur>C</riasec_majeur>
</item_ab>
<item_ab>
<code_ogr>124677</code_ogr>
<libelle>Former &#0224; une d&#0233;marche Hygi&#0232;ne, S&#0233;curit&#0233; et Environnement (HSE)</libelle>
<code_type_activite>3</code_type_activite>
<code_type_item_activite>2</code_type_item_activite>
<position_item>5</position_item>
<priorisation>1</priorisation>
<riasec_majeur>S</riasec_majeur>
<riasec_mineur>c</riasec_mineur>
</item_ab>
<item_ab>
<code_ogr>124676</code_ogr>
<libelle>Promouvoir des proc&#0233;dures Hygi&#0232;ne, S&#0233;curit&#0233; et Environnement (HSE)</libelle>
<code_type_activite>3</code_type_activite>
<code_type_item_activite>2</code_type_item_activite>
<position_item>6</position_item>
<priorisation>1</priorisation>
<riasec_majeur>S</riasec_majeur>
<riasec_mineur>c</riasec_mineur>
</item_ab>
<item_ab>
<code_ogr>124157</code_ogr>
<libelle>Effectuer des op&#0233;rations de contr&#0244;le de conformit&#0233;</libelle>
<code_type_activite>3</code_type_activite>
<code_type_item_activite>2</code_type_item_activite>
<position_item>7</position_item>
<priorisation>1</priorisation>
<riasec_majeur>C</riasec_majeur>
</item_ab>
<item_ab>
<code_ogr>123311</code_ogr>
<libelle>Analyser un dysfonctionnement ou une non-conformit&#0233;</libelle>
<code_type_activite>3</code_type_activite>
<code_type_item_activite>2</code_type_item_activite>
<position_item>8</position_item>
<priorisation>1</priorisation>
<riasec_majeur>R</riasec_majeur>
<riasec_mineur>i</riasec_mineur>
</item_ab>
<item_ab>
<code_ogr>120271</code_ogr>
<libelle>D&#0233;terminer les causes de dysfonctionnements</libelle>
<code_type_activite>3</code_type_activite>
<code_type_item_activite>2</code_type_item_activite>
<position_item>9</position_item>
<priorisation>1</priorisation>
<riasec_majeur>R</riasec_majeur>
<riasec_mineur>i</riasec_mineur>
</item_ab>
<item_ab>
<code_ogr>123863</code_ogr>
<libelle>D&#0233;terminer des actions correctives</libelle>
<code_type_activite>3</code_type_activite>
<code_type_item_activite>2</code_type_item_activite>
<position_item>10</position_item>
<priorisation>1</priorisation>
<riasec_majeur>R</riasec_majeur>
<riasec_mineur>c</riasec_mineur>
</item_ab>
<item_ab>
<code_ogr>124843</code_ogr>
<libelle>D&#0233;terminer les &#0233;volutions et am&#0233;liorations d&#0039;une d&#0233;marche qualit&#0233;</libelle>
<code_type_activite>3</code_type_activite>
<code_type_item_activite>2</code_type_item_activite>
<position_item>11</position_item>
<priorisation>1</priorisation>
<riasec_majeur>R</riasec_majeur>
<riasec_mineur>i</riasec_mineur>
</item_ab>
<item_ab>
<code_ogr>124842</code_ogr>
<libelle>Contr&#0244;ler des donn&#0233;es qualit&#0233;</libelle>
<code_type_activite>3</code_type_activite>
<code_type_item_activite>2</code_type_item_activite>
<position_item>12</position_item>
<priorisation>1</priorisation>
<riasec_majeur>R</riasec_majeur>
<riasec_mineur>i</riasec_mineur>
</item_ab>
<item_ab>
<code_ogr>121049</code_ogr>
<libelle>Apporter un appui technique aux services qualit&#0233;, maintenance, m&#0233;thodes</libelle>
<code_type_activite>3</code_type_activite>
<code_type_item_activite>2</code_type_item_activite>
<position_item>13</position_item>
<priorisation>1</priorisation>
<riasec_majeur>R</riasec_majeur>
<riasec_mineur>s</riasec_mineur>
</item_ab>
</activites_de_base>
<savoir_theorique_et_proceduraux nbItemSTP_AB="16">
<item_ab_stp>
<code_ogr>101065</code_ogr>
<libelle>Chimie</libelle>
<code_type_competence>1</code_type_competence>
<position_item>1</position_item>
<priorisation>1</priorisation>
</item_ab_stp>
<item_ab_stp>
<code_ogr>100161</code_ogr>
<libelle>Toxicologie</libelle>
<code_type_competence>1</code_type_competence>
<position_item>2</position_item>
<priorisation>1</priorisation>
</item_ab_stp>
<item_ab_stp>
<code_ogr>100906</code_ogr>
<libelle>Ergonomie</libelle>
<code_type_competence>1</code_type_competence>
<position_item>3</position_item>
<priorisation>1</priorisation>
</item_ab_stp>
<item_ab_stp>
<code_ogr>120439</code_ogr>
<libelle>Ecologie</libelle>
<code_type_competence>1</code_type_competence>
<position_item>4</position_item>
<priorisation>1</priorisation>
</item_ab_stp>
<item_ab_stp>
<code_ogr>120581</code_ogr>
<libelle>Qualit&#0233;, Hygi&#0232;ne, S&#0233;curit&#0233; et Environnement (QHSE)</libelle>
<code_type_competence>1</code_type_competence>
<position_item>5</position_item>
<priorisation>1</priorisation>
</item_ab_stp>
<item_ab_stp>
<code_ogr>100015</code_ogr>
<libelle>Normes environnementales</libelle>
<code_type_competence>1</code_type_competence>
<position_item>6</position_item>
<priorisation>1</priorisation>
</item_ab_stp>
<item_ab_stp>
<code_ogr>101425</code_ogr>
<libelle>R&#0233;glementation des Installations Class&#0233;es pour la Protection de l&#0039;Environnement</libelle>
<code_type_competence>1</code_type_competence>
<position_item>7</position_item>
<priorisation>1</priorisation>
</item_ab_stp>
<item_ab_stp>
<code_ogr>101424</code_ogr>
<libelle>R&#0233;glementation du transport de mati&#0232;res et produits dangereux</libelle>
<code_type_competence>1</code_type_competence>
<position_item>8</position_item>
<priorisation>1</priorisation>
</item_ab_stp>
<item_ab_stp>
<code_ogr>101450</code_ogr>
<libelle>Techniques de protection et de pr&#0233;vention des pollutions</libelle>
<code_type_competence>1</code_type_competence>
<position_item>9</position_item>
<priorisation>1</priorisation>
</item_ab_stp>
<item_ab_stp>
<code_ogr>104637</code_ogr>
<libelle>Caract&#0233;ristiques des &#0233;quipements de protection</libelle>
<code_type_competence>1</code_type_competence>
<position_item>10</position_item>
<priorisation>1</priorisation>
</item_ab_stp>
<item_ab_stp>
<code_ogr>101449</code_ogr>
<libelle>R&#0233;glementation s&#0233;curit&#0233; incendie</libelle>
<code_type_competence>1</code_type_competence>
<position_item>11</position_item>
<priorisation>1</priorisation>
</item_ab_stp>
<item_ab_stp>
<code_ogr>121863</code_ogr>
<libelle>Analyse des risques</libelle>
<code_type_competence>1</code_type_competence>
<position_item>12</position_item>
<priorisation>1</priorisation>
</item_ab_stp>
<item_ab_stp>
<code_ogr>119414</code_ogr>
<libelle>Audit interne</libelle>
<code_type_competence>1</code_type_competence>
<position_item>13</position_item>
<priorisation>1</priorisation>
</item_ab_stp>
<item_ab_stp>
<code_ogr>100090</code_ogr>
<libelle>Techniques p&#0233;dagogiques</libelle>
<code_type_competence>1</code_type_competence>
<position_item>14</position_item>
<priorisation>1</priorisation>
</item_ab_stp>
<item_ab_stp>
<code_ogr>121126</code_ogr>
<libelle>Progiciels de Gestion Int&#0233;gr&#0233;e (PGI) / Enterprise Resource Planning (ERP)</libelle>
<code_type_competence>1</code_type_competence>
<position_item>15</position_item>
<priorisation>1</priorisation>
</item_ab_stp>
<item_ab_stp>
<code_ogr>118975</code_ogr>
<libelle>Outils bureautiques</libelle>
<code_type_competence>1</code_type_competence>
<position_item>16</position_item>
<priorisation>1</priorisation>
</item_ab_stp>
</savoir_theorique_et_proceduraux>
<savoir_action nbItemSA_AB="0">
</savoir_action>
</bloc_activites_de_base>
<bloc_activites_specifiques nbBlocActiviteSpecifique="10">
<bloc>
<position_bloc>1</position_bloc>
<activite_specifique nbItemActivite_AS="1">
<item_as>
<code_ogr>126526</code_ogr>
<libelle>Intervenir en Hygi&#0232;ne, S&#0233;curit&#0233;, Environnement en industrie</libelle>
<code_type_activite>3</code_type_activite>
<code_type_item_activite>2</code_type_item_activite>
<position_item>1</position_item>
<priorisation>1</priorisation>
<riasec_majeur>C</riasec_majeur>
</item_as>
</activite_specifique>
<savoir_theorique_et_proceduraux nbItemSTP_AS="13">
<item_as_stp>
<code_ogr>116844</code_ogr>
<libelle>D&#0233;marche d&#0039;am&#0233;lioration continue</libelle>
<code_type_competence>1</code_type_competence>
<position_item>1</position_item>
<priorisation>1</priorisation>
</item_as_stp>
<item_as_stp>
<code_ogr>124944</code_ogr>
<libelle>S&#0233;curit&#0233; du travail</libelle>
<code_type_competence>1</code_type_competence>
<position_item>2</position_item>
<priorisation>1</priorisation>
</item_as_stp>
<item_as_stp>
<code_ogr>105823</code_ogr>
<libelle>Hygi&#0232;ne industrielle</libelle>
<code_type_competence>1</code_type_competence>
<position_item>3</position_item>
<priorisation>1</priorisation>
</item_as_stp>
<item_as_stp>
<code_ogr>124923</code_ogr>
<libelle>Syst&#0232;me de Management Environnement (SME)</libelle>
<code_type_competence>1</code_type_competence>
<position_item>4</position_item>
<priorisation>1</priorisation>
</item_as_stp>
<item_as_stp>
<code_ogr>121066</code_ogr>
<libelle>Gestion des risques (Risk Management)</libelle>
<code_type_competence>1</code_type_competence>
<position_item>5</position_item>
<priorisation>1</priorisation>
</item_as_stp>
<item_as_stp>
<code_ogr>123641</code_ogr>
<libelle>Gestion des risques biologiques</libelle>
<code_type_competence>1</code_type_competence>
<position_item>6</position_item>
<priorisation>1</priorisation>
</item_as_stp>
<item_as_stp>
<code_ogr>120814</code_ogr>
<libelle>Gestion des risques chimiques</libelle>
<code_type_competence>1</code_type_competence>
<position_item>7</position_item>
<priorisation>1</priorisation>
</item_as_stp>
<item_as_stp>
<code_ogr>106945</code_ogr>
<libelle>Radioprotection</libelle>
<code_type_competence>1</code_type_competence>
<position_item>8</position_item>
<priorisation>1</priorisation>
</item_as_stp>
<item_as_stp>
<code_ogr>124936</code_ogr>
<libelle>Protection des biens</libelle>
<code_type_competence>1</code_type_competence>
<position_item>9</position_item>
<priorisation>1</priorisation>
</item_as_stp>
<item_as_stp>
<code_ogr>124938</code_ogr>
<libelle>Protection des personnes</libelle>
<code_type_competence>1</code_type_competence>
<position_item>10</position_item>
<priorisation>1</priorisation>
</item_as_stp>
<item_as_stp>
<code_ogr>118426</code_ogr>
<libelle>Syst&#0232;me de Management de la Qualit&#0233; (SMQ)</libelle>
<code_type_competence>1</code_type_competence>
<position_item>11</position_item>
<priorisation>1</priorisation>
</item_as_stp>
<item_as_stp>
<code_ogr>120846</code_ogr>
<libelle>Qualit&#0233;, S&#0233;curit&#0233; Environnement (QSE)</libelle>
<code_type_competence>1</code_type_competence>
<position_item>12</position_item>
<priorisation>1</priorisation>
</item_as_stp>
<item_as_stp>
<code_ogr>109977</code_ogr>
<libelle>Proc&#0233;dures de maintenance</libelle>
<code_type_competence>1</code_type_competence>
<position_item>13</position_item>
<priorisation>1</priorisation>
</item_as_stp>
</savoir_theorique_et_proceduraux>
<savoir_action nbItemSA_AS="0">
</savoir_action>
</bloc>
<bloc>
<position_bloc>2</position_bloc>
<activite_specifique nbItemActivite_AS="1">
<item_as>
<code_ogr>114595</code_ogr>
<libelle>D&#0233;livrer des autorisations d&#0039;activit&#0233;s et d&#0233;terminer leurs modalit&#0233;s d&#0039;ex&#0233;cution (port d&#0039;&#0233;quipement sp&#0233;cial, habilitation, permis feu, ...)</libelle>
<code_type_activite>3</code_type_activite>
<code_type_item_activite>2</code_type_item_activite>
<position_item>1</position_item>
<priorisation>1</priorisation>
<riasec_majeur>R</riasec_majeur>
<riasec_mineur>c</riasec_mineur>
</item_as>
</activite_specifique>
<savoir_theorique_et_proceduraux nbItemSTP_AS="0">
</savoir_theorique_et_proceduraux>
<savoir_action nbItemSA_AS="0">
</savoir_action>
</bloc>
<bloc>
<position_bloc>3</position_bloc>
<activite_specifique nbItemActivite_AS="2">
<item_as>
<code_ogr>124022</code_ogr>
<libelle>Superviser le contr&#0244;le d&#0039;un produit</libelle>
<code_type_activite>3</code_type_activite>
<code_type_item_activite>2</code_type_item_activite>
<position_item>1</position_item>
<priorisation>1</priorisation>
<riasec_majeur>C</riasec_majeur>
</item_as>
<item_as>
<code_ogr>123624</code_ogr>
<libelle>Contr&#0244;ler la conformit&#0233; d&#0039;un produit</libelle>
<code_type_activite>3</code_type_activite>
<code_type_item_activite>2</code_type_item_activite>
<position_item>2</position_item>
<priorisation>1</priorisation>
<riasec_majeur>C</riasec_majeur>
</item_as>
</activite_specifique>
<savoir_theorique_et_proceduraux nbItemSTP_AS="2">
<item_as_stp>
<code_ogr>104647</code_ogr>
<libelle>Techniques de traitement des eaux</libelle>
<code_type_competence>1</code_type_competence>
<position_item>1</position_item>
<priorisation>1</priorisation>
</item_as_stp>
<item_as_stp>
<code_ogr>101987</code_ogr>
<libelle>Proc&#0233;dures de retraitement des d&#0233;chets</libelle>
<code_type_competence>1</code_type_competence>
<position_item>2</position_item>
<priorisation>1</priorisation>
</item_as_stp>
</savoir_theorique_et_proceduraux>
<savoir_action nbItemSA_AS="0">
</savoir_action>
</bloc>
<bloc>
<position_bloc>4</position_bloc>
<activite_specifique nbItemActivite_AS="1">
<item_as>
<code_ogr>123927</code_ogr>
<libelle>Pr&#0233;coniser des m&#0233;thodes et outils de gestion des risques</libelle>
<code_type_activite>3</code_type_activite>
<code_type_item_activite>2</code_type_item_activite>
<position_item>1</position_item>
<priorisation>1</priorisation>
<riasec_majeur>R</riasec_majeur>
<riasec_mineur>i</riasec_mineur>
</item_as>
</activite_specifique>
<savoir_theorique_et_proceduraux nbItemSTP_AS="0">
</savoir_theorique_et_proceduraux>
<savoir_action nbItemSA_AS="0">
</savoir_action>
</bloc>
<bloc>
<position_bloc>5</position_bloc>
<activite_specifique nbItemActivite_AS="3">
<item_as>
<code_ogr>124007</code_ogr>
<libelle>Contr&#0244;ler la r&#0233;alisation d&#0039;une prestation</libelle>
<code_type_activite>3</code_type_activite>
<code_type_item_activite>2</code_type_item_activite>
<position_item>1</position_item>
<priorisation>1</priorisation>
<riasec_majeur>C</riasec_majeur>
</item_as>
<item_as>
<code_ogr>117180</code_ogr>
<libelle>N&#0233;gocier un contrat</libelle>
<code_type_activite>3</code_type_activite>
<code_type_item_activite>2</code_type_item_activite>
<position_item>2</position_item>
<priorisation>1</priorisation>
<riasec_majeur>E</riasec_majeur>
<riasec_mineur>c</riasec_mineur>
</item_as>
<item_as>
<code_ogr>117146</code_ogr>
<libelle>S&#0233;lectionner des fournisseurs, sous-traitants, prestataires</libelle>
<code_type_activite>3</code_type_activite>
<code_type_item_activite>2</code_type_item_activite>
<position_item>3</position_item>
<priorisation>1</priorisation>
<riasec_majeur>E</riasec_majeur>
<riasec_mineur>c</riasec_mineur>
</item_as>
</activite_specifique>
<savoir_theorique_et_proceduraux nbItemSTP_AS="0">
</savoir_theorique_et_proceduraux>
<savoir_action nbItemSA_AS="0">
</savoir_action>
</bloc>
<bloc>
<position_bloc>6</position_bloc>
<activite_specifique nbItemActivite_AS="1">
<item_as>
<code_ogr>114598</code_ogr>
<libelle>S&#0233;lectionner des fili&#0232;res de traitement de d&#0233;chets (industriels, sp&#0233;ciaux, ...)</libelle>
<code_type_activite>3</code_type_activite>
<code_type_item_activite>2</code_type_item_activite>
<position_item>1</position_item>
<priorisation>1</priorisation>
<riasec_majeur>R</riasec_majeur>
</item_as>
</activite_specifique>
<savoir_theorique_et_proceduraux nbItemSTP_AS="0">
</savoir_theorique_et_proceduraux>
<savoir_action nbItemSA_AS="0">
</savoir_action>
</bloc>
<bloc>
<position_bloc>7</position_bloc>
<activite_specifique nbItemActivite_AS="1">
<item_as>
<code_ogr>123325</code_ogr>
<libelle>V&#0233;rifier l&#0039;&#0233;tat de conformit&#0233; r&#0233;glementaire d&#0039;un &#0233;quipement</libelle>
<code_type_activite>3</code_type_activite>
<code_type_item_activite>2</code_type_item_activite>
<position_item>1</position_item>
<priorisation>1</priorisation>
<riasec_majeur>C</riasec_majeur>
<riasec_mineur>r</riasec_mineur>
</item_as>
</activite_specifique>
<savoir_theorique_et_proceduraux nbItemSTP_AS="0">
</savoir_theorique_et_proceduraux>
<savoir_action nbItemSA_AS="0">
</savoir_action>
</bloc>
<bloc>
<position_bloc>8</position_bloc>
<activite_specifique nbItemActivite_AS="1">
<item_as>
<code_ogr>121526</code_ogr>
<libelle>Concevoir des sc&#0233;narios d&#0039;accident</libelle>
<code_type_activite>3</code_type_activite>
<code_type_item_activite>2</code_type_item_activite>
<position_item>1</position_item>
<priorisation>1</priorisation>
<riasec_majeur>I</riasec_majeur>
</item_as>
</activite_specifique>
<savoir_theorique_et_proceduraux nbItemSTP_AS="1">
<item_as_stp>
<code_ogr>101397</code_ogr>
<libelle>Logiciels de mod&#0233;lisation et simulation</libelle>
<code_type_competence>1</code_type_competence>
<position_item>1</position_item>
<priorisation>1</priorisation>
</item_as_stp>
</savoir_theorique_et_proceduraux>
<savoir_action nbItemSA_AS="0">
</savoir_action>
</bloc>
<bloc>
<position_bloc>9</position_bloc>
<activite_specifique nbItemActivite_AS="1">
<item_as>
<code_ogr>113325</code_ogr>
<libelle>Piloter un projet</libelle>
<code_type_activite>3</code_type_activite>
<code_type_item_activite>2</code_type_item_activite>
<position_item>1</position_item>
<priorisation>1</priorisation>
<riasec_majeur>E</riasec_majeur>
</item_as>
</activite_specifique>
<savoir_theorique_et_proceduraux nbItemSTP_AS="1">
<item_as_stp>
<code_ogr>120246</code_ogr>
<libelle>Gestion de projet</libelle>
<code_type_competence>1</code_type_competence>
<position_item>1</position_item>
<priorisation>1</priorisation>
</item_as_stp>
</savoir_theorique_et_proceduraux>
<savoir_action nbItemSA_AS="0">
</savoir_action>
</bloc>
<bloc>
<position_bloc>10</position_bloc>
<activite_specifique nbItemActivite_AS="2">
<item_as>
<code_ogr>102359</code_ogr>
<libelle>Coordonner l&#0039;activit&#0233; d&#0039;une &#0233;quipe</libelle>
<code_type_activite>3</code_type_activite>
<code_type_item_activite>2</code_type_item_activite>
<position_item>1</position_item>
<priorisation>1</priorisation>
<riasec_majeur>E</riasec_majeur>
<riasec_mineur>s</riasec_mineur>
</item_as>
<item_as>
<code_ogr>109802</code_ogr>
<libelle>Diriger un service, une structure</libelle>
<code_type_activite>3</code_type_activite>
<code_type_item_activite>2</code_type_item_activite>
<position_item>2</position_item>
<priorisation>1</priorisation>
<riasec_majeur>E</riasec_majeur>
</item_as>
</activite_specifique>
<savoir_theorique_et_proceduraux nbItemSTP_AS="2">
<item_as_stp>
<code_ogr>102216</code_ogr>
<libelle>Gestion budg&#0233;taire</libelle>
<code_type_competence>1</code_type_competence>
<position_item>1</position_item>
<priorisation>1</priorisation>
</item_as_stp>
<item_as_stp>
<code_ogr>119842</code_ogr>
<libelle>Management</libelle>
<code_type_competence>1</code_type_competence>
<position_item>2</position_item>
<priorisation>1</priorisation>
</item_as_stp>
</savoir_theorique_et_proceduraux>
<savoir_action nbItemSA_AS="0">
</savoir_action>
</bloc>
</bloc_activites_specifiques>
<bloc_mobilites>
<mobilites_proches nbItemMob="3">
<item_mob_pr><code_type_mobilite>1</code_type_mobilite>
<liste_appellation_source>
<code_appellation_source>0</code_appellation_source>
<libelle_appellation_source>Toutes les appellations</libelle_appellation_source>
</liste_appellation_source>
<code_rome_cible>H1501</code_rome_cible>
<libelle_rome_cible>Direction de laboratoire d&#0039;analyse industrielle</libelle_rome_cible>
<liste_appellation_cible>
<code_appellation_cible>0</code_appellation_cible>
<libelle_appellation_cible>Toutes les appellations</libelle_appellation_cible>
</liste_appellation_cible>
</item_mob_pr>
<item_mob_pr><code_type_mobilite>1</code_type_mobilite>
<liste_appellation_source>
<code_appellation_source>0</code_appellation_source>
<libelle_appellation_source>Toutes les appellations</libelle_appellation_source>
</liste_appellation_source>
<code_rome_cible>H1502</code_rome_cible>
<libelle_rome_cible>Management et ing&#0233;nierie qualit&#0233; industrielle</libelle_rome_cible>
<liste_appellation_cible>
<code_appellation_cible>0</code_appellation_cible>
<libelle_appellation_cible>Toutes les appellations</libelle_appellation_cible>
</liste_appellation_cible>
</item_mob_pr>
<item_mob_pr><code_type_mobilite>1</code_type_mobilite>
<liste_appellation_source>
<code_appellation_source>0</code_appellation_source>
<libelle_appellation_source>Toutes les appellations</libelle_appellation_source>
</liste_appellation_source>
<code_rome_cible>K2306</code_rome_cible>
<libelle_rome_cible>Supervision d&#0039;exploitation &#0233;co-industrielle</libelle_rome_cible>
<liste_appellation_cible>
<code_appellation_cible>0</code_appellation_cible>
<libelle_appellation_cible>Toutes les appellations</libelle_appellation_cible>
</liste_appellation_cible>
</item_mob_pr>
</mobilites_proches>
<mobilites_si_evolution nbItemMob="4">
<item_mob_ev><code_type_mobilite>2</code_type_mobilite>
<liste_appellation_source>
<code_appellation_source>0</code_appellation_source>
<libelle_appellation_source>Toutes les appellations</libelle_appellation_source>
</liste_appellation_source>
<code_rome_cible>C1106</code_rome_cible>
<libelle_rome_cible>Expertise risques en assurances</libelle_rome_cible>
<liste_appellation_cible>
<code_appellation_cible>0</code_appellation_cible>
<libelle_appellation_cible>Toutes les appellations</libelle_appellation_cible>
</liste_appellation_cible>
</item_mob_ev>
<item_mob_ev><code_type_mobilite>2</code_type_mobilite>
<liste_appellation_source>
<code_appellation_source>0</code_appellation_source>
<libelle_appellation_source>Toutes les appellations</libelle_appellation_source>
</liste_appellation_source>
<code_rome_cible>H2502</code_rome_cible>
<libelle_rome_cible>Management et ing&#0233;nierie de production</libelle_rome_cible>
<liste_appellation_cible>
<code_appellation_cible>0</code_appellation_cible>
<libelle_appellation_cible>Toutes les appellations</libelle_appellation_cible>
</liste_appellation_cible>
</item_mob_ev>
<item_mob_ev><code_type_mobilite>2</code_type_mobilite>
<liste_appellation_source>
<code_appellation_source>0</code_appellation_source>
<libelle_appellation_source>Toutes les appellations</libelle_appellation_source>
</liste_appellation_source>
<code_rome_cible>I1102</code_rome_cible>
<libelle_rome_cible>Management et ing&#0233;nierie de maintenance industrielle</libelle_rome_cible>
<liste_appellation_cible>
<code_appellation_cible>0</code_appellation_cible>
<libelle_appellation_cible>Toutes les appellations</libelle_appellation_cible>
</liste_appellation_cible>
</item_mob_ev>
<item_mob_ev><code_type_mobilite>2</code_type_mobilite>
<liste_appellation_source>
<code_appellation_source>0</code_appellation_source>
<libelle_appellation_source>Toutes les appellations</libelle_appellation_source>
</liste_appellation_source>
<code_rome_cible>M1402</code_rome_cible>
<libelle_rome_cible>Conseil en organisation et management d&#0039;entreprise</libelle_rome_cible>
<liste_appellation_cible>
<code_appellation_cible>0</code_appellation_cible>
<libelle_appellation_cible>Toutes les appellations</libelle_appellation_cible>
</liste_appellation_cible>
</item_mob_ev>
</mobilites_si_evolution>
</bloc_mobilites>
</fiche_emploi_metier>