<?xml version="1.0" encoding="UTF-8" ?>
<fiche_emploi_metier>
<type_fiche>2</type_fiche>
<libelle_type_fiche>priorise</libelle_type_fiche>
<version_SI>
<version_rome>333</version_rome>
<date_version_si>01/10/2017</date_version_si>
<mois_version_si>Octobre</mois_version_si>
<annee_version_si>2017</annee_version_si>
</version_SI>
<bloc_code_rome>
<code_rome>H1505</code_rome>
<intitule>Intervention technique en formulation et analyse sensorielle</intitule>
<code_ogr>233</code_ogr>
<riasec_majeur>I</riasec_majeur>
<riasec_mineur>e</riasec_mineur>
</bloc_code_rome>
<bloc_appellation nbItemAppellation="11">
<item_app>
<code_ogr>10958</code_ogr>
<libelle>Analyste sensoriel / sensorielle</libelle>
<libelle_court>Analyste sensoriel / sensorielle</libelle_court>
<priorisation>1</priorisation>
</item_app>
<item_app>
<code_ogr>11144</code_ogr>
<libelle>Aromaticien / Aromaticienne</libelle>
<libelle_court>Aromaticien / Aromaticienne</libelle_court>
<priorisation>1</priorisation>
</item_app>
<item_app>
<code_ogr>13835</code_ogr>
<libelle>Cr&#0233;ateur / Cr&#0233;atrice de parfum</libelle>
<libelle_court>Cr&#0233;ateur / Cr&#0233;atrice de parfum</libelle_court>
<priorisation>1</priorisation>
</item_app>
<item_app>
<code_ogr>13921</code_ogr>
<libelle>D&#0233;gustateur / D&#0233;gustatrice</libelle>
<libelle_court>D&#0233;gustateur / D&#0233;gustatrice</libelle_court>
<priorisation>1</priorisation>
</item_app>
<item_app>
<code_ogr>13922</code_ogr>
<libelle>D&#0233;gustateur / D&#0233;gustatrice en industrie alimentaire</libelle>
<libelle_court>D&#0233;gustateur / D&#0233;gustatrice en industrie alimentaire</libelle_court>
<priorisation>1</priorisation>
</item_app>
<item_app>
<code_ogr>14927</code_ogr>
<libelle>Evaluateur testeur sensoriel / Evaluatrice testeuse sensorielle</libelle>
<libelle_court>Evaluateur(trice) testeur(se) sensoriel(le)</libelle_court>
<priorisation>1</priorisation>
</item_app>
<item_app>
<code_ogr>14941</code_ogr>
<libelle>Expert / Experte en olfactom&#0233;trie</libelle>
<libelle_court>Expert / Experte en olfactom&#0233;trie</libelle_court>
<priorisation>1</priorisation>
</item_app>
<item_app>
<code_ogr>15151</code_ogr>
<libelle>Formulateur / Formulatrice en ar&#0244;mes</libelle>
<libelle_court>Formulateur / Formulatrice en ar&#0244;mes</libelle_court>
<priorisation>1</priorisation>
</item_app>
<item_app>
<code_ogr>15153</code_ogr>
<libelle>Formulateur / Formulatrice en parfumerie</libelle>
<libelle_court>Formulateur / Formulatrice en parfumerie</libelle_court>
<priorisation>1</priorisation>
</item_app>
<item_app>
<code_ogr>16989</code_ogr>
<libelle>Nez</libelle>
<libelle_court>Nez</libelle_court>
<priorisation>1</priorisation>
</item_app>
<item_app>
<code_ogr>17562</code_ogr>
<libelle>Parfumeur / Parfumeuse</libelle>
<libelle_court>Parfumeur / Parfumeuse</libelle_court>
<priorisation>1</priorisation>
</item_app>
</bloc_appellation>
<definition nbItemDefinition="3">
Compose des ar&#0244;mes, des fragrances destin&#0233;s &#0224; des produits alimentaires, cosm&#0233;tiques (gels douche, lait pour le corps, ...) ou de parfumerie et en effectue l&#0039;analyse chimique et sensorielle (gustative et olfactive). Intervient selon les normes de fabrication (toxicit&#0233;, tol&#0233;rance, ...) et les attentes des consommateurs.
Peut former aux techniques de d&#0233;gustation et d&#0039;olfaction.
Peut organiser des tests d&#0039;&#0233;valuation sensorielle de produits de consommation.
</definition>
<acces_emploi_metier nbItemAccesEmploiMetier="2">
Cet emploi/m&#0233;tier est accessible &#0224; partir d&#0039;un dipl&#0244;me de niveau Bac+2 (DUT, L2, BTS, ...) en chimie, physico-chimie, industrie alimentaire, compl&#0233;t&#0233; par des formations sp&#0233;cifiques dans les secteurs de l&#0039;aromatique alimentaire, de la parfumerie, de la cosm&#0233;tique.
La pratique de l&#0039;anglais (vocabulaire scientifique) est requise.
</acces_emploi_metier>
<condition_exercice_activite nbItemConditionExercice="4">
L&#0039;activit&#0233; de cet emploi/m&#0233;tier s&#0039;exerce au sein d&#0039;entreprises ou d&#0039;industries du secteur alimentaire, de la parfumerie, de la chimie, ... en relation avec diff&#0233;rents services (marketing, production, fournisseurs, ...) parfois en contact avec les consommateurs et les testeurs (tests de produits).
Elle varie selon le secteur (parfumerie, ar&#0244;mes alimentaires, ...) et le domaine d&#0039;intervention (recherche, production, tests, ...).
L&#0039;activit&#0233; s&#0039;effectue g&#0233;n&#0233;ralement en milieu st&#0233;rile.
Le port d&#0039;&#0233;quipements de protection st&#0233;riles (blouse, gants, charlotte, ...) peut &#0234;tre requis.
</condition_exercice_activite>
<bloc_environnement_de_travail nbItemEnvTrav="7">
<item_env>
<code_ogr>23870</code_ogr>
<libelle>Entreprise artisanale</libelle>
<code_type_section_env>1</code_type_section_env>
<priorisation>1</priorisation>
</item_env>
<item_env>
<code_ogr>23909</code_ogr>
<libelle>Entreprise industrielle</libelle>
<code_type_section_env>1</code_type_section_env>
<priorisation>1</priorisation>
</item_env>
<item_env>
<code_ogr>23925</code_ogr>
<libelle>Etablissement/organisme de recherche</libelle>
<code_type_section_env>1</code_type_section_env>
<priorisation>1</priorisation>
</item_env>
<item_env>
<code_ogr>23395</code_ogr>
<libelle>Alimentaire</libelle>
<code_type_section_env>2</code_type_section_env>
<priorisation>1</priorisation>
</item_env>
<item_env>
<code_ogr>23530</code_ogr>
<libelle>Industrie cosm&#0233;tique</libelle>
<code_type_section_env>2</code_type_section_env>
<priorisation>1</priorisation>
</item_env>
<item_env>
<code_ogr>23573</code_ogr>
<libelle>Parachimie</libelle>
<code_type_section_env>2</code_type_section_env>
<priorisation>1</priorisation>
</item_env>
<item_env>
<code_ogr>23575</code_ogr>
<libelle>Parfumerie</libelle>
<code_type_section_env>2</code_type_section_env>
<priorisation>1</priorisation>
</item_env>
</bloc_environnement_de_travail>
<bloc_activites_de_base nbBlocActiviteBase="1">
<activites_de_base nbItemActivite_AB="7">
<item_ab>
<code_ogr>121443</code_ogr>
<libelle>Identifier les attentes des consommateurs</libelle>
<code_type_activite>3</code_type_activite>
<code_type_item_activite>2</code_type_item_activite>
<position_item>1</position_item>
<priorisation>1</priorisation>
<riasec_majeur>E</riasec_majeur>
<riasec_mineur>i</riasec_mineur>
</item_ab>
<item_ab>
<code_ogr>104765</code_ogr>
<libelle>S&#0233;lectionner les mati&#0232;res premi&#0232;res (ar&#0244;mes naturels, essences, produits de synth&#0232;se, ...) aupr&#0232;s de fournisseurs</libelle>
<code_type_activite>3</code_type_activite>
<code_type_item_activite>2</code_type_item_activite>
<position_item>2</position_item>
<priorisation>1</priorisation>
<riasec_majeur>E</riasec_majeur>
<riasec_mineur>a</riasec_mineur>
</item_ab>
<item_ab>
<code_ogr>124992</code_ogr>
<libelle>Composer des odeurs et des saveurs</libelle>
<code_type_activite>3</code_type_activite>
<code_type_item_activite>2</code_type_item_activite>
<position_item>3</position_item>
<priorisation>1</priorisation>
<riasec_majeur>I</riasec_majeur>
<riasec_mineur>a</riasec_mineur>
</item_ab>
<item_ab>
<code_ogr>124993</code_ogr>
<libelle>Assembler des mati&#0232;res premi&#0232;res et des notes simples</libelle>
<code_type_activite>3</code_type_activite>
<code_type_item_activite>2</code_type_item_activite>
<position_item>4</position_item>
<priorisation>1</priorisation>
<riasec_majeur>I</riasec_majeur>
<riasec_mineur>a</riasec_mineur>
</item_ab>
<item_ab>
<code_ogr>104767</code_ogr>
<libelle>V&#0233;rifier les caract&#0233;ristiques organoleptiques (successions de sensations, pyramide olfactive, &#0233;quilibre, stabilit&#0233;, ...) du produit final</libelle>
<code_type_activite>3</code_type_activite>
<code_type_item_activite>2</code_type_item_activite>
<position_item>5</position_item>
<priorisation>1</priorisation>
<riasec_majeur>C</riasec_majeur>
<riasec_mineur>r</riasec_mineur>
</item_ab>
<item_ab>
<code_ogr>117309</code_ogr>
<libelle>Etablir un cahier des charges</libelle>
<code_type_activite>3</code_type_activite>
<code_type_item_activite>2</code_type_item_activite>
<position_item>6</position_item>
<priorisation>1</priorisation>
<riasec_majeur>C</riasec_majeur>
<riasec_mineur>e</riasec_mineur>
</item_ab>
<item_ab>
<code_ogr>125194</code_ogr>
<libelle>D&#0233;finir la composition finale d&#0039;un poduit</libelle>
<code_type_activite>3</code_type_activite>
<code_type_item_activite>2</code_type_item_activite>
<position_item>7</position_item>
<priorisation>1</priorisation>
<riasec_majeur>I</riasec_majeur>
<riasec_mineur>r</riasec_mineur>
</item_ab>
</activites_de_base>
<savoir_theorique_et_proceduraux nbItemSTP_AB="20">
<item_ab_stp>
<code_ogr>118337</code_ogr>
<libelle>Osmologie</libelle>
<code_type_competence>1</code_type_competence>
<position_item>1</position_item>
<priorisation>1</priorisation>
</item_ab_stp>
<item_ab_stp>
<code_ogr>104188</code_ogr>
<libelle>Appr&#0233;ciation gustative</libelle>
<code_type_competence>1</code_type_competence>
<position_item>2</position_item>
<priorisation>1</priorisation>
</item_ab_stp>
<item_ab_stp>
<code_ogr>104775</code_ogr>
<libelle>Champ des odeurs (musqu&#0233;, bois&#0233;, ...)</libelle>
<code_type_competence>1</code_type_competence>
<position_item>3</position_item>
<priorisation>1</priorisation>
</item_ab_stp>
<item_ab_stp>
<code_ogr>104776</code_ogr>
<libelle>Caract&#0233;ristiques des mati&#0232;res premi&#0232;res aromatiques</libelle>
<code_type_competence>1</code_type_competence>
<position_item>4</position_item>
<priorisation>1</priorisation>
</item_ab_stp>
<item_ab_stp>
<code_ogr>104777</code_ogr>
<libelle>Chimie mol&#0233;culaire</libelle>
<code_type_competence>1</code_type_competence>
<position_item>5</position_item>
<priorisation>1</priorisation>
</item_ab_stp>
<item_ab_stp>
<code_ogr>104778</code_ogr>
<libelle>Physicochimie</libelle>
<code_type_competence>1</code_type_competence>
<position_item>6</position_item>
<priorisation>1</priorisation>
</item_ab_stp>
<item_ab_stp>
<code_ogr>104779</code_ogr>
<libelle>Microbiologie</libelle>
<code_type_competence>1</code_type_competence>
<position_item>7</position_item>
<priorisation>1</priorisation>
</item_ab_stp>
<item_ab_stp>
<code_ogr>100161</code_ogr>
<libelle>Toxicologie</libelle>
<code_type_competence>1</code_type_competence>
<position_item>8</position_item>
<priorisation>1</priorisation>
</item_ab_stp>
<item_ab_stp>
<code_ogr>118336</code_ogr>
<libelle>Protocoles d&#0039;analyse sensorielle</libelle>
<code_type_competence>1</code_type_competence>
<position_item>9</position_item>
<priorisation>1</priorisation>
</item_ab_stp>
<item_ab_stp>
<code_ogr>104781</code_ogr>
<libelle>Techniques d&#0039;humage</libelle>
<code_type_competence>1</code_type_competence>
<position_item>10</position_item>
<priorisation>1</priorisation>
</item_ab_stp>
<item_ab_stp>
<code_ogr>104354</code_ogr>
<libelle>Techniques de d&#0233;gustation</libelle>
<code_type_competence>1</code_type_competence>
<position_item>11</position_item>
<priorisation>1</priorisation>
</item_ab_stp>
<item_ab_stp>
<code_ogr>104783</code_ogr>
<libelle>Vocabulaire de d&#0233;gustation alimentaire</libelle>
<code_type_competence>1</code_type_competence>
<position_item>12</position_item>
<priorisation>1</priorisation>
</item_ab_stp>
<item_ab_stp>
<code_ogr>104784</code_ogr>
<libelle>Allergologie</libelle>
<code_type_competence>1</code_type_competence>
<position_item>13</position_item>
<priorisation>1</priorisation>
</item_ab_stp>
<item_ab_stp>
<code_ogr>101312</code_ogr>
<libelle>Logiciels de statistiques</libelle>
<code_type_competence>1</code_type_competence>
<position_item>14</position_item>
<priorisation>1</priorisation>
</item_ab_stp>
<item_ab_stp>
<code_ogr>104484</code_ogr>
<libelle>Appr&#0233;ciation visuelle (sym&#0233;trie, couleur, ...)</libelle>
<code_type_competence>1</code_type_competence>
<position_item>15</position_item>
<priorisation>1</priorisation>
</item_ab_stp>
<item_ab_stp>
<code_ogr>104769</code_ogr>
<libelle>Utilisation d&#0039;olfactom&#0232;tre</libelle>
<code_type_competence>1</code_type_competence>
<position_item>16</position_item>
<priorisation>1</priorisation>
</item_ab_stp>
<item_ab_stp>
<code_ogr>118338</code_ogr>
<libelle>Utilisation d&#0039;une &#0171; roue des odeurs &#0187;</libelle>
<code_type_competence>1</code_type_competence>
<position_item>17</position_item>
<priorisation>1</priorisation>
</item_ab_stp>
<item_ab_stp>
<code_ogr>104771</code_ogr>
<libelle>M&#0233;moire olfactive</libelle>
<code_type_competence>1</code_type_competence>
<position_item>18</position_item>
<priorisation>1</priorisation>
</item_ab_stp>
<item_ab_stp>
<code_ogr>104772</code_ogr>
<libelle>Appr&#0233;ciation olfactive</libelle>
<code_type_competence>1</code_type_competence>
<position_item>19</position_item>
<priorisation>1</priorisation>
</item_ab_stp>
<item_ab_stp>
<code_ogr>104774</code_ogr>
<libelle>Cartographie des parfums</libelle>
<code_type_competence>1</code_type_competence>
<position_item>20</position_item>
<priorisation>1</priorisation>
</item_ab_stp>
</savoir_theorique_et_proceduraux>
<savoir_action nbItemSA_AB="0">
</savoir_action>
</bloc_activites_de_base>
<bloc_activites_specifiques nbBlocActiviteSpecifique="5">
<bloc>
<position_bloc>1</position_bloc>
<activite_specifique nbItemActivite_AS="4">
<item_as>
<code_ogr>121365</code_ogr>
<libelle>Analyser un produit, service ou marque</libelle>
<code_type_activite>3</code_type_activite>
<code_type_item_activite>2</code_type_item_activite>
<position_item>1</position_item>
<priorisation>1</priorisation>
<riasec_majeur>E</riasec_majeur>
<riasec_mineur>i</riasec_mineur>
</item_as>
<item_as>
<code_ogr>125748</code_ogr>
<libelle>R&#0233;aliser des tests et essais</libelle>
<code_type_activite>3</code_type_activite>
<code_type_item_activite>2</code_type_item_activite>
<position_item>2</position_item>
<priorisation>1</priorisation>
<riasec_majeur>C</riasec_majeur>
<riasec_mineur>r</riasec_mineur>
</item_as>
<item_as>
<code_ogr>104517</code_ogr>
<libelle>Intervenir en &#0233;tudes, ing&#0233;nierie</libelle>
<code_type_activite>3</code_type_activite>
<code_type_item_activite>2</code_type_item_activite>
<position_item>3</position_item>
<priorisation>1</priorisation>
<riasec_majeur>I</riasec_majeur>
<riasec_mineur>r</riasec_mineur>
</item_as>
<item_as>
<code_ogr>121559</code_ogr>
<libelle>D&#0233;finir les caract&#0233;ristiques d&#0039;un produit</libelle>
<code_type_activite>3</code_type_activite>
<code_type_item_activite>2</code_type_item_activite>
<position_item>4</position_item>
<priorisation>1</priorisation>
<riasec_majeur>R</riasec_majeur>
</item_as>
</activite_specifique>
<savoir_theorique_et_proceduraux nbItemSTP_AS="0">
</savoir_theorique_et_proceduraux>
<savoir_action nbItemSA_AS="0">
</savoir_action>
</bloc>
<bloc>
<position_bloc>2</position_bloc>
<activite_specifique nbItemActivite_AS="1">
<item_as>
<code_ogr>125280</code_ogr>
<libelle>R&#0233;aliser des essences absolues, des huiles essentielles ou des mol&#0233;cules de synth&#0232;se</libelle>
<code_type_activite>3</code_type_activite>
<code_type_item_activite>2</code_type_item_activite>
<position_item>1</position_item>
<priorisation>1</priorisation>
<riasec_majeur>R</riasec_majeur>
</item_as>
</activite_specifique>
<savoir_theorique_et_proceduraux nbItemSTP_AS="3">
<item_as_stp>
<code_ogr>104789</code_ogr>
<libelle>M&#0233;thodes de fabrication d&#0039;essences absolues</libelle>
<code_type_competence>1</code_type_competence>
<position_item>1</position_item>
<priorisation>1</priorisation>
</item_as_stp>
<item_as_stp>
<code_ogr>104790</code_ogr>
<libelle>M&#0233;thodes de fabrication de mol&#0233;cules de synth&#0232;se</libelle>
<code_type_competence>1</code_type_competence>
<position_item>2</position_item>
<priorisation>1</priorisation>
</item_as_stp>
<item_as_stp>
<code_ogr>100367</code_ogr>
<libelle>Utilisation d&#0039;appareils de distillation (alambic)</libelle>
<code_type_competence>1</code_type_competence>
<position_item>3</position_item>
<priorisation>1</priorisation>
</item_as_stp>
</savoir_theorique_et_proceduraux>
<savoir_action nbItemSA_AS="0">
</savoir_action>
</bloc>
<bloc>
<position_bloc>3</position_bloc>
<activite_specifique nbItemActivite_AS="2">
<item_as>
<code_ogr>121234</code_ogr>
<libelle>Organiser le plan de lancement de nouveaux produits</libelle>
<code_type_activite>3</code_type_activite>
<code_type_item_activite>2</code_type_item_activite>
<position_item>1</position_item>
<priorisation>1</priorisation>
<riasec_majeur>I</riasec_majeur>
<riasec_mineur>e</riasec_mineur>
</item_as>
<item_as>
<code_ogr>121208</code_ogr>
<libelle>Elaborer le dossier marketing</libelle>
<code_type_activite>3</code_type_activite>
<code_type_item_activite>2</code_type_item_activite>
<position_item>2</position_item>
<priorisation>1</priorisation>
<riasec_majeur>I</riasec_majeur>
<riasec_mineur>e</riasec_mineur>
</item_as>
</activite_specifique>
<savoir_theorique_et_proceduraux nbItemSTP_AS="1">
<item_as_stp>
<code_ogr>101399</code_ogr>
<libelle>Marketing / Mercatique</libelle>
<code_type_competence>1</code_type_competence>
<position_item>1</position_item>
<priorisation>1</priorisation>
</item_as_stp>
</savoir_theorique_et_proceduraux>
<savoir_action nbItemSA_AS="0">
</savoir_action>
</bloc>
<bloc>
<position_bloc>4</position_bloc>
<activite_specifique nbItemActivite_AS="2">
<item_as>
<code_ogr>124150</code_ogr>
<libelle>R&#0233;aliser des tests sensoriels pour des produits de consommation</libelle>
<code_type_activite>3</code_type_activite>
<code_type_item_activite>2</code_type_item_activite>
<position_item>1</position_item>
<priorisation>1</priorisation>
<riasec_majeur>I</riasec_majeur>
<riasec_mineur>s</riasec_mineur>
</item_as>
<item_as>
<code_ogr>124151</code_ogr>
<libelle>Mettre en oeuvre des tests sensoriels aupr&#0232;s de pan&#0233;listes</libelle>
<code_type_activite>3</code_type_activite>
<code_type_item_activite>2</code_type_item_activite>
<position_item>2</position_item>
<priorisation>1</priorisation>
<riasec_majeur>I</riasec_majeur>
<riasec_mineur>s</riasec_mineur>
</item_as>
</activite_specifique>
<savoir_theorique_et_proceduraux nbItemSTP_AS="4">
<item_as_stp>
<code_ogr>102459</code_ogr>
<libelle>M&#0233;thodes d&#0039;enqu&#0234;te</libelle>
<code_type_competence>1</code_type_competence>
<position_item>1</position_item>
<priorisation>1</priorisation>
</item_as_stp>
<item_as_stp>
<code_ogr>104791</code_ogr>
<libelle>Construction de grilles d&#0039;&#0233;valuation</libelle>
<code_type_competence>1</code_type_competence>
<position_item>2</position_item>
<priorisation>1</priorisation>
</item_as_stp>
<item_as_stp>
<code_ogr>115836</code_ogr>
<libelle>Logiciel de conception et analyse d&#0039;enqu&#0234;te</libelle>
<code_type_competence>1</code_type_competence>
<position_item>3</position_item>
<priorisation>1</priorisation>
</item_as_stp>
<item_as_stp>
<code_ogr>116420</code_ogr>
<libelle>Logiciel de cr&#0233;ation et d&#0039;analyse de questionnaire</libelle>
<code_type_competence>1</code_type_competence>
<position_item>4</position_item>
<priorisation>1</priorisation>
</item_as_stp>
</savoir_theorique_et_proceduraux>
<savoir_action nbItemSA_AS="0">
</savoir_action>
</bloc>
<bloc>
<position_bloc>5</position_bloc>
<activite_specifique nbItemActivite_AS="1">
<item_as>
<code_ogr>125370</code_ogr>
<libelle>Enseigner des techniques de d&#0233;gustation et d&#0039;olfaction</libelle>
<code_type_activite>3</code_type_activite>
<code_type_item_activite>2</code_type_item_activite>
<position_item>1</position_item>
<priorisation>1</priorisation>
<riasec_majeur>S</riasec_majeur>
<riasec_mineur>a</riasec_mineur>
</item_as>
</activite_specifique>
<savoir_theorique_et_proceduraux nbItemSTP_AS="1">
<item_as_stp>
<code_ogr>100090</code_ogr>
<libelle>Techniques p&#0233;dagogiques</libelle>
<code_type_competence>1</code_type_competence>
<position_item>1</position_item>
<priorisation>1</priorisation>
</item_as_stp>
</savoir_theorique_et_proceduraux>
<savoir_action nbItemSA_AS="0">
</savoir_action>
</bloc>
</bloc_activites_specifiques>
<bloc_mobilites>
<mobilites_proches nbItemMob="1">
<item_mob_pr><code_type_mobilite>1</code_type_mobilite>
<liste_appellation_source>
<code_appellation_source>0</code_appellation_source>
<libelle_appellation_source>Toutes les appellations</libelle_appellation_source>
</liste_appellation_source>
<code_rome_cible>H1210</code_rome_cible>
<libelle_rome_cible>Intervention technique en &#0233;tudes, recherche et d&#0233;veloppement</libelle_rome_cible>
<liste_appellation_cible>
<code_appellation_cible>0</code_appellation_cible>
<libelle_appellation_cible>Toutes les appellations</libelle_appellation_cible>
</liste_appellation_cible>
</item_mob_pr>
</mobilites_proches>
<mobilites_si_evolution nbItemMob="5">
<item_mob_ev><code_type_mobilite>2</code_type_mobilite>
<liste_appellation_source>
<code_appellation_source>0</code_appellation_source>
<libelle_appellation_source>Toutes les appellations</libelle_appellation_source>
</liste_appellation_source>
<code_rome_cible>H1206</code_rome_cible>
<libelle_rome_cible>Management et ing&#0233;nierie &#0233;tudes, recherche et d&#0233;veloppement industriel</libelle_rome_cible>
<liste_appellation_cible>
<code_appellation_cible>0</code_appellation_cible>
<libelle_appellation_cible>Toutes les appellations</libelle_appellation_cible>
</liste_appellation_cible>
</item_mob_ev>
<item_mob_ev><code_type_mobilite>2</code_type_mobilite>
<liste_appellation_source>
<code_appellation_source>0</code_appellation_source>
<libelle_appellation_source>Toutes les appellations</libelle_appellation_source>
</liste_appellation_source>
<code_rome_cible>H1501</code_rome_cible>
<libelle_rome_cible>Direction de laboratoire d&#0039;analyse industrielle</libelle_rome_cible>
<liste_appellation_cible>
<code_appellation_cible>0</code_appellation_cible>
<libelle_appellation_cible>Toutes les appellations</libelle_appellation_cible>
</liste_appellation_cible>
</item_mob_ev>
<item_mob_ev><code_type_mobilite>2</code_type_mobilite>
<liste_appellation_source>
<code_appellation_source>0</code_appellation_source>
<libelle_appellation_source>Toutes les appellations</libelle_appellation_source>
</liste_appellation_source>
<code_rome_cible>H1502</code_rome_cible>
<libelle_rome_cible>Management et ing&#0233;nierie qualit&#0233; industrielle</libelle_rome_cible>
<liste_appellation_cible>
<code_appellation_cible>0</code_appellation_cible>
<libelle_appellation_cible>Toutes les appellations</libelle_appellation_cible>
</liste_appellation_cible>
</item_mob_ev>
<item_mob_ev><code_type_mobilite>2</code_type_mobilite>
<liste_appellation_source>
<code_appellation_source>0</code_appellation_source>
<libelle_appellation_source>Toutes les appellations</libelle_appellation_source>
</liste_appellation_source>
<code_rome_cible>M1702</code_rome_cible>
<libelle_rome_cible>Analyse de tendance</libelle_rome_cible>
<liste_appellation_cible>
<code_appellation_cible>0</code_appellation_cible>
<libelle_appellation_cible>Toutes les appellations</libelle_appellation_cible>
</liste_appellation_cible>
</item_mob_ev>
<item_mob_ev><code_type_mobilite>2</code_type_mobilite>
<liste_appellation_source>
<code_appellation_source>0</code_appellation_source>
<libelle_appellation_source>Toutes les appellations</libelle_appellation_source>
</liste_appellation_source>
<code_rome_cible>M1703</code_rome_cible>
<libelle_rome_cible>Management et gestion de produit</libelle_rome_cible>
<liste_appellation_cible>
<code_appellation_cible>0</code_appellation_cible>
<libelle_appellation_cible>Toutes les appellations</libelle_appellation_cible>
</liste_appellation_cible>
</item_mob_ev>
</mobilites_si_evolution>
</bloc_mobilites>
</fiche_emploi_metier>