<?xml version="1.0" encoding="UTF-8" ?>
<fiche_emploi_metier>
<type_fiche>2</type_fiche>
<libelle_type_fiche>priorise</libelle_type_fiche>
<version_SI>
<version_rome>333</version_rome>
<date_version_si>01/10/2017</date_version_si>
<mois_version_si>Octobre</mois_version_si>
<annee_version_si>2017</annee_version_si>
</version_SI>
<bloc_code_rome>
<code_rome>H2102</code_rome>
<intitule>Conduite d&#0039;&#0233;quipement de production alimentaire</intitule>
<code_ogr>236</code_ogr>
<riasec_majeur>R</riasec_majeur>
<riasec_mineur>c</riasec_mineur>
</bloc_code_rome>
<bloc_appellation nbItemAppellation="49">
<item_app>
<code_ogr>10448</code_ogr>
<libelle>Agent / Agente de fabrication de production alimentaire</libelle>
<libelle_court>Agent / Agente de fabrication de production alimentaire</libelle_court>
<priorisation>1</priorisation>
</item_app>
<item_app>
<code_ogr>10567</code_ogr>
<libelle>Agent / Agente de production/fabrication en industrie alimentaire</libelle>
<libelle_court>Agent(e) de production/fabrication en industrie alimentaire</libelle_court>
<priorisation>1</priorisation>
</item_app>
<item_app>
<code_ogr>38870</code_ogr>
<libelle>Autoclaviste en industrie alimentaire</libelle>
<libelle_court>Autoclaviste en industrie alimentaire</libelle_court>
<priorisation>1</priorisation>
</item_app>
<item_app>
<code_ogr>11591</code_ogr>
<libelle>Brasseur / Brasseuse en salle de commande</libelle>
<libelle_court>Brasseur / Brasseuse en salle de commande</libelle_court>
<priorisation>1</priorisation>
</item_app>
<item_app>
<code_ogr>12186</code_ogr>
<libelle>Chef de ligne de production en industrie alimentaire</libelle>
<libelle_court>Chef de ligne de production en industrie alimentaire</libelle_court>
<priorisation>1</priorisation>
</item_app>
<item_app>
<code_ogr>12866</code_ogr>
<libelle>Conducteur / Conductrice d&#0039;appareils en industrie alimentaire</libelle>
<libelle_court>Conducteur/Conductrice d&#0039;appareils en industrie alimentaire</libelle_court>
<priorisation>1</priorisation>
</item_app>
<item_app>
<code_ogr>12949</code_ogr>
<libelle>Conducteur / Conductrice de four en industrie alimentaire</libelle>
<libelle_court>Conducteur / Conductrice de four en industrie alimentaire</libelle_court>
<priorisation>1</priorisation>
</item_app>
<item_app>
<code_ogr>12978</code_ogr>
<libelle>Conducteur / Conductrice de ligne automatis&#0233;e en industrie alimentaire</libelle>
<libelle_court>Conducteur(trice) de ligne automatis&#0233;e ind alimentaire</libelle_court>
<priorisation>1</priorisation>
</item_app>
<item_app>
<code_ogr>12985</code_ogr>
<libelle>Conducteur / Conductrice de ligne de production/fabrication en industrie alimentaire</libelle>
<libelle_court>Conducteur(trice) ligne production/fabrication indus aliment</libelle_court>
<priorisation>1</priorisation>
</item_app>
<item_app>
<code_ogr>12995</code_ogr>
<libelle>Conducteur / Conductrice de ligne en boulangerie industrielle</libelle>
<libelle_court>Conducteur/Conductrice de ligne en boulangerie industrielle</libelle_court>
<priorisation>1</priorisation>
</item_app>
<item_app>
<code_ogr>12996</code_ogr>
<libelle>Conducteur / Conductrice de ligne en industrie laiti&#0232;re</libelle>
<libelle_court>Conducteur / Conductrice de ligne en industrie laiti&#0232;re</libelle_court>
<priorisation>1</priorisation>
</item_app>
<item_app>
<code_ogr>12997</code_ogr>
<libelle>Conducteur / Conductrice de ligne en p&#0226;tisserie industrielle</libelle>
<libelle_court>Conducteur / Conductrice de ligne en p&#0226;tisserie industrielle</libelle_court>
<priorisation>1</priorisation>
</item_app>
<item_app>
<code_ogr>13028</code_ogr>
<libelle>Conducteur / Conductrice de machines de fabrication en industrie de transformation de la viande</libelle>
<libelle_court>Conducteur(trice) machines industrie transformation viande</libelle_court>
<priorisation>1</priorisation>
</item_app>
<item_app>
<code_ogr>13049</code_ogr>
<libelle>Conducteur / Conductrice de machines en industrie alimentaire</libelle>
<libelle_court>Conducteur/Conductrice de machines en industrie alimentaire</libelle_court>
<priorisation>1</priorisation>
</item_app>
<item_app>
<code_ogr>13050</code_ogr>
<libelle>Conducteur / Conductrice de machines en industrie fromag&#0232;re</libelle>
<libelle_court>Conducteur / Conductrice de machines en industrie fromag&#0232;re</libelle_court>
<priorisation>1</priorisation>
</item_app>
<item_app>
<code_ogr>13051</code_ogr>
<libelle>Conducteur / Conductrice de machines en industrie laiti&#0232;re</libelle>
<libelle_court>Conducteur / Conductrice de machines en industrie laiti&#0232;re</libelle_court>
<priorisation>1</priorisation>
</item_app>
<item_app>
<code_ogr>13114</code_ogr>
<libelle>Conducteur / Conductrice de moulins</libelle>
<libelle_court>Conducteur / Conductrice de moulins</libelle_court>
<priorisation>1</priorisation>
</item_app>
<item_app>
<code_ogr>13126</code_ogr>
<libelle>Conducteur / Conductrice de p&#0233;trin en industrie alimentaire</libelle>
<libelle_court>Conducteur / Conductrice de p&#0233;trin en industrie alimentaire</libelle_court>
<priorisation>1</priorisation>
</item_app>
<item_app>
<code_ogr>13144</code_ogr>
<libelle>Conducteur / Conductrice de presses en industrie alimentaire</libelle>
<libelle_court>Conducteur / Conductrice de presses en industrie alimentaire</libelle_court>
<priorisation>1</priorisation>
</item_app>
<item_app>
<code_ogr>13261</code_ogr>
<libelle>Conducteur / Conductrice d&#0039;enrobeuses en industrie alimentaire</libelle>
<libelle_court>Conducteur/Conductrice d&#0039;enrobeuses en industrie alimentaire</libelle_court>
<priorisation>1</priorisation>
</item_app>
<item_app>
<code_ogr>13277</code_ogr>
<libelle>Conducteur / Conductrice d&#0039;installation automatis&#0233;e en industrie alimentaire</libelle>
<libelle_court>Conducteur(trice) installation automatis&#0233;e ind alimentaire</libelle_court>
<priorisation>1</priorisation>
</item_app>
<item_app>
<code_ogr>13308</code_ogr>
<libelle>Conducteur mouleur / Conductrice mouleuse en chocolaterie</libelle>
<libelle_court>Conducteur mouleur / Conductrice mouleuse en chocolaterie</libelle_court>
<priorisation>1</priorisation>
</item_app>
<item_app>
<code_ogr>13843</code_ogr>
<libelle>Cr&#0233;mier industriel / Cr&#0233;mi&#0232;re industrielle</libelle>
<libelle_court>Cr&#0233;mier industriel / Cr&#0233;mi&#0232;re industrielle</libelle_court>
<priorisation>1</priorisation>
</item_app>
<item_app>
<code_ogr>13859</code_ogr>
<libelle>Cuiseur / Cuiseuse en confiserie en industrie alimentaire</libelle>
<libelle_court>Cuiseur / Cuiseuse en confiserie en industrie alimentaire</libelle_court>
<priorisation>1</priorisation>
</item_app>
<item_app>
<code_ogr>13860</code_ogr>
<libelle>Cuiseur / Cuiseuse en industrie alimentaire</libelle>
<libelle_court>Cuiseur / Cuiseuse en industrie alimentaire</libelle_court>
<priorisation>1</priorisation>
</item_app>
<item_app>
<code_ogr>14529</code_ogr>
<libelle>Drag&#0233;iste en confiserie</libelle>
<libelle_court>Drag&#0233;iste en confiserie</libelle_court>
<priorisation>1</priorisation>
</item_app>
<item_app>
<code_ogr>17076</code_ogr>
<libelle>Op&#0233;rateur / Op&#0233;ratrice de conduite et de surveillance d&#0039;installation automatis&#0233;e de fabrication alimentaire</libelle>
<libelle_court>Op&#0233;rateur(trice) conduite install auto fab alimentaire</libelle_court>
<priorisation>1</priorisation>
</item_app>
<item_app>
<code_ogr>17089</code_ogr>
<libelle>Op&#0233;rateur / Op&#0233;ratrice de fabrication en alimentation animale</libelle>
<libelle_court>Op&#0233;rateur/Op&#0233;ratrice de fabrication en alimentation animale</libelle_court>
<priorisation>1</priorisation>
</item_app>
<item_app>
<code_ogr>17094</code_ogr>
<libelle>Op&#0233;rateur / Op&#0233;ratrice de fabrication en transformation de la viande</libelle>
<libelle_court>Op&#0233;rateur(trice) fabrication en transformation de viande</libelle_court>
<priorisation>1</priorisation>
</item_app>
<item_app>
<code_ogr>17120</code_ogr>
<libelle>Op&#0233;rateur / Op&#0233;ratrice de m&#0233;lange sur pupitre en industrie alimentaire</libelle>
<libelle_court>Op&#0233;rateur(trice) m&#0233;lange sur pupitre industrie alimentaire</libelle_court>
<priorisation>1</priorisation>
</item_app>
<item_app>
<code_ogr>17155</code_ogr>
<libelle>Op&#0233;rateur / Op&#0233;ratrice de production/fabrication en industrie alimentaire</libelle>
<libelle_court>Op&#0233;rateur(trice) production/fabrication en ind alimentaire</libelle_court>
<priorisation>1</priorisation>
</item_app>
<item_app>
<code_ogr>17200</code_ogr>
<libelle>Op&#0233;rateur / Op&#0233;ratrice en distillerie industrielle</libelle>
<libelle_court>Op&#0233;rateur / Op&#0233;ratrice en distillerie industrielle</libelle_court>
<priorisation>1</priorisation>
</item_app>
<item_app>
<code_ogr>17202</code_ogr>
<libelle>Op&#0233;rateur / Op&#0233;ratrice en huilerie alimentaire industrielle</libelle>
<libelle_court>Op&#0233;rateur / Op&#0233;ratrice en huilerie alimentaire industrielle</libelle_court>
<priorisation>1</priorisation>
</item_app>
<item_app>
<code_ogr>17217</code_ogr>
<libelle>Op&#0233;rateur / Op&#0233;ratrice en salle de commande en industrie alimentaire</libelle>
<libelle_court>Op&#0233;rateur(trice) en salle de commande en ind alimentaire</libelle_court>
<priorisation>1</priorisation>
</item_app>
<item_app>
<code_ogr>17432</code_ogr>
<libelle>Ouvrier / Ouvri&#0232;re de fabrication de jus de fruits en industrie alimentaire</libelle>
<libelle_court>Ouvrier(&#0232;re) fabrication de jus de fruits en ind alimentaire</libelle_court>
<priorisation>1</priorisation>
</item_app>
<item_app>
<code_ogr>17433</code_ogr>
<libelle>Ouvrier / Ouvri&#0232;re de fabrication des industries alimentaires</libelle>
<libelle_court>Ouvrier/Ouvri&#0232;re de fabrication des industries alimentaires</libelle_court>
<priorisation>1</priorisation>
</item_app>
<item_app>
<code_ogr>17435</code_ogr>
<libelle>Ouvrier / Ouvri&#0232;re de fabrication en condiments/sauces en industrie alimentaire</libelle>
<libelle_court>Ouvrier(&#0232;re) fabrication en condiments/sauces en ind aliment</libelle_court>
<priorisation>1</priorisation>
</item_app>
<item_app>
<code_ogr>17444</code_ogr>
<libelle>Ouvrier / Ouvri&#0232;re de mac&#0233;ration en industrie alimentaire</libelle>
<libelle_court>Ouvrier / Ouvri&#0232;re de mac&#0233;ration en industrie alimentaire</libelle_court>
<priorisation>1</priorisation>
</item_app>
<item_app>
<code_ogr>17455</code_ogr>
<libelle>Ouvrier / Ouvri&#0232;re de presserie de corps gras en industrie alimentaire</libelle>
<libelle_court>Ouvrier(&#0232;re) de presserie de corps gras en ind alimentaire</libelle_court>
<priorisation>1</priorisation>
</item_app>
<item_app>
<code_ogr>17484</code_ogr>
<libelle>Ouvrier / Ouvri&#0232;re d&#0039;extraction en industrie alimentaire</libelle>
<libelle_court>Ouvrier / Ouvri&#0232;re d&#0039;extraction en industrie alimentaire</libelle_court>
<priorisation>1</priorisation>
</item_app>
<item_app>
<code_ogr>17572</code_ogr>
<libelle>Pasteurisateur / Pasteurisatrice en industrie alimentaire</libelle>
<libelle_court>Pasteurisateur / Pasteurisatrice en industrie alimentaire</libelle_court>
<priorisation>1</priorisation>
</item_app>
<item_app>
<code_ogr>17674</code_ogr>
<libelle>P&#0233;trisseur / P&#0233;trisseuse en industrie alimentaire</libelle>
<libelle_court>P&#0233;trisseur / P&#0233;trisseuse en industrie alimentaire</libelle_court>
<priorisation>1</priorisation>
</item_app>
<item_app>
<code_ogr>17748</code_ogr>
<libelle>Pilote de ligne automatis&#0233;e de fabrication en industrie alimentaire</libelle>
<libelle_court>Pilote de ligne automatis&#0233;e fabrication en ind alimentaire</libelle_court>
<priorisation>1</priorisation>
</item_app>
<item_app>
<code_ogr>17756</code_ogr>
<libelle>Pilote de syst&#0232;mes de production automatis&#0233;e en industrie alimentaire</libelle>
<libelle_court>Pilote de syst&#0232;mes de production automatis&#0233;e ind alimentaire</libelle_court>
<priorisation>1</priorisation>
</item_app>
<item_app>
<code_ogr>17764</code_ogr>
<libelle>Pilote d&#0039;installation automatis&#0233;e en industrie alimentaire</libelle>
<libelle_court>Pilote d&#0039;installation automatis&#0233;e en industrie alimentaire</libelle_court>
<priorisation>1</priorisation>
</item_app>
<item_app>
<code_ogr>19312</code_ogr>
<libelle>Saucier / Sauci&#0232;re en industrie alimentaire</libelle>
<libelle_court>Saucier / Sauci&#0232;re en industrie alimentaire</libelle_court>
<priorisation>1</priorisation>
</item_app>
<item_app>
<code_ogr>19527</code_ogr>
<libelle>St&#0233;rilisateur / St&#0233;rilisatrice en industrie alimentaire</libelle>
<libelle_court>St&#0233;rilisateur / St&#0233;rilisatrice en industrie alimentaire</libelle_court>
<priorisation>1</priorisation>
</item_app>
<item_app>
<code_ogr>19760</code_ogr>
<libelle>Technicien / Technicienne de fabrication en industrie alimentaire</libelle>
<libelle_court>Technicien(ne) de fabrication en industrie alimentaire</libelle_court>
<priorisation>1</priorisation>
</item_app>
<item_app>
<code_ogr>20369</code_ogr>
<libelle>Torr&#0233;facteur / Torr&#0233;factrice en industrie alimentaire</libelle>
<libelle_court>Torr&#0233;facteur / Torr&#0233;factrice en industrie alimentaire</libelle_court>
<priorisation>1</priorisation>
</item_app>
</bloc_appellation>
<definition nbItemDefinition="3">
Surveille et r&#0233;gule une machine ou une ligne automatis&#0233;e de transformation de produits alimentaires selon les r&#0232;gles d&#0039;hygi&#0232;ne et de s&#0233;curit&#0233; et les imp&#0233;ratifs de production (qualit&#0233;, co&#0251;ts, d&#0233;lais, ...). Effectue des contr&#0244;les de conformit&#0233; des mati&#0232;res et des produits en cours de production.
Peut r&#0233;aliser des op&#0233;rations manuelles li&#0233;es au produit (garnissage, ...), monter et r&#0233;gler les &#0233;quipements et effectuer la maintenance de premier niveau.
Peut coordonner une &#0233;quipe (op&#0233;rateurs, conducteurs, ...).
</definition>
<acces_emploi_metier nbItemAccesEmploiMetier="5">
Cet emploi/m&#0233;tier est accessible avec un dipl&#0244;me de niveau CAP/BEP &#0224; Bac (professionnel, ...) dans le secteur de l&#0039;alimentaire.
Un BTS/DUT en industrie alimentaire peut &#0234;tre exig&#0233; pour les postes de technicien de production en industrie alimentaire.
Il est &#0233;galement accessible avec une exp&#0233;rience professionnelle dans le secteur des m&#0233;tiers de bouche ou des industries de transformation sans dipl&#0244;me particulier.
Une habilitation aux risques d&#0039;origine &#0233;lectrique peut &#0234;tre demand&#0233;e.
Un ou plusieurs Certificat(s) d&#0039;Aptitude &#0224; la Conduite En S&#0233;curit&#0233; -CACES- conditionn&#0233;(s) par une aptitude m&#0233;dicale &#0224; renouveler p&#0233;riodiquement peu(ven)t &#0234;tre requis.
</acces_emploi_metier>
<condition_exercice_activite nbItemConditionExercice="4">
L&#0039;activit&#0233; de cet emploi/m&#0233;tier s&#0039;exerce au sein d&#0039;entreprises de production alimentaire.
Elle peut s&#0039;exercer par roulement, les fins de semaine, jours f&#0233;ri&#0233;s, de nuit et &#0234;tre soumise &#0224; des variations saisonni&#0232;res (f&#0234;tes de fin d&#0039;ann&#0233;e, produits pour l&#0039;&#0233;t&#0233;, ...).
L&#0039;activit&#0233; s&#0039;effectue en cabine de pilotage, en atelier parfois en zone &#0224; temp&#0233;rature &#0233;lev&#0233;e, frigorifique ou humide, en zone &#0224; atmosph&#0232;re contr&#0244;l&#0233;e et peut impliquer le port de charges.
Le port d&#0039;Equipements de Protection Individuelle -EPI- (gants, chaussures de s&#0233;curit&#0233;, protections auditives, ...) et d&#0039;&#0233;quipements d&#0039;hygi&#0232;ne (charlotte, masque, ...) est requis.
</condition_exercice_activite>
<bloc_environnement_de_travail nbItemEnvTrav="16">
<item_env>
<code_ogr>23868</code_ogr>
<libelle>Entreprise alimentaire</libelle>
<code_type_section_env>1</code_type_section_env>
<priorisation>1</priorisation>
</item_env>
<item_env>
<code_ogr>23396</code_ogr>
<libelle>Alimentation animale</libelle>
<code_type_section_env>2</code_type_section_env>
<priorisation>1</priorisation>
</item_env>
<item_env>
<code_ogr>23425</code_ogr>
<libelle>Boissons, alcools</libelle>
<code_type_section_env>2</code_type_section_env>
<priorisation>1</priorisation>
</item_env>
<item_env>
<code_ogr>23427</code_ogr>
<libelle>Boulangerie, p&#0226;tisserie industrielle</libelle>
<code_type_section_env>2</code_type_section_env>
<priorisation>1</priorisation>
</item_env>
<item_env>
<code_ogr>23440</code_ogr>
<libelle>Chocolat, confiserie</libelle>
<code_type_section_env>2</code_type_section_env>
<priorisation>1</priorisation>
</item_env>
<item_env>
<code_ogr>23451</code_ogr>
<libelle>Conserves, surgel&#0233;s</libelle>
<code_type_section_env>2</code_type_section_env>
<priorisation>1</priorisation>
</item_env>
<item_env>
<code_ogr>23520</code_ogr>
<libelle>Huiles, corps gras, margarines</libelle>
<code_type_section_env>2</code_type_section_env>
<priorisation>1</priorisation>
</item_env>
<item_env>
<code_ogr>23539</code_ogr>
<libelle>Lait, produits laitiers</libelle>
<code_type_section_env>2</code_type_section_env>
<priorisation>1</priorisation>
</item_env>
<item_env>
<code_ogr>23559</code_ogr>
<libelle>Meunerie, caf&#0233;</libelle>
<code_type_section_env>2</code_type_section_env>
<priorisation>1</priorisation>
</item_env>
<item_env>
<code_ogr>23599</code_ogr>
<libelle>Produits &#0224; base de c&#0233;r&#0233;ales</libelle>
<code_type_section_env>2</code_type_section_env>
<priorisation>1</priorisation>
</item_env>
<item_env>
<code_ogr>23601</code_ogr>
<libelle>Produits de la mer</libelle>
<code_type_section_env>2</code_type_section_env>
<priorisation>1</priorisation>
</item_env>
<item_env>
<code_ogr>23642</code_ogr>
<libelle>Sucre</libelle>
<code_type_section_env>2</code_type_section_env>
<priorisation>1</priorisation>
</item_env>
<item_env>
<code_ogr>23676</code_ogr>
<libelle>Viande</libelle>
<code_type_section_env>2</code_type_section_env>
<priorisation>1</priorisation>
</item_env>
<item_env>
<code_ogr>23381</code_ogr>
<libelle>En salle de pilotage, cabine de commande</libelle>
<code_type_section_env>3</code_type_section_env>
<priorisation>1</priorisation>
</item_env>
<item_env>
<code_ogr>23383</code_ogr>
<libelle>En zone &#0224; atmosph&#0232;re contr&#0244;l&#0233;e</libelle>
<code_type_section_env>3</code_type_section_env>
<priorisation>1</priorisation>
</item_env>
<item_env>
<code_ogr>23385</code_ogr>
<libelle>En zone frigorifique</libelle>
<code_type_section_env>3</code_type_section_env>
<priorisation>1</priorisation>
</item_env>
</bloc_environnement_de_travail>
<bloc_activites_de_base nbBlocActiviteBase="1">
<activites_de_base nbItemActivite_AB="9">
<item_ab>
<code_ogr>124548</code_ogr>
<libelle>Entretenir un poste de travail</libelle>
<code_type_activite>3</code_type_activite>
<code_type_item_activite>2</code_type_item_activite>
<position_item>1</position_item>
<priorisation>1</priorisation>
<riasec_majeur>R</riasec_majeur>
</item_ab>
<item_ab>
<code_ogr>124629</code_ogr>
<libelle>Entretenir un outil ou mat&#0233;riel</libelle>
<code_type_activite>3</code_type_activite>
<code_type_item_activite>2</code_type_item_activite>
<position_item>2</position_item>
<priorisation>1</priorisation>
<riasec_majeur>R</riasec_majeur>
</item_ab>
<item_ab>
<code_ogr>119683</code_ogr>
<libelle>D&#0233;finir les donn&#0233;es de programmation</libelle>
<code_type_activite>3</code_type_activite>
<code_type_item_activite>2</code_type_item_activite>
<position_item>3</position_item>
<priorisation>1</priorisation>
<riasec_majeur>R</riasec_majeur>
</item_ab>
<item_ab>
<code_ogr>120277</code_ogr>
<libelle>R&#0233;gler les param&#0232;tres des machines et des &#0233;quipements</libelle>
<code_type_activite>3</code_type_activite>
<code_type_item_activite>2</code_type_item_activite>
<position_item>4</position_item>
<priorisation>1</priorisation>
<riasec_majeur>R</riasec_majeur>
</item_ab>
<item_ab>
<code_ogr>104854</code_ogr>
<libelle>Surveiller l&#0039;approvisionnement des machines, des installations et le flux des mati&#0232;res ou des produits</libelle>
<code_type_activite>3</code_type_activite>
<code_type_item_activite>2</code_type_item_activite>
<position_item>5</position_item>
<priorisation>1</priorisation>
<riasec_majeur>C</riasec_majeur>
<riasec_mineur>r</riasec_mineur>
</item_ab>
<item_ab>
<code_ogr>104855</code_ogr>
<libelle>Surveiller le fonctionnement des machines et des &#0233;quipements et effectuer des interventions simples en cas d&#0039;incident</libelle>
<code_type_activite>3</code_type_activite>
<code_type_item_activite>2</code_type_item_activite>
<position_item>6</position_item>
<priorisation>1</priorisation>
<riasec_majeur>R</riasec_majeur>
<riasec_mineur>c</riasec_mineur>
</item_ab>
<item_ab>
<code_ogr>123793</code_ogr>
<libelle>Contr&#0244;ler l&#0039;&#0233;tat de conservation d&#0039;un produit p&#0233;rissable</libelle>
<code_type_activite>3</code_type_activite>
<code_type_item_activite>2</code_type_item_activite>
<position_item>7</position_item>
<priorisation>1</priorisation>
<riasec_majeur>C</riasec_majeur>
</item_ab>
<item_ab>
<code_ogr>100136</code_ogr>
<libelle>Pr&#0233;lever des &#0233;chantillons de mati&#0232;res ou de produits, les r&#0233;f&#0233;rencer et les enregistrer pour analyse</libelle>
<code_type_activite>3</code_type_activite>
<code_type_item_activite>2</code_type_item_activite>
<position_item>8</position_item>
<priorisation>1</priorisation>
<riasec_majeur>C</riasec_majeur>
<riasec_mineur>r</riasec_mineur>
</item_ab>
<item_ab>
<code_ogr>119106</code_ogr>
<libelle>R&#0233;aliser un suivi d&#0039;activit&#0233;</libelle>
<code_type_activite>3</code_type_activite>
<code_type_item_activite>2</code_type_item_activite>
<position_item>9</position_item>
<priorisation>1</priorisation>
<riasec_majeur>C</riasec_majeur>
<riasec_mineur>e</riasec_mineur>
</item_ab>
</activites_de_base>
<savoir_theorique_et_proceduraux nbItemSTP_AB="15">
<item_ab_stp>
<code_ogr>122435</code_ogr>
<libelle>Syst&#0232;me Hazard Analysis Critical Control Point  (HACCP)</libelle>
<code_type_competence>1</code_type_competence>
<position_item>1</position_item>
<priorisation>1</priorisation>
</item_ab_stp>
<item_ab_stp>
<code_ogr>100262</code_ogr>
<libelle>Proc&#0233;dures de nettoyage et de d&#0233;sinfection</libelle>
<code_type_competence>1</code_type_competence>
<position_item>2</position_item>
<priorisation>1</priorisation>
</item_ab_stp>
<item_ab_stp>
<code_ogr>120012</code_ogr>
<libelle>Proc&#0233;d&#0233;s de fabrication alimentaire</libelle>
<code_type_competence>1</code_type_competence>
<position_item>3</position_item>
<priorisation>1</priorisation>
</item_ab_stp>
<item_ab_stp>
<code_ogr>100362</code_ogr>
<libelle>Proc&#0233;dures d&#0039;&#0233;chantillonnage</libelle>
<code_type_competence>1</code_type_competence>
<position_item>4</position_item>
<priorisation>1</priorisation>
</item_ab_stp>
<item_ab_stp>
<code_ogr>113245</code_ogr>
<libelle>Normes qualit&#0233;</libelle>
<code_type_competence>1</code_type_competence>
<position_item>5</position_item>
<priorisation>1</priorisation>
</item_ab_stp>
<item_ab_stp>
<code_ogr>104514</code_ogr>
<libelle>M&#0233;canique</libelle>
<code_type_competence>1</code_type_competence>
<position_item>6</position_item>
<priorisation>1</priorisation>
</item_ab_stp>
<item_ab_stp>
<code_ogr>101506</code_ogr>
<libelle>R&#0232;gles et consignes de s&#0233;curit&#0233;</libelle>
<code_type_competence>1</code_type_competence>
<position_item>7</position_item>
<priorisation>1</priorisation>
</item_ab_stp>
<item_ab_stp>
<code_ogr>104425</code_ogr>
<libelle>Hydraulique</libelle>
<code_type_competence>1</code_type_competence>
<position_item>8</position_item>
<priorisation>1</priorisation>
</item_ab_stp>
<item_ab_stp>
<code_ogr>124459</code_ogr>
<libelle>Donn&#0233;es de contr&#0244;le</libelle>
<code_type_competence>1</code_type_competence>
<position_item>9</position_item>
<priorisation>1</priorisation>
</item_ab_stp>
<item_ab_stp>
<code_ogr>119339</code_ogr>
<libelle>Appr&#0233;ciation sensorielle</libelle>
<code_type_competence>1</code_type_competence>
<position_item>10</position_item>
<priorisation>1</priorisation>
</item_ab_stp>
<item_ab_stp>
<code_ogr>105666</code_ogr>
<libelle>Electrom&#0233;canique</libelle>
<code_type_competence>1</code_type_competence>
<position_item>11</position_item>
<priorisation>1</priorisation>
</item_ab_stp>
<item_ab_stp>
<code_ogr>104865</code_ogr>
<libelle>Pilotage en salle de commande</libelle>
<code_type_competence>1</code_type_competence>
<position_item>12</position_item>
<priorisation>1</priorisation>
</item_ab_stp>
<item_ab_stp>
<code_ogr>104858</code_ogr>
<libelle>Utilisation d&#0039;instrument de pr&#0233;l&#0232;vement (sonde, &#0233;prouvette, ...)</libelle>
<code_type_competence>1</code_type_competence>
<position_item>13</position_item>
<priorisation>1</priorisation>
</item_ab_stp>
<item_ab_stp>
<code_ogr>119415</code_ogr>
<libelle>Logiciel de supervision</libelle>
<code_type_competence>1</code_type_competence>
<position_item>14</position_item>
<priorisation>1</priorisation>
</item_ab_stp>
<item_ab_stp>
<code_ogr>118975</code_ogr>
<libelle>Outils bureautiques</libelle>
<code_type_competence>1</code_type_competence>
<position_item>15</position_item>
<priorisation>1</priorisation>
</item_ab_stp>
</savoir_theorique_et_proceduraux>
<savoir_action nbItemSA_AB="0">
</savoir_action>
</bloc_activites_de_base>
<bloc_activites_specifiques nbBlocActiviteSpecifique="9">
<bloc>
<position_bloc>1</position_bloc>
<activite_specifique nbItemActivite_AS="1">
<item_as>
<code_ogr>120405</code_ogr>
<libelle>Utiliser un engin n&#0233;cessitant une habilitation</libelle>
<code_type_activite>3</code_type_activite>
<code_type_item_activite>2</code_type_item_activite>
<position_item>1</position_item>
<priorisation>1</priorisation>
<riasec_majeur>R</riasec_majeur>
</item_as>
</activite_specifique>
<savoir_theorique_et_proceduraux nbItemSTP_AS="3">
<item_as_stp>
<code_ogr>123696</code_ogr>
<libelle>Transpalettes &#0224; conducteur port&#0233; et pr&#0233;parateurs de commandes au sol (CACES R 389-1)</libelle>
<code_type_competence>1</code_type_competence>
<position_item>1</position_item>
<priorisation>1</priorisation>
</item_as_stp>
<item_as_stp>
<code_ogr>123698</code_ogr>
<libelle>Chariots &#0233;l&#0233;vateurs en porte-&#0224;-faux de capacit&#0233; inf&#0233;rieure ou &#0233;gale &#0224; 6000 kg (CACES R 389-3)</libelle>
<code_type_competence>1</code_type_competence>
<position_item>2</position_item>
<priorisation>1</priorisation>
</item_as_stp>
<item_as_stp>
<code_ogr>123718</code_ogr>
<libelle>Chariots &#0233;l&#0233;vateurs en porte-&#0224;-faux de capacit&#0233; sup&#0233;rieure &#0224; 6000 kg (CACES R 389-4)</libelle>
<code_type_competence>1</code_type_competence>
<position_item>3</position_item>
<priorisation>1</priorisation>
</item_as_stp>
</savoir_theorique_et_proceduraux>
<savoir_action nbItemSA_AS="0">
</savoir_action>
</bloc>
<bloc>
<position_bloc>2</position_bloc>
<activite_specifique nbItemActivite_AS="3">
<item_as>
<code_ogr>106339</code_ogr>
<libelle>R&#0233;aliser des reprises, des finitions ou des assemblages par d&#0233;coupe</libelle>
<code_type_activite>3</code_type_activite>
<code_type_item_activite>2</code_type_item_activite>
<position_item>1</position_item>
<priorisation>1</priorisation>
<riasec_majeur>R</riasec_majeur>
</item_as>
<item_as>
<code_ogr>122797</code_ogr>
<libelle>R&#0233;aliser le garnissage d&#0039;une viande</libelle>
<code_type_activite>3</code_type_activite>
<code_type_item_activite>2</code_type_item_activite>
<position_item>2</position_item>
<priorisation>1</priorisation>
<riasec_majeur>R</riasec_majeur>
</item_as>
<item_as>
<code_ogr>122799</code_ogr>
<libelle>R&#0233;aliser un m&#0233;lange de viande</libelle>
<code_type_activite>3</code_type_activite>
<code_type_item_activite>2</code_type_item_activite>
<position_item>3</position_item>
<priorisation>1</priorisation>
<riasec_majeur>R</riasec_majeur>
</item_as>
</activite_specifique>
<savoir_theorique_et_proceduraux nbItemSTP_AS="1">
<item_as_stp>
<code_ogr>122693</code_ogr>
<libelle>Evisc&#0233;ration animale</libelle>
<code_type_competence>1</code_type_competence>
<position_item>1</position_item>
<priorisation>1</priorisation>
</item_as_stp>
</savoir_theorique_et_proceduraux>
<savoir_action nbItemSA_AS="0">
</savoir_action>
</bloc>
<bloc>
<position_bloc>3</position_bloc>
<activite_specifique nbItemActivite_AS="1">
<item_as>
<code_ogr>122621</code_ogr>
<libelle>Adapter les r&#0233;glages d&#0039;une machine</libelle>
<code_type_activite>3</code_type_activite>
<code_type_item_activite>2</code_type_item_activite>
<position_item>1</position_item>
<priorisation>1</priorisation>
<riasec_majeur>R</riasec_majeur>
</item_as>
</activite_specifique>
<savoir_theorique_et_proceduraux nbItemSTP_AS="1">
<item_as_stp>
<code_ogr>104552</code_ogr>
<libelle>R&#0233;gulation et instrumentation</libelle>
<code_type_competence>1</code_type_competence>
<position_item>1</position_item>
<priorisation>1</priorisation>
</item_as_stp>
</savoir_theorique_et_proceduraux>
<savoir_action nbItemSA_AS="0">
</savoir_action>
</bloc>
<bloc>
<position_bloc>4</position_bloc>
<activite_specifique nbItemActivite_AS="1">
<item_as>
<code_ogr>106030</code_ogr>
<libelle>Monter, d&#0233;monter les pi&#0232;ces, outillages de machines</libelle>
<code_type_activite>3</code_type_activite>
<code_type_item_activite>2</code_type_item_activite>
<position_item>1</position_item>
<priorisation>1</priorisation>
<riasec_majeur>R</riasec_majeur>
</item_as>
</activite_specifique>
<savoir_theorique_et_proceduraux nbItemSTP_AS="0">
</savoir_theorique_et_proceduraux>
<savoir_action nbItemSA_AS="0">
</savoir_action>
</bloc>
<bloc>
<position_bloc>5</position_bloc>
<activite_specifique nbItemActivite_AS="1">
<item_as>
<code_ogr>117523</code_ogr>
<libelle>Organiser la gestion des stocks</libelle>
<code_type_activite>3</code_type_activite>
<code_type_item_activite>2</code_type_item_activite>
<position_item>1</position_item>
<priorisation>1</priorisation>
<riasec_majeur>C</riasec_majeur>
<riasec_mineur>e</riasec_mineur>
</item_as>
</activite_specifique>
<savoir_theorique_et_proceduraux nbItemSTP_AS="1">
<item_as_stp>
<code_ogr>100290</code_ogr>
<libelle>Modalit&#0233;s de stockage</libelle>
<code_type_competence>1</code_type_competence>
<position_item>1</position_item>
<priorisation>1</priorisation>
</item_as_stp>
</savoir_theorique_et_proceduraux>
<savoir_action nbItemSA_AS="0">
</savoir_action>
</bloc>
<bloc>
<position_bloc>6</position_bloc>
<activite_specifique nbItemActivite_AS="2">
<item_as>
<code_ogr>124003</code_ogr>
<libelle>Contr&#0244;ler le conditionnement d&#0039;un produit</libelle>
<code_type_activite>3</code_type_activite>
<code_type_item_activite>2</code_type_item_activite>
<position_item>1</position_item>
<priorisation>1</priorisation>
<riasec_majeur>R</riasec_majeur>
</item_as>
<item_as>
<code_ogr>117482</code_ogr>
<libelle>Conditionner un produit</libelle>
<code_type_activite>3</code_type_activite>
<code_type_item_activite>2</code_type_item_activite>
<position_item>2</position_item>
<priorisation>1</priorisation>
<riasec_majeur>R</riasec_majeur>
</item_as>
</activite_specifique>
<savoir_theorique_et_proceduraux nbItemSTP_AS="0">
</savoir_theorique_et_proceduraux>
<savoir_action nbItemSA_AS="0">
</savoir_action>
</bloc>
<bloc>
<position_bloc>7</position_bloc>
<activite_specifique nbItemActivite_AS="2">
<item_as>
<code_ogr>122829</code_ogr>
<libelle>Etablir un rapport de production</libelle>
<code_type_activite>3</code_type_activite>
<code_type_item_activite>2</code_type_item_activite>
<position_item>1</position_item>
<priorisation>1</priorisation>
<riasec_majeur>R</riasec_majeur>
<riasec_mineur>c</riasec_mineur>
</item_as>
<item_as>
<code_ogr>122584</code_ogr>
<libelle>Assister techniquement un professionnel</libelle>
<code_type_activite>3</code_type_activite>
<code_type_item_activite>2</code_type_item_activite>
<position_item>2</position_item>
<priorisation>1</priorisation>
<riasec_majeur>R</riasec_majeur>
<riasec_mineur>s</riasec_mineur>
</item_as>
</activite_specifique>
<savoir_theorique_et_proceduraux nbItemSTP_AS="0">
</savoir_theorique_et_proceduraux>
<savoir_action nbItemSA_AS="0">
</savoir_action>
</bloc>
<bloc>
<position_bloc>8</position_bloc>
<activite_specifique nbItemActivite_AS="2">
<item_as>
<code_ogr>123863</code_ogr>
<libelle>D&#0233;terminer des actions correctives</libelle>
<code_type_activite>3</code_type_activite>
<code_type_item_activite>2</code_type_item_activite>
<position_item>1</position_item>
<priorisation>1</priorisation>
<riasec_majeur>R</riasec_majeur>
<riasec_mineur>c</riasec_mineur>
</item_as>
<item_as>
<code_ogr>122112</code_ogr>
<libelle>Analyser les donn&#0233;es d&#0039;activit&#0233; d&#0039;une production</libelle>
<code_type_activite>3</code_type_activite>
<code_type_item_activite>2</code_type_item_activite>
<position_item>2</position_item>
<priorisation>1</priorisation>
<riasec_majeur>R</riasec_majeur>
<riasec_mineur>c</riasec_mineur>
</item_as>
</activite_specifique>
<savoir_theorique_et_proceduraux nbItemSTP_AS="3">
<item_as_stp>
<code_ogr>119507</code_ogr>
<libelle>Logiciels de Gestion de Production Assist&#0233;e Par Ordinateur (GPAO)</libelle>
<code_type_competence>1</code_type_competence>
<position_item>1</position_item>
<priorisation>1</priorisation>
</item_as_stp>
<item_as_stp>
<code_ogr>119512</code_ogr>
<libelle>Outils de Gestion de Moyens de Production (GMP)</libelle>
<code_type_competence>1</code_type_competence>
<position_item>2</position_item>
<priorisation>1</priorisation>
</item_as_stp>
<item_as_stp>
<code_ogr>101315</code_ogr>
<libelle>Analyse statistique</libelle>
<code_type_competence>1</code_type_competence>
<position_item>3</position_item>
<priorisation>1</priorisation>
</item_as_stp>
</savoir_theorique_et_proceduraux>
<savoir_action nbItemSA_AS="0">
</savoir_action>
</bloc>
<bloc>
<position_bloc>9</position_bloc>
<activite_specifique nbItemActivite_AS="1">
<item_as>
<code_ogr>102359</code_ogr>
<libelle>Coordonner l&#0039;activit&#0233; d&#0039;une &#0233;quipe</libelle>
<code_type_activite>3</code_type_activite>
<code_type_item_activite>2</code_type_item_activite>
<position_item>1</position_item>
<priorisation>1</priorisation>
<riasec_majeur>E</riasec_majeur>
<riasec_mineur>s</riasec_mineur>
</item_as>
</activite_specifique>
<savoir_theorique_et_proceduraux nbItemSTP_AS="0">
</savoir_theorique_et_proceduraux>
<savoir_action nbItemSA_AS="0">
</savoir_action>
</bloc>
</bloc_activites_specifiques>
<bloc_mobilites>
<mobilites_proches nbItemMob="12">
<item_mob_pr><code_type_mobilite>1</code_type_mobilite>
<liste_appellation_source>
<code_appellation_source>0</code_appellation_source>
<libelle_appellation_source>Toutes les appellations</libelle_appellation_source>
<code_appellation_source>0</code_appellation_source>
<libelle_appellation_source> </libelle_appellation_source>
</liste_appellation_source>
<code_rome_cible>A1413</code_rome_cible>
<libelle_rome_cible>Fermentation de boissons alcoolis&#0233;es</libelle_rome_cible>
<liste_appellation_cible>
<code_appellation_cible>11592</code_appellation_cible>
<libelle_appellation_cible>Brasseur-malteur / Brasseuse-malteuse</libelle_appellation_cible>
<code_appellation_cible>17425</code_appellation_cible>
<libelle_appellation_cible>Ouvrier / Ouvri&#0232;re de cidrerie</libelle_appellation_cible>
</liste_appellation_cible>
</item_mob_pr>
<item_mob_pr><code_type_mobilite>1</code_type_mobilite>
<liste_appellation_source>
<code_appellation_source>0</code_appellation_source>
<libelle_appellation_source>Toutes les appellations</libelle_appellation_source>
</liste_appellation_source>
<code_rome_cible>H2301</code_rome_cible>
<libelle_rome_cible>Conduite d&#0039;&#0233;quipement de production chimique ou pharmaceutique</libelle_rome_cible>
<liste_appellation_cible>
<code_appellation_cible>0</code_appellation_cible>
<libelle_appellation_cible>Toutes les appellations</libelle_appellation_cible>
</liste_appellation_cible>
</item_mob_pr>
<item_mob_pr><code_type_mobilite>1</code_type_mobilite>
<liste_appellation_source>
<code_appellation_source>0</code_appellation_source>
<libelle_appellation_source>Toutes les appellations</libelle_appellation_source>
</liste_appellation_source>
<code_rome_cible>H2403</code_rome_cible>
<libelle_rome_cible>Conduite de machine de fabrication de produits textiles</libelle_rome_cible>
<liste_appellation_cible>
<code_appellation_cible>0</code_appellation_cible>
<libelle_appellation_cible>Toutes les appellations</libelle_appellation_cible>
</liste_appellation_cible>
</item_mob_pr>
<item_mob_pr><code_type_mobilite>1</code_type_mobilite>
<liste_appellation_source>
<code_appellation_source>0</code_appellation_source>
<libelle_appellation_source>Toutes les appellations</libelle_appellation_source>
</liste_appellation_source>
<code_rome_cible>H2404</code_rome_cible>
<libelle_rome_cible>Conduite de machine de production et transformation des fils</libelle_rome_cible>
<liste_appellation_cible>
<code_appellation_cible>0</code_appellation_cible>
<libelle_appellation_cible>Toutes les appellations</libelle_appellation_cible>
</liste_appellation_cible>
</item_mob_pr>
<item_mob_pr><code_type_mobilite>1</code_type_mobilite>
<liste_appellation_source>
<code_appellation_source>0</code_appellation_source>
<libelle_appellation_source>Toutes les appellations</libelle_appellation_source>
</liste_appellation_source>
<code_rome_cible>H2603</code_rome_cible>
<libelle_rome_cible>Conduite d&#0039;installation automatis&#0233;e de production &#0233;lectrique, &#0233;lectronique et micro&#0233;lectronique</libelle_rome_cible>
<liste_appellation_cible>
<code_appellation_cible>0</code_appellation_cible>
<libelle_appellation_cible>Toutes les appellations</libelle_appellation_cible>
</liste_appellation_cible>
</item_mob_pr>
<item_mob_pr><code_type_mobilite>1</code_type_mobilite>
<liste_appellation_source>
<code_appellation_source>0</code_appellation_source>
<libelle_appellation_source>Toutes les appellations</libelle_appellation_source>
</liste_appellation_source>
<code_rome_cible>H2801</code_rome_cible>
<libelle_rome_cible>Conduite d&#0039;&#0233;quipement de transformation du verre</libelle_rome_cible>
<liste_appellation_cible>
<code_appellation_cible>0</code_appellation_cible>
<libelle_appellation_cible>Toutes les appellations</libelle_appellation_cible>
</liste_appellation_cible>
</item_mob_pr>
<item_mob_pr><code_type_mobilite>1</code_type_mobilite>
<liste_appellation_source>
<code_appellation_source>0</code_appellation_source>
<libelle_appellation_source>Toutes les appellations</libelle_appellation_source>
</liste_appellation_source>
<code_rome_cible>H2803</code_rome_cible>
<libelle_rome_cible>Fa&#0231;onnage et &#0233;maillage en industrie c&#0233;ramique</libelle_rome_cible>
<liste_appellation_cible>
<code_appellation_cible>0</code_appellation_cible>
<libelle_appellation_cible>Toutes les appellations</libelle_appellation_cible>
</liste_appellation_cible>
</item_mob_pr>
<item_mob_pr><code_type_mobilite>1</code_type_mobilite>
<liste_appellation_source>
<code_appellation_source>0</code_appellation_source>
<libelle_appellation_source>Toutes les appellations</libelle_appellation_source>
</liste_appellation_source>
<code_rome_cible>H3102</code_rome_cible>
<libelle_rome_cible>Conduite d&#0039;installation de p&#0226;te &#0224; papier</libelle_rome_cible>
<liste_appellation_cible>
<code_appellation_cible>0</code_appellation_cible>
<libelle_appellation_cible>Toutes les appellations</libelle_appellation_cible>
</liste_appellation_cible>
</item_mob_pr>
<item_mob_pr><code_type_mobilite>1</code_type_mobilite>
<liste_appellation_source>
<code_appellation_source>0</code_appellation_source>
<libelle_appellation_source>Toutes les appellations</libelle_appellation_source>
</liste_appellation_source>
<code_rome_cible>H3201</code_rome_cible>
<libelle_rome_cible>Conduite d&#0039;&#0233;quipement de formage des plastiques et caoutchoucs</libelle_rome_cible>
<liste_appellation_cible>
<code_appellation_cible>0</code_appellation_cible>
<libelle_appellation_cible>Toutes les appellations</libelle_appellation_cible>
</liste_appellation_cible>
</item_mob_pr>
<item_mob_pr><code_type_mobilite>1</code_type_mobilite>
<liste_appellation_source>
<code_appellation_source>0</code_appellation_source>
<libelle_appellation_source>Toutes les appellations</libelle_appellation_source>
</liste_appellation_source>
<code_rome_cible>H3301</code_rome_cible>
<libelle_rome_cible>Conduite d&#0039;&#0233;quipement de conditionnement</libelle_rome_cible>
<liste_appellation_cible>
<code_appellation_cible>0</code_appellation_cible>
<libelle_appellation_cible>Toutes les appellations</libelle_appellation_cible>
</liste_appellation_cible>
</item_mob_pr>
<item_mob_pr><code_type_mobilite>1</code_type_mobilite>
<liste_appellation_source>
<code_appellation_source>10567</code_appellation_source>
<libelle_appellation_source>Agent / Agente de production/fabrication en industrie alimentaire</libelle_appellation_source>
</liste_appellation_source>
<code_rome_cible>H3302</code_rome_cible>
<libelle_rome_cible>Op&#0233;rations manuelles d&#0039;assemblage, tri ou emballage</libelle_rome_cible>
<liste_appellation_cible>
<code_appellation_cible>0</code_appellation_cible>
<libelle_appellation_cible>Toutes les appellations</libelle_appellation_cible>
</liste_appellation_cible>
</item_mob_pr>
<item_mob_pr><code_type_mobilite>1</code_type_mobilite>
<liste_appellation_source>
<code_appellation_source>10567</code_appellation_source>
<libelle_appellation_source>Agent / Agente de production/fabrication en industrie alimentaire</libelle_appellation_source>
</liste_appellation_source>
<code_rome_cible>H3303</code_rome_cible>
<libelle_rome_cible>Pr&#0233;paration de mati&#0232;res et produits industriels (broyage, m&#0233;lange, ...)</libelle_rome_cible>
<liste_appellation_cible>
<code_appellation_cible>0</code_appellation_cible>
<libelle_appellation_cible>Toutes les appellations</libelle_appellation_cible>
</liste_appellation_cible>
</item_mob_pr>
</mobilites_proches>
<mobilites_si_evolution nbItemMob="4">
<item_mob_ev><code_type_mobilite>2</code_type_mobilite>
<liste_appellation_source>
<code_appellation_source>0</code_appellation_source>
<libelle_appellation_source>Toutes les appellations</libelle_appellation_source>
</liste_appellation_source>
<code_rome_cible>H1403</code_rome_cible>
<libelle_rome_cible>Intervention technique en gestion industrielle et logistique</libelle_rome_cible>
<liste_appellation_cible>
<code_appellation_cible>0</code_appellation_cible>
<libelle_appellation_cible>Toutes les appellations</libelle_appellation_cible>
</liste_appellation_cible>
</item_mob_ev>
<item_mob_ev><code_type_mobilite>2</code_type_mobilite>
<liste_appellation_source>
<code_appellation_source>19760</code_appellation_source>
<libelle_appellation_source>Technicien / Technicienne de fabrication en industrie alimentaire</libelle_appellation_source>
</liste_appellation_source>
<code_rome_cible>H1404</code_rome_cible>
<libelle_rome_cible>Intervention technique en m&#0233;thodes et industrialisation</libelle_rome_cible>
<liste_appellation_cible>
<code_appellation_cible>0</code_appellation_cible>
<libelle_appellation_cible>Toutes les appellations</libelle_appellation_cible>
</liste_appellation_cible>
</item_mob_ev>
<item_mob_ev><code_type_mobilite>2</code_type_mobilite>
<liste_appellation_source>
<code_appellation_source>0</code_appellation_source>
<libelle_appellation_source>Toutes les appellations</libelle_appellation_source>
</liste_appellation_source>
<code_rome_cible>H2504</code_rome_cible>
<libelle_rome_cible>Encadrement d&#0039;&#0233;quipe en industrie de transformation</libelle_rome_cible>
<liste_appellation_cible>
<code_appellation_cible>0</code_appellation_cible>
<libelle_appellation_cible>Toutes les appellations</libelle_appellation_cible>
</liste_appellation_cible>
</item_mob_ev>
<item_mob_ev><code_type_mobilite>2</code_type_mobilite>
<liste_appellation_source>
<code_appellation_source>0</code_appellation_source>
<libelle_appellation_source>Toutes les appellations</libelle_appellation_source>
</liste_appellation_source>
<code_rome_cible>H2912</code_rome_cible>
<libelle_rome_cible>R&#0233;glage d&#0039;&#0233;quipement de production industrielle</libelle_rome_cible>
<liste_appellation_cible>
<code_appellation_cible>0</code_appellation_cible>
<libelle_appellation_cible>Toutes les appellations</libelle_appellation_cible>
</liste_appellation_cible>
</item_mob_ev>
</mobilites_si_evolution>
</bloc_mobilites>
</fiche_emploi_metier>