<?xml version="1.0" encoding="UTF-8" ?>
<fiche_emploi_metier>
<type_fiche>2</type_fiche>
<libelle_type_fiche>priorise</libelle_type_fiche>
<version_SI>
<version_rome>333</version_rome>
<date_version_si>01/10/2017</date_version_si>
<mois_version_si>Octobre</mois_version_si>
<annee_version_si>2017</annee_version_si>
</version_SI>
<bloc_code_rome>
<code_rome>H2202</code_rome>
<intitule>Conduite d&#0039;&#0233;quipement de fabrication de l&#0039;ameublement et du bois</intitule>
<code_ogr>238</code_ogr>
<riasec_majeur>R</riasec_majeur>
<riasec_mineur>c</riasec_mineur>
</bloc_code_rome>
<bloc_appellation nbItemAppellation="54">
<item_app>
<code_ogr>10564</code_ogr>
<libelle>Agent / Agente de production industrielle de mobilier en menuiserie</libelle>
<libelle_court>Agent(e) de production industrielle mobilier en menuiserie</libelle_court>
<priorisation>1</priorisation>
</item_app>
<item_app>
<code_ogr>10565</code_ogr>
<libelle>Agent / Agente de production industrielle de mobilier et menuiserie</libelle>
<libelle_court>Agent(e) de production industrielle mobilier et menuiserie</libelle_court>
<priorisation>1</priorisation>
</item_app>
<item_app>
<code_ogr>10736</code_ogr>
<libelle>Agent / Agente d&#0039;usinage du bois</libelle>
<libelle_court>Agent / Agente d&#0039;usinage du bois</libelle_court>
<priorisation>1</priorisation>
</item_app>
<item_app>
<code_ogr>10737</code_ogr>
<libelle>Agent / Agente d&#0039;usinage sur machines &#0224; bois traditionnelles</libelle>
<libelle_court>Agent / Agente d&#0039;usinage sur machines &#0224; bois traditionnelles</libelle_court>
<priorisation>1</priorisation>
</item_app>
<item_app>
<code_ogr>10878</code_ogr>
<libelle>Aide-machiniste sur &#0233;quipements de production en industrie du bois</libelle>
<libelle_court>Aide-machiniste sur &#0233;quipements de production en ind du bois</libelle_court>
<priorisation>1</priorisation>
</item_app>
<item_app>
<code_ogr>11737</code_ogr>
<libelle>Chantourneur / Chantourneuse</libelle>
<libelle_court>Chantourneur / Chantourneuse</libelle_court>
<priorisation>1</priorisation>
</item_app>
<item_app>
<code_ogr>12406</code_ogr>
<libelle>Chef d&#0039;&#0233;quipe de conducteurs de machines &#0224; bois</libelle>
<libelle_court>Chef d&#0039;&#0233;quipe de conducteurs de machines &#0224; bois</libelle_court>
<priorisation>1</priorisation>
</item_app>
<item_app>
<code_ogr>12410</code_ogr>
<libelle>Chef d&#0039;&#0233;quipe de fabrication en industrie du bois</libelle>
<libelle_court>Chef d&#0039;&#0233;quipe de fabrication en industrie du bois</libelle_court>
<priorisation>1</priorisation>
</item_app>
<item_app>
<code_ogr>12451</code_ogr>
<libelle>Chef d&#0039;&#0233;quipe en atelier de fa&#0231;onnage bois</libelle>
<libelle_court>Chef d&#0039;&#0233;quipe en atelier de fa&#0231;onnage bois</libelle_court>
<priorisation>1</priorisation>
</item_app>
<item_app>
<code_ogr>12863</code_ogr>
<libelle>Conducteur / Conductrice d&#0039;abouteuses en industrie du bois</libelle>
<libelle_court>Conducteur / Conductrice d&#0039;abouteuses en industrie du bois</libelle_court>
<priorisation>1</priorisation>
</item_app>
<item_app>
<code_ogr>12901</code_ogr>
<libelle>Conducteur / Conductrice de calibreuses en industrie du bois</libelle>
<libelle_court>Conducteur / Conductrice de calibreuses en industrie du bois</libelle_court>
<priorisation>1</priorisation>
</item_app>
<item_app>
<code_ogr>12908</code_ogr>
<libelle>Conducteur / Conductrice de cha&#0238;nes de clouage</libelle>
<libelle_court>Conducteur / Conductrice de cha&#0238;nes de clouage</libelle_court>
<priorisation>1</priorisation>
</item_app>
<item_app>
<code_ogr>12932</code_ogr>
<libelle>Conducteur / Conductrice de d&#0233;fonceuses en industrie du bois</libelle>
<libelle_court>Conducteur / Conductrice de d&#0233;fonceuses en industrie du bois</libelle_court>
<priorisation>1</priorisation>
</item_app>
<item_app>
<code_ogr>12938</code_ogr>
<libelle>Conducteur / Conductrice de fa&#0231;onneuses en industrie du bois</libelle>
<libelle_court>Conducteur / Conductrice de fa&#0231;onneuses en industrie du bois</libelle_court>
<priorisation>1</priorisation>
</item_app>
<item_app>
<code_ogr>13056</code_ogr>
<libelle>Conducteur / Conductrice de machines &#0224; bois</libelle>
<libelle_court>Conducteur / Conductrice de machines &#0224; bois</libelle_court>
<priorisation>1</priorisation>
</item_app>
<item_app>
<code_ogr>13064</code_ogr>
<libelle>Conducteur / Conductrice de machines &#0224; poser les quincailleries</libelle>
<libelle_court>Conducteur(trice) de machines &#0224; poser les quincailleries</libelle_court>
<priorisation>1</priorisation>
</item_app>
<item_app>
<code_ogr>13066</code_ogr>
<libelle>Conducteur / Conductrice de machines &#0224; sculpter en industrie du bois</libelle>
<libelle_court>Conducteur(trice) de machines &#0224; sculpter en ind du bois</libelle_court>
<priorisation>1</priorisation>
</item_app>
<item_app>
<code_ogr>13069</code_ogr>
<libelle>Conducteur / Conductrice de machines automatiques en industrie du bois</libelle>
<libelle_court>Conducteur(trice) de machines automatiques en ind du bois</libelle_court>
<priorisation>1</priorisation>
</item_app>
<item_app>
<code_ogr>13089</code_ogr>
<libelle>Conducteur / Conductrice de machines d&#0039;usinage en industrie du bois</libelle>
<libelle_court>Conducteur(trice) de machines d&#0039;usinage en ind du bois</libelle_court>
<priorisation>1</priorisation>
</item_app>
<item_app>
<code_ogr>13097</code_ogr>
<libelle>Conducteur / Conductrice de massicot en industrie du bois</libelle>
<libelle_court>Conducteur / Conductrice de massicot en industrie du bois</libelle_court>
<priorisation>1</priorisation>
</item_app>
<item_app>
<code_ogr>13111</code_ogr>
<libelle>Conducteur / Conductrice de mortaiseuses en industrie du bois</libelle>
<libelle_court>Conducteur/Conductrice de mortaiseuses en industrie du bois</libelle_court>
<priorisation>1</priorisation>
</item_app>
<item_app>
<code_ogr>13115</code_ogr>
<libelle>Conducteur / Conductrice de mouluri&#0232;res</libelle>
<libelle_court>Conducteur / Conductrice de mouluri&#0232;res</libelle_court>
<priorisation>1</priorisation>
</item_app>
<item_app>
<code_ogr>13123</code_ogr>
<libelle>Conducteur / Conductrice de perceuses en industrie du bois</libelle>
<libelle_court>Conducteur / Conductrice de perceuses en industrie du bois</libelle_court>
<priorisation>1</priorisation>
</item_app>
<item_app>
<code_ogr>13128</code_ogr>
<libelle>Conducteur / Conductrice de plaqueuses de chant</libelle>
<libelle_court>Conducteur / Conductrice de plaqueuses de chant</libelle_court>
<priorisation>1</priorisation>
</item_app>
<item_app>
<code_ogr>13135</code_ogr>
<libelle>Conducteur / Conductrice de ponceuses en industrie du bois</libelle>
<libelle_court>Conducteur / Conductrice de ponceuses en industrie du bois</libelle_court>
<priorisation>1</priorisation>
</item_app>
<item_app>
<code_ogr>13148</code_ogr>
<libelle>Conducteur / Conductrice de presses &#0224; bois</libelle>
<libelle_court>Conducteur / Conductrice de presses &#0224; bois</libelle_court>
<priorisation>1</priorisation>
</item_app>
<item_app>
<code_ogr>13154</code_ogr>
<libelle>Conducteur / Conductrice de quatre faces</libelle>
<libelle_court>Conducteur / Conductrice de quatre faces</libelle_court>
<priorisation>1</priorisation>
</item_app>
<item_app>
<code_ogr>13179</code_ogr>
<libelle>Conducteur / Conductrice de s&#0233;choirs en seconde industrie du bois</libelle>
<libelle_court>Conducteur(trice) de s&#0233;choirs en seconde industrie du bois</libelle_court>
<priorisation>1</priorisation>
</item_app>
<item_app>
<code_ogr>13196</code_ogr>
<libelle>Conducteur / Conductrice de tenonneuses</libelle>
<libelle_court>Conducteur / Conductrice de tenonneuses</libelle_court>
<priorisation>1</priorisation>
</item_app>
<item_app>
<code_ogr>13200</code_ogr>
<libelle>Conducteur / Conductrice de tours &#0224; reproduire en industrie du bois</libelle>
<libelle_court>Conducteur(trice) de tours &#0224; reproduire en ind du bois</libelle_court>
<priorisation>1</priorisation>
</item_app>
<item_app>
<code_ogr>13239</code_ogr>
<libelle>Conducteur / Conductrice d&#0039;encolleuses en industrie du bois</libelle>
<libelle_court>Conducteur / Conductrice d&#0039;encolleuses en industrie du bois</libelle_court>
<priorisation>1</priorisation>
</item_app>
<item_app>
<code_ogr>13269</code_ogr>
<libelle>Conducteur / Conductrice d&#0039;&#0233;quipements de montage en industrie du bois</libelle>
<libelle_court>Conducteur(trice) d&#0039;&#0233;quipements de montage en ind du bois</libelle_court>
<priorisation>1</priorisation>
</item_app>
<item_app>
<code_ogr>13754</code_ogr>
<libelle>Corroyeur / Corroyeuse en industrie du bois</libelle>
<libelle_court>Corroyeur / Corroyeuse en industrie du bois</libelle_court>
<priorisation>1</priorisation>
</item_app>
<item_app>
<code_ogr>13892</code_ogr>
<libelle>D&#0233;biteur / D&#0233;bitrice en menuiserie industrielle</libelle>
<libelle_court>D&#0233;biteur / D&#0233;bitrice en menuiserie industrielle</libelle_court>
<priorisation>1</priorisation>
</item_app>
<item_app>
<code_ogr>13918</code_ogr>
<libelle>D&#0233;gauchisseur / D&#0233;gauchisseuse sur machines &#0224; bois</libelle>
<libelle_court>D&#0233;gauchisseur / D&#0233;gauchisseuse sur machines &#0224; bois</libelle_court>
<priorisation>1</priorisation>
</item_app>
<item_app>
<code_ogr>16236</code_ogr>
<libelle>Machiniste de fabrication en industrie du bois</libelle>
<libelle_court>Machiniste de fabrication en industrie du bois</libelle_court>
<priorisation>1</priorisation>
</item_app>
<item_app>
<code_ogr>16241</code_ogr>
<libelle>Machiniste en menuiserie</libelle>
<libelle_court>Machiniste en menuiserie</libelle_court>
<priorisation>1</priorisation>
</item_app>
<item_app>
<code_ogr>16623</code_ogr>
<libelle>Menuisier / Menuisi&#0232;re en industrie du bois</libelle>
<libelle_court>Menuisier / Menuisi&#0232;re en industrie du bois</libelle_court>
<priorisation>1</priorisation>
</item_app>
<item_app>
<code_ogr>17082</code_ogr>
<libelle>Op&#0233;rateur / Op&#0233;ratrice de d&#0233;bit en industrie du bois</libelle>
<libelle_court>Op&#0233;rateur / Op&#0233;ratrice de d&#0233;bit en industrie du bois</libelle_court>
<priorisation>1</priorisation>
</item_app>
<item_app>
<code_ogr>17279</code_ogr>
<libelle>Op&#0233;rateur / Op&#0233;ratrice sur cha&#0238;nes de finition en industrie du bois</libelle>
<libelle_court>Op&#0233;rateur(trice) sur cha&#0238;nes de finition en ind du bois</libelle_court>
<priorisation>1</priorisation>
</item_app>
<item_app>
<code_ogr>17280</code_ogr>
<libelle>Op&#0233;rateur / Op&#0233;ratrice sur cha&#0238;nes de montage en industrie du bois</libelle>
<libelle_court>Op&#0233;rateur(trice) sur cha&#0238;nes de montage en industrie du bois</libelle_court>
<priorisation>1</priorisation>
</item_app>
<item_app>
<code_ogr>17283</code_ogr>
<libelle>Op&#0233;rateur / Op&#0233;ratrice sur encolleuses en industrie du bois</libelle>
<libelle_court>Op&#0233;rateur / Op&#0233;ratrice sur encolleuses en industrie du bois</libelle_court>
<priorisation>1</priorisation>
</item_app>
<item_app>
<code_ogr>17312</code_ogr>
<libelle>Op&#0233;rateur / Op&#0233;ratrice sur machines &#0224; bois</libelle>
<libelle_court>Op&#0233;rateur / Op&#0233;ratrice sur machines &#0224; bois</libelle_court>
<priorisation>1</priorisation>
</item_app>
<item_app>
<code_ogr>17313</code_ogr>
<libelle>Op&#0233;rateur / Op&#0233;ratrice sur machines &#0224; bois &#0224; commande num&#0233;rique</libelle>
<libelle_court>Op&#0233;rateur(trice) sur machines &#0224; bois &#0224; commande num&#0233;rique</libelle_court>
<priorisation>1</priorisation>
</item_app>
<item_app>
<code_ogr>17321</code_ogr>
<libelle>Op&#0233;rateur / Op&#0233;ratrice sur machines de finition en industrie du bois</libelle>
<libelle_court>Op&#0233;rateur(trice) sur machines de finition en ind du bois</libelle_court>
<priorisation>1</priorisation>
</item_app>
<item_app>
<code_ogr>17324</code_ogr>
<libelle>Op&#0233;rateur / Op&#0233;ratrice sur machines d&#0039;usinage de taille de charpentes industrielles</libelle>
<libelle_court>Op&#0233;rateur(trice) machines usinage taille charpentes industri</libelle_court>
<priorisation>1</priorisation>
</item_app>
<item_app>
<code_ogr>17330</code_ogr>
<libelle>Op&#0233;rateur / Op&#0233;ratrice sur plaqueuses de chants</libelle>
<libelle_court>Op&#0233;rateur / Op&#0233;ratrice sur plaqueuses de chants</libelle_court>
<priorisation>1</priorisation>
</item_app>
<item_app>
<code_ogr>17335</code_ogr>
<libelle>Op&#0233;rateur / Op&#0233;ratrice sur presses &#0224; bois</libelle>
<libelle_court>Op&#0233;rateur / Op&#0233;ratrice sur presses &#0224; bois</libelle_court>
<priorisation>1</priorisation>
</item_app>
<item_app>
<code_ogr>17880</code_ogr>
<libelle>Ponceur / Ponceuse en menuiserie industrielle</libelle>
<libelle_court>Ponceur / Ponceuse en menuiserie industrielle</libelle_court>
<priorisation>1</priorisation>
</item_app>
<item_app>
<code_ogr>18436</code_ogr>
<libelle>R&#0233;gleur / R&#0233;gleuse de machines &#0224; bois</libelle>
<libelle_court>R&#0233;gleur / R&#0233;gleuse de machines &#0224; bois</libelle_court>
<priorisation>1</priorisation>
</item_app>
<item_app>
<code_ogr>18487</code_ogr>
<libelle>R&#0233;gleur-conducteur / R&#0233;gleuse-conductrice de centres d&#0039;usinage en industrie du bois</libelle>
<libelle_court>R&#0233;gleur(se)-conducteur(se) centres usinage industrie du bois</libelle_court>
<priorisation>1</priorisation>
</item_app>
<item_app>
<code_ogr>18488</code_ogr>
<libelle>R&#0233;gleur-conducteur / R&#0233;gleuse-conductrice de machines &#0224; bois</libelle>
<libelle_court>R&#0233;gleur-conducteur / R&#0233;gleuse-conductrice de machines &#0224; bois</libelle_court>
<priorisation>1</priorisation>
</item_app>
<item_app>
<code_ogr>18491</code_ogr>
<libelle>R&#0233;gleur-conducteur / R&#0233;gleuse-conductrice de machines de production en industrie du bois</libelle>
<libelle_court>R&#0233;gleur(se)-conducteur(trice) machines production ind bois</libelle_court>
<priorisation>1</priorisation>
</item_app>
<item_app>
<code_ogr>20370</code_ogr>
<libelle>Toupilleur / Toupilleuse</libelle>
<libelle_court>Toupilleur / Toupilleuse</libelle_court>
<priorisation>1</priorisation>
</item_app>
</bloc_appellation>
<definition nbItemDefinition="4">
R&#0232;gle, surveille et r&#0233;gule une ou plusieurs machines (conventionnelles, &#0224; commande num&#0233;rique ou automatis&#0233;es) de fabrication (usinage, montage, finition, ...) de produits en bois et mat&#0233;riaux associ&#0233;s (meubles, charpente, ...).
Intervient selon les r&#0232;gles de s&#0233;curit&#0233; et les imp&#0233;ratifs de production (qualit&#0233;, co&#0251;ts, d&#0233;lais, ...).
Effectue les contr&#0244;les de conformit&#0233; des produits (qualit&#0233;, quantit&#0233;, ...) et assure la maintenance de premier niveau des machines et &#0233;quipements.
Peut coordonner une &#0233;quipe.
</definition>
<acces_emploi_metier nbItemAccesEmploiMetier="3">
Cet emploi/m&#0233;tier est accessible avec un dipl&#0244;me de niveau CAP/BEP &#0224; Bac professionnel en menuiserie bois, bois et mat&#0233;riaux associ&#0233;s, mobilier et agencement, productique, m&#0233;canique, ...
Il est &#0233;galement accessible avec une exp&#0233;rience professionnelle dans le secteur de l&#0039;industrie du bois (conduite de machines, ...) sans dipl&#0244;me particulier.
Un ou plusieurs Certificat(s) d&#0039;Aptitude &#0224; la Conduite En S&#0233;curit&#0233; -CACES- conditionn&#0233;(s) par une aptitude m&#0233;dicale &#0224; renouveler p&#0233;riodiquement peu(ven)t &#0234;tre requis.
</acces_emploi_metier>
<condition_exercice_activite nbItemConditionExercice="4">
L&#0039;activit&#0233; de cet emploi/m&#0233;tier s&#0039;exerce au sein d&#0039;entreprises industrielles de deuxi&#0232;me transformation du bois (ameublement, menuiserie industrielle, ...) en relation avec diff&#0233;rents services (qualit&#0233;, maintenance, ...).
Elle peut s&#0039;exercer en horaires d&#0233;cal&#0233;s ou par roulement.
L&#0039;activit&#0233; s&#0039;effectue en atelier et peut impliquer le port de charges.
Le port d&#0039;Equipements de Protection Individuelle -EPI- (chaussures de s&#0233;curit&#0233;, protections anti-bruit, lunettes, ...) est exig&#0233;.
</condition_exercice_activite>
<bloc_environnement_de_travail nbItemEnvTrav="12">
<item_env>
<code_ogr>23909</code_ogr>
<libelle>Entreprise industrielle</libelle>
<code_type_section_env>1</code_type_section_env>
<priorisation>1</priorisation>
</item_env>
<item_env>
<code_ogr>23393</code_ogr>
<libelle>Agencement, d&#0233;coration int&#0233;rieure</libelle>
<code_type_section_env>2</code_type_section_env>
<priorisation>1</priorisation>
</item_env>
<item_env>
<code_ogr>23398</code_ogr>
<libelle>Ameublement</libelle>
<code_type_section_env>2</code_type_section_env>
<priorisation>1</priorisation>
</item_env>
<item_env>
<code_ogr>23453</code_ogr>
<libelle>Construction navale</libelle>
<code_type_section_env>2</code_type_section_env>
<priorisation>1</priorisation>
</item_env>
<item_env>
<code_ogr>23488</code_ogr>
<libelle>Fabrication de chalets et de maisons &#0224; ossature bois</libelle>
<code_type_section_env>2</code_type_section_env>
<priorisation>1</priorisation>
</item_env>
<item_env>
<code_ogr>23489</code_ogr>
<libelle>Fabrication de charpentes</libelle>
<code_type_section_env>2</code_type_section_env>
<priorisation>1</priorisation>
</item_env>
<item_env>
<code_ogr>23491</code_ogr>
<libelle>Fabrication de panneaux bois et d&#0233;riv&#0233;s</libelle>
<code_type_section_env>2</code_type_section_env>
<priorisation>1</priorisation>
</item_env>
<item_env>
<code_ogr>23492</code_ogr>
<libelle>Fabrication de parquets, lambris, moulures, ...</libelle>
<code_type_section_env>2</code_type_section_env>
<priorisation>1</priorisation>
</item_env>
<item_env>
<code_ogr>23495</code_ogr>
<libelle>Fabrication d&#0039;emballages</libelle>
<code_type_section_env>2</code_type_section_env>
<priorisation>1</priorisation>
</item_env>
<item_env>
<code_ogr>23557</code_ogr>
<libelle>Menuiserie industrielle</libelle>
<code_type_section_env>2</code_type_section_env>
<priorisation>1</priorisation>
</item_env>
<item_env>
<code_ogr>23627</code_ogr>
<libelle>Scierie</libelle>
<code_type_section_env>2</code_type_section_env>
<priorisation>1</priorisation>
</item_env>
<item_env>
<code_ogr>23628</code_ogr>
<libelle>Seconde transformation du bois</libelle>
<code_type_section_env>2</code_type_section_env>
<priorisation>1</priorisation>
</item_env>
</bloc_environnement_de_travail>
<bloc_activites_de_base nbBlocActiviteBase="1">
<activites_de_base nbItemActivite_AB="11">
<item_ab>
<code_ogr>119687</code_ogr>
<libelle>Identifier les op&#0233;rations de fabrication &#0224; partir du dossier de fabrication</libelle>
<code_type_activite>3</code_type_activite>
<code_type_item_activite>2</code_type_item_activite>
<position_item>1</position_item>
<priorisation>1</priorisation>
<riasec_majeur>C</riasec_majeur>
<riasec_mineur>r</riasec_mineur>
</item_ab>
<item_ab>
<code_ogr>104908</code_ogr>
<libelle>V&#0233;rifier les &#0233;l&#0233;ments de s&#0233;curit&#0233; sur les &#0233;quipements de production (machine outil, ligne de montage, ...)</libelle>
<code_type_activite>3</code_type_activite>
<code_type_item_activite>2</code_type_item_activite>
<position_item>2</position_item>
<priorisation>1</priorisation>
<riasec_majeur>C</riasec_majeur>
<riasec_mineur>r</riasec_mineur>
</item_ab>
<item_ab>
<code_ogr>120277</code_ogr>
<libelle>R&#0233;gler les param&#0232;tres des machines et des &#0233;quipements</libelle>
<code_type_activite>3</code_type_activite>
<code_type_item_activite>2</code_type_item_activite>
<position_item>3</position_item>
<priorisation>1</priorisation>
<riasec_majeur>R</riasec_majeur>
</item_ab>
<item_ab>
<code_ogr>104910</code_ogr>
<libelle>D&#0233;marrer la machine ou l&#0039;&#0233;quipement et surveiller le d&#0233;roulement des op&#0233;rations de production</libelle>
<code_type_activite>3</code_type_activite>
<code_type_item_activite>2</code_type_item_activite>
<position_item>4</position_item>
<priorisation>1</priorisation>
<riasec_majeur>R</riasec_majeur>
</item_ab>
<item_ab>
<code_ogr>123327</code_ogr>
<libelle>Appliquer les mesures correctives</libelle>
<code_type_activite>3</code_type_activite>
<code_type_item_activite>2</code_type_item_activite>
<position_item>5</position_item>
<priorisation>1</priorisation>
<riasec_majeur>R</riasec_majeur>
</item_ab>
<item_ab>
<code_ogr>124396</code_ogr>
<libelle>D&#0233;tecter un dysfonctionnement</libelle>
<code_type_activite>3</code_type_activite>
<code_type_item_activite>2</code_type_item_activite>
<position_item>6</position_item>
<priorisation>1</priorisation>
<riasec_majeur>R</riasec_majeur>
<riasec_mineur>i</riasec_mineur>
</item_ab>
<item_ab>
<code_ogr>124599</code_ogr>
<libelle>Retirer les produits non conformes d&#0039;une production</libelle>
<code_type_activite>3</code_type_activite>
<code_type_item_activite>2</code_type_item_activite>
<position_item>7</position_item>
<priorisation>1</priorisation>
<riasec_majeur>C</riasec_majeur>
</item_ab>
<item_ab>
<code_ogr>119364</code_ogr>
<libelle>Contr&#0244;ler la conformit&#0233; d&#0039;une production</libelle>
<code_type_activite>3</code_type_activite>
<code_type_item_activite>2</code_type_item_activite>
<position_item>8</position_item>
<priorisation>1</priorisation>
<riasec_majeur>C</riasec_majeur>
</item_ab>
<item_ab>
<code_ogr>119106</code_ogr>
<libelle>R&#0233;aliser un suivi d&#0039;activit&#0233;</libelle>
<code_type_activite>3</code_type_activite>
<code_type_item_activite>2</code_type_item_activite>
<position_item>9</position_item>
<priorisation>1</priorisation>
<riasec_majeur>C</riasec_majeur>
<riasec_mineur>e</riasec_mineur>
</item_ab>
<item_ab>
<code_ogr>119210</code_ogr>
<libelle>Assurer une maintenance de premier niveau</libelle>
<code_type_activite>3</code_type_activite>
<code_type_item_activite>2</code_type_item_activite>
<position_item>10</position_item>
<priorisation>1</priorisation>
<riasec_majeur>R</riasec_majeur>
</item_ab>
<item_ab>
<code_ogr>124888</code_ogr>
<libelle>Entretenir des &#0233;quipements</libelle>
<code_type_activite>3</code_type_activite>
<code_type_item_activite>2</code_type_item_activite>
<position_item>11</position_item>
<priorisation>1</priorisation>
<riasec_majeur>R</riasec_majeur>
</item_ab>
</activites_de_base>
<savoir_theorique_et_proceduraux nbItemSTP_AB="15">
<item_ab_stp>
<code_ogr>119507</code_ogr>
<libelle>Logiciels de Gestion de Production Assist&#0233;e Par Ordinateur (GPAO)</libelle>
<code_type_competence>1</code_type_competence>
<position_item>1</position_item>
<priorisation>1</priorisation>
</item_ab_stp>
<item_ab_stp>
<code_ogr>119426</code_ogr>
<libelle>Logiciels de Fabrication Assist&#0233;e par Ordinateur (FAO)</libelle>
<code_type_competence>1</code_type_competence>
<position_item>2</position_item>
<priorisation>1</priorisation>
</item_ab_stp>
<item_ab_stp>
<code_ogr>119603</code_ogr>
<libelle>R&#0233;glage manuel de machine</libelle>
<code_type_competence>1</code_type_competence>
<position_item>3</position_item>
<priorisation>1</priorisation>
</item_ab_stp>
<item_ab_stp>
<code_ogr>100822</code_ogr>
<libelle>Techniques d&#0039;usinage</libelle>
<code_type_competence>1</code_type_competence>
<position_item>4</position_item>
<priorisation>1</priorisation>
</item_ab_stp>
<item_ab_stp>
<code_ogr>119295</code_ogr>
<libelle>Caract&#0233;ristiques et propri&#0233;t&#0233;s des bois et ses d&#0233;riv&#0233;s</libelle>
<code_type_competence>1</code_type_competence>
<position_item>5</position_item>
<priorisation>1</priorisation>
</item_ab_stp>
<item_ab_stp>
<code_ogr>119990</code_ogr>
<libelle>Type de serrage d&#0039;outils</libelle>
<code_type_competence>1</code_type_competence>
<position_item>6</position_item>
<priorisation>1</priorisation>
</item_ab_stp>
<item_ab_stp>
<code_ogr>102884</code_ogr>
<libelle>Programmation de machine &#0224; commandes num&#0233;riques</libelle>
<code_type_competence>1</code_type_competence>
<position_item>7</position_item>
<priorisation>1</priorisation>
</item_ab_stp>
<item_ab_stp>
<code_ogr>104514</code_ogr>
<libelle>M&#0233;canique</libelle>
<code_type_competence>1</code_type_competence>
<position_item>8</position_item>
<priorisation>1</priorisation>
</item_ab_stp>
<item_ab_stp>
<code_ogr>104547</code_ogr>
<libelle>Pneumatique</libelle>
<code_type_competence>1</code_type_competence>
<position_item>9</position_item>
<priorisation>1</priorisation>
</item_ab_stp>
<item_ab_stp>
<code_ogr>102717</code_ogr>
<libelle>Electricit&#0233;</libelle>
<code_type_competence>1</code_type_competence>
<position_item>10</position_item>
<priorisation>1</priorisation>
</item_ab_stp>
<item_ab_stp>
<code_ogr>113245</code_ogr>
<libelle>Normes qualit&#0233;</libelle>
<code_type_competence>1</code_type_competence>
<position_item>11</position_item>
<priorisation>1</priorisation>
</item_ab_stp>
<item_ab_stp>
<code_ogr>100017</code_ogr>
<libelle>R&#0232;gles de s&#0233;curit&#0233;</libelle>
<code_type_competence>1</code_type_competence>
<position_item>12</position_item>
<priorisation>1</priorisation>
</item_ab_stp>
<item_ab_stp>
<code_ogr>103070</code_ogr>
<libelle>Lecture de plan, de sch&#0233;ma</libelle>
<code_type_competence>1</code_type_competence>
<position_item>13</position_item>
<priorisation>1</priorisation>
</item_ab_stp>
<item_ab_stp>
<code_ogr>102832</code_ogr>
<libelle>Lecture de documents techniques</libelle>
<code_type_competence>1</code_type_competence>
<position_item>14</position_item>
<priorisation>1</priorisation>
</item_ab_stp>
<item_ab_stp>
<code_ogr>124468</code_ogr>
<libelle>Machines &#0224; commandes num&#0233;riques</libelle>
<code_type_competence>1</code_type_competence>
<position_item>15</position_item>
<priorisation>1</priorisation>
</item_ab_stp>
</savoir_theorique_et_proceduraux>
<savoir_action nbItemSA_AB="0">
</savoir_action>
</bloc_activites_de_base>
<bloc_activites_specifiques nbBlocActiviteSpecifique="10">
<bloc>
<position_bloc>1</position_bloc>
<activite_specifique nbItemActivite_AS="1">
<item_as>
<code_ogr>120405</code_ogr>
<libelle>Utiliser un engin n&#0233;cessitant une habilitation</libelle>
<code_type_activite>3</code_type_activite>
<code_type_item_activite>2</code_type_item_activite>
<position_item>1</position_item>
<priorisation>1</priorisation>
<riasec_majeur>R</riasec_majeur>
</item_as>
</activite_specifique>
<savoir_theorique_et_proceduraux nbItemSTP_AS="3">
<item_as_stp>
<code_ogr>123696</code_ogr>
<libelle>Transpalettes &#0224; conducteur port&#0233; et pr&#0233;parateurs de commandes au sol (CACES R 389-1)</libelle>
<code_type_competence>1</code_type_competence>
<position_item>1</position_item>
<priorisation>1</priorisation>
</item_as_stp>
<item_as_stp>
<code_ogr>123698</code_ogr>
<libelle>Chariots &#0233;l&#0233;vateurs en porte-&#0224;-faux de capacit&#0233; inf&#0233;rieure ou &#0233;gale &#0224; 6000 kg (CACES R 389-3)</libelle>
<code_type_competence>1</code_type_competence>
<position_item>2</position_item>
<priorisation>1</priorisation>
</item_as_stp>
<item_as_stp>
<code_ogr>123718</code_ogr>
<libelle>Chariots &#0233;l&#0233;vateurs en porte-&#0224;-faux de capacit&#0233; sup&#0233;rieure &#0224; 6000 kg (CACES R 389-4)</libelle>
<code_type_competence>1</code_type_competence>
<position_item>3</position_item>
<priorisation>1</priorisation>
</item_as_stp>
</savoir_theorique_et_proceduraux>
<savoir_action nbItemSA_AS="0">
</savoir_action>
</bloc>
<bloc>
<position_bloc>2</position_bloc>
<activite_specifique nbItemActivite_AS="18">
<item_as>
<code_ogr>104914</code_ogr>
<libelle>R&#0233;aliser des op&#0233;rations de corroyage sur des ouvrages en bois</libelle>
<code_type_activite>3</code_type_activite>
<code_type_item_activite>2</code_type_item_activite>
<position_item>1</position_item>
<priorisation>1</priorisation>
<riasec_majeur>R</riasec_majeur>
</item_as>
<item_as>
<code_ogr>104915</code_ogr>
<libelle>R&#0233;aliser des op&#0233;rations de d&#0233;fon&#0231;age sur des ouvrages en bois</libelle>
<code_type_activite>3</code_type_activite>
<code_type_item_activite>2</code_type_item_activite>
<position_item>2</position_item>
<priorisation>1</priorisation>
<riasec_majeur>R</riasec_majeur>
</item_as>
<item_as>
<code_ogr>104916</code_ogr>
<libelle>R&#0233;aliser des op&#0233;rations de d&#0233;formation/cintrage sur des ouvrages en bois</libelle>
<code_type_activite>3</code_type_activite>
<code_type_item_activite>2</code_type_item_activite>
<position_item>3</position_item>
<priorisation>1</priorisation>
<riasec_majeur>R</riasec_majeur>
</item_as>
<item_as>
<code_ogr>104917</code_ogr>
<libelle>R&#0233;aliser des op&#0233;rations de d&#0233;gauchissage sur des ouvrages en bois</libelle>
<code_type_activite>3</code_type_activite>
<code_type_item_activite>2</code_type_item_activite>
<position_item>4</position_item>
<priorisation>1</priorisation>
<riasec_majeur>R</riasec_majeur>
</item_as>
<item_as>
<code_ogr>104918</code_ogr>
<libelle>R&#0233;aliser des op&#0233;rations de d&#0233;lignage sur des ouvrages en bois</libelle>
<code_type_activite>3</code_type_activite>
<code_type_item_activite>2</code_type_item_activite>
<position_item>5</position_item>
<priorisation>1</priorisation>
<riasec_majeur>R</riasec_majeur>
</item_as>
<item_as>
<code_ogr>104919</code_ogr>
<libelle>R&#0233;aliser des op&#0233;rations de fa&#0231;onnage sur des ouvrages en bois</libelle>
<code_type_activite>3</code_type_activite>
<code_type_item_activite>2</code_type_item_activite>
<position_item>6</position_item>
<priorisation>1</priorisation>
<riasec_majeur>R</riasec_majeur>
</item_as>
<item_as>
<code_ogr>104920</code_ogr>
<libelle>R&#0233;aliser des op&#0233;rations de finition sur des ouvrages en bois</libelle>
<code_type_activite>3</code_type_activite>
<code_type_item_activite>2</code_type_item_activite>
<position_item>7</position_item>
<priorisation>1</priorisation>
<riasec_majeur>R</riasec_majeur>
</item_as>
<item_as>
<code_ogr>104921</code_ogr>
<libelle>R&#0233;aliser des op&#0233;rations de massicotage sur des ouvrages en bois</libelle>
<code_type_activite>3</code_type_activite>
<code_type_item_activite>2</code_type_item_activite>
<position_item>8</position_item>
<priorisation>1</priorisation>
<riasec_majeur>R</riasec_majeur>
</item_as>
<item_as>
<code_ogr>104922</code_ogr>
<libelle>R&#0233;aliser des op&#0233;rations de mise en peinture sur des ouvrages en bois</libelle>
<code_type_activite>3</code_type_activite>
<code_type_item_activite>2</code_type_item_activite>
<position_item>9</position_item>
<priorisation>1</priorisation>
<riasec_majeur>R</riasec_majeur>
<riasec_mineur>a</riasec_mineur>
</item_as>
<item_as>
<code_ogr>104923</code_ogr>
<libelle>R&#0233;aliser des op&#0233;rations de montage sur des ouvrages en bois</libelle>
<code_type_activite>3</code_type_activite>
<code_type_item_activite>2</code_type_item_activite>
<position_item>10</position_item>
<priorisation>1</priorisation>
<riasec_majeur>R</riasec_majeur>
</item_as>
<item_as>
<code_ogr>104924</code_ogr>
<libelle>R&#0233;aliser des op&#0233;rations de mortaisage sur des ouvrages en bois</libelle>
<code_type_activite>3</code_type_activite>
<code_type_item_activite>2</code_type_item_activite>
<position_item>11</position_item>
<priorisation>1</priorisation>
<riasec_majeur>R</riasec_majeur>
</item_as>
<item_as>
<code_ogr>104925</code_ogr>
<libelle>R&#0233;aliser des op&#0233;rations de moulurage sur des ouvrages en bois</libelle>
<code_type_activite>3</code_type_activite>
<code_type_item_activite>2</code_type_item_activite>
<position_item>12</position_item>
<priorisation>1</priorisation>
<riasec_majeur>R</riasec_majeur>
</item_as>
<item_as>
<code_ogr>104926</code_ogr>
<libelle>R&#0233;aliser des op&#0233;rations de per&#0231;age sur des ouvrages en bois</libelle>
<code_type_activite>3</code_type_activite>
<code_type_item_activite>2</code_type_item_activite>
<position_item>13</position_item>
<priorisation>1</priorisation>
<riasec_majeur>R</riasec_majeur>
</item_as>
<item_as>
<code_ogr>104927</code_ogr>
<libelle>R&#0233;aliser des op&#0233;rations de pon&#0231;age sur des ouvrages en bois</libelle>
<code_type_activite>3</code_type_activite>
<code_type_item_activite>2</code_type_item_activite>
<position_item>14</position_item>
<priorisation>1</priorisation>
<riasec_majeur>R</riasec_majeur>
</item_as>
<item_as>
<code_ogr>104928</code_ogr>
<libelle>R&#0233;aliser des op&#0233;rations de rabotage sur des ouvrages en bois</libelle>
<code_type_activite>3</code_type_activite>
<code_type_item_activite>2</code_type_item_activite>
<position_item>15</position_item>
<priorisation>1</priorisation>
<riasec_majeur>R</riasec_majeur>
</item_as>
<item_as>
<code_ogr>104929</code_ogr>
<libelle>R&#0233;aliser des op&#0233;rations de sciage sur des ouvrages en bois</libelle>
<code_type_activite>3</code_type_activite>
<code_type_item_activite>2</code_type_item_activite>
<position_item>16</position_item>
<priorisation>1</priorisation>
<riasec_majeur>R</riasec_majeur>
</item_as>
<item_as>
<code_ogr>104930</code_ogr>
<libelle>R&#0233;aliser des op&#0233;rations de tournage sur des ouvrages en bois</libelle>
<code_type_activite>3</code_type_activite>
<code_type_item_activite>2</code_type_item_activite>
<position_item>17</position_item>
<priorisation>1</priorisation>
<riasec_majeur>R</riasec_majeur>
</item_as>
<item_as>
<code_ogr>105180</code_ogr>
<libelle>Parachever le vernissage</libelle>
<code_type_activite>3</code_type_activite>
<code_type_item_activite>2</code_type_item_activite>
<position_item>18</position_item>
<priorisation>1</priorisation>
<riasec_majeur>R</riasec_majeur>
<riasec_mineur>a</riasec_mineur>
</item_as>
</activite_specifique>
<savoir_theorique_et_proceduraux nbItemSTP_AS="0">
</savoir_theorique_et_proceduraux>
<savoir_action nbItemSA_AS="0">
</savoir_action>
</bloc>
<bloc>
<position_bloc>3</position_bloc>
<activite_specifique nbItemActivite_AS="6">
<item_as>
<code_ogr>104932</code_ogr>
<libelle>R&#0233;aliser des op&#0233;rations de fabrication/d&#0039;usinage sur des centres d&#0039;usinage</libelle>
<code_type_activite>3</code_type_activite>
<code_type_item_activite>2</code_type_item_activite>
<position_item>1</position_item>
<priorisation>1</priorisation>
<riasec_majeur>R</riasec_majeur>
</item_as>
<item_as>
<code_ogr>104933</code_ogr>
<libelle>R&#0233;aliser des op&#0233;rations de fabrication/d&#0039;usinage sur des cha&#0238;nes/lignes automatis&#0233;es</libelle>
<code_type_activite>3</code_type_activite>
<code_type_item_activite>2</code_type_item_activite>
<position_item>2</position_item>
<priorisation>1</priorisation>
<riasec_majeur>R</riasec_majeur>
</item_as>
<item_as>
<code_ogr>104934</code_ogr>
<libelle>R&#0233;aliser des op&#0233;rations de fabrication/d&#0039;usinage sur des &#0233;quipements individuels automatis&#0233;s</libelle>
<code_type_activite>3</code_type_activite>
<code_type_item_activite>2</code_type_item_activite>
<position_item>3</position_item>
<priorisation>1</priorisation>
<riasec_majeur>R</riasec_majeur>
</item_as>
<item_as>
<code_ogr>104935</code_ogr>
<libelle>R&#0233;aliser des op&#0233;rations de fabrication/d&#0039;usinage sur des machines-outils &#0224; axes multiples</libelle>
<code_type_activite>3</code_type_activite>
<code_type_item_activite>2</code_type_item_activite>
<position_item>4</position_item>
<priorisation>1</priorisation>
<riasec_majeur>R</riasec_majeur>
</item_as>
<item_as>
<code_ogr>104936</code_ogr>
<libelle>R&#0233;aliser des op&#0233;rations de fabrication/d&#0039;usinage sur des machines-outils &#0224; commandes num&#0233;riques</libelle>
<code_type_activite>3</code_type_activite>
<code_type_item_activite>2</code_type_item_activite>
<position_item>5</position_item>
<priorisation>1</priorisation>
<riasec_majeur>R</riasec_majeur>
</item_as>
<item_as>
<code_ogr>104937</code_ogr>
<libelle>R&#0233;aliser des op&#0233;rations de fabrication/d&#0039;usinage sur des machines-outils conventionnelles</libelle>
<code_type_activite>3</code_type_activite>
<code_type_item_activite>2</code_type_item_activite>
<position_item>6</position_item>
<priorisation>1</priorisation>
<riasec_majeur>R</riasec_majeur>
</item_as>
</activite_specifique>
<savoir_theorique_et_proceduraux nbItemSTP_AS="0">
</savoir_theorique_et_proceduraux>
<savoir_action nbItemSA_AS="0">
</savoir_action>
</bloc>
<bloc>
<position_bloc>4</position_bloc>
<activite_specifique nbItemActivite_AS="1">
<item_as>
<code_ogr>114663</code_ogr>
<libelle>Modifier un programme pr&#0233;-&#0233;tabli (codage-d&#0233;codage) ou concevoir un programme de base de fabrication (conversion de plan, r&#0233;f&#0233;rentiel pi&#0232;ce, ...)</libelle>
<code_type_activite>3</code_type_activite>
<code_type_item_activite>2</code_type_item_activite>
<position_item>1</position_item>
<priorisation>1</priorisation>
<riasec_majeur>I</riasec_majeur>
<riasec_mineur>r</riasec_mineur>
</item_as>
</activite_specifique>
<savoir_theorique_et_proceduraux nbItemSTP_AS="2">
<item_as_stp>
<code_ogr>119424</code_ogr>
<libelle>Logiciels de Commandes Num&#0233;riques (CN)</libelle>
<code_type_competence>1</code_type_competence>
<position_item>1</position_item>
<priorisation>1</priorisation>
</item_as_stp>
<item_as_stp>
<code_ogr>119425</code_ogr>
<libelle>Logiciels de Conception de Fabrication Assist&#0233;e par Ordinateur (CFAO)</libelle>
<code_type_competence>1</code_type_competence>
<position_item>2</position_item>
<priorisation>1</priorisation>
</item_as_stp>
</savoir_theorique_et_proceduraux>
<savoir_action nbItemSA_AS="0">
</savoir_action>
</bloc>
<bloc>
<position_bloc>5</position_bloc>
<activite_specifique nbItemActivite_AS="1">
<item_as>
<code_ogr>114664</code_ogr>
<libelle>V&#0233;rifier et remplacer des outils, des outillages sur des &#0233;quipements de production</libelle>
<code_type_activite>3</code_type_activite>
<code_type_item_activite>2</code_type_item_activite>
<position_item>1</position_item>
<priorisation>1</priorisation>
<riasec_majeur>R</riasec_majeur>
</item_as>
</activite_specifique>
<savoir_theorique_et_proceduraux nbItemSTP_AS="0">
</savoir_theorique_et_proceduraux>
<savoir_action nbItemSA_AS="0">
</savoir_action>
</bloc>
<bloc>
<position_bloc>6</position_bloc>
<activite_specifique nbItemActivite_AS="1">
<item_as>
<code_ogr>114665</code_ogr>
<libelle>Fa&#0231;onner des &#0233;l&#0233;ments en bois sur machine traditionnelle (toupie plate, volante, chantourneuse, ...) en guidant manuellement l&#0039;outil ou la pi&#0232;ce</libelle>
<code_type_activite>3</code_type_activite>
<code_type_item_activite>2</code_type_item_activite>
<position_item>1</position_item>
<priorisation>1</priorisation>
<riasec_majeur>R</riasec_majeur>
</item_as>
</activite_specifique>
<savoir_theorique_et_proceduraux nbItemSTP_AS="0">
</savoir_theorique_et_proceduraux>
<savoir_action nbItemSA_AS="0">
</savoir_action>
</bloc>
<bloc>
<position_bloc>7</position_bloc>
<activite_specifique nbItemActivite_AS="1">
<item_as>
<code_ogr>114666</code_ogr>
<libelle>R&#0233;gler des &#0233;quipements (autoclaves, &#0233;tuves, ...) de traitement du bois (s&#0233;chage, pr&#0233;servation, ...) et surveiller leur fonctionnement</libelle>
<code_type_activite>3</code_type_activite>
<code_type_item_activite>2</code_type_item_activite>
<position_item>1</position_item>
<priorisation>1</priorisation>
<riasec_majeur>R</riasec_majeur>
</item_as>
</activite_specifique>
<savoir_theorique_et_proceduraux nbItemSTP_AS="2">
<item_as_stp>
<code_ogr>103626</code_ogr>
<libelle>Techniques de traitement du bois</libelle>
<code_type_competence>1</code_type_competence>
<position_item>1</position_item>
<priorisation>1</priorisation>
</item_as_stp>
<item_as_stp>
<code_ogr>104939</code_ogr>
<libelle>Cycles de s&#0233;chage des essences de bois</libelle>
<code_type_competence>1</code_type_competence>
<position_item>2</position_item>
<priorisation>1</priorisation>
</item_as_stp>
</savoir_theorique_et_proceduraux>
<savoir_action nbItemSA_AS="0">
</savoir_action>
</bloc>
<bloc>
<position_bloc>8</position_bloc>
<activite_specifique nbItemActivite_AS="3">
<item_as>
<code_ogr>119860</code_ogr>
<libelle>Pr&#0233;parer les commandes</libelle>
<code_type_activite>3</code_type_activite>
<code_type_item_activite>2</code_type_item_activite>
<position_item>1</position_item>
<priorisation>1</priorisation>
<riasec_majeur>C</riasec_majeur>
<riasec_mineur>r</riasec_mineur>
</item_as>
<item_as>
<code_ogr>116932</code_ogr>
<libelle>Suivre l&#0039;&#0233;tat des stocks</libelle>
<code_type_activite>3</code_type_activite>
<code_type_item_activite>2</code_type_item_activite>
<position_item>2</position_item>
<priorisation>1</priorisation>
<riasec_majeur>C</riasec_majeur>
</item_as>
<item_as>
<code_ogr>125971</code_ogr>
<libelle>D&#0233;finir des besoins en approvisionnement</libelle>
<code_type_activite>3</code_type_activite>
<code_type_item_activite>2</code_type_item_activite>
<position_item>3</position_item>
<priorisation>1</priorisation>
<riasec_majeur>C</riasec_majeur>
</item_as>
</activite_specifique>
<savoir_theorique_et_proceduraux nbItemSTP_AS="1">
<item_as_stp>
<code_ogr>119508</code_ogr>
<libelle>Logiciels de gestion de stocks</libelle>
<code_type_competence>1</code_type_competence>
<position_item>1</position_item>
<priorisation>1</priorisation>
</item_as_stp>
</savoir_theorique_et_proceduraux>
<savoir_action nbItemSA_AS="0">
</savoir_action>
</bloc>
<bloc>
<position_bloc>9</position_bloc>
<activite_specifique nbItemActivite_AS="1">
<item_as>
<code_ogr>117482</code_ogr>
<libelle>Conditionner un produit</libelle>
<code_type_activite>3</code_type_activite>
<code_type_item_activite>2</code_type_item_activite>
<position_item>1</position_item>
<priorisation>1</priorisation>
<riasec_majeur>R</riasec_majeur>
</item_as>
</activite_specifique>
<savoir_theorique_et_proceduraux nbItemSTP_AS="0">
</savoir_theorique_et_proceduraux>
<savoir_action nbItemSA_AS="0">
</savoir_action>
</bloc>
<bloc>
<position_bloc>10</position_bloc>
<activite_specifique nbItemActivite_AS="1">
<item_as>
<code_ogr>102359</code_ogr>
<libelle>Coordonner l&#0039;activit&#0233; d&#0039;une &#0233;quipe</libelle>
<code_type_activite>3</code_type_activite>
<code_type_item_activite>2</code_type_item_activite>
<position_item>1</position_item>
<priorisation>1</priorisation>
<riasec_majeur>E</riasec_majeur>
<riasec_mineur>s</riasec_mineur>
</item_as>
</activite_specifique>
<savoir_theorique_et_proceduraux nbItemSTP_AS="0">
</savoir_theorique_et_proceduraux>
<savoir_action nbItemSA_AS="0">
</savoir_action>
</bloc>
</bloc_activites_specifiques>
<bloc_mobilites>
<mobilites_proches nbItemMob="3">
<item_mob_pr><code_type_mobilite>1</code_type_mobilite>
<liste_appellation_source>
<code_appellation_source>0</code_appellation_source>
<libelle_appellation_source>Toutes les appellations</libelle_appellation_source>
</liste_appellation_source>
<code_rome_cible>H2201</code_rome_cible>
<libelle_rome_cible>Assemblage d&#0039;ouvrages en bois</libelle_rome_cible>
<liste_appellation_cible>
<code_appellation_cible>0</code_appellation_cible>
<libelle_appellation_cible>Toutes les appellations</libelle_appellation_cible>
</liste_appellation_cible>
</item_mob_pr>
<item_mob_pr><code_type_mobilite>1</code_type_mobilite>
<liste_appellation_source>
<code_appellation_source>0</code_appellation_source>
<libelle_appellation_source>Toutes les appellations</libelle_appellation_source>
</liste_appellation_source>
<code_rome_cible>H2203</code_rome_cible>
<libelle_rome_cible>Conduite d&#0039;installation de production de panneaux bois</libelle_rome_cible>
<liste_appellation_cible>
<code_appellation_cible>0</code_appellation_cible>
<libelle_appellation_cible>Toutes les appellations</libelle_appellation_cible>
</liste_appellation_cible>
</item_mob_pr>
<item_mob_pr><code_type_mobilite>1</code_type_mobilite>
<liste_appellation_source>
<code_appellation_source>0</code_appellation_source>
<libelle_appellation_source>Toutes les appellations</libelle_appellation_source>
</liste_appellation_source>
<code_rome_cible>H3404</code_rome_cible>
<libelle_rome_cible>Peinture industrielle</libelle_rome_cible>
<liste_appellation_cible>
<code_appellation_cible>0</code_appellation_cible>
<libelle_appellation_cible>Toutes les appellations</libelle_appellation_cible>
</liste_appellation_cible>
</item_mob_pr>
</mobilites_proches>
<mobilites_si_evolution nbItemMob="8">
<item_mob_ev><code_type_mobilite>2</code_type_mobilite>
<liste_appellation_source>
<code_appellation_source>0</code_appellation_source>
<libelle_appellation_source>Toutes les appellations</libelle_appellation_source>
</liste_appellation_source>
<code_rome_cible>F1503</code_rome_cible>
<libelle_rome_cible>R&#0233;alisation - installation d&#0039;ossatures bois</libelle_rome_cible>
<liste_appellation_cible>
<code_appellation_cible>0</code_appellation_cible>
<libelle_appellation_cible>Toutes les appellations</libelle_appellation_cible>
</liste_appellation_cible>
</item_mob_ev>
<item_mob_ev><code_type_mobilite>2</code_type_mobilite>
<liste_appellation_source>
<code_appellation_source>0</code_appellation_source>
<libelle_appellation_source>Toutes les appellations</libelle_appellation_source>
</liste_appellation_source>
<code_rome_cible>H2204</code_rome_cible>
<libelle_rome_cible>Encadrement des industries de l&#0039;ameublement et du bois</libelle_rome_cible>
<liste_appellation_cible>
<code_appellation_cible>0</code_appellation_cible>
<libelle_appellation_cible>Toutes les appellations</libelle_appellation_cible>
</liste_appellation_cible>
</item_mob_ev>
<item_mob_ev><code_type_mobilite>2</code_type_mobilite>
<liste_appellation_source>
<code_appellation_source>0</code_appellation_source>
<libelle_appellation_source>Toutes les appellations</libelle_appellation_source>
</liste_appellation_source>
<code_rome_cible>H2206</code_rome_cible>
<libelle_rome_cible>R&#0233;alisation de menuiserie bois et tonnellerie</libelle_rome_cible>
<liste_appellation_cible>
<code_appellation_cible>0</code_appellation_cible>
<libelle_appellation_cible>Toutes les appellations</libelle_appellation_cible>
</liste_appellation_cible>
</item_mob_ev>
<item_mob_ev><code_type_mobilite>2</code_type_mobilite>
<liste_appellation_source>
<code_appellation_source>0</code_appellation_source>
<libelle_appellation_source>Toutes les appellations</libelle_appellation_source>
</liste_appellation_source>
<code_rome_cible>H2209</code_rome_cible>
<libelle_rome_cible>Intervention technique en ameublement et bois</libelle_rome_cible>
<liste_appellation_cible>
<code_appellation_cible>0</code_appellation_cible>
<libelle_appellation_cible>Toutes les appellations</libelle_appellation_cible>
</liste_appellation_cible>
</item_mob_ev>
<item_mob_ev><code_type_mobilite>2</code_type_mobilite>
<liste_appellation_source>
<code_appellation_source>0</code_appellation_source>
<libelle_appellation_source>Toutes les appellations</libelle_appellation_source>
</liste_appellation_source>
<code_rome_cible>H2903</code_rome_cible>
<libelle_rome_cible>Conduite d&#0039;&#0233;quipement d&#0039;usinage</libelle_rome_cible>
<liste_appellation_cible>
<code_appellation_cible>0</code_appellation_cible>
<libelle_appellation_cible>Toutes les appellations</libelle_appellation_cible>
</liste_appellation_cible>
</item_mob_ev>
<item_mob_ev><code_type_mobilite>2</code_type_mobilite>
<liste_appellation_source>
<code_appellation_source>0</code_appellation_source>
<libelle_appellation_source>Toutes les appellations</libelle_appellation_source>
</liste_appellation_source>
<code_rome_cible>H2905</code_rome_cible>
<libelle_rome_cible>Conduite d&#0039;&#0233;quipement de formage et d&#0233;coupage des mat&#0233;riaux</libelle_rome_cible>
<liste_appellation_cible>
<code_appellation_cible>0</code_appellation_cible>
<libelle_appellation_cible>Toutes les appellations</libelle_appellation_cible>
</liste_appellation_cible>
</item_mob_ev>
<item_mob_ev><code_type_mobilite>2</code_type_mobilite>
<liste_appellation_source>
<code_appellation_source>0</code_appellation_source>
<libelle_appellation_source>Toutes les appellations</libelle_appellation_source>
</liste_appellation_source>
<code_rome_cible>H2906</code_rome_cible>
<libelle_rome_cible>Conduite d&#0039;installation automatis&#0233;e ou robotis&#0233;e de fabrication m&#0233;canique</libelle_rome_cible>
<liste_appellation_cible>
<code_appellation_cible>0</code_appellation_cible>
<libelle_appellation_cible>Toutes les appellations</libelle_appellation_cible>
</liste_appellation_cible>
</item_mob_ev>
<item_mob_ev><code_type_mobilite>2</code_type_mobilite>
<liste_appellation_source>
<code_appellation_source>0</code_appellation_source>
<libelle_appellation_source>Toutes les appellations</libelle_appellation_source>
</liste_appellation_source>
<code_rome_cible>H2912</code_rome_cible>
<libelle_rome_cible>R&#0233;glage d&#0039;&#0233;quipement de production industrielle</libelle_rome_cible>
<liste_appellation_cible>
<code_appellation_cible>0</code_appellation_cible>
<libelle_appellation_cible>Toutes les appellations</libelle_appellation_cible>
</liste_appellation_cible>
</item_mob_ev>
</mobilites_si_evolution>
</bloc_mobilites>
</fiche_emploi_metier>