<?xml version="1.0" encoding="UTF-8" ?>
<fiche_emploi_metier>
<type_fiche>2</type_fiche>
<libelle_type_fiche>priorise</libelle_type_fiche>
<version_SI>
<version_rome>333</version_rome>
<date_version_si>01/10/2017</date_version_si>
<mois_version_si>Octobre</mois_version_si>
<annee_version_si>2017</annee_version_si>
</version_SI>
<bloc_code_rome>
<code_rome>H2208</code_rome>
<intitule>R&#0233;alisation d&#0039;ouvrages d&#0233;coratifs en bois</intitule>
<code_ogr>244</code_ogr>
<riasec_majeur>R</riasec_majeur>
<riasec_mineur>a</riasec_mineur>
</bloc_code_rome>
<bloc_appellation nbItemAppellation="17">
<item_app>
<code_ogr>11552</code_ogr>
<libelle>Boisselier / Boisseli&#0232;re</libelle>
<libelle_court>Boisselier / Boisseli&#0232;re</libelle_court>
<priorisation>1</priorisation>
</item_app>
<item_app>
<code_ogr>14822</code_ogr>
<libelle>Encadreur / Encadreuse</libelle>
<libelle_court>Encadreur / Encadreuse</libelle_court>
<priorisation>1</priorisation>
</item_app>
<item_app>
<code_ogr>15025</code_ogr>
<libelle>Fabricant / Fabricante de jouets en bois</libelle>
<libelle_court>Fabricant / Fabricante de jouets en bois</libelle_court>
<priorisation>1</priorisation>
</item_app>
<item_app>
<code_ogr>15042</code_ogr>
<libelle>Fa&#0231;onnier / Fa&#0231;onni&#0232;re d&#0039;ouvrages d&#0233;coratifs en bois et mat&#0233;riaux associ&#0233;s</libelle>
<libelle_court>Fa&#0231;onnier(&#0232;re) ouvrages d&#0233;coratifs bois, mat&#0233;riaux associ&#0233;s</libelle_court>
<priorisation>1</priorisation>
</item_app>
<item_app>
<code_ogr>16367</code_ogr>
<libelle>Maquettiste de mod&#0232;les r&#0233;duits en bois</libelle>
<libelle_court>Maquettiste de mod&#0232;les r&#0233;duits en bois</libelle_court>
<priorisation>1</priorisation>
</item_app>
<item_app>
<code_ogr>16414</code_ogr>
<libelle>Marqueteur / Marqueteuse</libelle>
<libelle_court>Marqueteur / Marqueteuse</libelle_court>
<priorisation>1</priorisation>
</item_app>
<item_app>
<code_ogr>16415</code_ogr>
<libelle>Marqueteur / Marqueteuse de paille</libelle>
<libelle_court>Marqueteur / Marqueteuse de paille</libelle_court>
<priorisation>1</priorisation>
</item_app>
<item_app>
<code_ogr>16945</code_ogr>
<libelle>Nacreur / Nacreuse</libelle>
<libelle_court>Nacreur / Nacreuse</libelle_court>
<priorisation>1</priorisation>
</item_app>
<item_app>
<code_ogr>16946</code_ogr>
<libelle>Nacrier / Nacri&#0232;re</libelle>
<libelle_court>Nacrier / Nacri&#0232;re</libelle_court>
<priorisation>1</priorisation>
</item_app>
<item_app>
<code_ogr>17789</code_ogr>
<libelle>Pipier / Pipi&#0232;re sur bois</libelle>
<libelle_court>Pipier / Pipi&#0232;re sur bois</libelle_court>
<priorisation>1</priorisation>
</item_app>
<item_app>
<code_ogr>19233</code_ogr>
<libelle>Restaurateur / Restauratrice d&#0039;ouvrages d&#0233;coratifs en bois</libelle>
<libelle_court>Restaurateur / Restauratrice d&#0039;ouvrages d&#0233;coratifs en bois</libelle_court>
<priorisation>1</priorisation>
</item_app>
<item_app>
<code_ogr>19296</code_ogr>
<libelle>Sabotier / Saboti&#0232;re</libelle>
<libelle_court>Sabotier / Saboti&#0232;re</libelle_court>
<priorisation>1</priorisation>
</item_app>
<item_app>
<code_ogr>19341</code_ogr>
<libelle>Sculpteur / Sculptrice statuaire bois</libelle>
<libelle_court>Sculpteur / Sculptrice statuaire bois</libelle_court>
<priorisation>1</priorisation>
</item_app>
<item_app>
<code_ogr>19342</code_ogr>
<libelle>Sculpteur / Sculptrice sur bois</libelle>
<libelle_court>Sculpteur / Sculptrice sur bois</libelle_court>
<priorisation>1</priorisation>
</item_app>
<item_app>
<code_ogr>19337</code_ogr>
<libelle>Sculpteur modeleur / Sculptrice modeleuse sur bois</libelle>
<libelle_court>Sculpteur modeleur / Sculptrice modeleuse sur bois</libelle_court>
<priorisation>1</priorisation>
</item_app>
<item_app>
<code_ogr>19615</code_ogr>
<libelle>Tabletier / Tableti&#0232;re</libelle>
<libelle_court>Tabletier / Tableti&#0232;re</libelle_court>
<priorisation>1</priorisation>
</item_app>
<item_app>
<code_ogr>20377</code_ogr>
<libelle>Tourneur / Tourneuse sur bois</libelle>
<libelle_court>Tourneur / Tourneuse sur bois</libelle_court>
<priorisation>1</priorisation>
</item_app>
</bloc_appellation>
<definition nbItemDefinition="3">
R&#0233;alise, &#0224; l&#0039;unit&#0233; ou en petite s&#0233;rie, tout ou partie d&#0039;objets d&#0233;coratifs en bois massif ou de placage (statuaire, jouet, marqueterie...) ou l&#0039;encadrement et la protection d&#0039;oeuvres graphiques ou d&#0039;objets (sculpture, ...).
Peut restaurer des ouvrages d&#0039;art en bois et transmettre son savoir-faire.
Peut coordonner une &#0233;quipe et diriger une structure.
</definition>
<acces_emploi_metier nbItemAccesEmploiMetier="2">
Cet emploi/m&#0233;tier est accessible avec un dipl&#0244;me de niveau CAP/BEP &#0224; Bac+2 (Dipl&#0244;me des M&#0233;tiers d&#0039;Art -DMA-) en menuiserie, arts du bois, encadrement, d&#0233;cors et mobiliers en bois, ...
Il est &#0233;galement accessible avec une exp&#0233;rience professionnelle dans le secteur du bois sans dipl&#0244;me particulier.
</acces_emploi_metier>
<condition_exercice_activite nbItemConditionExercice="2">
L&#0039;activit&#0233; de cet emploi/m&#0233;tier s&#0039;exerce au sein d&#0039;entreprises artisanales, d&#0039;&#0233;tablissements publics, d&#0039;organismes culturels ou du patrimoine, en contact avec des clients et diff&#0233;rents intervenants (&#0233;b&#0233;niste, antiquaire, d&#0233;corateurs d&#0039;int&#0233;rieurs, ...).
L&#0039;activit&#0233; s&#0039;exerce en atelier et en environnement poussi&#0233;reux.
</condition_exercice_activite>
<bloc_environnement_de_travail nbItemEnvTrav="4">
<item_env>
<code_ogr>23808</code_ogr>
<libelle>Collectivit&#0233; territoriale</libelle>
<code_type_section_env>1</code_type_section_env>
<priorisation>1</priorisation>
</item_env>
<item_env>
<code_ogr>23870</code_ogr>
<libelle>Entreprise artisanale</libelle>
<code_type_section_env>1</code_type_section_env>
<priorisation>1</priorisation>
</item_env>
<item_env>
<code_ogr>24016</code_ogr>
<libelle>Organisme culturel, du patrimoine</libelle>
<code_type_section_env>1</code_type_section_env>
<priorisation>1</priorisation>
</item_env>
<item_env>
<code_ogr>24844</code_ogr>
<libelle>Travail en ind&#0233;pendant</libelle>
<code_type_section_env>3</code_type_section_env>
<priorisation>1</priorisation>
</item_env>
</bloc_environnement_de_travail>
<bloc_activites_de_base nbBlocActiviteBase="1">
<activites_de_base nbItemActivite_AB="9">
<item_ab>
<code_ogr>122764</code_ogr>
<libelle>D&#0233;finir un avant-projet</libelle>
<code_type_activite>3</code_type_activite>
<code_type_item_activite>2</code_type_item_activite>
<position_item>1</position_item>
<priorisation>1</priorisation>
<riasec_majeur>E</riasec_majeur>
<riasec_mineur>c</riasec_mineur>
</item_ab>
<item_ab>
<code_ogr>122891</code_ogr>
<libelle>D&#0233;terminer les conditions de r&#0233;alisation d&#0039;un projet</libelle>
<code_type_activite>3</code_type_activite>
<code_type_item_activite>2</code_type_item_activite>
<position_item>2</position_item>
<priorisation>1</priorisation>
<riasec_majeur>E</riasec_majeur>
<riasec_mineur>c</riasec_mineur>
</item_ab>
<item_ab>
<code_ogr>117573</code_ogr>
<libelle>S&#0233;lectionner les pi&#0232;ces constitutives de l&#0039;ouvrage</libelle>
<code_type_activite>3</code_type_activite>
<code_type_item_activite>2</code_type_item_activite>
<position_item>3</position_item>
<priorisation>1</priorisation>
<riasec_majeur>R</riasec_majeur>
<riasec_mineur>c</riasec_mineur>
</item_ab>
<item_ab>
<code_ogr>117572</code_ogr>
<libelle>Constituer le stock de mati&#0232;res premi&#0232;res et de consommables</libelle>
<code_type_activite>3</code_type_activite>
<code_type_item_activite>2</code_type_item_activite>
<position_item>4</position_item>
<priorisation>1</priorisation>
<riasec_majeur>R</riasec_majeur>
<riasec_mineur>c</riasec_mineur>
</item_ab>
<item_ab>
<code_ogr>125587</code_ogr>
<libelle>Reporter des motifs et rep&#0232;res sur un ouvrage</libelle>
<code_type_activite>3</code_type_activite>
<code_type_item_activite>2</code_type_item_activite>
<position_item>5</position_item>
<priorisation>1</priorisation>
<riasec_majeur>R</riasec_majeur>
<riasec_mineur>a</riasec_mineur>
</item_ab>
<item_ab>
<code_ogr>125586</code_ogr>
<libelle>R&#0233;aliser un croquis, un dessin de pi&#0232;ce</libelle>
<code_type_activite>3</code_type_activite>
<code_type_item_activite>2</code_type_item_activite>
<position_item>6</position_item>
<priorisation>1</priorisation>
<riasec_majeur>R</riasec_majeur>
<riasec_mineur>a</riasec_mineur>
</item_ab>
<item_ab>
<code_ogr>125749</code_ogr>
<libelle>R&#0233;aliser les finitions d&#0039;un ouvrage</libelle>
<code_type_activite>3</code_type_activite>
<code_type_item_activite>2</code_type_item_activite>
<position_item>7</position_item>
<priorisation>1</priorisation>
<riasec_majeur>R</riasec_majeur>
</item_ab>
<item_ab>
<code_ogr>121762</code_ogr>
<libelle>Enregistrer la vente d&#0039;un article</libelle>
<code_type_activite>3</code_type_activite>
<code_type_item_activite>2</code_type_item_activite>
<position_item>8</position_item>
<priorisation>1</priorisation>
<riasec_majeur>C</riasec_majeur>
</item_ab>
<item_ab>
<code_ogr>117482</code_ogr>
<libelle>Conditionner un produit</libelle>
<code_type_activite>3</code_type_activite>
<code_type_item_activite>2</code_type_item_activite>
<position_item>9</position_item>
<priorisation>1</priorisation>
<riasec_majeur>R</riasec_majeur>
</item_ab>
</activites_de_base>
<savoir_theorique_et_proceduraux nbItemSTP_AB="15">
<item_ab_stp>
<code_ogr>117954</code_ogr>
<libelle>Techniques d&#0039;incrustation de mat&#0233;riaux</libelle>
<code_type_competence>1</code_type_competence>
<position_item>1</position_item>
<priorisation>1</priorisation>
</item_ab_stp>
<item_ab_stp>
<code_ogr>100437</code_ogr>
<libelle>Proc&#0233;d&#0233;s de formage</libelle>
<code_type_competence>1</code_type_competence>
<position_item>2</position_item>
<priorisation>1</priorisation>
</item_ab_stp>
<item_ab_stp>
<code_ogr>109151</code_ogr>
<libelle>Techniques de tournage</libelle>
<code_type_competence>1</code_type_competence>
<position_item>3</position_item>
<priorisation>1</priorisation>
</item_ab_stp>
<item_ab_stp>
<code_ogr>101174</code_ogr>
<libelle>G&#0233;om&#0233;trie</libelle>
<code_type_competence>1</code_type_competence>
<position_item>4</position_item>
<priorisation>1</priorisation>
</item_ab_stp>
<item_ab_stp>
<code_ogr>119187</code_ogr>
<libelle>Mod&#0233;lisation 3D</libelle>
<code_type_competence>1</code_type_competence>
<position_item>5</position_item>
<priorisation>1</priorisation>
</item_ab_stp>
<item_ab_stp>
<code_ogr>123729</code_ogr>
<libelle>Mod&#0233;lisation spatiale</libelle>
<code_type_competence>1</code_type_competence>
<position_item>6</position_item>
<priorisation>1</priorisation>
</item_ab_stp>
<item_ab_stp>
<code_ogr>119672</code_ogr>
<libelle>Conception et Dessin Assist&#0233;s par Ordinateur (CAO/DAO)</libelle>
<code_type_competence>1</code_type_competence>
<position_item>7</position_item>
<priorisation>1</priorisation>
</item_ab_stp>
<item_ab_stp>
<code_ogr>101262</code_ogr>
<libelle>Tra&#0231;age &#0224; main lev&#0233;e</libelle>
<code_type_competence>1</code_type_competence>
<position_item>8</position_item>
<priorisation>1</priorisation>
</item_ab_stp>
<item_ab_stp>
<code_ogr>119973</code_ogr>
<libelle>Techniques de reproduction de motifs</libelle>
<code_type_competence>1</code_type_competence>
<position_item>9</position_item>
<priorisation>1</priorisation>
</item_ab_stp>
<item_ab_stp>
<code_ogr>100507</code_ogr>
<libelle>Utilisation d&#0039;outillages &#0233;lectroportatifs (scie &#0233;lectrique, ponceuse, ...)</libelle>
<code_type_competence>1</code_type_competence>
<position_item>10</position_item>
<priorisation>1</priorisation>
</item_ab_stp>
<item_ab_stp>
<code_ogr>100576</code_ogr>
<libelle>Utilisation de tour</libelle>
<code_type_competence>1</code_type_competence>
<position_item>11</position_item>
<priorisation>1</priorisation>
</item_ab_stp>
<item_ab_stp>
<code_ogr>100017</code_ogr>
<libelle>R&#0232;gles de s&#0233;curit&#0233;</libelle>
<code_type_competence>1</code_type_competence>
<position_item>12</position_item>
<priorisation>1</priorisation>
</item_ab_stp>
<item_ab_stp>
<code_ogr>119295</code_ogr>
<libelle>Caract&#0233;ristiques et propri&#0233;t&#0233;s des bois et ses d&#0233;riv&#0233;s</libelle>
<code_type_competence>1</code_type_competence>
<position_item>13</position_item>
<priorisation>1</priorisation>
</item_ab_stp>
<item_ab_stp>
<code_ogr>100800</code_ogr>
<libelle>Techniques de collage</libelle>
<code_type_competence>1</code_type_competence>
<position_item>14</position_item>
<priorisation>1</priorisation>
</item_ab_stp>
<item_ab_stp>
<code_ogr>100506</code_ogr>
<libelle>Utilisation d&#0039;outils &#0224; bois manuels</libelle>
<code_type_competence>1</code_type_competence>
<position_item>15</position_item>
<priorisation>1</priorisation>
</item_ab_stp>
</savoir_theorique_et_proceduraux>
<savoir_action nbItemSA_AB="0">
</savoir_action>
</bloc_activites_de_base>
<bloc_activites_specifiques nbBlocActiviteSpecifique="9">
<bloc>
<position_bloc>1</position_bloc>
<activite_specifique nbItemActivite_AS="12">
<item_as>
<code_ogr>125829</code_ogr>
<libelle>Orner des rev&#0234;tements muraux, paravents etc.</libelle>
<code_type_activite>3</code_type_activite>
<code_type_item_activite>2</code_type_item_activite>
<position_item>1</position_item>
<priorisation>1</priorisation>
<riasec_majeur>R</riasec_majeur>
<riasec_mineur>a</riasec_mineur>
</item_as>
<item_as>
<code_ogr>125564</code_ogr>
<libelle>Orner des bo&#0238;tes, coffrets et plateaux</libelle>
<code_type_activite>3</code_type_activite>
<code_type_item_activite>2</code_type_item_activite>
<position_item>1</position_item>
<priorisation>1</priorisation>
<riasec_majeur>R</riasec_majeur>
</item_as>
<item_as>
<code_ogr>125563</code_ogr>
<libelle>R&#0233;aliser des bo&#0238;tes, coffrets et plateaux</libelle>
<code_type_activite>3</code_type_activite>
<code_type_item_activite>2</code_type_item_activite>
<position_item>2</position_item>
<priorisation>1</priorisation>
<riasec_majeur>R</riasec_majeur>
</item_as>
<item_as>
<code_ogr>125566</code_ogr>
<libelle>Orner des cadres</libelle>
<code_type_activite>3</code_type_activite>
<code_type_item_activite>2</code_type_item_activite>
<position_item>3</position_item>
<priorisation>1</priorisation>
<riasec_majeur>R</riasec_majeur>
</item_as>
<item_as>
<code_ogr>125565</code_ogr>
<libelle>R&#0233;aliser des cadres</libelle>
<code_type_activite>3</code_type_activite>
<code_type_item_activite>2</code_type_item_activite>
<position_item>4</position_item>
<priorisation>1</priorisation>
<riasec_majeur>R</riasec_majeur>
</item_as>
<item_as>
<code_ogr>125084</code_ogr>
<libelle>Concevoir des d&#0233;cors et accessoires de spectacle</libelle>
<code_type_activite>3</code_type_activite>
<code_type_item_activite>2</code_type_item_activite>
<position_item>5</position_item>
<priorisation>1</priorisation>
<riasec_majeur>R</riasec_majeur>
<riasec_mineur>a</riasec_mineur>
</item_as>
<item_as>
<code_ogr>125567</code_ogr>
<libelle>Orner des &#0233;l&#0233;ments de mobilier</libelle>
<code_type_activite>3</code_type_activite>
<code_type_item_activite>2</code_type_item_activite>
<position_item>6</position_item>
<priorisation>1</priorisation>
<riasec_majeur>R</riasec_majeur>
</item_as>
<item_as>
<code_ogr>100856</code_ogr>
<libelle>R&#0233;aliser des &#0233;l&#0233;ments de mobilier</libelle>
<code_type_activite>3</code_type_activite>
<code_type_item_activite>2</code_type_item_activite>
<position_item>7</position_item>
<priorisation>1</priorisation>
<riasec_majeur>R</riasec_majeur>
</item_as>
<item_as>
<code_ogr>105085</code_ogr>
<libelle>R&#0233;aliser et/ou orner des jouets, pipes, sabots</libelle>
<code_type_activite>3</code_type_activite>
<code_type_item_activite>2</code_type_item_activite>
<position_item>8</position_item>
<priorisation>1</priorisation>
<riasec_majeur>R</riasec_majeur>
</item_as>
<item_as>
<code_ogr>125729</code_ogr>
<libelle>R&#0233;aliser des rev&#0234;tements mureaux, paravents etc.</libelle>
<code_type_activite>3</code_type_activite>
<code_type_item_activite>2</code_type_item_activite>
<position_item>10</position_item>
<priorisation>1</priorisation>
<riasec_majeur>R</riasec_majeur>
</item_as>
<item_as>
<code_ogr>125735</code_ogr>
<libelle>Orner des sculptures monumentales ou des statues</libelle>
<code_type_activite>3</code_type_activite>
<code_type_item_activite>2</code_type_item_activite>
<position_item>11</position_item>
<priorisation>1</priorisation>
<riasec_majeur>R</riasec_majeur>
<riasec_mineur>a</riasec_mineur>
</item_as>
<item_as>
<code_ogr>125734</code_ogr>
<libelle>R&#0233;aliser des sculptures monumentales ou des statues</libelle>
<code_type_activite>3</code_type_activite>
<code_type_item_activite>2</code_type_item_activite>
<position_item>12</position_item>
<priorisation>1</priorisation>
<riasec_majeur>R</riasec_majeur>
<riasec_mineur>a</riasec_mineur>
</item_as>
</activite_specifique>
<savoir_theorique_et_proceduraux nbItemSTP_AS="2">
<item_as_stp>
<code_ogr>104882</code_ogr>
<libelle>Styles de mobilier</libelle>
<code_type_competence>1</code_type_competence>
<position_item>1</position_item>
<priorisation>1</priorisation>
</item_as_stp>
<item_as_stp>
<code_ogr>124492</code_ogr>
<libelle>Assemblage par enture</libelle>
<code_type_competence>1</code_type_competence>
<position_item>2</position_item>
<priorisation>1</priorisation>
</item_as_stp>
</savoir_theorique_et_proceduraux>
<savoir_action nbItemSA_AS="0">
</savoir_action>
</bloc>
<bloc>
<position_bloc>2</position_bloc>
<activite_specifique nbItemActivite_AS="1">
<item_as>
<code_ogr>120115</code_ogr>
<libelle>Former des ouvrages en bois</libelle>
<code_type_activite>3</code_type_activite>
<code_type_item_activite>2</code_type_item_activite>
<position_item>1</position_item>
<priorisation>1</priorisation>
<riasec_majeur>R</riasec_majeur>
</item_as>
</activite_specifique>
<savoir_theorique_et_proceduraux nbItemSTP_AS="5">
<item_as_stp>
<code_ogr>124914</code_ogr>
<libelle>Creusage de bois</libelle>
<code_type_competence>1</code_type_competence>
<position_item>1</position_item>
<priorisation>1</priorisation>
</item_as_stp>
<item_as_stp>
<code_ogr>124496</code_ogr>
<libelle>Tournage de bois</libelle>
<code_type_competence>1</code_type_competence>
<position_item>2</position_item>
<priorisation>1</priorisation>
</item_as_stp>
<item_as_stp>
<code_ogr>100763</code_ogr>
<libelle>Utilisation de toupie</libelle>
<code_type_competence>1</code_type_competence>
<position_item>3</position_item>
<priorisation>1</priorisation>
</item_as_stp>
<item_as_stp>
<code_ogr>105093</code_ogr>
<libelle>Techniques de sculpture en ronde bosse</libelle>
<code_type_competence>1</code_type_competence>
<position_item>4</position_item>
<priorisation>1</priorisation>
</item_as_stp>
<item_as_stp>
<code_ogr>105092</code_ogr>
<libelle>Techniques de sculpture ornementale</libelle>
<code_type_competence>1</code_type_competence>
<position_item>5</position_item>
<priorisation>1</priorisation>
</item_as_stp>
</savoir_theorique_et_proceduraux>
<savoir_action nbItemSA_AS="0">
</savoir_action>
</bloc>
<bloc>
<position_bloc>3</position_bloc>
<activite_specifique nbItemActivite_AS="1">
<item_as>
<code_ogr>124154</code_ogr>
<libelle>Assembler les &#0233;l&#0233;ments d&#0039;un ouvrage</libelle>
<code_type_activite>3</code_type_activite>
<code_type_item_activite>2</code_type_item_activite>
<position_item>1</position_item>
<priorisation>1</priorisation>
<riasec_majeur>R</riasec_majeur>
</item_as>
</activite_specifique>
<savoir_theorique_et_proceduraux nbItemSTP_AS="4">
<item_as_stp>
<code_ogr>100983</code_ogr>
<libelle>Caract&#0233;ristiques de mati&#0232;res d&#0039;origine v&#0233;g&#0233;tale (ambre, jais)</libelle>
<code_type_competence>1</code_type_competence>
<position_item>1</position_item>
<priorisation>1</priorisation>
</item_as_stp>
<item_as_stp>
<code_ogr>124750</code_ogr>
<libelle>Travail de mat&#0233;riaux d&#0039;origine animale (corne, &#0233;caille, nacre, os)</libelle>
<code_type_competence>1</code_type_competence>
<position_item>2</position_item>
<priorisation>1</priorisation>
</item_as_stp>
<item_as_stp>
<code_ogr>124913</code_ogr>
<libelle>Travail des m&#0233;taux (laiton, cuivre, &#0233;tain, bronze)</libelle>
<code_type_competence>1</code_type_competence>
<position_item>3</position_item>
<priorisation>1</priorisation>
</item_as_stp>
<item_as_stp>
<code_ogr>105046</code_ogr>
<libelle>Utilisation de scie &#0224; chantourner</libelle>
<code_type_competence>1</code_type_competence>
<position_item>4</position_item>
<priorisation>1</priorisation>
</item_as_stp>
</savoir_theorique_et_proceduraux>
<savoir_action nbItemSA_AS="0">
</savoir_action>
</bloc>
<bloc>
<position_bloc>4</position_bloc>
<activite_specifique nbItemActivite_AS="3">
<item_as>
<code_ogr>125750</code_ogr>
<libelle>R&#0233;aliser les op&#0233;rations de d&#0233;coration d&#0039;une pi&#0232;ce artisanale</libelle>
<code_type_activite>3</code_type_activite>
<code_type_item_activite>2</code_type_item_activite>
<position_item>1</position_item>
<priorisation>1</priorisation>
<riasec_majeur>R</riasec_majeur>
<riasec_mineur>a</riasec_mineur>
</item_as>
<item_as>
<code_ogr>100839</code_ogr>
<libelle>R&#0233;aliser des d&#0233;cors de peinture</libelle>
<code_type_activite>3</code_type_activite>
<code_type_item_activite>2</code_type_item_activite>
<position_item>2</position_item>
<priorisation>1</priorisation>
<riasec_majeur>A</riasec_majeur>
</item_as>
<item_as>
<code_ogr>119911</code_ogr>
<libelle>Appliquer un produit au pochoir</libelle>
<code_type_activite>3</code_type_activite>
<code_type_item_activite>2</code_type_item_activite>
<position_item>3</position_item>
<priorisation>1</priorisation>
<riasec_majeur>R</riasec_majeur>
<riasec_mineur>a</riasec_mineur>
</item_as>
</activite_specifique>
<savoir_theorique_et_proceduraux nbItemSTP_AS="5">
<item_as_stp>
<code_ogr>117952</code_ogr>
<libelle>Techniques de gravure</libelle>
<code_type_competence>1</code_type_competence>
<position_item>1</position_item>
<priorisation>1</priorisation>
</item_as_stp>
<item_as_stp>
<code_ogr>103710</code_ogr>
<libelle>Techniques de gravure manuelle</libelle>
<code_type_competence>1</code_type_competence>
<position_item>2</position_item>
<priorisation>1</priorisation>
</item_as_stp>
<item_as_stp>
<code_ogr>101161</code_ogr>
<libelle>Techniques de dorure</libelle>
<code_type_competence>1</code_type_competence>
<position_item>3</position_item>
<priorisation>1</priorisation>
</item_as_stp>
<item_as_stp>
<code_ogr>100538</code_ogr>
<libelle>Techniques du trompe-l&#0039;oeil</libelle>
<code_type_competence>1</code_type_competence>
<position_item>4</position_item>
<priorisation>1</priorisation>
</item_as_stp>
<item_as_stp>
<code_ogr>100514</code_ogr>
<libelle>Dessin de d&#0233;tail</libelle>
<code_type_competence>1</code_type_competence>
<position_item>5</position_item>
<priorisation>1</priorisation>
</item_as_stp>
</savoir_theorique_et_proceduraux>
<savoir_action nbItemSA_AS="0">
</savoir_action>
</bloc>
<bloc>
<position_bloc>5</position_bloc>
<activite_specifique nbItemActivite_AS="3">
<item_as>
<code_ogr>103428</code_ogr>
<libelle>R&#0233;aliser des op&#0233;rations de vernissage</libelle>
<code_type_activite>3</code_type_activite>
<code_type_item_activite>2</code_type_item_activite>
<position_item>1</position_item>
<priorisation>1</priorisation>
<riasec_majeur>R</riasec_majeur>
<riasec_mineur>a</riasec_mineur>
</item_as>
<item_as>
<code_ogr>105101</code_ogr>
<libelle>R&#0233;aliser des op&#0233;rations de teinture</libelle>
<code_type_activite>3</code_type_activite>
<code_type_item_activite>2</code_type_item_activite>
<position_item>2</position_item>
<priorisation>1</priorisation>
<riasec_majeur>R</riasec_majeur>
<riasec_mineur>a</riasec_mineur>
</item_as>
<item_as>
<code_ogr>105102</code_ogr>
<libelle>R&#0233;aliser des op&#0233;rations de patine</libelle>
<code_type_activite>3</code_type_activite>
<code_type_item_activite>2</code_type_item_activite>
<position_item>3</position_item>
<priorisation>1</priorisation>
<riasec_majeur>R</riasec_majeur>
<riasec_mineur>a</riasec_mineur>
</item_as>
</activite_specifique>
<savoir_theorique_et_proceduraux nbItemSTP_AS="2">
<item_as_stp>
<code_ogr>100835</code_ogr>
<libelle>Vernissage au tampon</libelle>
<code_type_competence>1</code_type_competence>
<position_item>1</position_item>
<priorisation>1</priorisation>
</item_as_stp>
<item_as_stp>
<code_ogr>100662</code_ogr>
<libelle>Utilisation de pistolet de projection</libelle>
<code_type_competence>1</code_type_competence>
<position_item>2</position_item>
<priorisation>1</priorisation>
</item_as_stp>
</savoir_theorique_et_proceduraux>
<savoir_action nbItemSA_AS="0">
</savoir_action>
</bloc>
<bloc>
<position_bloc>6</position_bloc>
<activite_specifique nbItemActivite_AS="1">
<item_as>
<code_ogr>125209</code_ogr>
<libelle>Encadrer des oeuvres graphiques ou des objets</libelle>
<code_type_activite>3</code_type_activite>
<code_type_item_activite>2</code_type_item_activite>
<position_item>1</position_item>
<priorisation>1</priorisation>
<riasec_majeur>R</riasec_majeur>
<riasec_mineur>a</riasec_mineur>
</item_as>
</activite_specifique>
<savoir_theorique_et_proceduraux nbItemSTP_AS="1">
<item_as_stp>
<code_ogr>103586</code_ogr>
<libelle>D&#0233;coupe du verre</libelle>
<code_type_competence>1</code_type_competence>
<position_item>1</position_item>
<priorisation>1</priorisation>
</item_as_stp>
</savoir_theorique_et_proceduraux>
<savoir_action nbItemSA_AS="0">
</savoir_action>
</bloc>
<bloc>
<position_bloc>7</position_bloc>
<activite_specifique nbItemActivite_AS="1">
<item_as>
<code_ogr>120071</code_ogr>
<libelle>Restaurer des ouvrages en bois</libelle>
<code_type_activite>3</code_type_activite>
<code_type_item_activite>2</code_type_item_activite>
<position_item>1</position_item>
<priorisation>1</priorisation>
<riasec_majeur>R</riasec_majeur>
<riasec_mineur>a</riasec_mineur>
</item_as>
</activite_specifique>
<savoir_theorique_et_proceduraux nbItemSTP_AS="3">
<item_as_stp>
<code_ogr>100598</code_ogr>
<libelle>Techniques de restauration de document</libelle>
<code_type_competence>1</code_type_competence>
<position_item>1</position_item>
<priorisation>1</priorisation>
</item_as_stp>
<item_as_stp>
<code_ogr>119191</code_ogr>
<libelle>Histoire de l&#0039;art</libelle>
<code_type_competence>1</code_type_competence>
<position_item>2</position_item>
<priorisation>1</priorisation>
</item_as_stp>
<item_as_stp>
<code_ogr>100517</code_ogr>
<libelle>Techniques de moulage</libelle>
<code_type_competence>1</code_type_competence>
<position_item>3</position_item>
<priorisation>1</priorisation>
</item_as_stp>
</savoir_theorique_et_proceduraux>
<savoir_action nbItemSA_AS="0">
</savoir_action>
</bloc>
<bloc>
<position_bloc>8</position_bloc>
<activite_specifique nbItemActivite_AS="1">
<item_as>
<code_ogr>113954</code_ogr>
<libelle>Transmettre les techniques du m&#0233;tier ou mener des actions de sensibilisation au m&#0233;tier</libelle>
<code_type_activite>3</code_type_activite>
<code_type_item_activite>2</code_type_item_activite>
<position_item>1</position_item>
<priorisation>1</priorisation>
<riasec_majeur>S</riasec_majeur>
</item_as>
</activite_specifique>
<savoir_theorique_et_proceduraux nbItemSTP_AS="0">
</savoir_theorique_et_proceduraux>
<savoir_action nbItemSA_AS="0">
</savoir_action>
</bloc>
<bloc>
<position_bloc>9</position_bloc>
<activite_specifique nbItemActivite_AS="1">
<item_as>
<code_ogr>102359</code_ogr>
<libelle>Coordonner l&#0039;activit&#0233; d&#0039;une &#0233;quipe</libelle>
<code_type_activite>3</code_type_activite>
<code_type_item_activite>2</code_type_item_activite>
<position_item>1</position_item>
<priorisation>1</priorisation>
<riasec_majeur>E</riasec_majeur>
<riasec_mineur>s</riasec_mineur>
</item_as>
</activite_specifique>
<savoir_theorique_et_proceduraux nbItemSTP_AS="0">
</savoir_theorique_et_proceduraux>
<savoir_action nbItemSA_AS="0">
</savoir_action>
</bloc>
</bloc_activites_specifiques>
<bloc_mobilites>
<mobilites_proches nbItemMob="4">
<item_mob_pr><code_type_mobilite>1</code_type_mobilite>
<liste_appellation_source>
<code_appellation_source>0</code_appellation_source>
<libelle_appellation_source>Toutes les appellations</libelle_appellation_source>
</liste_appellation_source>
<code_rome_cible>B1101</code_rome_cible>
<libelle_rome_cible>Cr&#0233;ation en arts plastiques</libelle_rome_cible>
<liste_appellation_cible>
<code_appellation_cible>19335</code_appellation_cible>
<libelle_appellation_cible>Sculpteur / Sculptrice</libelle_appellation_cible>
</liste_appellation_cible>
</item_mob_pr>
<item_mob_pr><code_type_mobilite>1</code_type_mobilite>
<liste_appellation_source>
<code_appellation_source>0</code_appellation_source>
<libelle_appellation_source>Toutes les appellations</libelle_appellation_source>
</liste_appellation_source>
<code_rome_cible>B1303</code_rome_cible>
<libelle_rome_cible>Gravure - ciselure</libelle_rome_cible>
<liste_appellation_cible>
<code_appellation_cible>0</code_appellation_cible>
<libelle_appellation_cible>Toutes les appellations</libelle_appellation_cible>
</liste_appellation_cible>
</item_mob_pr>
<item_mob_pr><code_type_mobilite>1</code_type_mobilite>
<liste_appellation_source>
<code_appellation_source>0</code_appellation_source>
<libelle_appellation_source>Toutes les appellations</libelle_appellation_source>
</liste_appellation_source>
<code_rome_cible>D1212</code_rome_cible>
<libelle_rome_cible>Vente en d&#0233;coration et &#0233;quipement du foyer</libelle_rome_cible>
<liste_appellation_cible>
<code_appellation_cible>20547</code_appellation_cible>
<libelle_appellation_cible>Vendeur / Vendeuse en articles de d&#0233;coration</libelle_appellation_cible>
</liste_appellation_cible>
</item_mob_pr>
<item_mob_pr><code_type_mobilite>1</code_type_mobilite>
<liste_appellation_source>
<code_appellation_source>0</code_appellation_source>
<libelle_appellation_source>Toutes les appellations</libelle_appellation_source>
</liste_appellation_source>
<code_rome_cible>G1202</code_rome_cible>
<libelle_rome_cible>Animation d&#0039;activit&#0233;s culturelles ou ludiques</libelle_rome_cible>
<liste_appellation_cible>
<code_appellation_cible>10987</code_appellation_cible>
<libelle_appellation_cible>Animateur / Animatrice d&#0039;atelier d&#0039;activit&#0233;s manuelles</libelle_appellation_cible>
</liste_appellation_cible>
</item_mob_pr>
</mobilites_proches>
<mobilites_si_evolution nbItemMob="5">
<item_mob_ev><code_type_mobilite>2</code_type_mobilite>
<liste_appellation_source>
<code_appellation_source>0</code_appellation_source>
<libelle_appellation_source>Toutes les appellations</libelle_appellation_source>
</liste_appellation_source>
<code_rome_cible>B1603</code_rome_cible>
<libelle_rome_cible>R&#0233;alisation d&#0039;ouvrages en bijouterie, joaillerie et orf&#0232;vrerie</libelle_rome_cible>
<liste_appellation_cible>
<code_appellation_cible>0</code_appellation_cible>
<libelle_appellation_cible>Toutes les appellations</libelle_appellation_cible>
</liste_appellation_cible>
</item_mob_ev>
<item_mob_ev><code_type_mobilite>2</code_type_mobilite>
<liste_appellation_source>
<code_appellation_source>0</code_appellation_source>
<libelle_appellation_source>Toutes les appellations</libelle_appellation_source>
</liste_appellation_source>
<code_rome_cible>D1201</code_rome_cible>
<libelle_rome_cible>Achat vente d&#0039;objets d&#0039;art, anciens ou d&#0039;occasion</libelle_rome_cible>
<liste_appellation_cible>
<code_appellation_cible>0</code_appellation_cible>
<libelle_appellation_cible>Toutes les appellations</libelle_appellation_cible>
</liste_appellation_cible>
</item_mob_ev>
<item_mob_ev><code_type_mobilite>2</code_type_mobilite>
<liste_appellation_source>
<code_appellation_source>0</code_appellation_source>
<libelle_appellation_source>Toutes les appellations</libelle_appellation_source>
</liste_appellation_source>
<code_rome_cible>H2207</code_rome_cible>
<libelle_rome_cible>R&#0233;alisation de meubles en bois</libelle_rome_cible>
<liste_appellation_cible>
<code_appellation_cible>0</code_appellation_cible>
<libelle_appellation_cible>Toutes les appellations</libelle_appellation_cible>
</liste_appellation_cible>
</item_mob_ev>
<item_mob_ev><code_type_mobilite>2</code_type_mobilite>
<liste_appellation_source>
<code_appellation_source>0</code_appellation_source>
<libelle_appellation_source>Toutes les appellations</libelle_appellation_source>
</liste_appellation_source>
<code_rome_cible>K1203</code_rome_cible>
<libelle_rome_cible>Encadrement technique en insertion professionnelle</libelle_rome_cible>
<liste_appellation_cible>
<code_appellation_cible>16722</code_appellation_cible>
<libelle_appellation_cible>Moniteur / Monitrice d&#0039;atelier en &#0233;tablissement sp&#0233;cialis&#0233;</libelle_appellation_cible>
</liste_appellation_cible>
</item_mob_ev>
<item_mob_ev><code_type_mobilite>2</code_type_mobilite>
<liste_appellation_source>
<code_appellation_source>0</code_appellation_source>
<libelle_appellation_source>Toutes les appellations</libelle_appellation_source>
</liste_appellation_source>
<code_rome_cible>K2111</code_rome_cible>
<libelle_rome_cible>Formation professionnelle</libelle_rome_cible>
<liste_appellation_cible>
<code_appellation_cible>15144</code_appellation_cible>
<libelle_appellation_cible>Formateur / Formatrice technique</libelle_appellation_cible>
</liste_appellation_cible>
</item_mob_ev>
</mobilites_si_evolution>
</bloc_mobilites>
</fiche_emploi_metier>