<?xml version="1.0" encoding="UTF-8" ?>
<fiche_emploi_metier>
<type_fiche>2</type_fiche>
<libelle_type_fiche>priorise</libelle_type_fiche>
<version_SI>
<version_rome>333</version_rome>
<date_version_si>01/10/2017</date_version_si>
<mois_version_si>Octobre</mois_version_si>
<annee_version_si>2017</annee_version_si>
</version_SI>
<bloc_code_rome>
<code_rome>H2401</code_rome>
<intitule>Assemblage - montage d&#0039;articles en cuirs, peaux</intitule>
<code_ogr>247</code_ogr>
<riasec_majeur>R</riasec_majeur>
<riasec_mineur>a</riasec_mineur>
</bloc_code_rome>
<bloc_appellation nbItemAppellation="32">
<item_app>
<code_ogr>10326</code_ogr>
<libelle>Afficheur / Afficheuse semelle</libelle>
<libelle_court>Afficheur / Afficheuse semelle</libelle_court>
<priorisation>1</priorisation>
</item_app>
<item_app>
<code_ogr>11557</code_ogr>
<libelle>Bordeur / Bordeuse cuir</libelle>
<libelle_court>Bordeur / Bordeuse cuir</libelle_court>
<priorisation>1</priorisation>
</item_app>
<item_app>
<code_ogr>11677</code_ogr>
<libelle>Cardeur verreur / Cardeuse verreuse</libelle>
<libelle_court>Cardeur verreur / Cardeuse verreuse</libelle_court>
<priorisation>1</priorisation>
</item_app>
<item_app>
<code_ogr>12650</code_ogr>
<libelle>Claqueur / Claqueuse</libelle>
<libelle_court>Claqueur / Claqueuse</libelle_court>
<priorisation>1</priorisation>
</item_app>
<item_app>
<code_ogr>13731</code_ogr>
<libelle>Cordonnier industriel / Cordonni&#0232;re industrielle</libelle>
<libelle_court>Cordonnier industriel / Cordonni&#0232;re industrielle</libelle_court>
<priorisation>1</priorisation>
</item_app>
<item_app>
<code_ogr>13806</code_ogr>
<libelle>Couseur / Couseuse de part en part ou blacke en chaussures</libelle>
<libelle_court>Couseur / Couseuse de part en part ou blacke en chaussures</libelle_court>
<priorisation>1</priorisation>
</item_app>
<item_app>
<code_ogr>13807</code_ogr>
<libelle>Couseur / Couseuse de tr&#0233;pointes</libelle>
<libelle_court>Couseur / Couseuse de tr&#0233;pointes</libelle_court>
<priorisation>1</priorisation>
</item_app>
<item_app>
<code_ogr>13808</code_ogr>
<libelle>Couseur / Couseuse petit point en chaussures</libelle>
<libelle_court>Couseur / Couseuse petit point en chaussures</libelle_court>
<priorisation>1</priorisation>
</item_app>
<item_app>
<code_ogr>13814</code_ogr>
<libelle>Couturier industriel / Couturi&#0232;re industrielle b&#0226;ches</libelle>
<libelle_court>Couturier industriel / Couturi&#0232;re industrielle b&#0226;ches</libelle_court>
<priorisation>1</priorisation>
</item_app>
<item_app>
<code_ogr>13816</code_ogr>
<libelle>Couturier industriel / Couturi&#0232;re industrielle stores</libelle>
<libelle_court>Couturier industriel / Couturi&#0232;re industrielle stores</libelle_court>
<priorisation>1</priorisation>
</item_app>
<item_app>
<code_ogr>13818</code_ogr>
<libelle>Couturier industriel / Couturi&#0232;re industrielle voiles</libelle>
<libelle_court>Couturier industriel / Couturi&#0232;re industrielle voiles</libelle_court>
<priorisation>1</priorisation>
</item_app>
<item_app>
<code_ogr>15159</code_ogr>
<libelle>Fraiseur / Fraiseuse cuir</libelle>
<libelle_court>Fraiseur / Fraiseuse cuir</libelle_court>
<priorisation>1</priorisation>
</item_app>
<item_app>
<code_ogr>15178</code_ogr>
<libelle>Gainier industriel / Gaini&#0232;re industrielle</libelle>
<libelle_court>Gainier industriel / Gaini&#0232;re industrielle</libelle_court>
<priorisation>1</priorisation>
</item_app>
<item_app>
<code_ogr>15239</code_ogr>
<libelle>Garnisseur / Garnisseuse en industrie</libelle>
<libelle_court>Garnisseur / Garnisseuse en industrie</libelle_court>
<priorisation>1</priorisation>
</item_app>
<item_app>
<code_ogr>16412</code_ogr>
<libelle>Maroquinier industriel / Maroquini&#0232;re industrielle</libelle>
<libelle_court>Maroquinier industriel / Maroquini&#0232;re industrielle</libelle_court>
<priorisation>1</priorisation>
</item_app>
<item_app>
<code_ogr>16440</code_ogr>
<libelle>M&#0233;canicien - assembleur / M&#0233;canicienne - assembleuse en maroquinerie</libelle>
<libelle_court>M&#0233;canicien(ne) - assembleur(se) en maroquinerie</libelle_court>
<priorisation>1</priorisation>
</item_app>
<item_app>
<code_ogr>16752</code_ogr>
<libelle>Monteur / Monteuse &#0224; la pointe en chaussures</libelle>
<libelle_court>Monteur / Monteuse &#0224; la pointe en chaussures</libelle_court>
<priorisation>1</priorisation>
</item_app>
<item_app>
<code_ogr>16759</code_ogr>
<libelle>Monteur / Monteuse bout en chaussures</libelle>
<libelle_court>Monteur / Monteuse bout en chaussures</libelle_court>
<priorisation>1</priorisation>
</item_app>
<item_app>
<code_ogr>16760</code_ogr>
<libelle>Monteur / Monteuse combin&#0233; en chaussures</libelle>
<libelle_court>Monteur / Monteuse combin&#0233; en chaussures</libelle_court>
<priorisation>1</priorisation>
</item_app>
<item_app>
<code_ogr>16812</code_ogr>
<libelle>Monteur / Monteuse en chaussures</libelle>
<libelle_court>Monteur / Monteuse en chaussures</libelle_court>
<priorisation>1</priorisation>
</item_app>
<item_app>
<code_ogr>16833</code_ogr>
<libelle>Monteur / Monteuse en maroquinerie - sellerie - bourrellerie</libelle>
<libelle_court>Monteur / Monteuse en maroquinerie - sellerie - bourrellerie</libelle_court>
<priorisation>1</priorisation>
</item_app>
<item_app>
<code_ogr>17060</code_ogr>
<libelle>Op&#0233;rateur / Op&#0233;ratrice d&#0039;assemblage - montage des industries des cuirs, peaux et mat&#0233;riaux associ&#0233;s (hors v&#0234;tements)</libelle>
<libelle_court>Op&#0233;rateur(trice) assemblage-montage industrie cuirs peaux</libelle_court>
<priorisation>1</priorisation>
</item_app>
<item_app>
<code_ogr>17091</code_ogr>
<libelle>Op&#0233;rateur / Op&#0233;ratrice de fabrication en maroquinerie industrielle</libelle>
<libelle_court>Op&#0233;rateur(trice) de fabrication en maroquinerie industrielle</libelle_court>
<priorisation>1</priorisation>
</item_app>
<item_app>
<code_ogr>17379</code_ogr>
<libelle>Ourleur / Ourleuse cuir</libelle>
<libelle_court>Ourleur / Ourleuse cuir</libelle_court>
<priorisation>1</priorisation>
</item_app>
<item_app>
<code_ogr>17421</code_ogr>
<libelle>Ouvrier / Ouvri&#0232;re d&#0039;assemblage-finissage en chaussures</libelle>
<libelle_court>Ouvrier / Ouvri&#0232;re d&#0039;assemblage-finissage en chaussures</libelle_court>
<priorisation>1</priorisation>
</item_app>
<item_app>
<code_ogr>17497</code_ogr>
<libelle>Ouvrier / Ouvri&#0232;re en sellerie - garnissage</libelle>
<libelle_court>Ouvrier / Ouvri&#0232;re en sellerie - garnissage</libelle_court>
<priorisation>1</priorisation>
</item_app>
<item_app>
<code_ogr>17796</code_ogr>
<libelle>Piqueur / Piqueuse en chaussures</libelle>
<libelle_court>Piqueur / Piqueuse en chaussures</libelle_court>
<priorisation>1</priorisation>
</item_app>
<item_app>
<code_ogr>17798</code_ogr>
<libelle>Piqueur / Piqueuse en ganterie</libelle>
<libelle_court>Piqueur / Piqueuse en ganterie</libelle_court>
<priorisation>1</priorisation>
</item_app>
<item_app>
<code_ogr>17799</code_ogr>
<libelle>Piqueur / Piqueuse en maroquinerie</libelle>
<libelle_court>Piqueur / Piqueuse en maroquinerie</libelle_court>
<priorisation>1</priorisation>
</item_app>
<item_app>
<code_ogr>17800</code_ogr>
<libelle>Piqueur / Piqueuse fa&#0231;on sellier</libelle>
<libelle_court>Piqueur / Piqueuse fa&#0231;on sellier</libelle_court>
<priorisation>1</priorisation>
</item_app>
<item_app>
<code_ogr>19630</code_ogr>
<libelle>Talonneur / Talonneuse</libelle>
<libelle_court>Talonneur / Talonneuse</libelle_court>
<priorisation>1</priorisation>
</item_app>
<item_app>
<code_ogr>19635</code_ogr>
<libelle>Tapissier industriel / Tapissi&#0232;re industrielle</libelle>
<libelle_court>Tapissier industriel / Tapissi&#0232;re industrielle</libelle_court>
<priorisation>1</priorisation>
</item_app>
</bloc_appellation>
<definition nbItemDefinition="3">
R&#0233;alise les op&#0233;rations de montage et d&#0039;assemblage d&#0039;articles en cuir ou autres mat&#0233;riaux souples (maroquinerie, chaussures, gants, voiles, ...) sur une cha&#0238;ne de fabrication, selon les r&#0232;gles de s&#0233;curit&#0233; et les imp&#0233;ratifs de production (qualit&#0233;, d&#0233;lais, ...).
Peut r&#0233;aliser des op&#0233;rations de pr&#0233;paration de pi&#0232;ces (soufflets, tiges, ...), de finition d&#0039;articles.
Peut r&#0233;aliser des prototypes et coordonner une &#0233;quipe.
</definition>
<acces_emploi_metier nbItemAccesEmploiMetier="2">
Cet emploi/m&#0233;tier est accessible avec un CAP/BEP en confection de chaussures, maroquinerie, ...
Il est &#0233;galement accessible sans dipl&#0244;me particulier ni exp&#0233;rience professionnelle.
</acces_emploi_metier>
<condition_exercice_activite nbItemConditionExercice="3">
L&#0039;activit&#0233; de cet emploi/m&#0233;tier s&#0039;exerce au sein d&#0039;industries et de manufactures de fabrication d&#0039;articles en cuir et autres mat&#0233;riaux souples (maroquinerie, chaussures, gants, voiles de bateau, ...).
Elle peut s&#0039;exercer par roulement.
L&#0039;activit&#0233; s&#0039;effectue en atelier de production, parfois &#0224; domicile.
</condition_exercice_activite>
<bloc_environnement_de_travail nbItemEnvTrav="6">
<item_env>
<code_ogr>23876</code_ogr>
<libelle>Entreprise de fabrication/r&#0233;paration d&#0039;articles en cuir</libelle>
<code_type_section_env>1</code_type_section_env>
<priorisation>1</priorisation>
</item_env>
<item_env>
<code_ogr>23398</code_ogr>
<libelle>Ameublement</libelle>
<code_type_section_env>2</code_type_section_env>
<priorisation>1</priorisation>
</item_env>
<item_env>
<code_ogr>23435</code_ogr>
<libelle>Chaussure</libelle>
<code_type_section_env>2</code_type_section_env>
<priorisation>1</priorisation>
</item_env>
<item_env>
<code_ogr>23507</code_ogr>
<libelle>Ganterie</libelle>
<code_type_section_env>2</code_type_section_env>
<priorisation>1</priorisation>
</item_env>
<item_env>
<code_ogr>23550</code_ogr>
<libelle>Maroquinerie</libelle>
<code_type_section_env>2</code_type_section_env>
<priorisation>1</priorisation>
</item_env>
<item_env>
<code_ogr>23632</code_ogr>
<libelle>Sellerie</libelle>
<code_type_section_env>2</code_type_section_env>
<priorisation>1</priorisation>
</item_env>
</bloc_environnement_de_travail>
<bloc_activites_de_base nbBlocActiviteBase="1">
<activites_de_base nbItemActivite_AB="8">
<item_ab>
<code_ogr>120788</code_ogr>
<libelle>Conduire un poste de travail</libelle>
<code_type_activite>3</code_type_activite>
<code_type_item_activite>2</code_type_item_activite>
<position_item>1</position_item>
<priorisation>1</priorisation>
<riasec_majeur>R</riasec_majeur>
</item_ab>
<item_ab>
<code_ogr>120277</code_ogr>
<libelle>R&#0233;gler les param&#0232;tres des machines et des &#0233;quipements</libelle>
<code_type_activite>3</code_type_activite>
<code_type_item_activite>2</code_type_item_activite>
<position_item>2</position_item>
<priorisation>1</priorisation>
<riasec_majeur>R</riasec_majeur>
</item_ab>
<item_ab>
<code_ogr>105148</code_ogr>
<libelle>Positionner (endroit sur endroit, ...) les pi&#0232;ces, &#0233;l&#0233;ments de d&#0233;coration ou de renfort en vue de l&#0039;assemblage</libelle>
<code_type_activite>3</code_type_activite>
<code_type_item_activite>2</code_type_item_activite>
<position_item>3</position_item>
<priorisation>1</priorisation>
<riasec_majeur>R</riasec_majeur>
</item_ab>
<item_ab>
<code_ogr>105149</code_ogr>
<libelle>Assembler les pi&#0232;ces de l&#0039;article &#0224; plat</libelle>
<code_type_activite>3</code_type_activite>
<code_type_item_activite>2</code_type_item_activite>
<position_item>4</position_item>
<priorisation>1</priorisation>
<riasec_majeur>R</riasec_majeur>
</item_ab>
<item_ab>
<code_ogr>105150</code_ogr>
<libelle>Monter les pi&#0232;ces de l&#0039;article (avant, arri&#0232;re, flans, ..) sur forme ou en volume</libelle>
<code_type_activite>3</code_type_activite>
<code_type_item_activite>2</code_type_item_activite>
<position_item>5</position_item>
<priorisation>1</priorisation>
<riasec_majeur>R</riasec_majeur>
</item_ab>
<item_ab>
<code_ogr>119364</code_ogr>
<libelle>Contr&#0244;ler la conformit&#0233; d&#0039;une production</libelle>
<code_type_activite>3</code_type_activite>
<code_type_item_activite>2</code_type_item_activite>
<position_item>6</position_item>
<priorisation>1</priorisation>
<riasec_majeur>C</riasec_majeur>
</item_ab>
<item_ab>
<code_ogr>123808</code_ogr>
<libelle>Retirer un produit non-conforme d&#0039;un stock</libelle>
<code_type_activite>3</code_type_activite>
<code_type_item_activite>2</code_type_item_activite>
<position_item>7</position_item>
<priorisation>1</priorisation>
<riasec_majeur>C</riasec_majeur>
</item_ab>
<item_ab>
<code_ogr>105152</code_ogr>
<libelle>D&#0233;tecter les causes d&#0039;anomalies de produits et transmettre au service maintenance</libelle>
<code_type_activite>3</code_type_activite>
<code_type_item_activite>2</code_type_item_activite>
<position_item>8</position_item>
<priorisation>1</priorisation>
<riasec_majeur>R</riasec_majeur>
</item_ab>
</activites_de_base>
<savoir_theorique_et_proceduraux nbItemSTP_AB="16">
<item_ab_stp>
<code_ogr>100820</code_ogr>
<libelle>Caract&#0233;ristiques des cuirs et peaux</libelle>
<code_type_competence>1</code_type_competence>
<position_item>1</position_item>
<priorisation>1</priorisation>
</item_ab_stp>
<item_ab_stp>
<code_ogr>105154</code_ogr>
<libelle>Utilisation de machine &#0224; coudre &#0224; canon</libelle>
<code_type_competence>1</code_type_competence>
<position_item>2</position_item>
<priorisation>1</priorisation>
</item_ab_stp>
<item_ab_stp>
<code_ogr>105158</code_ogr>
<libelle>Techniques de montage</libelle>
<code_type_competence>1</code_type_competence>
<position_item>3</position_item>
<priorisation>1</priorisation>
</item_ab_stp>
<item_ab_stp>
<code_ogr>100017</code_ogr>
<libelle>R&#0232;gles de s&#0233;curit&#0233;</libelle>
<code_type_competence>1</code_type_competence>
<position_item>4</position_item>
<priorisation>1</priorisation>
</item_ab_stp>
<item_ab_stp>
<code_ogr>102023</code_ogr>
<libelle>Lecture de fiche technique</libelle>
<code_type_competence>1</code_type_competence>
<position_item>5</position_item>
<priorisation>1</priorisation>
</item_ab_stp>
<item_ab_stp>
<code_ogr>105153</code_ogr>
<libelle>Utilisation d&#0039;automate de couture</libelle>
<code_type_competence>1</code_type_competence>
<position_item>6</position_item>
<priorisation>1</priorisation>
</item_ab_stp>
<item_ab_stp>
<code_ogr>101996</code_ogr>
<libelle>Utilisation de machine plate</libelle>
<code_type_competence>1</code_type_competence>
<position_item>7</position_item>
<priorisation>1</priorisation>
</item_ab_stp>
<item_ab_stp>
<code_ogr>103612</code_ogr>
<libelle>Caract&#0233;ristiques des colles</libelle>
<code_type_competence>1</code_type_competence>
<position_item>8</position_item>
<priorisation>1</priorisation>
</item_ab_stp>
<item_ab_stp>
<code_ogr>101173</code_ogr>
<libelle>Caract&#0233;ristiques des fils</libelle>
<code_type_competence>1</code_type_competence>
<position_item>9</position_item>
<priorisation>1</priorisation>
</item_ab_stp>
<item_ab_stp>
<code_ogr>100741</code_ogr>
<libelle>Techniques de piq&#0251;re machine</libelle>
<code_type_competence>1</code_type_competence>
<position_item>10</position_item>
<priorisation>1</priorisation>
</item_ab_stp>
<item_ab_stp>
<code_ogr>100958</code_ogr>
<libelle>Techniques de sertissage</libelle>
<code_type_competence>1</code_type_competence>
<position_item>11</position_item>
<priorisation>1</priorisation>
</item_ab_stp>
<item_ab_stp>
<code_ogr>100800</code_ogr>
<libelle>Techniques de collage</libelle>
<code_type_competence>1</code_type_competence>
<position_item>12</position_item>
<priorisation>1</priorisation>
</item_ab_stp>
<item_ab_stp>
<code_ogr>101149</code_ogr>
<libelle>Utilisation de machine &#0224; coudre le cuir</libelle>
<code_type_competence>1</code_type_competence>
<position_item>13</position_item>
<priorisation>1</priorisation>
</item_ab_stp>
<item_ab_stp>
<code_ogr>105156</code_ogr>
<libelle>Utilisation de machine &#0224; coudre &#0224; bras</libelle>
<code_type_competence>1</code_type_competence>
<position_item>14</position_item>
<priorisation>1</priorisation>
</item_ab_stp>
<item_ab_stp>
<code_ogr>105155</code_ogr>
<libelle>Utilisation de machine &#0224; coudre pilier</libelle>
<code_type_competence>1</code_type_competence>
<position_item>15</position_item>
<priorisation>1</priorisation>
</item_ab_stp>
<item_ab_stp>
<code_ogr>101133</code_ogr>
<libelle>Caract&#0233;ristiques des mat&#0233;riaux souples</libelle>
<code_type_competence>1</code_type_competence>
<position_item>16</position_item>
<priorisation>1</priorisation>
</item_ab_stp>
</savoir_theorique_et_proceduraux>
<savoir_action nbItemSA_AB="0">
</savoir_action>
</bloc_activites_de_base>
<bloc_activites_specifiques nbBlocActiviteSpecifique="10">
<bloc>
<position_bloc>1</position_bloc>
<activite_specifique nbItemActivite_AS="7">
<item_as>
<code_ogr>124987</code_ogr>
<libelle>Assembler des chaussures</libelle>
<code_type_activite>3</code_type_activite>
<code_type_item_activite>2</code_type_item_activite>
<position_item>1</position_item>
<priorisation>1</priorisation>
<riasec_majeur>R</riasec_majeur>
<riasec_mineur>a</riasec_mineur>
</item_as>
<item_as>
<code_ogr>105160</code_ogr>
<libelle>Assembler-monter des articles de maroquinerie</libelle>
<code_type_activite>3</code_type_activite>
<code_type_item_activite>2</code_type_item_activite>
<position_item>2</position_item>
<priorisation>1</priorisation>
<riasec_majeur>R</riasec_majeur>
<riasec_mineur>a</riasec_mineur>
</item_as>
<item_as>
<code_ogr>105161</code_ogr>
<libelle>Assembler-monter des gants</libelle>
<code_type_activite>3</code_type_activite>
<code_type_item_activite>2</code_type_item_activite>
<position_item>3</position_item>
<priorisation>1</priorisation>
<riasec_majeur>R</riasec_majeur>
<riasec_mineur>a</riasec_mineur>
</item_as>
<item_as>
<code_ogr>124980</code_ogr>
<libelle>R&#0233;aliser des op&#0233;rations d&#0039;assemblage-montage sur des si&#0232;ges</libelle>
<code_type_activite>3</code_type_activite>
<code_type_item_activite>2</code_type_item_activite>
<position_item>4</position_item>
<priorisation>1</priorisation>
<riasec_majeur>R</riasec_majeur>
</item_as>
<item_as>
<code_ogr>105163</code_ogr>
<libelle>Assembler-monter des b&#0226;ches</libelle>
<code_type_activite>3</code_type_activite>
<code_type_item_activite>2</code_type_item_activite>
<position_item>5</position_item>
<priorisation>1</priorisation>
<riasec_majeur>R</riasec_majeur>
</item_as>
<item_as>
<code_ogr>105164</code_ogr>
<libelle>Assembler-monter des voiles</libelle>
<code_type_activite>3</code_type_activite>
<code_type_item_activite>2</code_type_item_activite>
<position_item>6</position_item>
<priorisation>1</priorisation>
<riasec_majeur>R</riasec_majeur>
<riasec_mineur>a</riasec_mineur>
</item_as>
<item_as>
<code_ogr>105165</code_ogr>
<libelle>Assembler-monter des &#0233;quipements de protection</libelle>
<code_type_activite>3</code_type_activite>
<code_type_item_activite>2</code_type_item_activite>
<position_item>7</position_item>
<priorisation>1</priorisation>
<riasec_majeur>R</riasec_majeur>
<riasec_mineur>a</riasec_mineur>
</item_as>
</activite_specifique>
<savoir_theorique_et_proceduraux nbItemSTP_AS="1">
<item_as_stp>
<code_ogr>100753</code_ogr>
<libelle>Couture manuelle</libelle>
<code_type_competence>1</code_type_competence>
<position_item>1</position_item>
<priorisation>1</priorisation>
</item_as_stp>
</savoir_theorique_et_proceduraux>
<savoir_action nbItemSA_AS="0">
</savoir_action>
</bloc>
<bloc>
<position_bloc>2</position_bloc>
<activite_specifique nbItemActivite_AS="6">
<item_as>
<code_ogr>105576</code_ogr>
<libelle>R&#0233;aliser la pr&#0233;paration de pi&#0232;ces par refente</libelle>
<code_type_activite>3</code_type_activite>
<code_type_item_activite>2</code_type_item_activite>
<position_item>1</position_item>
<priorisation>1</priorisation>
<riasec_majeur>R</riasec_majeur>
</item_as>
<item_as>
<code_ogr>105575</code_ogr>
<libelle>R&#0233;aliser la pr&#0233;paration de pi&#0232;ces par parage (biseau, rembord, ...)</libelle>
<code_type_activite>3</code_type_activite>
<code_type_item_activite>2</code_type_item_activite>
<position_item>2</position_item>
<priorisation>1</priorisation>
<riasec_majeur>R</riasec_majeur>
</item_as>
<item_as>
<code_ogr>105577</code_ogr>
<libelle>R&#0233;aliser la pr&#0233;paration de pi&#0232;ces par rembordage, rempliage</libelle>
<code_type_activite>3</code_type_activite>
<code_type_item_activite>2</code_type_item_activite>
<position_item>3</position_item>
<priorisation>1</priorisation>
<riasec_majeur>R</riasec_majeur>
</item_as>
<item_as>
<code_ogr>105167</code_ogr>
<libelle>R&#0233;aliser des op&#0233;rations de pose de renforts</libelle>
<code_type_activite>3</code_type_activite>
<code_type_item_activite>2</code_type_item_activite>
<position_item>4</position_item>
<priorisation>1</priorisation>
<riasec_majeur>R</riasec_majeur>
</item_as>
<item_as>
<code_ogr>125333</code_ogr>
<libelle>R&#0233;aliser des op&#0233;rations de broche (premi&#0232;re de montage, semelle, talon etc.)</libelle>
<code_type_activite>3</code_type_activite>
<code_type_item_activite>2</code_type_item_activite>
<position_item>5</position_item>
<priorisation>1</priorisation>
<riasec_majeur>R</riasec_majeur>
</item_as>
<item_as>
<code_ogr>105169</code_ogr>
<libelle>R&#0233;aliser des op&#0233;rations de piq&#0251;res d&#0233;coratives</libelle>
<code_type_activite>3</code_type_activite>
<code_type_item_activite>2</code_type_item_activite>
<position_item>6</position_item>
<priorisation>1</priorisation>
<riasec_majeur>R</riasec_majeur>
</item_as>
</activite_specifique>
<savoir_theorique_et_proceduraux nbItemSTP_AS="2">
<item_as_stp>
<code_ogr>105170</code_ogr>
<libelle>Utilisation de machine &#0224; parer</libelle>
<code_type_competence>1</code_type_competence>
<position_item>1</position_item>
<priorisation>1</priorisation>
</item_as_stp>
<item_as_stp>
<code_ogr>101098</code_ogr>
<libelle>Techniques de coupe de textile, cuir</libelle>
<code_type_competence>1</code_type_competence>
<position_item>2</position_item>
<priorisation>1</priorisation>
</item_as_stp>
</savoir_theorique_et_proceduraux>
<savoir_action nbItemSA_AS="0">
</savoir_action>
</bloc>
<bloc>
<position_bloc>3</position_bloc>
<activite_specifique nbItemActivite_AS="5">
<item_as>
<code_ogr>105171</code_ogr>
<libelle>R&#0233;aliser sur des chaussures des op&#0233;rations d&#0039;affichage semelle</libelle>
<code_type_activite>3</code_type_activite>
<code_type_item_activite>2</code_type_item_activite>
<position_item>1</position_item>
<priorisation>1</priorisation>
<riasec_majeur>R</riasec_majeur>
</item_as>
<item_as>
<code_ogr>105172</code_ogr>
<libelle>R&#0233;aliser sur des chaussures des op&#0233;rations de bordage</libelle>
<code_type_activite>3</code_type_activite>
<code_type_item_activite>2</code_type_item_activite>
<position_item>2</position_item>
<priorisation>1</priorisation>
<riasec_majeur>R</riasec_majeur>
</item_as>
<item_as>
<code_ogr>105173</code_ogr>
<libelle>R&#0233;aliser sur des chaussures des op&#0233;rations de cardage, verrage</libelle>
<code_type_activite>3</code_type_activite>
<code_type_item_activite>2</code_type_item_activite>
<position_item>3</position_item>
<priorisation>1</priorisation>
<riasec_majeur>R</riasec_majeur>
</item_as>
<item_as>
<code_ogr>105174</code_ogr>
<libelle>R&#0233;aliser sur des chaussures des op&#0233;rations de claquage</libelle>
<code_type_activite>3</code_type_activite>
<code_type_item_activite>2</code_type_item_activite>
<position_item>4</position_item>
<priorisation>1</priorisation>
<riasec_majeur>R</riasec_majeur>
</item_as>
<item_as>
<code_ogr>105175</code_ogr>
<libelle>R&#0233;aliser sur des chaussures des op&#0233;rations de pose de talon</libelle>
<code_type_activite>3</code_type_activite>
<code_type_item_activite>2</code_type_item_activite>
<position_item>5</position_item>
<priorisation>1</priorisation>
<riasec_majeur>R</riasec_majeur>
</item_as>
</activite_specifique>
<savoir_theorique_et_proceduraux nbItemSTP_AS="5">
<item_as_stp>
<code_ogr>102011</code_ogr>
<libelle>Techniques de montage blake</libelle>
<code_type_competence>1</code_type_competence>
<position_item>1</position_item>
<priorisation>1</priorisation>
</item_as_stp>
<item_as_stp>
<code_ogr>102012</code_ogr>
<libelle>Techniques de cousu norv&#0233;gien</libelle>
<code_type_competence>1</code_type_competence>
<position_item>2</position_item>
<priorisation>1</priorisation>
</item_as_stp>
<item_as_stp>
<code_ogr>105177</code_ogr>
<libelle>Techniques de montage soud&#0233;</libelle>
<code_type_competence>1</code_type_competence>
<position_item>3</position_item>
<priorisation>1</priorisation>
</item_as_stp>
<item_as_stp>
<code_ogr>102013</code_ogr>
<libelle>Techniques de couture petit point</libelle>
<code_type_competence>1</code_type_competence>
<position_item>4</position_item>
<priorisation>1</priorisation>
</item_as_stp>
<item_as_stp>
<code_ogr>105176</code_ogr>
<libelle>Utilisation de machine &#0224; claquer</libelle>
<code_type_competence>1</code_type_competence>
<position_item>5</position_item>
<priorisation>1</priorisation>
</item_as_stp>
</savoir_theorique_et_proceduraux>
<savoir_action nbItemSA_AS="0">
</savoir_action>
</bloc>
<bloc>
<position_bloc>4</position_bloc>
<activite_specifique nbItemActivite_AS="7">
<item_as>
<code_ogr>105178</code_ogr>
<libelle>Parachever l&#0039;astiquage de tranches, la coloration de couture</libelle>
<code_type_activite>3</code_type_activite>
<code_type_item_activite>2</code_type_item_activite>
<position_item>1</position_item>
<priorisation>1</priorisation>
<riasec_majeur>R</riasec_majeur>
</item_as>
<item_as>
<code_ogr>105179</code_ogr>
<libelle>Parachever le filetage</libelle>
<code_type_activite>3</code_type_activite>
<code_type_item_activite>2</code_type_item_activite>
<position_item>2</position_item>
<priorisation>1</priorisation>
<riasec_majeur>R</riasec_majeur>
</item_as>
<item_as>
<code_ogr>105180</code_ogr>
<libelle>Parachever le vernissage</libelle>
<code_type_activite>3</code_type_activite>
<code_type_item_activite>2</code_type_item_activite>
<position_item>3</position_item>
<priorisation>1</priorisation>
<riasec_majeur>R</riasec_majeur>
<riasec_mineur>a</riasec_mineur>
</item_as>
<item_as>
<code_ogr>105181</code_ogr>
<libelle>Parachever le lustrage, lissage et bichonnage</libelle>
<code_type_activite>3</code_type_activite>
<code_type_item_activite>2</code_type_item_activite>
<position_item>4</position_item>
<priorisation>1</priorisation>
<riasec_majeur>R</riasec_majeur>
</item_as>
<item_as>
<code_ogr>105182</code_ogr>
<libelle>Parachever la pose d&#0039;oeillets, boucles, d&#0233;coration</libelle>
<code_type_activite>3</code_type_activite>
<code_type_item_activite>2</code_type_item_activite>
<position_item>5</position_item>
<priorisation>1</priorisation>
<riasec_majeur>R</riasec_majeur>
</item_as>
<item_as>
<code_ogr>105183</code_ogr>
<libelle>Parachever la pose de contreforts</libelle>
<code_type_activite>3</code_type_activite>
<code_type_item_activite>2</code_type_item_activite>
<position_item>6</position_item>
<priorisation>1</priorisation>
<riasec_majeur>R</riasec_majeur>
</item_as>
<item_as>
<code_ogr>119909</code_ogr>
<libelle>Appliquer un produit au pinceau</libelle>
<code_type_activite>3</code_type_activite>
<code_type_item_activite>2</code_type_item_activite>
<position_item>7</position_item>
<priorisation>1</priorisation>
<riasec_majeur>R</riasec_majeur>
<riasec_mineur>a</riasec_mineur>
</item_as>
</activite_specifique>
<savoir_theorique_et_proceduraux nbItemSTP_AS="2">
<item_as_stp>
<code_ogr>105184</code_ogr>
<libelle>Utilisation de fer &#0224; fileter</libelle>
<code_type_competence>1</code_type_competence>
<position_item>1</position_item>
<priorisation>1</priorisation>
</item_as_stp>
<item_as_stp>
<code_ogr>105185</code_ogr>
<libelle>Proc&#0233;dures de nettoyage/d&#0233;capage</libelle>
<code_type_competence>1</code_type_competence>
<position_item>2</position_item>
<priorisation>1</priorisation>
</item_as_stp>
</savoir_theorique_et_proceduraux>
<savoir_action nbItemSA_AS="0">
</savoir_action>
</bloc>
<bloc>
<position_bloc>5</position_bloc>
<activite_specifique nbItemActivite_AS="1">
<item_as>
<code_ogr>101287</code_ogr>
<libelle>R&#0233;aliser des garnitures de si&#0232;ge</libelle>
<code_type_activite>3</code_type_activite>
<code_type_item_activite>2</code_type_item_activite>
<position_item>1</position_item>
<priorisation>1</priorisation>
<riasec_majeur>R</riasec_majeur>
</item_as>
</activite_specifique>
<savoir_theorique_et_proceduraux nbItemSTP_AS="3">
<item_as_stp>
<code_ogr>105186</code_ogr>
<libelle>Fa&#0231;onnage de mousse</libelle>
<code_type_competence>1</code_type_competence>
<position_item>1</position_item>
<priorisation>1</priorisation>
</item_as_stp>
<item_as_stp>
<code_ogr>101283</code_ogr>
<libelle>Techniques de guindage de ressorts</libelle>
<code_type_competence>1</code_type_competence>
<position_item>2</position_item>
<priorisation>1</priorisation>
</item_as_stp>
<item_as_stp>
<code_ogr>101291</code_ogr>
<libelle>Techniques de capitonnage</libelle>
<code_type_competence>1</code_type_competence>
<position_item>3</position_item>
<priorisation>1</priorisation>
</item_as_stp>
</savoir_theorique_et_proceduraux>
<savoir_action nbItemSA_AS="0">
</savoir_action>
</bloc>
<bloc>
<position_bloc>6</position_bloc>
<activite_specifique nbItemActivite_AS="1">
<item_as>
<code_ogr>114690</code_ogr>
<libelle>Assembler des pi&#0232;ces synth&#0233;tiques par soudure selon des rep&#0232;res ou indications</libelle>
<code_type_activite>3</code_type_activite>
<code_type_item_activite>2</code_type_item_activite>
<position_item>1</position_item>
<priorisation>1</priorisation>
<riasec_majeur>R</riasec_majeur>
</item_as>
</activite_specifique>
<savoir_theorique_et_proceduraux nbItemSTP_AS="1">
<item_as_stp>
<code_ogr>105188</code_ogr>
<libelle>Utilisation de soudeuse haute fr&#0233;quence</libelle>
<code_type_competence>1</code_type_competence>
<position_item>1</position_item>
<priorisation>1</priorisation>
</item_as_stp>
</savoir_theorique_et_proceduraux>
<savoir_action nbItemSA_AS="0">
</savoir_action>
</bloc>
<bloc>
<position_bloc>7</position_bloc>
<activite_specifique nbItemActivite_AS="1">
<item_as>
<code_ogr>119671</code_ogr>
<libelle>R&#0233;aliser le prototype d&#0039;un nouveau mod&#0232;le</libelle>
<code_type_activite>3</code_type_activite>
<code_type_item_activite>2</code_type_item_activite>
<position_item>1</position_item>
<priorisation>1</priorisation>
<riasec_majeur>A</riasec_majeur>
</item_as>
</activite_specifique>
<savoir_theorique_et_proceduraux nbItemSTP_AS="0">
</savoir_theorique_et_proceduraux>
<savoir_action nbItemSA_AS="0">
</savoir_action>
</bloc>
<bloc>
<position_bloc>8</position_bloc>
<activite_specifique nbItemActivite_AS="1">
<item_as>
<code_ogr>114692</code_ogr>
<libelle>D&#0233;finir les donn&#0233;es de programmation de machines &#0224; partir de fiches techniques</libelle>
<code_type_activite>3</code_type_activite>
<code_type_item_activite>2</code_type_item_activite>
<position_item>1</position_item>
<priorisation>1</priorisation>
<riasec_majeur>R</riasec_majeur>
</item_as>
</activite_specifique>
<savoir_theorique_et_proceduraux nbItemSTP_AS="0">
</savoir_theorique_et_proceduraux>
<savoir_action nbItemSA_AS="0">
</savoir_action>
</bloc>
<bloc>
<position_bloc>9</position_bloc>
<activite_specifique nbItemActivite_AS="2">
<item_as>
<code_ogr>124888</code_ogr>
<libelle>Entretenir des &#0233;quipements</libelle>
<code_type_activite>3</code_type_activite>
<code_type_item_activite>2</code_type_item_activite>
<position_item>1</position_item>
<priorisation>1</priorisation>
<riasec_majeur>R</riasec_majeur>
</item_as>
<item_as>
<code_ogr>119210</code_ogr>
<libelle>Assurer une maintenance de premier niveau</libelle>
<code_type_activite>3</code_type_activite>
<code_type_item_activite>2</code_type_item_activite>
<position_item>2</position_item>
<priorisation>1</priorisation>
<riasec_majeur>R</riasec_majeur>
</item_as>
</activite_specifique>
<savoir_theorique_et_proceduraux nbItemSTP_AS="1">
<item_as_stp>
<code_ogr>102832</code_ogr>
<libelle>Lecture de documents techniques</libelle>
<code_type_competence>1</code_type_competence>
<position_item>1</position_item>
<priorisation>1</priorisation>
</item_as_stp>
</savoir_theorique_et_proceduraux>
<savoir_action nbItemSA_AS="0">
</savoir_action>
</bloc>
<bloc>
<position_bloc>10</position_bloc>
<activite_specifique nbItemActivite_AS="1">
<item_as>
<code_ogr>114693</code_ogr>
<libelle>Assister techniquement les agents de l&#0039;&#0233;quipe (explication de sch&#0233;ma de montage, difficult&#0233;s techniques)</libelle>
<code_type_activite>3</code_type_activite>
<code_type_item_activite>2</code_type_item_activite>
<position_item>1</position_item>
<priorisation>1</priorisation>
<riasec_majeur>R</riasec_majeur>
<riasec_mineur>s</riasec_mineur>
</item_as>
</activite_specifique>
<savoir_theorique_et_proceduraux nbItemSTP_AS="0">
</savoir_theorique_et_proceduraux>
<savoir_action nbItemSA_AS="0">
</savoir_action>
</bloc>
</bloc_activites_specifiques>
<bloc_mobilites>
<mobilites_proches nbItemMob="3">
<item_mob_pr><code_type_mobilite>1</code_type_mobilite>
<liste_appellation_source>
<code_appellation_source>16412</code_appellation_source>
<libelle_appellation_source>Maroquinier industriel / Maroquini&#0232;re industrielle</libelle_appellation_source>
</liste_appellation_source>
<code_rome_cible>B1802</code_rome_cible>
<libelle_rome_cible>R&#0233;alisation d&#0039;articles en cuir et mat&#0233;riaux souples (hors v&#0234;tement)</libelle_rome_cible>
<liste_appellation_cible>
<code_appellation_cible>0</code_appellation_cible>
<libelle_appellation_cible>Toutes les appellations</libelle_appellation_cible>
</liste_appellation_cible>
</item_mob_pr>
<item_mob_pr><code_type_mobilite>1</code_type_mobilite>
<liste_appellation_source>
<code_appellation_source>13731</code_appellation_source>
<libelle_appellation_source>Cordonnier industriel / Cordonni&#0232;re industrielle</libelle_appellation_source>
</liste_appellation_source>
<code_rome_cible>D1206</code_rome_cible>
<libelle_rome_cible>R&#0233;paration d&#0039;articles en cuir et mat&#0233;riaux souples</libelle_rome_cible>
<liste_appellation_cible>
<code_appellation_cible>0</code_appellation_cible>
<libelle_appellation_cible>Toutes les appellations</libelle_appellation_cible>
</liste_appellation_cible>
</item_mob_pr>
<item_mob_pr><code_type_mobilite>1</code_type_mobilite>
<liste_appellation_source>
<code_appellation_source>0</code_appellation_source>
<libelle_appellation_source>Toutes les appellations</libelle_appellation_source>
</liste_appellation_source>
<code_rome_cible>D1207</code_rome_cible>
<libelle_rome_cible>Retouches en habillement</libelle_rome_cible>
<liste_appellation_cible>
<code_appellation_cible>19244</code_appellation_cible>
<libelle_appellation_cible>Retoucheur / Retoucheuse en cuir</libelle_appellation_cible>
</liste_appellation_cible>
</item_mob_pr>
</mobilites_proches>
<mobilites_si_evolution nbItemMob="5">
<item_mob_ev><code_type_mobilite>2</code_type_mobilite>
<liste_appellation_source>
<code_appellation_source>0</code_appellation_source>
<libelle_appellation_source>Toutes les appellations</libelle_appellation_source>
</liste_appellation_source>
<code_rome_cible>D1214</code_rome_cible>
<libelle_rome_cible>Vente en habillement et accessoires de la personne</libelle_rome_cible>
<liste_appellation_cible>
<code_appellation_cible>20600</code_appellation_cible>
<libelle_appellation_cible>Vendeur / Vendeuse en maroquinerie</libelle_appellation_cible>
</liste_appellation_cible>
</item_mob_ev>
<item_mob_ev><code_type_mobilite>2</code_type_mobilite>
<liste_appellation_source>
<code_appellation_source>0</code_appellation_source>
<libelle_appellation_source>Toutes les appellations</libelle_appellation_source>
</liste_appellation_source>
<code_rome_cible>H1205</code_rome_cible>
<libelle_rome_cible>&#0201;tudes - mod&#0232;les en industrie des mat&#0233;riaux souples</libelle_rome_cible>
<liste_appellation_cible>
<code_appellation_cible>0</code_appellation_cible>
<libelle_appellation_cible>Toutes les appellations</libelle_appellation_cible>
</liste_appellation_cible>
</item_mob_ev>
<item_mob_ev><code_type_mobilite>2</code_type_mobilite>
<liste_appellation_source>
<code_appellation_source>0</code_appellation_source>
<libelle_appellation_source>Toutes les appellations</libelle_appellation_source>
<code_appellation_source>0</code_appellation_source>
<libelle_appellation_source> </libelle_appellation_source>
</liste_appellation_source>
<code_rome_cible>H2411</code_rome_cible>
<libelle_rome_cible>Montage de prototype cuir et mat&#0233;riaux souples</libelle_rome_cible>
<liste_appellation_cible>
<code_appellation_cible>18216</code_appellation_cible>
<libelle_appellation_cible>Prototypiste en chaussure</libelle_appellation_cible>
<code_appellation_cible>18218</code_appellation_cible>
<libelle_appellation_cible>Prototypiste en maroquinerie</libelle_appellation_cible>
</liste_appellation_cible>
</item_mob_ev>
<item_mob_ev><code_type_mobilite>2</code_type_mobilite>
<liste_appellation_source>
<code_appellation_source>0</code_appellation_source>
<libelle_appellation_source>Toutes les appellations</libelle_appellation_source>
</liste_appellation_source>
<code_rome_cible>H2412</code_rome_cible>
<libelle_rome_cible>Patronnage - gradation</libelle_rome_cible>
<liste_appellation_cible>
<code_appellation_cible>17590</code_appellation_cible>
<libelle_appellation_cible>Patronnier metteur / Patronni&#0232;re metteuse au point en industrie des cuirs, peaux et mat&#0233;riaux associ&#0233;s</libelle_appellation_cible>
</liste_appellation_cible>
</item_mob_ev>
<item_mob_ev><code_type_mobilite>2</code_type_mobilite>
<liste_appellation_source>
<code_appellation_source>0</code_appellation_source>
<libelle_appellation_source>Toutes les appellations</libelle_appellation_source>
</liste_appellation_source>
<code_rome_cible>H2505</code_rome_cible>
<libelle_rome_cible>Encadrement d&#0039;&#0233;quipe ou d&#0039;atelier en mat&#0233;riaux souples</libelle_rome_cible>
<liste_appellation_cible>
<code_appellation_cible>0</code_appellation_cible>
<libelle_appellation_cible>Toutes les appellations</libelle_appellation_cible>
</liste_appellation_cible>
</item_mob_ev>
</mobilites_si_evolution>
</bloc_mobilites>
</fiche_emploi_metier>