<?xml version="1.0" encoding="UTF-8" ?>
<fiche_emploi_metier>
<type_fiche>2</type_fiche>
<libelle_type_fiche>priorise</libelle_type_fiche>
<version_SI>
<version_rome>333</version_rome>
<date_version_si>01/10/2017</date_version_si>
<mois_version_si>Octobre</mois_version_si>
<annee_version_si>2017</annee_version_si>
</version_SI>
<bloc_code_rome>
<code_rome>H2410</code_rome>
<intitule>Mise en forme, repassage et finitions en industrie textile</intitule>
<code_ogr>256</code_ogr>
<riasec_majeur>R</riasec_majeur>
<riasec_mineur>c</riasec_mineur>
</bloc_code_rome>
<bloc_appellation nbItemAppellation="19">
<item_app>
<code_ogr>14139</code_ogr>
<libelle>D&#0233;tacheur / D&#0233;tacheuse en industrie des mat&#0233;riaux souples</libelle>
<libelle_court>D&#0233;tacheur / D&#0233;tacheuse en industrie des mat&#0233;riaux souples</libelle_court>
<priorisation>1</priorisation>
</item_app>
<item_app>
<code_ogr>14549</code_ogr>
<libelle>Ecailleur / Ecailleuse en dentelle</libelle>
<libelle_court>Ecailleur / Ecailleuse en dentelle</libelle_court>
<priorisation>1</priorisation>
</item_app>
<item_app>
<code_ogr>15088</code_ogr>
<libelle>Finisseur / Finisseuse en industrie des mat&#0233;riaux souples</libelle>
<libelle_court>Finisseur / Finisseuse en industrie des mat&#0233;riaux souples</libelle_court>
<priorisation>1</priorisation>
</item_app>
<item_app>
<code_ogr>15147</code_ogr>
<libelle>Formeur / Formeuse en bonneterie</libelle>
<libelle_court>Formeur / Formeuse en bonneterie</libelle_court>
<priorisation>1</priorisation>
</item_app>
<item_app>
<code_ogr>17099</code_ogr>
<libelle>Op&#0233;rateur / Op&#0233;ratrice de finition en industrie des mat&#0233;riaux souples</libelle>
<libelle_court>Op&#0233;rateur(trice) de finition en ind des mat&#0233;riaux souples</libelle_court>
<priorisation>1</priorisation>
</item_app>
<item_app>
<code_ogr>18059</code_ogr>
<libelle>Presseur / Presseuse en bonneterie</libelle>
<libelle_court>Presseur / Presseuse en bonneterie</libelle_court>
<priorisation>1</priorisation>
</item_app>
<item_app>
<code_ogr>18061</code_ogr>
<libelle>Presseur / Presseuse en industrie de l&#0039;habillement</libelle>
<libelle_court>Presseur / Presseuse en industrie de l&#0039;habillement</libelle_court>
<priorisation>1</priorisation>
</item_app>
<item_app>
<code_ogr>38071</code_ogr>
<libelle>Raccommodeur / Raccommodeuse en broderie</libelle>
<libelle_court>Raccommodeur / Raccommodeuse en broderie</libelle_court>
<priorisation>1</priorisation>
</item_app>
<item_app>
<code_ogr>38072</code_ogr>
<libelle>Raccommodeur / Raccommodeuse en dentelle</libelle>
<libelle_court>Raccommodeur / Raccommodeuse en dentelle</libelle_court>
<priorisation>1</priorisation>
</item_app>
<item_app>
<code_ogr>18265</code_ogr>
<libelle>Raccoutreur / Raccoutreuse en articles chaussants</libelle>
<libelle_court>Raccoutreur / Raccoutreuse en articles chaussants</libelle_court>
<priorisation>1</priorisation>
</item_app>
<item_app>
<code_ogr>18266</code_ogr>
<libelle>Raccoutreur / Raccoutreuse en bonneterie</libelle>
<libelle_court>Raccoutreur / Raccoutreuse en bonneterie</libelle_court>
<priorisation>1</priorisation>
</item_app>
<item_app>
<code_ogr>18507</code_ogr>
<libelle>Remonteur / Remonteuse de maille en bonneterie</libelle>
<libelle_court>Remonteur / Remonteuse de maille en bonneterie</libelle_court>
<priorisation>1</priorisation>
</item_app>
<item_app>
<code_ogr>18536</code_ogr>
<libelle>Repasseur / Repasseuse au fer en industrie de l&#0039;habillement</libelle>
<libelle_court>Repasseur / Repasseuse au fer en industrie de l&#0039;habillement</libelle_court>
<priorisation>1</priorisation>
</item_app>
<item_app>
<code_ogr>18538</code_ogr>
<libelle>Repasseur / Repasseuse en cours en industrie de l&#0039;habillement</libelle>
<libelle_court>Repasseur/Repasseuse en cours en industrie de l&#0039;habillement</libelle_court>
<priorisation>1</priorisation>
</item_app>
<item_app>
<code_ogr>18542</code_ogr>
<libelle>Repasseur / Repasseuse sur carrousel en industrie de l&#0039;habillement</libelle>
<libelle_court>Repasseur(se) sur carrousel en industrie de l&#0039;habillement</libelle_court>
<priorisation>1</priorisation>
</item_app>
<item_app>
<code_ogr>18543</code_ogr>
<libelle>Repasseur / Repasseuse sur mannequin en industrie de l&#0039;habillement</libelle>
<libelle_court>Repasseur(se) sur mannequin en industrie de l&#0039;habillement</libelle_court>
<priorisation>1</priorisation>
</item_app>
<item_app>
<code_ogr>18539</code_ogr>
<libelle>Repasseur final / Repasseuse finale en industrie de l&#0039;habillement</libelle>
<libelle_court>Repasseur(se) final(e) en industrie de l&#0039;habillement</libelle_court>
<priorisation>1</priorisation>
</item_app>
<item_app>
<code_ogr>18545</code_ogr>
<libelle>Repasseur-presseur / Repasseuse-presseuse en industrie de l&#0039;habillement et de fabrications &#0224; base d&#0039;&#0233;toffes</libelle>
<libelle_court>Repasseur(se)-presseur(se) en industrie de l&#0039;habillement</libelle_court>
<priorisation>1</priorisation>
</item_app>
<item_app>
<code_ogr>20322</code_ogr>
<libelle>Thermocolleur / Thermocolleuse en industrie de l&#0039;habillement</libelle>
<libelle_court>Thermocolleur / Thermocolleuse en industrie de l&#0039;habillement</libelle_court>
<priorisation>1</priorisation>
</item_app>
</bloc_appellation>
<definition nbItemDefinition="3">
Met en forme, repasse ou r&#0233;alise diverses op&#0233;rations de finition (&#0233;pluchage, fixation de perles, ...) sur des articles &#0224; base d&#0039;&#0233;toffes (v&#0234;tements, linge de maison, ...) manuellement ou &#0224; l&#0039;aide de machines. Intervient selon les r&#0232;gles de s&#0233;curit&#0233; et les imp&#0233;ratifs de production (qualit&#0233;, d&#0233;lais, ...).
Peut effectuer des op&#0233;rations de r&#0233;paration d&#0039;articles ou les conditionner.
Peut coordonner une &#0233;quipe.
</definition>
<acces_emploi_metier nbItemAccesEmploiMetier="2">
Cet emploi/m&#0233;tier est accessible avec une exp&#0233;rience professionnelle dans l&#0039;assemblage et le montage en industries textiles sans dipl&#0244;me particulier.
Un CAP en habillement, couture, ... en facilite l&#0039;acc&#0232;s.
</acces_emploi_metier>
<condition_exercice_activite nbItemConditionExercice="3">
L&#0039;activit&#0233; de cet emploi/m&#0233;tier s&#0039;exerce au sein d&#0039;industries ou de manufactures de fabrication d&#0039;articles &#0224; base d&#0039;&#0233;toffes (linge de maison, habillement, dentelle, ...).
Elle peut s&#0039;exercer les fins de semaine et &#0234;tre soumise &#0224; des pics d&#0039;activit&#0233; (collections).
L&#0039;activit&#0233; s&#0039;effectue en atelier de production, parfois &#0224; domicile.
</condition_exercice_activite>
<bloc_environnement_de_travail nbItemEnvTrav="11">
<item_env>
<code_ogr>23874</code_ogr>
<libelle>Entreprise de fabrication d&#0039;articles textiles</libelle>
<code_type_section_env>1</code_type_section_env>
<priorisation>1</priorisation>
</item_env>
<item_env>
<code_ogr>23386</code_ogr>
<libelle>Accessoires de mode</libelle>
<code_type_section_env>2</code_type_section_env>
<priorisation>1</priorisation>
</item_env>
<item_env>
<code_ogr>23398</code_ogr>
<libelle>Ameublement</libelle>
<code_type_section_env>2</code_type_section_env>
<priorisation>1</priorisation>
</item_env>
<item_env>
<code_ogr>23428</code_ogr>
<libelle>Broderie</libelle>
<code_type_section_env>2</code_type_section_env>
<priorisation>1</priorisation>
</item_env>
<item_env>
<code_ogr>23450</code_ogr>
<libelle>Confection textile</libelle>
<code_type_section_env>2</code_type_section_env>
<priorisation>1</priorisation>
</item_env>
<item_env>
<code_ogr>23460</code_ogr>
<libelle>Dentelle</libelle>
<code_type_section_env>2</code_type_section_env>
<priorisation>1</priorisation>
</item_env>
<item_env>
<code_ogr>23516</code_ogr>
<libelle>Haute couture</libelle>
<code_type_section_env>2</code_type_section_env>
<priorisation>1</priorisation>
</item_env>
<item_env>
<code_ogr>23542</code_ogr>
<libelle>Linge de maison</libelle>
<code_type_section_env>2</code_type_section_env>
<priorisation>1</priorisation>
</item_env>
<item_env>
<code_ogr>23596</code_ogr>
<libelle>Pr&#0234;t &#0224; porter</libelle>
<code_type_section_env>2</code_type_section_env>
<priorisation>1</priorisation>
</item_env>
<item_env>
<code_ogr>23675</code_ogr>
<libelle>V&#0234;tements de protection</libelle>
<code_type_section_env>2</code_type_section_env>
<priorisation>1</priorisation>
</item_env>
<item_env>
<code_ogr>23374</code_ogr>
<libelle>Au domicile de l&#0039;intervenant</libelle>
<code_type_section_env>3</code_type_section_env>
<priorisation>1</priorisation>
</item_env>
</bloc_environnement_de_travail>
<bloc_activites_de_base nbBlocActiviteBase="1">
<activites_de_base nbItemActivite_AB="6">
<item_ab>
<code_ogr>105456</code_ogr>
<libelle>Identifier les d&#0233;fauts des articles (v&#0234;tement, dentelle, ...) et les trier selon les non-conformit&#0233;s (finition, reprise, rebut)</libelle>
<code_type_activite>3</code_type_activite>
<code_type_item_activite>2</code_type_item_activite>
<position_item>1</position_item>
<priorisation>1</priorisation>
<riasec_majeur>C</riasec_majeur>
</item_ab>
<item_ab>
<code_ogr>101974</code_ogr>
<libelle>Repasser du textile (v&#0234;tements, linge)</libelle>
<code_type_activite>3</code_type_activite>
<code_type_item_activite>2</code_type_item_activite>
<position_item>2</position_item>
<priorisation>1</priorisation>
<riasec_majeur>R</riasec_majeur>
</item_ab>
<item_ab>
<code_ogr>105458</code_ogr>
<libelle>Fixer, intercaler les &#0233;l&#0233;ments de fermeture, de renfort, de marquage sur l&#0039;article</libelle>
<code_type_activite>3</code_type_activite>
<code_type_item_activite>2</code_type_item_activite>
<position_item>3</position_item>
<priorisation>1</priorisation>
<riasec_majeur>R</riasec_majeur>
</item_ab>
<item_ab>
<code_ogr>105459</code_ogr>
<libelle>V&#0233;rifier la conformit&#0233; des finitions et proc&#0233;der aux r&#0233;parations de remaillage, de reprise de couture, ...</libelle>
<code_type_activite>3</code_type_activite>
<code_type_item_activite>2</code_type_item_activite>
<position_item>4</position_item>
<priorisation>1</priorisation>
<riasec_majeur>C</riasec_majeur>
</item_ab>
<item_ab>
<code_ogr>121755</code_ogr>
<libelle>Consigner des donn&#0233;es d&#0039;activit&#0233;</libelle>
<code_type_activite>3</code_type_activite>
<code_type_item_activite>2</code_type_item_activite>
<position_item>5</position_item>
<priorisation>1</priorisation>
<riasec_majeur>C</riasec_majeur>
</item_ab>
<item_ab>
<code_ogr>119346</code_ogr>
<libelle>Rep&#0233;rer les anomalies, les d&#0233;fauts de fabrication</libelle>
<code_type_activite>3</code_type_activite>
<code_type_item_activite>2</code_type_item_activite>
<position_item>6</position_item>
<priorisation>1</priorisation>
<riasec_majeur>R</riasec_majeur>
</item_ab>
</activites_de_base>
<savoir_theorique_et_proceduraux nbItemSTP_AB="13">
<item_ab_stp>
<code_ogr>101119</code_ogr>
<libelle>Caract&#0233;ristiques des tissus et mati&#0232;res textiles</libelle>
<code_type_competence>1</code_type_competence>
<position_item>1</position_item>
<priorisation>1</priorisation>
</item_ab_stp>
<item_ab_stp>
<code_ogr>113245</code_ogr>
<libelle>Normes qualit&#0233;</libelle>
<code_type_competence>1</code_type_competence>
<position_item>2</position_item>
<priorisation>1</priorisation>
</item_ab_stp>
<item_ab_stp>
<code_ogr>105465</code_ogr>
<libelle>Utilisation de fer/table aspirante</libelle>
<code_type_competence>1</code_type_competence>
<position_item>3</position_item>
<priorisation>1</priorisation>
</item_ab_stp>
<item_ab_stp>
<code_ogr>100017</code_ogr>
<libelle>R&#0232;gles de s&#0233;curit&#0233;</libelle>
<code_type_competence>1</code_type_competence>
<position_item>4</position_item>
<priorisation>1</priorisation>
</item_ab_stp>
<item_ab_stp>
<code_ogr>102023</code_ogr>
<libelle>Lecture de fiche technique</libelle>
<code_type_competence>1</code_type_competence>
<position_item>5</position_item>
<priorisation>1</priorisation>
</item_ab_stp>
<item_ab_stp>
<code_ogr>100753</code_ogr>
<libelle>Couture manuelle</libelle>
<code_type_competence>1</code_type_competence>
<position_item>6</position_item>
<priorisation>1</priorisation>
</item_ab_stp>
<item_ab_stp>
<code_ogr>105232</code_ogr>
<libelle>Utilisation de fer &#0224; repasser professionnel</libelle>
<code_type_competence>1</code_type_competence>
<position_item>7</position_item>
<priorisation>1</priorisation>
</item_ab_stp>
<item_ab_stp>
<code_ogr>105461</code_ogr>
<libelle>Utilisation de presse &#0224; repasser</libelle>
<code_type_competence>1</code_type_competence>
<position_item>8</position_item>
<priorisation>1</priorisation>
</item_ab_stp>
<item_ab_stp>
<code_ogr>105462</code_ogr>
<libelle>Utilisation de mannequin de repassage</libelle>
<code_type_competence>1</code_type_competence>
<position_item>9</position_item>
<priorisation>1</priorisation>
</item_ab_stp>
<item_ab_stp>
<code_ogr>105463</code_ogr>
<libelle>Utilisation de forme chauffante (coquille &#0224; vapeur, ...)</libelle>
<code_type_competence>1</code_type_competence>
<position_item>10</position_item>
<priorisation>1</priorisation>
</item_ab_stp>
<item_ab_stp>
<code_ogr>105464</code_ogr>
<libelle>Utilisation de machine &#0224; poser les boutons</libelle>
<code_type_competence>1</code_type_competence>
<position_item>11</position_item>
<priorisation>1</priorisation>
</item_ab_stp>
<item_ab_stp>
<code_ogr>100800</code_ogr>
<libelle>Techniques de collage</libelle>
<code_type_competence>1</code_type_competence>
<position_item>12</position_item>
<priorisation>1</priorisation>
</item_ab_stp>
<item_ab_stp>
<code_ogr>104484</code_ogr>
<libelle>Appr&#0233;ciation visuelle (sym&#0233;trie, couleur, ...)</libelle>
<code_type_competence>1</code_type_competence>
<position_item>13</position_item>
<priorisation>1</priorisation>
</item_ab_stp>
</savoir_theorique_et_proceduraux>
<savoir_action nbItemSA_AB="0">
</savoir_action>
</bloc_activites_de_base>
<bloc_activites_specifiques nbBlocActiviteSpecifique="4">
<bloc>
<position_bloc>1</position_bloc>
<activite_specifique nbItemActivite_AS="3">
<item_as>
<code_ogr>105466</code_ogr>
<libelle>R&#0233;aliser des op&#0233;rations de finition sur des articles chaussants (bas, collants, ...)</libelle>
<code_type_activite>3</code_type_activite>
<code_type_item_activite>2</code_type_item_activite>
<position_item>1</position_item>
<priorisation>1</priorisation>
<riasec_majeur>R</riasec_majeur>
<riasec_mineur>a</riasec_mineur>
</item_as>
<item_as>
<code_ogr>105467</code_ogr>
<libelle>R&#0233;aliser des op&#0233;rations de finition sur des articles de haute couture, robes de mari&#0233;e</libelle>
<code_type_activite>3</code_type_activite>
<code_type_item_activite>2</code_type_item_activite>
<position_item>2</position_item>
<priorisation>1</priorisation>
<riasec_majeur>R</riasec_majeur>
<riasec_mineur>a</riasec_mineur>
</item_as>
<item_as>
<code_ogr>105468</code_ogr>
<libelle>R&#0233;aliser des op&#0233;rations de finition sur des articles de lingerie/baln&#0233;aire/corseterie</libelle>
<code_type_activite>3</code_type_activite>
<code_type_item_activite>2</code_type_item_activite>
<position_item>3</position_item>
<priorisation>1</priorisation>
<riasec_majeur>R</riasec_majeur>
<riasec_mineur>a</riasec_mineur>
</item_as>
</activite_specifique>
<savoir_theorique_et_proceduraux nbItemSTP_AS="0">
</savoir_theorique_et_proceduraux>
<savoir_action nbItemSA_AS="0">
</savoir_action>
</bloc>
<bloc>
<position_bloc>2</position_bloc>
<activite_specifique nbItemActivite_AS="9">
<item_as>
<code_ogr>105469</code_ogr>
<libelle>Parachever l&#0039;&#0233;caillage dentelle</libelle>
<code_type_activite>3</code_type_activite>
<code_type_item_activite>2</code_type_item_activite>
<position_item>1</position_item>
<priorisation>1</priorisation>
<riasec_majeur>R</riasec_majeur>
</item_as>
<item_as>
<code_ogr>105470</code_ogr>
<libelle>Parachever la coupe de fils r&#0233;siduels, l&#0039;&#0233;pluchage</libelle>
<code_type_activite>3</code_type_activite>
<code_type_item_activite>2</code_type_item_activite>
<position_item>2</position_item>
<priorisation>1</priorisation>
<riasec_majeur>R</riasec_majeur>
</item_as>
<item_as>
<code_ogr>105471</code_ogr>
<libelle>Parachever la pose d&#0039;oeillets, rivetage, agrafage</libelle>
<code_type_activite>3</code_type_activite>
<code_type_item_activite>2</code_type_item_activite>
<position_item>3</position_item>
<priorisation>1</priorisation>
<riasec_majeur>R</riasec_majeur>
</item_as>
<item_as>
<code_ogr>105227</code_ogr>
<libelle>Parachever la fixation de perles</libelle>
<code_type_activite>3</code_type_activite>
<code_type_item_activite>2</code_type_item_activite>
<position_item>4</position_item>
<priorisation>1</priorisation>
<riasec_majeur>R</riasec_majeur>
<riasec_mineur>a</riasec_mineur>
</item_as>
<item_as>
<code_ogr>105229</code_ogr>
<libelle>Parachever le marquage, la&#0231;age</libelle>
<code_type_activite>3</code_type_activite>
<code_type_item_activite>2</code_type_item_activite>
<position_item>5</position_item>
<priorisation>1</priorisation>
<riasec_majeur>R</riasec_majeur>
</item_as>
<item_as>
<code_ogr>105472</code_ogr>
<libelle>Parachever le d&#0233;tachage</libelle>
<code_type_activite>3</code_type_activite>
<code_type_item_activite>2</code_type_item_activite>
<position_item>6</position_item>
<priorisation>1</priorisation>
<riasec_majeur>R</riasec_majeur>
</item_as>
<item_as>
<code_ogr>105473</code_ogr>
<libelle>Parachever le raccommodage</libelle>
<code_type_activite>3</code_type_activite>
<code_type_item_activite>2</code_type_item_activite>
<position_item>7</position_item>
<priorisation>1</priorisation>
<riasec_majeur>R</riasec_majeur>
</item_as>
<item_as>
<code_ogr>105474</code_ogr>
<libelle>Parachever le raccoutrage</libelle>
<code_type_activite>3</code_type_activite>
<code_type_item_activite>2</code_type_item_activite>
<position_item>8</position_item>
<priorisation>1</priorisation>
<riasec_majeur>R</riasec_majeur>
</item_as>
<item_as>
<code_ogr>105475</code_ogr>
<libelle>Parachever le remaillage</libelle>
<code_type_activite>3</code_type_activite>
<code_type_item_activite>2</code_type_item_activite>
<position_item>9</position_item>
<priorisation>1</priorisation>
<riasec_majeur>R</riasec_majeur>
</item_as>
</activite_specifique>
<savoir_theorique_et_proceduraux nbItemSTP_AS="1">
<item_as_stp>
<code_ogr>124474</code_ogr>
<libelle>Produits de d&#0233;tachage</libelle>
<code_type_competence>1</code_type_competence>
<position_item>1</position_item>
<priorisation>1</priorisation>
</item_as_stp>
</savoir_theorique_et_proceduraux>
<savoir_action nbItemSA_AS="0">
</savoir_action>
</bloc>
<bloc>
<position_bloc>3</position_bloc>
<activite_specifique nbItemActivite_AS="1">
<item_as>
<code_ogr>106030</code_ogr>
<libelle>Monter, d&#0233;monter les pi&#0232;ces, outillages de machines</libelle>
<code_type_activite>3</code_type_activite>
<code_type_item_activite>2</code_type_item_activite>
<position_item>1</position_item>
<priorisation>1</priorisation>
<riasec_majeur>R</riasec_majeur>
</item_as>
</activite_specifique>
<savoir_theorique_et_proceduraux nbItemSTP_AS="0">
</savoir_theorique_et_proceduraux>
<savoir_action nbItemSA_AS="0">
</savoir_action>
</bloc>
<bloc>
<position_bloc>4</position_bloc>
<activite_specifique nbItemActivite_AS="1">
<item_as>
<code_ogr>123605</code_ogr>
<libelle>Conditionner un produit selon les caract&#0233;ristiques et les modes de transport</libelle>
<code_type_activite>3</code_type_activite>
<code_type_item_activite>2</code_type_item_activite>
<position_item>1</position_item>
<priorisation>1</priorisation>
<riasec_majeur>R</riasec_majeur>
</item_as>
</activite_specifique>
<savoir_theorique_et_proceduraux nbItemSTP_AS="1">
<item_as_stp>
<code_ogr>100746</code_ogr>
<libelle>Techniques de pliage</libelle>
<code_type_competence>1</code_type_competence>
<position_item>1</position_item>
<priorisation>1</priorisation>
</item_as_stp>
</savoir_theorique_et_proceduraux>
<savoir_action nbItemSA_AS="0">
</savoir_action>
</bloc>
</bloc_activites_specifiques>
<bloc_mobilites>
<mobilites_proches nbItemMob="5">
<item_mob_pr><code_type_mobilite>1</code_type_mobilite>
<liste_appellation_source>
<code_appellation_source>0</code_appellation_source>
<libelle_appellation_source>Toutes les appellations</libelle_appellation_source>
</liste_appellation_source>
<code_rome_cible>D1205</code_rome_cible>
<libelle_rome_cible>Nettoyage d&#0039;articles textiles ou cuirs</libelle_rome_cible>
<liste_appellation_cible>
<code_appellation_cible>0</code_appellation_cible>
<libelle_appellation_cible>Toutes les appellations</libelle_appellation_cible>
</liste_appellation_cible>
</item_mob_pr>
<item_mob_pr><code_type_mobilite>1</code_type_mobilite>
<liste_appellation_source>
<code_appellation_source>0</code_appellation_source>
<libelle_appellation_source>Toutes les appellations</libelle_appellation_source>
</liste_appellation_source>
<code_rome_cible>H2415</code_rome_cible>
<libelle_rome_cible>Contr&#0244;le en industrie du cuir et du textile</libelle_rome_cible>
<liste_appellation_cible>
<code_appellation_cible>0</code_appellation_cible>
<libelle_appellation_cible>Toutes les appellations</libelle_appellation_cible>
</liste_appellation_cible>
</item_mob_pr>
<item_mob_pr><code_type_mobilite>1</code_type_mobilite>
<liste_appellation_source>
<code_appellation_source>0</code_appellation_source>
<libelle_appellation_source>Toutes les appellations</libelle_appellation_source>
</liste_appellation_source>
<code_rome_cible>H3302</code_rome_cible>
<libelle_rome_cible>Op&#0233;rations manuelles d&#0039;assemblage, tri ou emballage</libelle_rome_cible>
<liste_appellation_cible>
<code_appellation_cible>0</code_appellation_cible>
<libelle_appellation_cible>Toutes les appellations</libelle_appellation_cible>
</liste_appellation_cible>
</item_mob_pr>
<item_mob_pr><code_type_mobilite>1</code_type_mobilite>
<liste_appellation_source>
<code_appellation_source>0</code_appellation_source>
<libelle_appellation_source>Toutes les appellations</libelle_appellation_source>
</liste_appellation_source>
<code_rome_cible>K2201</code_rome_cible>
<libelle_rome_cible>Blanchisserie industrielle</libelle_rome_cible>
<liste_appellation_cible>
<code_appellation_cible>0</code_appellation_cible>
<libelle_appellation_cible>Toutes les appellations</libelle_appellation_cible>
</liste_appellation_cible>
</item_mob_pr>
<item_mob_pr><code_type_mobilite>1</code_type_mobilite>
<liste_appellation_source>
<code_appellation_source>0</code_appellation_source>
<libelle_appellation_source>Toutes les appellations</libelle_appellation_source>
</liste_appellation_source>
<code_rome_cible>N1103</code_rome_cible>
<libelle_rome_cible>Magasinage et pr&#0233;paration de commandes</libelle_rome_cible>
<liste_appellation_cible>
<code_appellation_cible>0</code_appellation_cible>
<libelle_appellation_cible>Toutes les appellations</libelle_appellation_cible>
</liste_appellation_cible>
</item_mob_pr>
</mobilites_proches>
<mobilites_si_evolution nbItemMob="7">
<item_mob_ev><code_type_mobilite>2</code_type_mobilite>
<liste_appellation_source>
<code_appellation_source>0</code_appellation_source>
<libelle_appellation_source>Toutes les appellations</libelle_appellation_source>
</liste_appellation_source>
<code_rome_cible>D1212</code_rome_cible>
<libelle_rome_cible>Vente en d&#0233;coration et &#0233;quipement du foyer</libelle_rome_cible>
<liste_appellation_cible>
<code_appellation_cible>20630</code_appellation_cible>
<libelle_appellation_cible>Vendeur / Vendeuse en tissus</libelle_appellation_cible>
</liste_appellation_cible>
</item_mob_ev>
<item_mob_ev><code_type_mobilite>2</code_type_mobilite>
<liste_appellation_source>
<code_appellation_source>0</code_appellation_source>
<libelle_appellation_source>Toutes les appellations</libelle_appellation_source>
</liste_appellation_source>
<code_rome_cible>D1214</code_rome_cible>
<libelle_rome_cible>Vente en habillement et accessoires de la personne</libelle_rome_cible>
<liste_appellation_cible>
<code_appellation_cible>0</code_appellation_cible>
<libelle_appellation_cible>Toutes les appellations</libelle_appellation_cible>
</liste_appellation_cible>
</item_mob_ev>
<item_mob_ev><code_type_mobilite>2</code_type_mobilite>
<liste_appellation_source>
<code_appellation_source>0</code_appellation_source>
<libelle_appellation_source>Toutes les appellations</libelle_appellation_source>
</liste_appellation_source>
<code_rome_cible>H2402</code_rome_cible>
<libelle_rome_cible>Assemblage - montage de v&#0234;tements et produits textiles</libelle_rome_cible>
<liste_appellation_cible>
<code_appellation_cible>0</code_appellation_cible>
<libelle_appellation_cible>Toutes les appellations</libelle_appellation_cible>
</liste_appellation_cible>
</item_mob_ev>
<item_mob_ev><code_type_mobilite>2</code_type_mobilite>
<liste_appellation_source>
<code_appellation_source>0</code_appellation_source>
<libelle_appellation_source>Toutes les appellations</libelle_appellation_source>
</liste_appellation_source>
<code_rome_cible>H2505</code_rome_cible>
<libelle_rome_cible>Encadrement d&#0039;&#0233;quipe ou d&#0039;atelier en mat&#0233;riaux souples</libelle_rome_cible>
<liste_appellation_cible>
<code_appellation_cible>18636</code_appellation_cible>
<libelle_appellation_cible>Responsable d&#0039;atelier de finition des industries des mat&#0233;riaux souples</libelle_appellation_cible>
</liste_appellation_cible>
</item_mob_ev>
<item_mob_ev><code_type_mobilite>2</code_type_mobilite>
<liste_appellation_source>
<code_appellation_source>0</code_appellation_source>
<libelle_appellation_source>Toutes les appellations</libelle_appellation_source>
</liste_appellation_source>
<code_rome_cible>H2604</code_rome_cible>
<libelle_rome_cible>Montage de produits &#0233;lectriques et &#0233;lectroniques</libelle_rome_cible>
<liste_appellation_cible>
<code_appellation_cible>0</code_appellation_cible>
<libelle_appellation_cible>Toutes les appellations</libelle_appellation_cible>
</liste_appellation_cible>
</item_mob_ev>
<item_mob_ev><code_type_mobilite>2</code_type_mobilite>
<liste_appellation_source>
<code_appellation_source>0</code_appellation_source>
<libelle_appellation_source>Toutes les appellations</libelle_appellation_source>
</liste_appellation_source>
<code_rome_cible>H2605</code_rome_cible>
<libelle_rome_cible>Montage et c&#0226;blage &#0233;lectronique</libelle_rome_cible>
<liste_appellation_cible>
<code_appellation_cible>0</code_appellation_cible>
<libelle_appellation_cible>Toutes les appellations</libelle_appellation_cible>
</liste_appellation_cible>
</item_mob_ev>
<item_mob_ev><code_type_mobilite>2</code_type_mobilite>
<liste_appellation_source>
<code_appellation_source>0</code_appellation_source>
<libelle_appellation_source>Toutes les appellations</libelle_appellation_source>
</liste_appellation_source>
<code_rome_cible>H2909</code_rome_cible>
<libelle_rome_cible>Montage-assemblage m&#0233;canique</libelle_rome_cible>
<liste_appellation_cible>
<code_appellation_cible>0</code_appellation_cible>
<libelle_appellation_cible>Toutes les appellations</libelle_appellation_cible>
</liste_appellation_cible>
</item_mob_ev>
</mobilites_si_evolution>
</bloc_mobilites>
</fiche_emploi_metier>