<?xml version="1.0" encoding="UTF-8" ?>
<fiche_emploi_metier>
<type_fiche>2</type_fiche>
<libelle_type_fiche>priorise</libelle_type_fiche>
<version_SI>
<version_rome>333</version_rome>
<date_version_si>01/10/2017</date_version_si>
<mois_version_si>Octobre</mois_version_si>
<annee_version_si>2017</annee_version_si>
</version_SI>
<bloc_code_rome>
<code_rome>H2909</code_rome>
<intitule>Montage-assemblage m&#0233;canique</intitule>
<code_ogr>286</code_ogr>
<riasec_majeur>R</riasec_majeur>
<riasec_mineur>c</riasec_mineur>
</bloc_code_rome>
<bloc_appellation nbItemAppellation="32">
<item_app>
<code_ogr>10390</code_ogr>
<libelle>Agent / Agente d&#0039;assemblage m&#0233;canique</libelle>
<libelle_court>Agent / Agente d&#0039;assemblage m&#0233;canique</libelle_court>
<priorisation>1</priorisation>
</item_app>
<item_app>
<code_ogr>10451</code_ogr>
<libelle>Agent / Agente de fabrication en montage-assemblage m&#0233;canique</libelle>
<libelle_court>Agent/Agente de fabrication en montage-assemblage m&#0233;canique</libelle_court>
<priorisation>1</priorisation>
</item_app>
<item_app>
<code_ogr>10533</code_ogr>
<libelle>Agent / Agente de montage m&#0233;canique</libelle>
<libelle_court>Agent / Agente de montage m&#0233;canique</libelle_court>
<priorisation>1</priorisation>
</item_app>
<item_app>
<code_ogr>10535</code_ogr>
<libelle>Agent / Agente de montage-assemblage m&#0233;canique</libelle>
<libelle_court>Agent / Agente de montage-assemblage m&#0233;canique</libelle_court>
<priorisation>1</priorisation>
</item_app>
<item_app>
<code_ogr>10561</code_ogr>
<libelle>Agent / Agente de production de montage-assemblage m&#0233;canique</libelle>
<libelle_court>Agent / Agente de production de montage-assemblage m&#0233;canique</libelle_court>
<priorisation>1</priorisation>
</item_app>
<item_app>
<code_ogr>10881</code_ogr>
<libelle>Aide-m&#0233;canicien / Aide-m&#0233;canicienne en montage-assemblage m&#0233;canique</libelle>
<libelle_court>Aide-m&#0233;canicien(ne) en montage-assemblage m&#0233;canique</libelle_court>
<priorisation>1</priorisation>
</item_app>
<item_app>
<code_ogr>10882</code_ogr>
<libelle>Aide-monteur / Aide-monteuse en montage-assemblage m&#0233;canique</libelle>
<libelle_court>Aide-monteur / Aide-monteuse en montage-assemblage m&#0233;canique</libelle_court>
<priorisation>1</priorisation>
</item_app>
<item_app>
<code_ogr>10896</code_ogr>
<libelle>Aide-soudeur / Aide-soudeuse en montage-assemblage m&#0233;canique</libelle>
<libelle_court>Aide-soudeur / Aide-soudeuse en montage-assemblage m&#0233;canique</libelle_court>
<priorisation>1</priorisation>
</item_app>
<item_app>
<code_ogr>11175</code_ogr>
<libelle>Assembleur monteur / Assembleuse monteuse</libelle>
<libelle_court>Assembleur monteur / Assembleuse monteuse</libelle_court>
<priorisation>1</priorisation>
</item_app>
<item_app>
<code_ogr>14912</code_ogr>
<libelle>Etancheur / Etancheuse en montage-assemblage m&#0233;canique</libelle>
<libelle_court>Etancheur / Etancheuse en montage-assemblage m&#0233;canique</libelle_court>
<priorisation>1</priorisation>
</item_app>
<item_app>
<code_ogr>16764</code_ogr>
<libelle>Monteur / Monteuse d&#0039;assemblage m&#0233;canique de pr&#0233;cision</libelle>
<libelle_court>Monteur / Monteuse d&#0039;assemblage m&#0233;canique de pr&#0233;cision</libelle_court>
<priorisation>1</priorisation>
</item_app>
<item_app>
<code_ogr>16791</code_ogr>
<libelle>Monteur / Monteuse de pi&#0232;ces</libelle>
<libelle_court>Monteur / Monteuse de pi&#0232;ces</libelle_court>
<priorisation>1</priorisation>
</item_app>
<item_app>
<code_ogr>16823</code_ogr>
<libelle>Monteur / Monteuse en grappe en cire perdue</libelle>
<libelle_court>Monteur / Monteuse en grappe en cire perdue</libelle_court>
<priorisation>1</priorisation>
</item_app>
<item_app>
<code_ogr>16829</code_ogr>
<libelle>Monteur / Monteuse en ligne de fabrication automobile</libelle>
<libelle_court>Monteur / Monteuse en ligne de fabrication automobile</libelle_court>
<priorisation>1</priorisation>
</item_app>
<item_app>
<code_ogr>16831</code_ogr>
<libelle>Monteur / Monteuse en lunetterie</libelle>
<libelle_court>Monteur / Monteuse en lunetterie</libelle_court>
<priorisation>1</priorisation>
</item_app>
<item_app>
<code_ogr>16863</code_ogr>
<libelle>Monteur / Monteuse sur cha&#0238;ne d&#0039;assemblage</libelle>
<libelle_court>Monteur / Monteuse sur cha&#0238;ne d&#0039;assemblage</libelle_court>
<priorisation>1</priorisation>
</item_app>
<item_app>
<code_ogr>17062</code_ogr>
<libelle>Op&#0233;rateur / Op&#0233;ratrice d&#0039;assemblage m&#0233;canique</libelle>
<libelle_court>Op&#0233;rateur / Op&#0233;ratrice d&#0039;assemblage m&#0233;canique</libelle_court>
<priorisation>1</priorisation>
</item_app>
<item_app>
<code_ogr>17124</code_ogr>
<libelle>Op&#0233;rateur / Op&#0233;ratrice de montage en montage-assemblage m&#0233;canique</libelle>
<libelle_court>Op&#0233;rateur(trice) de montage en montage-assemblage m&#0233;canique</libelle_court>
<priorisation>1</priorisation>
</item_app>
<item_app>
<code_ogr>17122</code_ogr>
<libelle>Op&#0233;rateur / Op&#0233;ratrice de montage-assemblage m&#0233;canique</libelle>
<libelle_court>Op&#0233;rateur / Op&#0233;ratrice de montage-assemblage m&#0233;canique</libelle_court>
<priorisation>1</priorisation>
</item_app>
<item_app>
<code_ogr>17154</code_ogr>
<libelle>Op&#0233;rateur / Op&#0233;ratrice de production en montage-assemblage m&#0233;canique</libelle>
<libelle_court>Op&#0233;rateur(trice) de prod en montage-assemblage m&#0233;canique</libelle_court>
<priorisation>1</priorisation>
</item_app>
<item_app>
<code_ogr>17284</code_ogr>
<libelle>Op&#0233;rateur / Op&#0233;ratrice sur ligne de montage m&#0233;canique</libelle>
<libelle_court>Op&#0233;rateur / Op&#0233;ratrice sur ligne de montage m&#0233;canique</libelle_court>
<priorisation>1</priorisation>
</item_app>
<item_app>
<code_ogr>17252</code_ogr>
<libelle>Op&#0233;rateur polyvalent / Op&#0233;ratrice polyvalente montage-assemblage m&#0233;canique</libelle>
<libelle_court>Op&#0233;rateur(trice) polyvalent(e) montage-assemblage m&#0233;canique</libelle_court>
<priorisation>1</priorisation>
</item_app>
<item_app>
<code_ogr>17262</code_ogr>
<libelle>Op&#0233;rateur qualifi&#0233; / Op&#0233;ratrice qualifi&#0233;e de montage de v&#0233;hicules</libelle>
<libelle_court>Op&#0233;rateur(trice) qualifi&#0233;(e) de montage de v&#0233;hicules</libelle_court>
<priorisation>1</priorisation>
</item_app>
<item_app>
<code_ogr>17447</code_ogr>
<libelle>Ouvrier / Ouvri&#0232;re de montage en assemblage m&#0233;canique</libelle>
<libelle_court>Ouvrier / Ouvri&#0232;re de montage en assemblage m&#0233;canique</libelle_court>
<priorisation>1</priorisation>
</item_app>
<item_app>
<code_ogr>17448</code_ogr>
<libelle>Ouvrier / Ouvri&#0232;re de montage en construction automobile</libelle>
<libelle_court>Ouvrier / Ouvri&#0232;re de montage en construction automobile</libelle_court>
<priorisation>1</priorisation>
</item_app>
<item_app>
<code_ogr>17450</code_ogr>
<libelle>Ouvrier / Ouvri&#0232;re de montage m&#0233;canique en a&#0233;ronautique</libelle>
<libelle_court>Ouvrier / Ouvri&#0232;re de montage m&#0233;canique en a&#0233;ronautique</libelle_court>
<priorisation>1</priorisation>
</item_app>
<item_app>
<code_ogr>19242</code_ogr>
<libelle>Retoucheur / Retoucheuse &#0233;lectricit&#0233; en construction automobile</libelle>
<libelle_court>Retoucheur(se) &#0233;lectricit&#0233; en construction automobile</libelle_court>
<priorisation>1</priorisation>
</item_app>
<item_app>
<code_ogr>19250</code_ogr>
<libelle>Retoucheur / Retoucheuse sur t&#0244;les nues en construction automobile</libelle>
<libelle_court>Retoucheur(se) sur t&#0244;les nues en construction automobile</libelle_court>
<priorisation>1</priorisation>
</item_app>
<item_app>
<code_ogr>19248</code_ogr>
<libelle>Retoucheur sellier / Retoucheuse selli&#0232;re en construction automobile</libelle>
<libelle_court>Retoucheur(se) sellier(&#0232;re) en construction automobile</libelle_court>
<priorisation>1</priorisation>
</item_app>
<item_app>
<code_ogr>19258</code_ogr>
<libelle>Rhabilleur / Rhabilleuse en horlogerie</libelle>
<libelle_court>Rhabilleur / Rhabilleuse en horlogerie</libelle_court>
<priorisation>1</priorisation>
</item_app>
<item_app>
<code_ogr>19259</code_ogr>
<libelle>Rhabilleur / Rhabilleuse en lunetterie</libelle>
<libelle_court>Rhabilleur / Rhabilleuse en lunetterie</libelle_court>
<priorisation>1</priorisation>
</item_app>
<item_app>
<code_ogr>19464</code_ogr>
<libelle>Soudeur / Soudeuse en lunetterie</libelle>
<libelle_court>Soudeur / Soudeuse en lunetterie</libelle_court>
<priorisation>1</priorisation>
</item_app>
</bloc_appellation>
<definition nbItemDefinition="1">
R&#0233;alise des op&#0233;rations de montage d&#0039;&#0233;l&#0233;ments, pi&#0232;ces, composants d&#0039;ensembles m&#0233;caniques au moyen d&#0039;outils et de machines, selon les r&#0232;gles de s&#0233;curit&#0233; et les imp&#0233;ratifs de production (d&#0233;lai, qualit&#0233;).
</definition>
<acces_emploi_metier nbItemAccesEmploiMetier="3">
Cet emploi/m&#0233;tier est accessible avec un CAP/BEP en m&#0233;canique ou travail des m&#0233;taux.
Il est &#0233;galement accessible sans dipl&#0244;me ni exp&#0233;rience professionnelle.
Un ou plusieurs Certificat(s) d&#0039;Aptitude &#0224; la Conduite En S&#0233;curit&#0233; -CACES- conditionn&#0233;(s) par une aptitude m&#0233;dicale &#0224; renouveler p&#0233;riodiquement peu(ven)t &#0234;tre requis
</acces_emploi_metier>
<condition_exercice_activite nbItemConditionExercice="4">
L&#0039;activit&#0233; de cet emploi/m&#0233;tier s&#0039;exerce au sein d&#0039;entreprises industrielles en relation avec diff&#0233;rents services (maintenance, m&#0233;thodes, qualit&#0233;, ...).
Elle varie selon le secteur (a&#0233;ronautique, automobile, ...), l&#0039;organisation (&#0238;lots, lignes, ...), le type d&#0039;&#0233;quipements (manuels, conventionnels, num&#0233;riques) et le type de produits fabriqu&#0233;s.
Elle peut s&#0039;exercer par roulement, les fins de semaine, jours f&#0233;ri&#0233;s ou de nuit.
Le port d&#0039;Equipements de Protection Individuelle -EPI- (chaussures de s&#0233;curit&#0233;, ...) est requis.
</condition_exercice_activite>
<bloc_environnement_de_travail nbItemEnvTrav="23">
<item_env>
<code_ogr>23906</code_ogr>
<libelle>Entreprise d&#0039;insertion</libelle>
<code_type_section_env>1</code_type_section_env>
<priorisation>1</priorisation>
</item_env>
<item_env>
<code_ogr>23909</code_ogr>
<libelle>Entreprise industrielle</libelle>
<code_type_section_env>1</code_type_section_env>
<priorisation>1</priorisation>
</item_env>
<item_env>
<code_ogr>23391</code_ogr>
<libelle>A&#0233;ronautique, spatial</libelle>
<code_type_section_env>2</code_type_section_env>
<priorisation>1</priorisation>
</item_env>
<item_env>
<code_ogr>23395</code_ogr>
<libelle>Alimentaire</libelle>
<code_type_section_env>2</code_type_section_env>
<priorisation>1</priorisation>
</item_env>
<item_env>
<code_ogr>23404</code_ogr>
<libelle>Armement</libelle>
<code_type_section_env>2</code_type_section_env>
<priorisation>1</priorisation>
</item_env>
<item_env>
<code_ogr>23410</code_ogr>
<libelle>Automobile</libelle>
<code_type_section_env>2</code_type_section_env>
<priorisation>1</priorisation>
</item_env>
<item_env>
<code_ogr>23436</code_ogr>
<libelle>Chimie</libelle>
<code_type_section_env>2</code_type_section_env>
<priorisation>1</priorisation>
</item_env>
<item_env>
<code_ogr>23453</code_ogr>
<libelle>Construction navale</libelle>
<code_type_section_env>2</code_type_section_env>
<priorisation>1</priorisation>
</item_env>
<item_env>
<code_ogr>23469</code_ogr>
<libelle>Eco-industrie</libelle>
<code_type_section_env>2</code_type_section_env>
<priorisation>1</priorisation>
</item_env>
<item_env>
<code_ogr>23474</code_ogr>
<libelle>Electricit&#0233;</libelle>
<code_type_section_env>2</code_type_section_env>
<priorisation>1</priorisation>
</item_env>
<item_env>
<code_ogr>23476</code_ogr>
<libelle>Electrom&#0233;nager</libelle>
<code_type_section_env>2</code_type_section_env>
<priorisation>1</priorisation>
</item_env>
<item_env>
<code_ogr>23477</code_ogr>
<libelle>Electronique</libelle>
<code_type_section_env>2</code_type_section_env>
<priorisation>1</priorisation>
</item_env>
<item_env>
<code_ogr>23480</code_ogr>
<libelle>Energie, nucl&#0233;aire, fluide</libelle>
<code_type_section_env>2</code_type_section_env>
<priorisation>1</priorisation>
</item_env>
<item_env>
<code_ogr>23498</code_ogr>
<libelle>Ferroviaire</libelle>
<code_type_section_env>2</code_type_section_env>
<priorisation>1</priorisation>
</item_env>
<item_env>
<code_ogr>23544</code_ogr>
<libelle>Machinisme</libelle>
<code_type_section_env>2</code_type_section_env>
<priorisation>1</priorisation>
</item_env>
<item_env>
<code_ogr>23552</code_ogr>
<libelle>M&#0233;canique, travail des m&#0233;taux</libelle>
<code_type_section_env>2</code_type_section_env>
<priorisation>1</priorisation>
</item_env>
<item_env>
<code_ogr>23558</code_ogr>
<libelle>M&#0233;tallurgie, sid&#0233;rurgie</libelle>
<code_type_section_env>2</code_type_section_env>
<priorisation>1</priorisation>
</item_env>
<item_env>
<code_ogr>23567</code_ogr>
<libelle>Nautisme</libelle>
<code_type_section_env>2</code_type_section_env>
<priorisation>1</priorisation>
</item_env>
<item_env>
<code_ogr>23582</code_ogr>
<libelle>P&#0233;trochimie</libelle>
<code_type_section_env>2</code_type_section_env>
<priorisation>1</priorisation>
</item_env>
<item_env>
<code_ogr>23585</code_ogr>
<libelle>Plasturgie, caoutchouc, composites</libelle>
<code_type_section_env>2</code_type_section_env>
<priorisation>1</priorisation>
</item_env>
<item_env>
<code_ogr>23640</code_ogr>
<libelle>Sport et loisirs</libelle>
<code_type_section_env>2</code_type_section_env>
<priorisation>1</priorisation>
</item_env>
<item_env>
<code_ogr>23659</code_ogr>
<libelle>Transport/logistique</libelle>
<code_type_section_env>2</code_type_section_env>
<priorisation>1</priorisation>
</item_env>
<item_env>
<code_ogr>23673</code_ogr>
<libelle>Verre, mat&#0233;riaux de construction</libelle>
<code_type_section_env>2</code_type_section_env>
<priorisation>1</priorisation>
</item_env>
</bloc_environnement_de_travail>
<bloc_activites_de_base nbBlocActiviteBase="1">
<activites_de_base nbItemActivite_AB="10">
<item_ab>
<code_ogr>104854</code_ogr>
<libelle>Surveiller l&#0039;approvisionnement des machines, des installations et le flux des mati&#0232;res ou des produits</libelle>
<code_type_activite>3</code_type_activite>
<code_type_item_activite>2</code_type_item_activite>
<position_item>1</position_item>
<priorisation>1</priorisation>
<riasec_majeur>C</riasec_majeur>
<riasec_mineur>r</riasec_mineur>
</item_ab>
<item_ab>
<code_ogr>117616</code_ogr>
<libelle>Identifier les op&#0233;rations de montage, assemblage, retouche</libelle>
<code_type_activite>3</code_type_activite>
<code_type_item_activite>2</code_type_item_activite>
<position_item>2</position_item>
<priorisation>1</priorisation>
<riasec_majeur>C</riasec_majeur>
<riasec_mineur>r</riasec_mineur>
</item_ab>
<item_ab>
<code_ogr>114664</code_ogr>
<libelle>V&#0233;rifier et remplacer des outils, des outillages sur des &#0233;quipements de production</libelle>
<code_type_activite>3</code_type_activite>
<code_type_item_activite>2</code_type_item_activite>
<position_item>3</position_item>
<priorisation>1</priorisation>
<riasec_majeur>R</riasec_majeur>
</item_ab>
<item_ab>
<code_ogr>106184</code_ogr>
<libelle>V&#0233;rifier, positionner et fixer les pi&#0232;ces et les &#0233;l&#0233;ments de l&#0039;assemblage (b&#0226;tis, grappes, gabarits, structures, ...)</libelle>
<code_type_activite>3</code_type_activite>
<code_type_item_activite>2</code_type_item_activite>
<position_item>4</position_item>
<priorisation>1</priorisation>
<riasec_majeur>R</riasec_majeur>
</item_ab>
<item_ab>
<code_ogr>117646</code_ogr>
<libelle>Surveiller l&#0039;assemblage de pi&#0232;ces</libelle>
<code_type_activite>3</code_type_activite>
<code_type_item_activite>2</code_type_item_activite>
<position_item>5</position_item>
<priorisation>1</priorisation>
<riasec_majeur>C</riasec_majeur>
</item_ab>
<item_ab>
<code_ogr>106186</code_ogr>
<libelle>V&#0233;rifier le montage/assemblage (aspect, parall&#0233;lisme, jeu, maintien, fonctionnement, ...) et proc&#0233;der aux ajustements, retouches</libelle>
<code_type_activite>3</code_type_activite>
<code_type_item_activite>2</code_type_item_activite>
<position_item>6</position_item>
<priorisation>1</priorisation>
<riasec_majeur>C</riasec_majeur>
</item_ab>
<item_ab>
<code_ogr>124032</code_ogr>
<libelle>Marquer un produit non conforme</libelle>
<code_type_activite>3</code_type_activite>
<code_type_item_activite>2</code_type_item_activite>
<position_item>7</position_item>
<priorisation>1</priorisation>
<riasec_majeur>C</riasec_majeur>
</item_ab>
<item_ab>
<code_ogr>124599</code_ogr>
<libelle>Retirer les produits non conformes d&#0039;une production</libelle>
<code_type_activite>3</code_type_activite>
<code_type_item_activite>2</code_type_item_activite>
<position_item>8</position_item>
<priorisation>1</priorisation>
<riasec_majeur>C</riasec_majeur>
</item_ab>
<item_ab>
<code_ogr>124033</code_ogr>
<libelle>Contr&#0244;ler la qualit&#0233; d&#0039;un produit</libelle>
<code_type_activite>3</code_type_activite>
<code_type_item_activite>2</code_type_item_activite>
<position_item>9</position_item>
<priorisation>1</priorisation>
<riasec_majeur>R</riasec_majeur>
</item_ab>
<item_ab>
<code_ogr>119320</code_ogr>
<libelle>Concevoir des supports de suivi et de gestion</libelle>
<code_type_activite>3</code_type_activite>
<code_type_item_activite>2</code_type_item_activite>
<position_item>10</position_item>
<priorisation>1</priorisation>
<riasec_majeur>C</riasec_majeur>
</item_ab>
</activites_de_base>
<savoir_theorique_et_proceduraux nbItemSTP_AB="10">
<item_ab_stp>
<code_ogr>116479</code_ogr>
<libelle>Indicateurs de suivi de production</libelle>
<code_type_competence>1</code_type_competence>
<position_item>1</position_item>
<priorisation>1</priorisation>
</item_ab_stp>
<item_ab_stp>
<code_ogr>116477</code_ogr>
<libelle>Indicateurs de suivi d&#0039;activit&#0233;</libelle>
<code_type_competence>1</code_type_competence>
<position_item>2</position_item>
<priorisation>1</priorisation>
</item_ab_stp>
<item_ab_stp>
<code_ogr>100017</code_ogr>
<libelle>R&#0232;gles de s&#0233;curit&#0233;</libelle>
<code_type_competence>1</code_type_competence>
<position_item>3</position_item>
<priorisation>1</priorisation>
</item_ab_stp>
<item_ab_stp>
<code_ogr>113245</code_ogr>
<libelle>Normes qualit&#0233;</libelle>
<code_type_competence>1</code_type_competence>
<position_item>4</position_item>
<priorisation>1</priorisation>
</item_ab_stp>
<item_ab_stp>
<code_ogr>104514</code_ogr>
<libelle>M&#0233;canique</libelle>
<code_type_competence>1</code_type_competence>
<position_item>5</position_item>
<priorisation>1</priorisation>
</item_ab_stp>
<item_ab_stp>
<code_ogr>106188</code_ogr>
<libelle>Utilisation d&#0039;outils de mesure dimensionnelle</libelle>
<code_type_competence>1</code_type_competence>
<position_item>6</position_item>
<priorisation>1</priorisation>
</item_ab_stp>
<item_ab_stp>
<code_ogr>118975</code_ogr>
<libelle>Outils bureautiques</libelle>
<code_type_competence>1</code_type_competence>
<position_item>7</position_item>
<priorisation>1</priorisation>
</item_ab_stp>
<item_ab_stp>
<code_ogr>118331</code_ogr>
<libelle>Utilisation d&#0039;outillages manuels</libelle>
<code_type_competence>1</code_type_competence>
<position_item>8</position_item>
<priorisation>1</priorisation>
</item_ab_stp>
<item_ab_stp>
<code_ogr>100507</code_ogr>
<libelle>Utilisation d&#0039;outillages &#0233;lectroportatifs (scie &#0233;lectrique, ponceuse, ...)</libelle>
<code_type_competence>1</code_type_competence>
<position_item>9</position_item>
<priorisation>1</priorisation>
</item_ab_stp>
<item_ab_stp>
<code_ogr>102832</code_ogr>
<libelle>Lecture de documents techniques</libelle>
<code_type_competence>1</code_type_competence>
<position_item>10</position_item>
<priorisation>1</priorisation>
</item_ab_stp>
</savoir_theorique_et_proceduraux>
<savoir_action nbItemSA_AB="0">
</savoir_action>
</bloc_activites_de_base>
<bloc_activites_specifiques nbBlocActiviteSpecifique="8">
<bloc>
<position_bloc>1</position_bloc>
<activite_specifique nbItemActivite_AS="1">
<item_as>
<code_ogr>120405</code_ogr>
<libelle>Utiliser un engin n&#0233;cessitant une habilitation</libelle>
<code_type_activite>3</code_type_activite>
<code_type_item_activite>2</code_type_item_activite>
<position_item>1</position_item>
<priorisation>1</priorisation>
<riasec_majeur>R</riasec_majeur>
</item_as>
</activite_specifique>
<savoir_theorique_et_proceduraux nbItemSTP_AS="3">
<item_as_stp>
<code_ogr>123696</code_ogr>
<libelle>Transpalettes &#0224; conducteur port&#0233; et pr&#0233;parateurs de commandes au sol (CACES R 389-1)</libelle>
<code_type_competence>1</code_type_competence>
<position_item>1</position_item>
<priorisation>1</priorisation>
</item_as_stp>
<item_as_stp>
<code_ogr>123698</code_ogr>
<libelle>Chariots &#0233;l&#0233;vateurs en porte-&#0224;-faux de capacit&#0233; inf&#0233;rieure ou &#0233;gale &#0224; 6000 kg (CACES R 389-3)</libelle>
<code_type_competence>1</code_type_competence>
<position_item>2</position_item>
<priorisation>1</priorisation>
</item_as_stp>
<item_as_stp>
<code_ogr>121308</code_ogr>
<libelle>Ponts roulants (CACES R 318)</libelle>
<code_type_competence>1</code_type_competence>
<position_item>3</position_item>
<priorisation>1</priorisation>
</item_as_stp>
</savoir_theorique_et_proceduraux>
<savoir_action nbItemSA_AS="0">
</savoir_action>
</bloc>
<bloc>
<position_bloc>2</position_bloc>
<activite_specifique nbItemActivite_AS="1">
<item_as>
<code_ogr>114815</code_ogr>
<libelle>R&#0233;aliser un montage/assemblage manuel de pr&#0233;cision (petite chaudronnerie, micro-m&#0233;canique, optique, ...)</libelle>
<code_type_activite>3</code_type_activite>
<code_type_item_activite>2</code_type_item_activite>
<position_item>1</position_item>
<priorisation>1</priorisation>
<riasec_majeur>R</riasec_majeur>
</item_as>
</activite_specifique>
<savoir_theorique_et_proceduraux nbItemSTP_AS="1">
<item_as_stp>
<code_ogr>106189</code_ogr>
<libelle>Utilisation d&#0039;appareil optique</libelle>
<code_type_competence>1</code_type_competence>
<position_item>1</position_item>
<priorisation>1</priorisation>
</item_as_stp>
</savoir_theorique_et_proceduraux>
<savoir_action nbItemSA_AS="0">
</savoir_action>
</bloc>
<bloc>
<position_bloc>3</position_bloc>
<activite_specifique nbItemActivite_AS="1">
<item_as>
<code_ogr>114816</code_ogr>
<libelle>Proc&#0233;der aux r&#0233;glages (param&#0233;trage, r&#0233;initialisation, ...) d&#0039;un &#0233;quipement de production</libelle>
<code_type_activite>3</code_type_activite>
<code_type_item_activite>2</code_type_item_activite>
<position_item>1</position_item>
<priorisation>1</priorisation>
<riasec_majeur>R</riasec_majeur>
</item_as>
</activite_specifique>
<savoir_theorique_et_proceduraux nbItemSTP_AS="0">
</savoir_theorique_et_proceduraux>
<savoir_action nbItemSA_AS="0">
</savoir_action>
</bloc>
<bloc>
<position_bloc>4</position_bloc>
<activite_specifique nbItemActivite_AS="1">
<item_as>
<code_ogr>114817</code_ogr>
<libelle>R&#0233;aliser une op&#0233;ration manuelle d&#0039;usinage ou de finition de pi&#0232;ces (per&#0231;age, arasage, &#0233;bavurage, pon&#0231;age, ...)</libelle>
<code_type_activite>3</code_type_activite>
<code_type_item_activite>2</code_type_item_activite>
<position_item>1</position_item>
<priorisation>1</priorisation>
<riasec_majeur>R</riasec_majeur>
</item_as>
</activite_specifique>
<savoir_theorique_et_proceduraux nbItemSTP_AS="1">
<item_as_stp>
<code_ogr>124747</code_ogr>
<libelle>Techniques d&#0039;arasage</libelle>
<code_type_competence>1</code_type_competence>
<position_item>1</position_item>
<priorisation>1</priorisation>
</item_as_stp>
</savoir_theorique_et_proceduraux>
<savoir_action nbItemSA_AS="0">
</savoir_action>
</bloc>
<bloc>
<position_bloc>5</position_bloc>
<activite_specifique nbItemActivite_AS="1">
<item_as>
<code_ogr>113793</code_ogr>
<libelle>Injecter un mat&#0233;riau (mousse, isolant, r&#0233;sine, colle, ...) lors du montage/assemblage</libelle>
<code_type_activite>3</code_type_activite>
<code_type_item_activite>2</code_type_item_activite>
<position_item>1</position_item>
<priorisation>1</priorisation>
<riasec_majeur>R</riasec_majeur>
</item_as>
</activite_specifique>
<savoir_theorique_et_proceduraux nbItemSTP_AS="0">
</savoir_theorique_et_proceduraux>
<savoir_action nbItemSA_AS="0">
</savoir_action>
</bloc>
<bloc>
<position_bloc>6</position_bloc>
<activite_specifique nbItemActivite_AS="1">
<item_as>
<code_ogr>121583</code_ogr>
<libelle>Installer des gaines et c&#0226;blages</libelle>
<code_type_activite>3</code_type_activite>
<code_type_item_activite>2</code_type_item_activite>
<position_item>1</position_item>
<priorisation>1</priorisation>
<riasec_majeur>R</riasec_majeur>
</item_as>
</activite_specifique>
<savoir_theorique_et_proceduraux nbItemSTP_AS="0">
</savoir_theorique_et_proceduraux>
<savoir_action nbItemSA_AS="0">
</savoir_action>
</bloc>
<bloc>
<position_bloc>7</position_bloc>
<activite_specifique nbItemActivite_AS="1">
<item_as>
<code_ogr>125749</code_ogr>
<libelle>R&#0233;aliser les finitions d&#0039;un ouvrage</libelle>
<code_type_activite>3</code_type_activite>
<code_type_item_activite>2</code_type_item_activite>
<position_item>1</position_item>
<priorisation>1</priorisation>
<riasec_majeur>R</riasec_majeur>
</item_as>
</activite_specifique>
<savoir_theorique_et_proceduraux nbItemSTP_AS="0">
</savoir_theorique_et_proceduraux>
<savoir_action nbItemSA_AS="0">
</savoir_action>
</bloc>
<bloc>
<position_bloc>8</position_bloc>
<activite_specifique nbItemActivite_AS="1">
<item_as>
<code_ogr>113773</code_ogr>
<libelle>R&#0233;aliser la protection (masquage, emballage, ...) et l&#0039;exp&#0233;dition de pi&#0232;ces</libelle>
<code_type_activite>3</code_type_activite>
<code_type_item_activite>2</code_type_item_activite>
<position_item>1</position_item>
<priorisation>1</priorisation>
<riasec_majeur>R</riasec_majeur>
</item_as>
</activite_specifique>
<savoir_theorique_et_proceduraux nbItemSTP_AS="1">
<item_as_stp>
<code_ogr>123019</code_ogr>
<libelle>Techniques de conditionnement</libelle>
<code_type_competence>1</code_type_competence>
<position_item>1</position_item>
<priorisation>1</priorisation>
</item_as_stp>
</savoir_theorique_et_proceduraux>
<savoir_action nbItemSA_AS="0">
</savoir_action>
</bloc>
</bloc_activites_specifiques>
<bloc_mobilites>
<mobilites_proches nbItemMob="5">
<item_mob_pr><code_type_mobilite>1</code_type_mobilite>
<liste_appellation_source>
<code_appellation_source>0</code_appellation_source>
<libelle_appellation_source>Toutes les appellations</libelle_appellation_source>
</liste_appellation_source>
<code_rome_cible>H2604</code_rome_cible>
<libelle_rome_cible>Montage de produits &#0233;lectriques et &#0233;lectroniques</libelle_rome_cible>
<liste_appellation_cible>
<code_appellation_cible>0</code_appellation_cible>
<libelle_appellation_cible>Toutes les appellations</libelle_appellation_cible>
</liste_appellation_cible>
</item_mob_pr>
<item_mob_pr><code_type_mobilite>1</code_type_mobilite>
<liste_appellation_source>
<code_appellation_source>0</code_appellation_source>
<libelle_appellation_source>Toutes les appellations</libelle_appellation_source>
</liste_appellation_source>
<code_rome_cible>H2905</code_rome_cible>
<libelle_rome_cible>Conduite d&#0039;&#0233;quipement de formage et d&#0233;coupage des mat&#0233;riaux</libelle_rome_cible>
<liste_appellation_cible>
<code_appellation_cible>0</code_appellation_cible>
<libelle_appellation_cible>Toutes les appellations</libelle_appellation_cible>
</liste_appellation_cible>
</item_mob_pr>
<item_mob_pr><code_type_mobilite>1</code_type_mobilite>
<liste_appellation_source>
<code_appellation_source>0</code_appellation_source>
<libelle_appellation_source>Toutes les appellations</libelle_appellation_source>
</liste_appellation_source>
<code_rome_cible>H2906</code_rome_cible>
<libelle_rome_cible>Conduite d&#0039;installation automatis&#0233;e ou robotis&#0233;e de fabrication m&#0233;canique</libelle_rome_cible>
<liste_appellation_cible>
<code_appellation_cible>0</code_appellation_cible>
<libelle_appellation_cible>Toutes les appellations</libelle_appellation_cible>
</liste_appellation_cible>
</item_mob_pr>
<item_mob_pr><code_type_mobilite>1</code_type_mobilite>
<liste_appellation_source>
<code_appellation_source>0</code_appellation_source>
<libelle_appellation_source>Toutes les appellations</libelle_appellation_source>
</liste_appellation_source>
<code_rome_cible>H3301</code_rome_cible>
<libelle_rome_cible>Conduite d&#0039;&#0233;quipement de conditionnement</libelle_rome_cible>
<liste_appellation_cible>
<code_appellation_cible>0</code_appellation_cible>
<libelle_appellation_cible>Toutes les appellations</libelle_appellation_cible>
</liste_appellation_cible>
</item_mob_pr>
<item_mob_pr><code_type_mobilite>1</code_type_mobilite>
<liste_appellation_source>
<code_appellation_source>0</code_appellation_source>
<libelle_appellation_source>Toutes les appellations</libelle_appellation_source>
</liste_appellation_source>
<code_rome_cible>H3302</code_rome_cible>
<libelle_rome_cible>Op&#0233;rations manuelles d&#0039;assemblage, tri ou emballage</libelle_rome_cible>
<liste_appellation_cible>
<code_appellation_cible>0</code_appellation_cible>
<libelle_appellation_cible>Toutes les appellations</libelle_appellation_cible>
</liste_appellation_cible>
</item_mob_pr>
</mobilites_proches>
<mobilites_si_evolution nbItemMob="5">
<item_mob_ev><code_type_mobilite>2</code_type_mobilite>
<liste_appellation_source>
<code_appellation_source>0</code_appellation_source>
<libelle_appellation_source>Toutes les appellations</libelle_appellation_source>
</liste_appellation_source>
<code_rome_cible>H1506</code_rome_cible>
<libelle_rome_cible>Intervention technique qualit&#0233; en m&#0233;canique et travail des m&#0233;taux</libelle_rome_cible>
<liste_appellation_cible>
<code_appellation_cible>0</code_appellation_cible>
<libelle_appellation_cible>Toutes les appellations</libelle_appellation_cible>
</liste_appellation_cible>
</item_mob_ev>
<item_mob_ev><code_type_mobilite>2</code_type_mobilite>
<liste_appellation_source>
<code_appellation_source>0</code_appellation_source>
<libelle_appellation_source>Toutes les appellations</libelle_appellation_source>
</liste_appellation_source>
<code_rome_cible>H2503</code_rome_cible>
<libelle_rome_cible>Pilotage d&#0039;unit&#0233; &#0233;l&#0233;mentaire de production m&#0233;canique ou de travail des m&#0233;taux</libelle_rome_cible>
<liste_appellation_cible>
<code_appellation_cible>0</code_appellation_cible>
<libelle_appellation_cible>Toutes les appellations</libelle_appellation_cible>
</liste_appellation_cible>
</item_mob_ev>
<item_mob_ev><code_type_mobilite>2</code_type_mobilite>
<liste_appellation_source>
<code_appellation_source>0</code_appellation_source>
<libelle_appellation_source>Toutes les appellations</libelle_appellation_source>
</liste_appellation_source>
<code_rome_cible>H2901</code_rome_cible>
<libelle_rome_cible>Ajustement et montage de fabrication</libelle_rome_cible>
<liste_appellation_cible>
<code_appellation_cible>0</code_appellation_cible>
<libelle_appellation_cible>Toutes les appellations</libelle_appellation_cible>
</liste_appellation_cible>
</item_mob_ev>
<item_mob_ev><code_type_mobilite>2</code_type_mobilite>
<liste_appellation_source>
<code_appellation_source>0</code_appellation_source>
<libelle_appellation_source>Toutes les appellations</libelle_appellation_source>
</liste_appellation_source>
<code_rome_cible>H3403</code_rome_cible>
<libelle_rome_cible>Conduite de traitement thermique</libelle_rome_cible>
<liste_appellation_cible>
<code_appellation_cible>0</code_appellation_cible>
<libelle_appellation_cible>Toutes les appellations</libelle_appellation_cible>
</liste_appellation_cible>
</item_mob_ev>
<item_mob_ev><code_type_mobilite>2</code_type_mobilite>
<liste_appellation_source>
<code_appellation_source>0</code_appellation_source>
<libelle_appellation_source>Toutes les appellations</libelle_appellation_source>
</liste_appellation_source>
<code_rome_cible>N1101</code_rome_cible>
<libelle_rome_cible>Conduite d&#0039;engins de d&#0233;placement des charges</libelle_rome_cible>
<liste_appellation_cible>
<code_appellation_cible>0</code_appellation_cible>
<libelle_appellation_cible>Toutes les appellations</libelle_appellation_cible>
</liste_appellation_cible>
</item_mob_ev>
</mobilites_si_evolution>
</bloc_mobilites>
</fiche_emploi_metier>