<?xml version="1.0" encoding="UTF-8" ?>
<fiche_emploi_metier>
<type_fiche>2</type_fiche>
<libelle_type_fiche>priorise</libelle_type_fiche>
<version_SI>
<version_rome>333</version_rome>
<date_version_si>01/10/2017</date_version_si>
<mois_version_si>Octobre</mois_version_si>
<annee_version_si>2017</annee_version_si>
</version_SI>
<bloc_code_rome>
<code_rome>H2910</code_rome>
<intitule>Moulage sable</intitule>
<code_ogr>287</code_ogr>
<riasec_majeur>R</riasec_majeur>
<riasec_mineur>c</riasec_mineur>
</bloc_code_rome>
<bloc_appellation nbItemAppellation="15">
<item_app>
<code_ogr>10450</code_ogr>
<libelle>Agent / Agente de fabrication en fonderie de moulage en sable</libelle>
<libelle_court>Agent/Agente de fabrication en fonderie de moulage en sable</libelle_court>
<priorisation>1</priorisation>
</item_app>
<item_app>
<code_ogr>12479</code_ogr>
<libelle>Chef d&#0039;&#0233;quipe moulage/noyautage</libelle>
<libelle_court>Chef d&#0039;&#0233;quipe moulage/noyautage</libelle_court>
<priorisation>1</priorisation>
</item_app>
<item_app>
<code_ogr>16234</code_ogr>
<libelle>Machiniste aide mouleur / mouleuse</libelle>
<libelle_court>Machiniste aide mouleur / mouleuse</libelle_court>
<priorisation>1</priorisation>
</item_app>
<item_app>
<code_ogr>16910</code_ogr>
<libelle>Mouleur / Mouleuse de fonderie en fosse</libelle>
<libelle_court>Mouleur / Mouleuse de fonderie en fosse</libelle_court>
<priorisation>1</priorisation>
</item_app>
<item_app>
<code_ogr>16911</code_ogr>
<libelle>Mouleur / Mouleuse de grosses pi&#0232;ces de fonderie en fosse</libelle>
<libelle_court>Mouleur / Mouleuse de grosses pi&#0232;ces de fonderie en fosse</libelle_court>
<priorisation>1</priorisation>
</item_app>
<item_app>
<code_ogr>16914</code_ogr>
<libelle>Mouleur / Mouleuse main</libelle>
<libelle_court>Mouleur / Mouleuse main</libelle_court>
<priorisation>1</priorisation>
</item_app>
<item_app>
<code_ogr>16917</code_ogr>
<libelle>Mouleur / Mouleuse plaquiste</libelle>
<libelle_court>Mouleur / Mouleuse plaquiste</libelle_court>
<priorisation>1</priorisation>
</item_app>
<item_app>
<code_ogr>16918</code_ogr>
<libelle>Mouleur / Mouleuse sable</libelle>
<libelle_court>Mouleur / Mouleuse sable</libelle_court>
<priorisation>1</priorisation>
</item_app>
<item_app>
<code_ogr>16915</code_ogr>
<libelle>Mouleur noyauteur / Mouleuse noyauteuse machine</libelle>
<libelle_court>Mouleur noyauteur / Mouleuse noyauteuse machine</libelle_court>
<priorisation>1</priorisation>
</item_app>
<item_app>
<code_ogr>16916</code_ogr>
<libelle>Mouleur noyauteur / Mouleuse noyauteuse main</libelle>
<libelle_court>Mouleur noyauteur / Mouleuse noyauteuse main</libelle_court>
<priorisation>1</priorisation>
</item_app>
<item_app>
<code_ogr>17000</code_ogr>
<libelle>Noyauteur / Noyauteuse</libelle>
<libelle_court>Noyauteur / Noyauteuse</libelle_court>
<priorisation>1</priorisation>
</item_app>
<item_app>
<code_ogr>17244</code_ogr>
<libelle>Op&#0233;rateur / Op&#0233;ratrice noyautage</libelle>
<libelle_court>Op&#0233;rateur / Op&#0233;ratrice noyautage</libelle_court>
<priorisation>1</priorisation>
</item_app>
<item_app>
<code_ogr>17272</code_ogr>
<libelle>Op&#0233;rateur / Op&#0233;ratrice remmoulage</libelle>
<libelle_court>Op&#0233;rateur / Op&#0233;ratrice remmoulage</libelle_court>
<priorisation>1</priorisation>
</item_app>
<item_app>
<code_ogr>17822</code_ogr>
<libelle>Plaquiste en fonderie</libelle>
<libelle_court>Plaquiste en fonderie</libelle_court>
<priorisation>1</priorisation>
</item_app>
<item_app>
<code_ogr>18506</code_ogr>
<libelle>Remmouleur / Remmouleuse</libelle>
<libelle_court>Remmouleur / Remmouleuse</libelle_court>
<priorisation>1</priorisation>
</item_app>
</bloc_appellation>
<definition nbItemDefinition="3">
R&#0233;alise &#0224; l&#0039;unit&#0233; ou en s&#0233;rie des moules en sable destin&#0233;s au moulage de m&#0233;taux en fusion, selon les r&#0232;gles de s&#0233;curit&#0233; et les imp&#0233;ratifs de production (qualit&#0233;, d&#0233;lais, ...).
Peut r&#0233;aliser des interventions simples de transformation de mod&#0232;les.
Peut coordonner une &#0233;quipe.
</definition>
<acces_emploi_metier nbItemAccesEmploiMetier="4">
Cet emploi/m&#0233;tier est accessible avec un dipl&#0244;me de niveau CAP/BEP &#0224; Bac professionnel en fonderie.
Il est &#0233;galement accessible avec une exp&#0233;rience professionnelle dans le m&#0234;me secteur sans dipl&#0244;me particulier.
Un BTS/DUT peut &#0234;tre demand&#0233; selon le niveau de technicit&#0233;.
Un ou plusieurs Certificat(s) d&#0039;Aptitude &#0224; la Conduite En S&#0233;curit&#0233; -CACES- conditionn&#0233;(s) par une aptitude m&#0233;dicale &#0224; renouveler p&#0233;riodiquement peu(ven)t &#0234;tre requis.
</acces_emploi_metier>
<condition_exercice_activite nbItemConditionExercice="5">
L&#0039;activit&#0233; de cet emploi/m&#0233;tier s&#0039;exerce au sein d&#0039;entreprises industrielles ou artisanales de fonderie de m&#0233;taux, de fabrication de pi&#0232;ces m&#0233;talliques, ... en relation avec diff&#0233;rents services (bureau d&#0039;&#0233;tudes, m&#0233;thodes, atelier de modelage, fonderie, ...).
Elle varie selon le degr&#0233; d&#0039;automatisation du site.
Elle peut s&#0039;exercer par roulement, les fins de semaine, jours f&#0233;ri&#0233;s ou de nuit.
L&#0039;activit&#0233; s&#0039;effectue en atelier, en zone &#0224; temp&#0233;rature &#0233;lev&#0233;e.
Le port d&#0039;Equipements de Protection Individuelle -EPI- (gants, chaussures de s&#0233;curit&#0233;, ...) est exig&#0233;.
</condition_exercice_activite>
<bloc_environnement_de_travail nbItemEnvTrav="11">
<item_env>
<code_ogr>23870</code_ogr>
<libelle>Entreprise artisanale</libelle>
<code_type_section_env>1</code_type_section_env>
<priorisation>1</priorisation>
</item_env>
<item_env>
<code_ogr>23909</code_ogr>
<libelle>Entreprise industrielle</libelle>
<code_type_section_env>1</code_type_section_env>
<priorisation>1</priorisation>
</item_env>
<item_env>
<code_ogr>23391</code_ogr>
<libelle>A&#0233;ronautique, spatial</libelle>
<code_type_section_env>2</code_type_section_env>
<priorisation>1</priorisation>
</item_env>
<item_env>
<code_ogr>23404</code_ogr>
<libelle>Armement</libelle>
<code_type_section_env>2</code_type_section_env>
<priorisation>1</priorisation>
</item_env>
<item_env>
<code_ogr>23410</code_ogr>
<libelle>Automobile</libelle>
<code_type_section_env>2</code_type_section_env>
<priorisation>1</priorisation>
</item_env>
<item_env>
<code_ogr>23498</code_ogr>
<libelle>Ferroviaire</libelle>
<code_type_section_env>2</code_type_section_env>
<priorisation>1</priorisation>
</item_env>
<item_env>
<code_ogr>23502</code_ogr>
<libelle>Fonderie, forge</libelle>
<code_type_section_env>2</code_type_section_env>
<priorisation>1</priorisation>
</item_env>
<item_env>
<code_ogr>23552</code_ogr>
<libelle>M&#0233;canique, travail des m&#0233;taux</libelle>
<code_type_section_env>2</code_type_section_env>
<priorisation>1</priorisation>
</item_env>
<item_env>
<code_ogr>23558</code_ogr>
<libelle>M&#0233;tallurgie, sid&#0233;rurgie</libelle>
<code_type_section_env>2</code_type_section_env>
<priorisation>1</priorisation>
</item_env>
<item_env>
<code_ogr>23585</code_ogr>
<libelle>Plasturgie, caoutchouc, composites</libelle>
<code_type_section_env>2</code_type_section_env>
<priorisation>1</priorisation>
</item_env>
<item_env>
<code_ogr>23673</code_ogr>
<libelle>Verre, mat&#0233;riaux de construction</libelle>
<code_type_section_env>2</code_type_section_env>
<priorisation>1</priorisation>
</item_env>
</bloc_environnement_de_travail>
<bloc_activites_de_base nbBlocActiviteBase="1">
<activites_de_base nbItemActivite_AB="9">
<item_ab>
<code_ogr>106190</code_ogr>
<libelle>Identifier les phases d&#0039;intervention &#0224; partir du dossier de production et s&#0233;lectionner l&#0039;outillage adapt&#0233;</libelle>
<code_type_activite>3</code_type_activite>
<code_type_item_activite>2</code_type_item_activite>
<position_item>1</position_item>
<priorisation>1</priorisation>
<riasec_majeur>C</riasec_majeur>
<riasec_mineur>r</riasec_mineur>
</item_ab>
<item_ab>
<code_ogr>123860</code_ogr>
<libelle>Contr&#0244;ler la conformit&#0233; du mat&#0233;riel de fabrication</libelle>
<code_type_activite>3</code_type_activite>
<code_type_item_activite>2</code_type_item_activite>
<position_item>2</position_item>
<priorisation>1</priorisation>
<riasec_majeur>C</riasec_majeur>
</item_ab>
<item_ab>
<code_ogr>106192</code_ogr>
<libelle>R&#0233;aliser les noyaux (remplissage des bo&#0238;tes &#0224; noyau de sable, tassage, positionnement d&#0039;armatures, traitement de durcissage, ...)</libelle>
<code_type_activite>3</code_type_activite>
<code_type_item_activite>2</code_type_item_activite>
<position_item>3</position_item>
<priorisation>1</priorisation>
<riasec_majeur>R</riasec_majeur>
</item_ab>
<item_ab>
<code_ogr>106193</code_ogr>
<libelle>Remplir le moule de sable, d&#0233;terminer la position du mod&#0232;le et r&#0233;aliser le moulage de l&#0039;empreinte, les conduits de coul&#0233;e et d&#0039;&#0233;vacuation des gaz</libelle>
<code_type_activite>3</code_type_activite>
<code_type_item_activite>2</code_type_item_activite>
<position_item>4</position_item>
<priorisation>1</priorisation>
<riasec_majeur>R</riasec_majeur>
</item_ab>
<item_ab>
<code_ogr>106194</code_ogr>
<libelle>D&#0233;gager l&#0039;empreinte, en contr&#0244;ler les dimensions, l&#0039;&#0233;tat de surface et proc&#0233;der aux retouches et finitions</libelle>
<code_type_activite>3</code_type_activite>
<code_type_item_activite>2</code_type_item_activite>
<position_item>5</position_item>
<priorisation>1</priorisation>
<riasec_majeur>R</riasec_majeur>
</item_ab>
<item_ab>
<code_ogr>106195</code_ogr>
<libelle>D&#0233;poser un enduit sur les surfaces moulantes (empreintes, noyaux, ...)</libelle>
<code_type_activite>3</code_type_activite>
<code_type_item_activite>2</code_type_item_activite>
<position_item>6</position_item>
<priorisation>1</priorisation>
<riasec_majeur>R</riasec_majeur>
</item_ab>
<item_ab>
<code_ogr>106196</code_ogr>
<libelle>Positionner et fixer les &#0233;l&#0233;ments et fermer le moule</libelle>
<code_type_activite>3</code_type_activite>
<code_type_item_activite>2</code_type_item_activite>
<position_item>7</position_item>
<priorisation>1</priorisation>
<riasec_majeur>R</riasec_majeur>
</item_ab>
<item_ab>
<code_ogr>124888</code_ogr>
<libelle>Entretenir des &#0233;quipements</libelle>
<code_type_activite>3</code_type_activite>
<code_type_item_activite>2</code_type_item_activite>
<position_item>8</position_item>
<priorisation>1</priorisation>
<riasec_majeur>R</riasec_majeur>
</item_ab>
<item_ab>
<code_ogr>119210</code_ogr>
<libelle>Assurer une maintenance de premier niveau</libelle>
<code_type_activite>3</code_type_activite>
<code_type_item_activite>2</code_type_item_activite>
<position_item>9</position_item>
<priorisation>1</priorisation>
<riasec_majeur>R</riasec_majeur>
</item_ab>
</activites_de_base>
<savoir_theorique_et_proceduraux nbItemSTP_AB="17">
<item_ab_stp>
<code_ogr>100507</code_ogr>
<libelle>Utilisation d&#0039;outillages &#0233;lectroportatifs (scie &#0233;lectrique, ponceuse, ...)</libelle>
<code_type_competence>1</code_type_competence>
<position_item>1</position_item>
<priorisation>1</priorisation>
</item_ab_stp>
<item_ab_stp>
<code_ogr>122879</code_ogr>
<libelle>Caract&#0233;ristiques des mati&#0232;res</libelle>
<code_type_competence>1</code_type_competence>
<position_item>2</position_item>
<priorisation>1</priorisation>
</item_ab_stp>
<item_ab_stp>
<code_ogr>106199</code_ogr>
<libelle>Techniques d&#0039;&#0233;tuvage</libelle>
<code_type_competence>1</code_type_competence>
<position_item>3</position_item>
<priorisation>1</priorisation>
</item_ab_stp>
<item_ab_stp>
<code_ogr>106198</code_ogr>
<libelle>Serrage m&#0233;canis&#0233; de sable</libelle>
<code_type_competence>1</code_type_competence>
<position_item>4</position_item>
<priorisation>1</priorisation>
</item_ab_stp>
<item_ab_stp>
<code_ogr>106197</code_ogr>
<libelle>Serrage manuel de sable</libelle>
<code_type_competence>1</code_type_competence>
<position_item>5</position_item>
<priorisation>1</priorisation>
</item_ab_stp>
<item_ab_stp>
<code_ogr>103167</code_ogr>
<libelle>M&#0233;trologie</libelle>
<code_type_competence>1</code_type_competence>
<position_item>6</position_item>
<priorisation>1</priorisation>
</item_ab_stp>
<item_ab_stp>
<code_ogr>103070</code_ogr>
<libelle>Lecture de plan, de sch&#0233;ma</libelle>
<code_type_competence>1</code_type_competence>
<position_item>7</position_item>
<priorisation>1</priorisation>
</item_ab_stp>
<item_ab_stp>
<code_ogr>100017</code_ogr>
<libelle>R&#0232;gles de s&#0233;curit&#0233;</libelle>
<code_type_competence>1</code_type_competence>
<position_item>8</position_item>
<priorisation>1</priorisation>
</item_ab_stp>
<item_ab_stp>
<code_ogr>106150</code_ogr>
<libelle>Techniques de poteyage</libelle>
<code_type_competence>1</code_type_competence>
<position_item>9</position_item>
<priorisation>1</priorisation>
</item_ab_stp>
<item_ab_stp>
<code_ogr>106206</code_ogr>
<libelle>Proc&#0233;dures de fermetures de moule</libelle>
<code_type_competence>1</code_type_competence>
<position_item>10</position_item>
<priorisation>1</priorisation>
</item_ab_stp>
<item_ab_stp>
<code_ogr>106205</code_ogr>
<libelle>Techniques de remmoulage</libelle>
<code_type_competence>1</code_type_competence>
<position_item>11</position_item>
<priorisation>1</priorisation>
</item_ab_stp>
<item_ab_stp>
<code_ogr>106204</code_ogr>
<libelle>Techniques de moulage semi-automatis&#0233;</libelle>
<code_type_competence>1</code_type_competence>
<position_item>12</position_item>
<priorisation>1</priorisation>
</item_ab_stp>
<item_ab_stp>
<code_ogr>106203</code_ogr>
<libelle>Techniques de moulage en ch&#0226;ssis</libelle>
<code_type_competence>1</code_type_competence>
<position_item>13</position_item>
<priorisation>1</priorisation>
</item_ab_stp>
<item_ab_stp>
<code_ogr>106202</code_ogr>
<libelle>Techniques de moulage en fosse</libelle>
<code_type_competence>1</code_type_competence>
<position_item>14</position_item>
<priorisation>1</priorisation>
</item_ab_stp>
<item_ab_stp>
<code_ogr>106201</code_ogr>
<libelle>Techniques de moulage sur couche</libelle>
<code_type_competence>1</code_type_competence>
<position_item>15</position_item>
<priorisation>1</priorisation>
</item_ab_stp>
<item_ab_stp>
<code_ogr>106200</code_ogr>
<libelle>Caract&#0233;ristiques de coul&#0233;e des alliages</libelle>
<code_type_competence>1</code_type_competence>
<position_item>16</position_item>
<priorisation>1</priorisation>
</item_ab_stp>
<item_ab_stp>
<code_ogr>100800</code_ogr>
<libelle>Techniques de collage</libelle>
<code_type_competence>1</code_type_competence>
<position_item>17</position_item>
<priorisation>1</priorisation>
</item_ab_stp>
</savoir_theorique_et_proceduraux>
<savoir_action nbItemSA_AB="0">
</savoir_action>
</bloc_activites_de_base>
<bloc_activites_specifiques nbBlocActiviteSpecifique="8">
<bloc>
<position_bloc>1</position_bloc>
<activite_specifique nbItemActivite_AS="1">
<item_as>
<code_ogr>120405</code_ogr>
<libelle>Utiliser un engin n&#0233;cessitant une habilitation</libelle>
<code_type_activite>3</code_type_activite>
<code_type_item_activite>2</code_type_item_activite>
<position_item>1</position_item>
<priorisation>1</priorisation>
<riasec_majeur>R</riasec_majeur>
</item_as>
</activite_specifique>
<savoir_theorique_et_proceduraux nbItemSTP_AS="4">
<item_as_stp>
<code_ogr>123696</code_ogr>
<libelle>Transpalettes &#0224; conducteur port&#0233; et pr&#0233;parateurs de commandes au sol (CACES R 389-1)</libelle>
<code_type_competence>1</code_type_competence>
<position_item>1</position_item>
<priorisation>1</priorisation>
</item_as_stp>
<item_as_stp>
<code_ogr>123698</code_ogr>
<libelle>Chariots &#0233;l&#0233;vateurs en porte-&#0224;-faux de capacit&#0233; inf&#0233;rieure ou &#0233;gale &#0224; 6000 kg (CACES R 389-3)</libelle>
<code_type_competence>1</code_type_competence>
<position_item>2</position_item>
<priorisation>1</priorisation>
</item_as_stp>
<item_as_stp>
<code_ogr>123718</code_ogr>
<libelle>Chariots &#0233;l&#0233;vateurs en porte-&#0224;-faux de capacit&#0233; sup&#0233;rieure &#0224; 6000 kg (CACES R 389-4)</libelle>
<code_type_competence>1</code_type_competence>
<position_item>3</position_item>
<priorisation>1</priorisation>
</item_as_stp>
<item_as_stp>
<code_ogr>121308</code_ogr>
<libelle>Ponts roulants (CACES R 318)</libelle>
<code_type_competence>1</code_type_competence>
<position_item>4</position_item>
<priorisation>1</priorisation>
</item_as_stp>
</savoir_theorique_et_proceduraux>
<savoir_action nbItemSA_AS="0">
</savoir_action>
</bloc>
<bloc>
<position_bloc>2</position_bloc>
<activite_specifique nbItemActivite_AS="2">
<item_as>
<code_ogr>106208</code_ogr>
<libelle>Pr&#0233;parer un moule selon un proc&#0233;d&#0233; de plaque-mod&#0232;le</libelle>
<code_type_activite>3</code_type_activite>
<code_type_item_activite>2</code_type_item_activite>
<position_item>1</position_item>
<priorisation>1</priorisation>
<riasec_majeur>R</riasec_majeur>
</item_as>
<item_as>
<code_ogr>106209</code_ogr>
<libelle>Pr&#0233;parer un moule selon un proc&#0233;d&#0233; de moulage au trousseau</libelle>
<code_type_activite>3</code_type_activite>
<code_type_item_activite>2</code_type_item_activite>
<position_item>2</position_item>
<priorisation>1</priorisation>
<riasec_majeur>R</riasec_majeur>
</item_as>
</activite_specifique>
<savoir_theorique_et_proceduraux nbItemSTP_AS="1">
<item_as_stp>
<code_ogr>106210</code_ogr>
<libelle>Utilisation de planche &#0224; trousser</libelle>
<code_type_competence>1</code_type_competence>
<position_item>1</position_item>
<priorisation>1</priorisation>
</item_as_stp>
</savoir_theorique_et_proceduraux>
<savoir_action nbItemSA_AS="0">
</savoir_action>
</bloc>
<bloc>
<position_bloc>3</position_bloc>
<activite_specifique nbItemActivite_AS="1">
<item_as>
<code_ogr>114819</code_ogr>
<libelle>Assister techniquement un op&#0233;rateur lors d&#0039;une coul&#0233;e (contr&#0244;le du remplissage, de l&#0039;&#0233;coulement, du refroidissement)</libelle>
<code_type_activite>3</code_type_activite>
<code_type_item_activite>2</code_type_item_activite>
<position_item>1</position_item>
<priorisation>1</priorisation>
<riasec_majeur>R</riasec_majeur>
<riasec_mineur>s</riasec_mineur>
</item_as>
</activite_specifique>
<savoir_theorique_et_proceduraux nbItemSTP_AS="2">
<item_as_stp>
<code_ogr>106211</code_ogr>
<libelle>Techniques de d&#0233;cochage</libelle>
<code_type_competence>1</code_type_competence>
<position_item>1</position_item>
<priorisation>1</priorisation>
</item_as_stp>
<item_as_stp>
<code_ogr>106212</code_ogr>
<libelle>Techniques d&#0039;&#0233;barbage</libelle>
<code_type_competence>1</code_type_competence>
<position_item>2</position_item>
<priorisation>1</priorisation>
</item_as_stp>
</savoir_theorique_et_proceduraux>
<savoir_action nbItemSA_AS="0">
</savoir_action>
</bloc>
<bloc>
<position_bloc>4</position_bloc>
<activite_specifique nbItemActivite_AS="1">
<item_as>
<code_ogr>106456</code_ogr>
<libelle>Pr&#0233;parer des m&#0233;langes sableux (sable &#0224; vert, agglom&#0233;r&#0233;, siliceux, ...)</libelle>
<code_type_activite>3</code_type_activite>
<code_type_item_activite>2</code_type_item_activite>
<position_item>1</position_item>
<priorisation>1</priorisation>
<riasec_majeur>R</riasec_majeur>
</item_as>
</activite_specifique>
<savoir_theorique_et_proceduraux nbItemSTP_AS="0">
</savoir_theorique_et_proceduraux>
<savoir_action nbItemSA_AS="0">
</savoir_action>
</bloc>
<bloc>
<position_bloc>5</position_bloc>
<activite_specifique nbItemActivite_AS="1">
<item_as>
<code_ogr>117159</code_ogr>
<libelle>Etablir une gamme de fabrication</libelle>
<code_type_activite>3</code_type_activite>
<code_type_item_activite>2</code_type_item_activite>
<position_item>1</position_item>
<priorisation>1</priorisation>
<riasec_majeur>I</riasec_majeur>
<riasec_mineur>r</riasec_mineur>
</item_as>
</activite_specifique>
<savoir_theorique_et_proceduraux nbItemSTP_AS="0">
</savoir_theorique_et_proceduraux>
<savoir_action nbItemSA_AS="0">
</savoir_action>
</bloc>
<bloc>
<position_bloc>6</position_bloc>
<activite_specifique nbItemActivite_AS="1">
<item_as>
<code_ogr>114821</code_ogr>
<libelle>R&#0233;gler la machine et monter des outillages (tourniquet, cha&#0238;ne de fabrication)</libelle>
<code_type_activite>3</code_type_activite>
<code_type_item_activite>2</code_type_item_activite>
<position_item>1</position_item>
<priorisation>1</priorisation>
<riasec_majeur>R</riasec_majeur>
</item_as>
</activite_specifique>
<savoir_theorique_et_proceduraux nbItemSTP_AS="0">
</savoir_theorique_et_proceduraux>
<savoir_action nbItemSA_AS="0">
</savoir_action>
</bloc>
<bloc>
<position_bloc>7</position_bloc>
<activite_specifique nbItemActivite_AS="1">
<item_as>
<code_ogr>114822</code_ogr>
<libelle>Modifier ou adapter la forme et les dimensions d&#0039;un mod&#0232;le, d&#0039;une plaque mod&#0232;le, d&#0039;une bo&#0238;te &#0224; noyaux</libelle>
<code_type_activite>3</code_type_activite>
<code_type_item_activite>2</code_type_item_activite>
<position_item>1</position_item>
<priorisation>1</priorisation>
<riasec_majeur>R</riasec_majeur>
</item_as>
</activite_specifique>
<savoir_theorique_et_proceduraux nbItemSTP_AS="0">
</savoir_theorique_et_proceduraux>
<savoir_action nbItemSA_AS="0">
</savoir_action>
</bloc>
<bloc>
<position_bloc>8</position_bloc>
<activite_specifique nbItemActivite_AS="1">
<item_as>
<code_ogr>102359</code_ogr>
<libelle>Coordonner l&#0039;activit&#0233; d&#0039;une &#0233;quipe</libelle>
<code_type_activite>3</code_type_activite>
<code_type_item_activite>2</code_type_item_activite>
<position_item>1</position_item>
<priorisation>1</priorisation>
<riasec_majeur>E</riasec_majeur>
<riasec_mineur>s</riasec_mineur>
</item_as>
</activite_specifique>
<savoir_theorique_et_proceduraux nbItemSTP_AS="0">
</savoir_theorique_et_proceduraux>
<savoir_action nbItemSA_AS="0">
</savoir_action>
</bloc>
</bloc_activites_specifiques>
<bloc_mobilites>
<mobilites_proches nbItemMob="1">
<item_mob_pr><code_type_mobilite>1</code_type_mobilite>
<liste_appellation_source>
<code_appellation_source>0</code_appellation_source>
<libelle_appellation_source>Toutes les appellations</libelle_appellation_source>
</liste_appellation_source>
<code_rome_cible>H2908</code_rome_cible>
<libelle_rome_cible>Modelage de mat&#0233;riaux non m&#0233;talliques</libelle_rome_cible>
<liste_appellation_cible>
<code_appellation_cible>0</code_appellation_cible>
<libelle_appellation_cible>Toutes les appellations</libelle_appellation_cible>
</liste_appellation_cible>
</item_mob_pr>
</mobilites_proches>
<mobilites_si_evolution nbItemMob="2">
<item_mob_ev><code_type_mobilite>2</code_type_mobilite>
<liste_appellation_source>
<code_appellation_source>0</code_appellation_source>
<libelle_appellation_source>Toutes les appellations</libelle_appellation_source>
</liste_appellation_source>
<code_rome_cible>H2907</code_rome_cible>
<libelle_rome_cible>Conduite d&#0039;installation de production des m&#0233;taux</libelle_rome_cible>
<liste_appellation_cible>
<code_appellation_cible>0</code_appellation_cible>
<libelle_appellation_cible>Toutes les appellations</libelle_appellation_cible>
</liste_appellation_cible>
</item_mob_ev>
<item_mob_ev><code_type_mobilite>2</code_type_mobilite>
<liste_appellation_source>
<code_appellation_source>0</code_appellation_source>
<libelle_appellation_source>Toutes les appellations</libelle_appellation_source>
</liste_appellation_source>
<code_rome_cible>H3203</code_rome_cible>
<libelle_rome_cible>Fabrication de pi&#0232;ces en mat&#0233;riaux composites</libelle_rome_cible>
<liste_appellation_cible>
<code_appellation_cible>0</code_appellation_cible>
<libelle_appellation_cible>Toutes les appellations</libelle_appellation_cible>
</liste_appellation_cible>
</item_mob_ev>
</mobilites_si_evolution>
</bloc_mobilites>
</fiche_emploi_metier>