<?xml version="1.0" encoding="UTF-8" ?>
<fiche_emploi_metier>
<type_fiche>2</type_fiche>
<libelle_type_fiche>priorise</libelle_type_fiche>
<version_SI>
<version_rome>333</version_rome>
<date_version_si>01/10/2017</date_version_si>
<mois_version_si>Octobre</mois_version_si>
<annee_version_si>2017</annee_version_si>
</version_SI>
<bloc_code_rome>
<code_rome>H2912</code_rome>
<intitule>R&#0233;glage d&#0039;&#0233;quipement de production industrielle</intitule>
<code_ogr>289</code_ogr>
<riasec_majeur>R</riasec_majeur>
<riasec_mineur>c</riasec_mineur>
</bloc_code_rome>
<bloc_appellation nbItemAppellation="43">
<item_app>
<code_ogr>18428</code_ogr>
<libelle>R&#0233;gleur / R&#0233;gleuse de cokerie</libelle>
<libelle_court>R&#0233;gleur / R&#0233;gleuse de cokerie</libelle_court>
<priorisation>1</priorisation>
</item_app>
<item_app>
<code_ogr>18429</code_ogr>
<libelle>R&#0233;gleur / R&#0233;gleuse de four &#0224; coke</libelle>
<libelle_court>R&#0233;gleur / R&#0233;gleuse de four &#0224; coke</libelle_court>
<priorisation>1</priorisation>
</item_app>
<item_app>
<code_ogr>18430</code_ogr>
<libelle>R&#0233;gleur / R&#0233;gleuse de machine &#0224; couler</libelle>
<libelle_court>R&#0233;gleur / R&#0233;gleuse de machine &#0224; couler</libelle_court>
<priorisation>1</priorisation>
</item_app>
<item_app>
<code_ogr>18431</code_ogr>
<libelle>R&#0233;gleur / R&#0233;gleuse de machine de frappe &#0224; froid</libelle>
<libelle_court>R&#0233;gleur / R&#0233;gleuse de machine de frappe &#0224; froid</libelle_court>
<priorisation>1</priorisation>
</item_app>
<item_app>
<code_ogr>18432</code_ogr>
<libelle>R&#0233;gleur / R&#0233;gleuse de machine d&#0039;usinage des mat&#0233;riaux</libelle>
<libelle_court>R&#0233;gleur / R&#0233;gleuse de machine d&#0039;usinage des mat&#0233;riaux</libelle_court>
<priorisation>1</priorisation>
</item_app>
<item_app>
<code_ogr>18433</code_ogr>
<libelle>R&#0233;gleur / R&#0233;gleuse de machine et d&#0039;outillage de moulage des m&#0233;taux</libelle>
<libelle_court>R&#0233;gleur(se) de machine et d&#0039;outillage de moulage des m&#0233;taux</libelle_court>
<priorisation>1</priorisation>
</item_app>
<item_app>
<code_ogr>18434</code_ogr>
<libelle>R&#0233;gleur / R&#0233;gleuse de machine textile</libelle>
<libelle_court>R&#0233;gleur / R&#0233;gleuse de machine textile</libelle_court>
<priorisation>1</priorisation>
</item_app>
<item_app>
<code_ogr>18435</code_ogr>
<libelle>R&#0233;gleur / R&#0233;gleuse de machine-outil</libelle>
<libelle_court>R&#0233;gleur / R&#0233;gleuse de machine-outil</libelle_court>
<priorisation>1</priorisation>
</item_app>
<item_app>
<code_ogr>18446</code_ogr>
<libelle>R&#0233;gleur / R&#0233;gleuse de m&#0233;tier &#0224; tisser</libelle>
<libelle_court>R&#0233;gleur / R&#0233;gleuse de m&#0233;tier &#0224; tisser</libelle_court>
<priorisation>1</priorisation>
</item_app>
<item_app>
<code_ogr>18447</code_ogr>
<libelle>R&#0233;gleur / R&#0233;gleuse de m&#0233;tiers leavers</libelle>
<libelle_court>R&#0233;gleur / R&#0233;gleuse de m&#0233;tiers leavers</libelle_court>
<priorisation>1</priorisation>
</item_app>
<item_app>
<code_ogr>18448</code_ogr>
<libelle>R&#0233;gleur / R&#0233;gleuse de moulinage</libelle>
<libelle_court>R&#0233;gleur / R&#0233;gleuse de moulinage</libelle_court>
<priorisation>1</priorisation>
</item_app>
<item_app>
<code_ogr>18452</code_ogr>
<libelle>R&#0233;gleur / R&#0233;gleuse d&#0039;encocheuse</libelle>
<libelle_court>R&#0233;gleur / R&#0233;gleuse d&#0039;encocheuse</libelle_court>
<priorisation>1</priorisation>
</item_app>
<item_app>
<code_ogr>18453</code_ogr>
<libelle>R&#0233;gleur / R&#0233;gleuse d&#0039;&#0233;quipement de production</libelle>
<libelle_court>R&#0233;gleur / R&#0233;gleuse d&#0039;&#0233;quipement de production</libelle_court>
<priorisation>1</priorisation>
</item_app>
<item_app>
<code_ogr>18454</code_ogr>
<libelle>R&#0233;gleur / R&#0233;gleuse d&#0039;&#0233;quipement industriel de production</libelle>
<libelle_court>R&#0233;gleur / R&#0233;gleuse d&#0039;&#0233;quipement industriel de production</libelle_court>
<priorisation>1</priorisation>
</item_app>
<item_app>
<code_ogr>18455</code_ogr>
<libelle>R&#0233;gleur / R&#0233;gleuse d&#0039;outillage industriel</libelle>
<libelle_court>R&#0233;gleur / R&#0233;gleuse d&#0039;outillage industriel</libelle_court>
<priorisation>1</priorisation>
</item_app>
<item_app>
<code_ogr>18457</code_ogr>
<libelle>R&#0233;gleur / R&#0233;gleuse en production</libelle>
<libelle_court>R&#0233;gleur / R&#0233;gleuse en production</libelle_court>
<priorisation>1</priorisation>
</item_app>
<item_app>
<code_ogr>18460</code_ogr>
<libelle>R&#0233;gleur / R&#0233;gleuse machine &#0224; comprimer</libelle>
<libelle_court>R&#0233;gleur / R&#0233;gleuse machine &#0224; comprimer</libelle_court>
<priorisation>1</priorisation>
</item_app>
<item_app>
<code_ogr>18464</code_ogr>
<libelle>R&#0233;gleur / R&#0233;gleuse m&#0233;canique</libelle>
<libelle_court>R&#0233;gleur / R&#0233;gleuse m&#0233;canique</libelle_court>
<priorisation>1</priorisation>
</item_app>
<item_app>
<code_ogr>18470</code_ogr>
<libelle>R&#0233;gleur / R&#0233;gleuse sur commande num&#0233;rique</libelle>
<libelle_court>R&#0233;gleur / R&#0233;gleuse sur commande num&#0233;rique</libelle_court>
<priorisation>1</priorisation>
</item_app>
<item_app>
<code_ogr>18471</code_ogr>
<libelle>R&#0233;gleur / R&#0233;gleuse sur four</libelle>
<libelle_court>R&#0233;gleur / R&#0233;gleuse sur four</libelle_court>
<priorisation>1</priorisation>
</item_app>
<item_app>
<code_ogr>18472</code_ogr>
<libelle>R&#0233;gleur / R&#0233;gleuse sur installation de soudage robotis&#0233;</libelle>
<libelle_court>R&#0233;gleur / R&#0233;gleuse sur installation de soudage robotis&#0233;</libelle_court>
<priorisation>1</priorisation>
</item_app>
<item_app>
<code_ogr>18473</code_ogr>
<libelle>R&#0233;gleur / R&#0233;gleuse sur ligne automatis&#0233;e</libelle>
<libelle_court>R&#0233;gleur / R&#0233;gleuse sur ligne automatis&#0233;e</libelle_court>
<priorisation>1</priorisation>
</item_app>
<item_app>
<code_ogr>18474</code_ogr>
<libelle>R&#0233;gleur / R&#0233;gleuse sur ligne d&#0039;assemblage</libelle>
<libelle_court>R&#0233;gleur / R&#0233;gleuse sur ligne d&#0039;assemblage</libelle_court>
<priorisation>1</priorisation>
</item_app>
<item_app>
<code_ogr>18475</code_ogr>
<libelle>R&#0233;gleur / R&#0233;gleuse sur ligne de cartonnerie</libelle>
<libelle_court>R&#0233;gleur / R&#0233;gleuse sur ligne de cartonnerie</libelle_court>
<priorisation>1</priorisation>
</item_app>
<item_app>
<code_ogr>18476</code_ogr>
<libelle>R&#0233;gleur / R&#0233;gleuse sur ligne de conditionnement</libelle>
<libelle_court>R&#0233;gleur / R&#0233;gleuse sur ligne de conditionnement</libelle_court>
<priorisation>1</priorisation>
</item_app>
<item_app>
<code_ogr>18477</code_ogr>
<libelle>R&#0233;gleur / R&#0233;gleuse sur ligne de refendage-cisaillage</libelle>
<libelle_court>R&#0233;gleur / R&#0233;gleuse sur ligne de refendage-cisaillage</libelle_court>
<priorisation>1</priorisation>
</item_app>
<item_app>
<code_ogr>18478</code_ogr>
<libelle>R&#0233;gleur / R&#0233;gleuse sur machine de production</libelle>
<libelle_court>R&#0233;gleur / R&#0233;gleuse sur machine de production</libelle_court>
<priorisation>1</priorisation>
</item_app>
<item_app>
<code_ogr>18479</code_ogr>
<libelle>R&#0233;gleur / R&#0233;gleuse sur machine industrielle</libelle>
<libelle_court>R&#0233;gleur / R&#0233;gleuse sur machine industrielle</libelle_court>
<priorisation>1</priorisation>
</item_app>
<item_app>
<code_ogr>18480</code_ogr>
<libelle>R&#0233;gleur / R&#0233;gleuse sur machine transfert</libelle>
<libelle_court>R&#0233;gleur / R&#0233;gleuse sur machine transfert</libelle_court>
<priorisation>1</priorisation>
</item_app>
<item_app>
<code_ogr>18481</code_ogr>
<libelle>R&#0233;gleur / R&#0233;gleuse sur machine-outil</libelle>
<libelle_court>R&#0233;gleur / R&#0233;gleuse sur machine-outil</libelle_court>
<priorisation>1</priorisation>
</item_app>
<item_app>
<code_ogr>18482</code_ogr>
<libelle>R&#0233;gleur / R&#0233;gleuse sur machine-outil &#0224; commande num&#0233;rique</libelle>
<libelle_court>R&#0233;gleur / R&#0233;gleuse sur machine-outil &#0224; commande num&#0233;rique</libelle_court>
<priorisation>1</priorisation>
</item_app>
<item_app>
<code_ogr>18483</code_ogr>
<libelle>R&#0233;gleur / R&#0233;gleuse sur presse &#0224; d&#0233;couper/&#0224; emboutir</libelle>
<libelle_court>R&#0233;gleur / R&#0233;gleuse sur presse &#0224; d&#0233;couper/&#0224; emboutir</libelle_court>
<priorisation>1</priorisation>
</item_app>
<item_app>
<code_ogr>18485</code_ogr>
<libelle>R&#0233;gleur / R&#0233;gleuse sur robot de soudure</libelle>
<libelle_court>R&#0233;gleur / R&#0233;gleuse sur robot de soudure</libelle_court>
<priorisation>1</priorisation>
</item_app>
<item_app>
<code_ogr>18486</code_ogr>
<libelle>R&#0233;gleur / R&#0233;gleuse sur tour</libelle>
<libelle_court>R&#0233;gleur / R&#0233;gleuse sur tour</libelle_court>
<priorisation>1</priorisation>
</item_app>
<item_app>
<code_ogr>18461</code_ogr>
<libelle>R&#0233;gleur m&#0233;canicien / R&#0233;gleuse m&#0233;canicienne</libelle>
<libelle_court>R&#0233;gleur m&#0233;canicien / R&#0233;gleuse m&#0233;canicienne</libelle_court>
<priorisation>1</priorisation>
</item_app>
<item_app>
<code_ogr>18462</code_ogr>
<libelle>R&#0233;gleur m&#0233;canicien / R&#0233;gleuse m&#0233;canicienne de machine de confection</libelle>
<libelle_court>R&#0233;gleur(se) m&#0233;canicien(ne) de machine de confection</libelle_court>
<priorisation>1</priorisation>
</item_app>
<item_app>
<code_ogr>18463</code_ogr>
<libelle>R&#0233;gleur m&#0233;canicien / R&#0233;gleuse m&#0233;canicienne en bonneterie</libelle>
<libelle_court>R&#0233;gleur m&#0233;canicien / R&#0233;gleuse m&#0233;canicienne en bonneterie</libelle_court>
<priorisation>1</priorisation>
</item_app>
<item_app>
<code_ogr>18465</code_ogr>
<libelle>R&#0233;gleur metteur / R&#0233;gleuse metteuse au point d&#0039;&#0233;quipements industriels</libelle>
<libelle_court>R&#0233;gleur(se) metteur(se) au point &#0233;quipements industriels</libelle_court>
<priorisation>1</priorisation>
</item_app>
<item_app>
<code_ogr>18466</code_ogr>
<libelle>R&#0233;gleur monteur / R&#0233;gleuse monteuse de machine textile de filature et de tissage</libelle>
<libelle_court>R&#0233;gleur(se) monteur(se) machine textile de filature tissage</libelle_court>
<priorisation>1</priorisation>
</item_app>
<item_app>
<code_ogr>18467</code_ogr>
<libelle>R&#0233;gleur monteur / R&#0233;gleuse monteuse sur presse &#0224; d&#0233;couper/&#0224; emboutir</libelle>
<libelle_court>R&#0233;gleur(se) monteur(se) sur presse &#0224; d&#0233;couper/&#0224; emboutir</libelle_court>
<priorisation>1</priorisation>
</item_app>
<item_app>
<code_ogr>18468</code_ogr>
<libelle>R&#0233;gleur programmateur industriel / R&#0233;gleuse programmatrice industrielle</libelle>
<libelle_court>R&#0233;gleur(se) programmateur(trice) industriel(le)</libelle_court>
<priorisation>1</priorisation>
</item_app>
<item_app>
<code_ogr>18469</code_ogr>
<libelle>R&#0233;gleur ressortier / R&#0233;gleuse ressorti&#0232;re</libelle>
<libelle_court>R&#0233;gleur ressortier / R&#0233;gleuse ressorti&#0232;re</libelle_court>
<priorisation>1</priorisation>
</item_app>
<item_app>
<code_ogr>20235</code_ogr>
<libelle>Technicien r&#0233;gleur / Technicienne r&#0233;gleuse de machine de frappe &#0224; froid</libelle>
<libelle_court>Technicien(ne) r&#0233;gleur(se) de machine de frappe &#0224; froid</libelle_court>
<priorisation>1</priorisation>
</item_app>
</bloc_appellation>
<definition nbItemDefinition="2">
R&#0233;alise les r&#0233;glages des &#0233;quipements de production, machines (conventionnelles, num&#0233;riques, ...) jusqu&#0039;&#0224; l&#0039;obtention de formes, dimensions, tol&#0233;rances, cadences d&#0233;finies &#0224; l&#0039;unit&#0233; ou en s&#0233;rie selon les r&#0232;gles de s&#0233;curit&#0233; et les imp&#0233;ratifs de production (d&#0233;lais, qualit&#0233;, ...).
Peut coordonner une &#0233;quipe.
</definition>
<acces_emploi_metier nbItemAccesEmploiMetier="3">
Cet emploi/m&#0233;tier est accessible avec un dipl&#0244;me de niveau CAP/BEP &#0224; Bac professionnel en m&#0233;canique, productique, &#0233;lectrotechnique, maintenance industrielle.
Il est &#0233;galement accessible avec une exp&#0233;rience professionnelle en productique, conduite d&#0039;&#0233;quipements de production.
Un ou plusieurs Certificat(s) d&#0039;Aptitude &#0224; la Conduite En S&#0233;curit&#0233; -CACES- conditionn&#0233;(s) par une aptitude m&#0233;dicale &#0224; renouveler p&#0233;riodiquement peu(ven)t &#0234;tre requis.
</acces_emploi_metier>
<condition_exercice_activite nbItemConditionExercice="4">
L&#0039;activit&#0233; de cet emploi/m&#0233;tier s&#0039;exerce au sein d&#0039;entreprises industrielles, chantiers navals en relation avec diff&#0233;rents services (production, maintenance, m&#0233;thodes, qualit&#0233;, ...).
Elle varie selon le secteur (a&#0233;ronautique, automobile, verre, textile, ...), le degr&#0233; d&#0039;automatisation des &#0233;quipements (automatis&#0233;s, conventionnels, num&#0233;riques) et le type de produits fabriqu&#0233;s.
Elle peut s&#0039;exercer les fins de semaine, jours f&#0233;ri&#0233;s, de nuit et &#0234;tre soumise &#0224; des astreintes.
Le port d&#0039;Equipements de Protection Individuelle -EPI- (chaussures de s&#0233;curit&#0233;, lunettes de protection, ...) est requis.
</condition_exercice_activite>
<bloc_environnement_de_travail nbItemEnvTrav="31">
<item_env>
<code_ogr>23679</code_ogr>
<libelle>Aci&#0233;rie</libelle>
<code_type_section_env>1</code_type_section_env>
<priorisation>1</priorisation>
</item_env>
<item_env>
<code_ogr>23909</code_ogr>
<libelle>Entreprise industrielle</libelle>
<code_type_section_env>1</code_type_section_env>
<priorisation>1</priorisation>
</item_env>
<item_env>
<code_ogr>24093</code_ogr>
<libelle>Soci&#0233;t&#0233; de services</libelle>
<code_type_section_env>1</code_type_section_env>
<priorisation>1</priorisation>
</item_env>
<item_env>
<code_ogr>23391</code_ogr>
<libelle>A&#0233;ronautique, spatial</libelle>
<code_type_section_env>2</code_type_section_env>
<priorisation>1</priorisation>
</item_env>
<item_env>
<code_ogr>23395</code_ogr>
<libelle>Alimentaire</libelle>
<code_type_section_env>2</code_type_section_env>
<priorisation>1</priorisation>
</item_env>
<item_env>
<code_ogr>23404</code_ogr>
<libelle>Armement</libelle>
<code_type_section_env>2</code_type_section_env>
<priorisation>1</priorisation>
</item_env>
<item_env>
<code_ogr>23410</code_ogr>
<libelle>Automobile</libelle>
<code_type_section_env>2</code_type_section_env>
<priorisation>1</priorisation>
</item_env>
<item_env>
<code_ogr>23424</code_ogr>
<libelle>Bois, ameublement</libelle>
<code_type_section_env>2</code_type_section_env>
<priorisation>1</priorisation>
</item_env>
<item_env>
<code_ogr>23436</code_ogr>
<libelle>Chimie</libelle>
<code_type_section_env>2</code_type_section_env>
<priorisation>1</priorisation>
</item_env>
<item_env>
<code_ogr>23437</code_ogr>
<libelle>Chimie fine</libelle>
<code_type_section_env>2</code_type_section_env>
<priorisation>1</priorisation>
</item_env>
<item_env>
<code_ogr>23453</code_ogr>
<libelle>Construction navale</libelle>
<code_type_section_env>2</code_type_section_env>
<priorisation>1</priorisation>
</item_env>
<item_env>
<code_ogr>23469</code_ogr>
<libelle>Eco-industrie</libelle>
<code_type_section_env>2</code_type_section_env>
<priorisation>1</priorisation>
</item_env>
<item_env>
<code_ogr>23474</code_ogr>
<libelle>Electricit&#0233;</libelle>
<code_type_section_env>2</code_type_section_env>
<priorisation>1</priorisation>
</item_env>
<item_env>
<code_ogr>23476</code_ogr>
<libelle>Electrom&#0233;nager</libelle>
<code_type_section_env>2</code_type_section_env>
<priorisation>1</priorisation>
</item_env>
<item_env>
<code_ogr>23477</code_ogr>
<libelle>Electronique</libelle>
<code_type_section_env>2</code_type_section_env>
<priorisation>1</priorisation>
</item_env>
<item_env>
<code_ogr>23480</code_ogr>
<libelle>Energie, nucl&#0233;aire, fluide</libelle>
<code_type_section_env>2</code_type_section_env>
<priorisation>1</priorisation>
</item_env>
<item_env>
<code_ogr>23498</code_ogr>
<libelle>Ferroviaire</libelle>
<code_type_section_env>2</code_type_section_env>
<priorisation>1</priorisation>
</item_env>
<item_env>
<code_ogr>23515</code_ogr>
<libelle>Habillement, cuir, textile</libelle>
<code_type_section_env>2</code_type_section_env>
<priorisation>1</priorisation>
</item_env>
<item_env>
<code_ogr>23530</code_ogr>
<libelle>Industrie cosm&#0233;tique</libelle>
<code_type_section_env>2</code_type_section_env>
<priorisation>1</priorisation>
</item_env>
<item_env>
<code_ogr>23531</code_ogr>
<libelle>Industrie du papier, carton</libelle>
<code_type_section_env>2</code_type_section_env>
<priorisation>1</priorisation>
</item_env>
<item_env>
<code_ogr>23534</code_ogr>
<libelle>Information et communication</libelle>
<code_type_section_env>2</code_type_section_env>
<priorisation>1</priorisation>
</item_env>
<item_env>
<code_ogr>23544</code_ogr>
<libelle>Machinisme</libelle>
<code_type_section_env>2</code_type_section_env>
<priorisation>1</priorisation>
</item_env>
<item_env>
<code_ogr>23552</code_ogr>
<libelle>M&#0233;canique, travail des m&#0233;taux</libelle>
<code_type_section_env>2</code_type_section_env>
<priorisation>1</priorisation>
</item_env>
<item_env>
<code_ogr>23558</code_ogr>
<libelle>M&#0233;tallurgie, sid&#0233;rurgie</libelle>
<code_type_section_env>2</code_type_section_env>
<priorisation>1</priorisation>
</item_env>
<item_env>
<code_ogr>23567</code_ogr>
<libelle>Nautisme</libelle>
<code_type_section_env>2</code_type_section_env>
<priorisation>1</priorisation>
</item_env>
<item_env>
<code_ogr>23568</code_ogr>
<libelle>Optique, optronique</libelle>
<code_type_section_env>2</code_type_section_env>
<priorisation>1</priorisation>
</item_env>
<item_env>
<code_ogr>23573</code_ogr>
<libelle>Parachimie</libelle>
<code_type_section_env>2</code_type_section_env>
<priorisation>1</priorisation>
</item_env>
<item_env>
<code_ogr>23582</code_ogr>
<libelle>P&#0233;trochimie</libelle>
<code_type_section_env>2</code_type_section_env>
<priorisation>1</priorisation>
</item_env>
<item_env>
<code_ogr>23640</code_ogr>
<libelle>Sport et loisirs</libelle>
<code_type_section_env>2</code_type_section_env>
<priorisation>1</priorisation>
</item_env>
<item_env>
<code_ogr>23659</code_ogr>
<libelle>Transport/logistique</libelle>
<code_type_section_env>2</code_type_section_env>
<priorisation>1</priorisation>
</item_env>
<item_env>
<code_ogr>23673</code_ogr>
<libelle>Verre, mat&#0233;riaux de construction</libelle>
<code_type_section_env>2</code_type_section_env>
<priorisation>1</priorisation>
</item_env>
</bloc_environnement_de_travail>
<bloc_activites_de_base nbBlocActiviteBase="1">
<activites_de_base nbItemActivite_AB="13">
<item_ab>
<code_ogr>117372</code_ogr>
<libelle>Identifier les r&#0233;glages des &#0233;quipements et outillages</libelle>
<code_type_activite>3</code_type_activite>
<code_type_item_activite>2</code_type_item_activite>
<position_item>1</position_item>
<priorisation>1</priorisation>
<riasec_majeur>R</riasec_majeur>
</item_ab>
<item_ab>
<code_ogr>119281</code_ogr>
<libelle>R&#0233;aliser la mise au point des machines et outillages de production</libelle>
<code_type_activite>3</code_type_activite>
<code_type_item_activite>2</code_type_item_activite>
<position_item>2</position_item>
<priorisation>1</priorisation>
<riasec_majeur>R</riasec_majeur>
</item_ab>
<item_ab>
<code_ogr>106030</code_ogr>
<libelle>Monter, d&#0233;monter les pi&#0232;ces, outillages de machines</libelle>
<code_type_activite>3</code_type_activite>
<code_type_item_activite>2</code_type_item_activite>
<position_item>3</position_item>
<priorisation>1</priorisation>
<riasec_majeur>R</riasec_majeur>
</item_ab>
<item_ab>
<code_ogr>120277</code_ogr>
<libelle>R&#0233;gler les param&#0232;tres des machines et des &#0233;quipements</libelle>
<code_type_activite>3</code_type_activite>
<code_type_item_activite>2</code_type_item_activite>
<position_item>4</position_item>
<priorisation>1</priorisation>
<riasec_majeur>R</riasec_majeur>
</item_ab>
<item_ab>
<code_ogr>119683</code_ogr>
<libelle>D&#0233;finir les donn&#0233;es de programmation</libelle>
<code_type_activite>3</code_type_activite>
<code_type_item_activite>2</code_type_item_activite>
<position_item>5</position_item>
<priorisation>1</priorisation>
<riasec_majeur>R</riasec_majeur>
</item_ab>
<item_ab>
<code_ogr>118519</code_ogr>
<libelle>R&#0233;aliser des essais et tests de fonctionnement</libelle>
<code_type_activite>3</code_type_activite>
<code_type_item_activite>2</code_type_item_activite>
<position_item>6</position_item>
<priorisation>1</priorisation>
<riasec_majeur>R</riasec_majeur>
<riasec_mineur>i</riasec_mineur>
</item_ab>
<item_ab>
<code_ogr>125509</code_ogr>
<libelle>Effectuer la mise en service d&#0039;un &#0233;quipement</libelle>
<code_type_activite>3</code_type_activite>
<code_type_item_activite>2</code_type_item_activite>
<position_item>7</position_item>
<priorisation>1</priorisation>
<riasec_majeur>R</riasec_majeur>
</item_ab>
<item_ab>
<code_ogr>120275</code_ogr>
<libelle>Contr&#0244;ler la conformit&#0233; d&#0039;un produit aux diff&#0233;rentes &#0233;tapes de fabrication</libelle>
<code_type_activite>3</code_type_activite>
<code_type_item_activite>2</code_type_item_activite>
<position_item>8</position_item>
<priorisation>1</priorisation>
<riasec_majeur>C</riasec_majeur>
</item_ab>
<item_ab>
<code_ogr>117194</code_ogr>
<libelle>Identifier des non-conformit&#0233;s</libelle>
<code_type_activite>3</code_type_activite>
<code_type_item_activite>2</code_type_item_activite>
<position_item>9</position_item>
<priorisation>1</priorisation>
<riasec_majeur>C</riasec_majeur>
</item_ab>
<item_ab>
<code_ogr>102694</code_ogr>
<libelle>Renseigner les supports de suivi d&#0039;intervention et transmettre les informations au service concern&#0233;</libelle>
<code_type_activite>3</code_type_activite>
<code_type_item_activite>2</code_type_item_activite>
<position_item>10</position_item>
<priorisation>1</priorisation>
<riasec_majeur>C</riasec_majeur>
<riasec_mineur>r</riasec_mineur>
</item_ab>
<item_ab>
<code_ogr>121049</code_ogr>
<libelle>Apporter un appui technique aux services qualit&#0233;, maintenance, m&#0233;thodes</libelle>
<code_type_activite>3</code_type_activite>
<code_type_item_activite>2</code_type_item_activite>
<position_item>11</position_item>
<priorisation>1</priorisation>
<riasec_majeur>R</riasec_majeur>
<riasec_mineur>s</riasec_mineur>
</item_ab>
<item_ab>
<code_ogr>119210</code_ogr>
<libelle>Assurer une maintenance de premier niveau</libelle>
<code_type_activite>3</code_type_activite>
<code_type_item_activite>2</code_type_item_activite>
<position_item>12</position_item>
<priorisation>1</priorisation>
<riasec_majeur>R</riasec_majeur>
</item_ab>
<item_ab>
<code_ogr>124888</code_ogr>
<libelle>Entretenir des &#0233;quipements</libelle>
<code_type_activite>3</code_type_activite>
<code_type_item_activite>2</code_type_item_activite>
<position_item>13</position_item>
<priorisation>1</priorisation>
<riasec_majeur>R</riasec_majeur>
</item_ab>
</activites_de_base>
<savoir_theorique_et_proceduraux nbItemSTP_AB="15">
<item_ab_stp>
<code_ogr>125510</code_ogr>
<libelle>Techniques de calibration</libelle>
<code_type_competence>1</code_type_competence>
<position_item>1</position_item>
<priorisation>1</priorisation>
</item_ab_stp>
<item_ab_stp>
<code_ogr>119507</code_ogr>
<libelle>Logiciels de Gestion de Production Assist&#0233;e Par Ordinateur (GPAO)</libelle>
<code_type_competence>1</code_type_competence>
<position_item>2</position_item>
<priorisation>1</priorisation>
</item_ab_stp>
<item_ab_stp>
<code_ogr>119506</code_ogr>
<libelle>Logiciels de Gestion de Maintenance Assist&#0233;e par Ordinateur (GMAO)</libelle>
<code_type_competence>1</code_type_competence>
<position_item>3</position_item>
<priorisation>1</priorisation>
</item_ab_stp>
<item_ab_stp>
<code_ogr>104424</code_ogr>
<libelle>M&#0233;canique productique</libelle>
<code_type_competence>1</code_type_competence>
<position_item>4</position_item>
<priorisation>1</priorisation>
</item_ab_stp>
<item_ab_stp>
<code_ogr>105666</code_ogr>
<libelle>Electrom&#0233;canique</libelle>
<code_type_competence>1</code_type_competence>
<position_item>5</position_item>
<priorisation>1</priorisation>
</item_ab_stp>
<item_ab_stp>
<code_ogr>102717</code_ogr>
<libelle>Electricit&#0233;</libelle>
<code_type_competence>1</code_type_competence>
<position_item>6</position_item>
<priorisation>1</priorisation>
</item_ab_stp>
<item_ab_stp>
<code_ogr>104413</code_ogr>
<libelle>Electronique</libelle>
<code_type_competence>1</code_type_competence>
<position_item>7</position_item>
<priorisation>1</priorisation>
</item_ab_stp>
<item_ab_stp>
<code_ogr>100507</code_ogr>
<libelle>Utilisation d&#0039;outillages &#0233;lectroportatifs (scie &#0233;lectrique, ponceuse, ...)</libelle>
<code_type_competence>1</code_type_competence>
<position_item>8</position_item>
<priorisation>1</priorisation>
</item_ab_stp>
<item_ab_stp>
<code_ogr>104425</code_ogr>
<libelle>Hydraulique</libelle>
<code_type_competence>1</code_type_competence>
<position_item>9</position_item>
<priorisation>1</priorisation>
</item_ab_stp>
<item_ab_stp>
<code_ogr>100017</code_ogr>
<libelle>R&#0232;gles de s&#0233;curit&#0233;</libelle>
<code_type_competence>1</code_type_competence>
<position_item>10</position_item>
<priorisation>1</priorisation>
</item_ab_stp>
<item_ab_stp>
<code_ogr>119426</code_ogr>
<libelle>Logiciels de Fabrication Assist&#0233;e par Ordinateur (FAO)</libelle>
<code_type_competence>1</code_type_competence>
<position_item>11</position_item>
<priorisation>1</priorisation>
</item_ab_stp>
<item_ab_stp>
<code_ogr>103167</code_ogr>
<libelle>M&#0233;trologie</libelle>
<code_type_competence>1</code_type_competence>
<position_item>12</position_item>
<priorisation>1</priorisation>
</item_ab_stp>
<item_ab_stp>
<code_ogr>104807</code_ogr>
<libelle>Utilisation d&#0039;instruments de mesure tridimensionnelle</libelle>
<code_type_competence>1</code_type_competence>
<position_item>13</position_item>
<priorisation>1</priorisation>
</item_ab_stp>
<item_ab_stp>
<code_ogr>118331</code_ogr>
<libelle>Utilisation d&#0039;outillages manuels</libelle>
<code_type_competence>1</code_type_competence>
<position_item>14</position_item>
<priorisation>1</priorisation>
</item_ab_stp>
<item_ab_stp>
<code_ogr>104547</code_ogr>
<libelle>Pneumatique</libelle>
<code_type_competence>1</code_type_competence>
<position_item>15</position_item>
<priorisation>1</priorisation>
</item_ab_stp>
</savoir_theorique_et_proceduraux>
<savoir_action nbItemSA_AB="0">
</savoir_action>
</bloc_activites_de_base>
<bloc_activites_specifiques nbBlocActiviteSpecifique="9">
<bloc>
<position_bloc>1</position_bloc>
<activite_specifique nbItemActivite_AS="1">
<item_as>
<code_ogr>114816</code_ogr>
<libelle>Proc&#0233;der aux r&#0233;glages (param&#0233;trage, r&#0233;initialisation, ...) d&#0039;un &#0233;quipement de production</libelle>
<code_type_activite>3</code_type_activite>
<code_type_item_activite>2</code_type_item_activite>
<position_item>1</position_item>
<priorisation>1</priorisation>
<riasec_majeur>R</riasec_majeur>
</item_as>
</activite_specifique>
<savoir_theorique_et_proceduraux nbItemSTP_AS="31">
<item_as_stp>
<code_ogr>116533</code_ogr>
<libelle>Techniques de r&#0233;glage de capteurs</libelle>
<code_type_competence>1</code_type_competence>
<position_item>1</position_item>
<priorisation>1</priorisation>
</item_as_stp>
<item_as_stp>
<code_ogr>100822</code_ogr>
<libelle>Techniques d&#0039;usinage</libelle>
<code_type_competence>1</code_type_competence>
<position_item>2</position_item>
<priorisation>1</priorisation>
</item_as_stp>
<item_as_stp>
<code_ogr>116494</code_ogr>
<libelle>Techniques de r&#0233;glage de cha&#0238;ne automatis&#0233;e de production</libelle>
<code_type_competence>1</code_type_competence>
<position_item>3</position_item>
<priorisation>1</priorisation>
</item_as_stp>
<item_as_stp>
<code_ogr>116535</code_ogr>
<libelle>Techniques de r&#0233;glage de perceuses</libelle>
<code_type_competence>1</code_type_competence>
<position_item>4</position_item>
<priorisation>1</priorisation>
</item_as_stp>
<item_as_stp>
<code_ogr>116536</code_ogr>
<libelle>Techniques de r&#0233;glage de fileteuses</libelle>
<code_type_competence>1</code_type_competence>
<position_item>5</position_item>
<priorisation>1</priorisation>
</item_as_stp>
<item_as_stp>
<code_ogr>116534</code_ogr>
<libelle>Techniques de r&#0233;glage de fraiseuses</libelle>
<code_type_competence>1</code_type_competence>
<position_item>6</position_item>
<priorisation>1</priorisation>
</item_as_stp>
<item_as_stp>
<code_ogr>116537</code_ogr>
<libelle>Techniques de r&#0233;glage de lignes d&#0039;assemblage</libelle>
<code_type_competence>1</code_type_competence>
<position_item>7</position_item>
<priorisation>1</priorisation>
</item_as_stp>
<item_as_stp>
<code_ogr>116547</code_ogr>
<libelle>Techniques de r&#0233;glage de m&#0233;tiers automatiques de confection</libelle>
<code_type_competence>1</code_type_competence>
<position_item>8</position_item>
<priorisation>1</priorisation>
</item_as_stp>
<item_as_stp>
<code_ogr>116546</code_ogr>
<libelle>Techniques de r&#0233;glage de m&#0233;tiers m&#0233;caniques de confection</libelle>
<code_type_competence>1</code_type_competence>
<position_item>9</position_item>
<priorisation>1</priorisation>
</item_as_stp>
<item_as_stp>
<code_ogr>116495</code_ogr>
<libelle>Techniques de r&#0233;glages de machines &#0224; coudre industrielles</libelle>
<code_type_competence>1</code_type_competence>
<position_item>10</position_item>
<priorisation>1</priorisation>
</item_as_stp>
<item_as_stp>
<code_ogr>116539</code_ogr>
<libelle>Techniques de r&#0233;glage de machines de d&#0233;colletage</libelle>
<code_type_competence>1</code_type_competence>
<position_item>11</position_item>
<priorisation>1</priorisation>
</item_as_stp>
<item_as_stp>
<code_ogr>116540</code_ogr>
<libelle>Techniques de r&#0233;glage de machines de d&#0233;coupage</libelle>
<code_type_competence>1</code_type_competence>
<position_item>12</position_item>
<priorisation>1</priorisation>
</item_as_stp>
<item_as_stp>
<code_ogr>102855</code_ogr>
<libelle>Techniques de r&#0233;glage d&#0039;une cha&#0238;ne de fa&#0231;onnage</libelle>
<code_type_competence>1</code_type_competence>
<position_item>13</position_item>
<priorisation>1</priorisation>
</item_as_stp>
<item_as_stp>
<code_ogr>116562</code_ogr>
<libelle>Techniques de r&#0233;glage de machines de thermoformage</libelle>
<code_type_competence>1</code_type_competence>
<position_item>14</position_item>
<priorisation>1</priorisation>
</item_as_stp>
<item_as_stp>
<code_ogr>116541</code_ogr>
<libelle>Techniques de r&#0233;glage de machines de production de ressorts</libelle>
<code_type_competence>1</code_type_competence>
<position_item>15</position_item>
<priorisation>1</priorisation>
</item_as_stp>
<item_as_stp>
<code_ogr>116542</code_ogr>
<libelle>Techniques de r&#0233;glage de machines de transfert</libelle>
<code_type_competence>1</code_type_competence>
<position_item>16</position_item>
<priorisation>1</priorisation>
</item_as_stp>
<item_as_stp>
<code_ogr>116543</code_ogr>
<libelle>Techniques de r&#0233;glage de machines-outils &#0224; axes multiples</libelle>
<code_type_competence>1</code_type_competence>
<position_item>17</position_item>
<priorisation>1</priorisation>
</item_as_stp>
<item_as_stp>
<code_ogr>116544</code_ogr>
<libelle>Techniques de r&#0233;glage de machines-outils tripode</libelle>
<code_type_competence>1</code_type_competence>
<position_item>18</position_item>
<priorisation>1</priorisation>
</item_as_stp>
<item_as_stp>
<code_ogr>116545</code_ogr>
<libelle>Techniques de r&#0233;glage de machines-outils hexapode</libelle>
<code_type_competence>1</code_type_competence>
<position_item>19</position_item>
<priorisation>1</priorisation>
</item_as_stp>
<item_as_stp>
<code_ogr>116497</code_ogr>
<libelle>Techniques de r&#0233;glage d&#0039;outillage</libelle>
<code_type_competence>1</code_type_competence>
<position_item>20</position_item>
<priorisation>1</priorisation>
</item_as_stp>
<item_as_stp>
<code_ogr>116548</code_ogr>
<libelle>Techniques de r&#0233;glage de presses &#0224; emboutir</libelle>
<code_type_competence>1</code_type_competence>
<position_item>21</position_item>
<priorisation>1</priorisation>
</item_as_stp>
<item_as_stp>
<code_ogr>116551</code_ogr>
<libelle>Techniques de r&#0233;glage de robots de soudure</libelle>
<code_type_competence>1</code_type_competence>
<position_item>22</position_item>
<priorisation>1</priorisation>
</item_as_stp>
<item_as_stp>
<code_ogr>116552</code_ogr>
<libelle>Techniques de r&#0233;glage d&#0039;automates programmables</libelle>
<code_type_competence>1</code_type_competence>
<position_item>23</position_item>
<priorisation>1</priorisation>
</item_as_stp>
<item_as_stp>
<code_ogr>116496</code_ogr>
<libelle>Techniques de r&#0233;glage de tours multibroches</libelle>
<code_type_competence>1</code_type_competence>
<position_item>24</position_item>
<priorisation>1</priorisation>
</item_as_stp>
<item_as_stp>
<code_ogr>124468</code_ogr>
<libelle>Machines &#0224; commandes num&#0233;riques</libelle>
<code_type_competence>1</code_type_competence>
<position_item>25</position_item>
<priorisation>1</priorisation>
</item_as_stp>
<item_as_stp>
<code_ogr>100437</code_ogr>
<libelle>Proc&#0233;d&#0233;s de formage</libelle>
<code_type_competence>1</code_type_competence>
<position_item>26</position_item>
<priorisation>1</priorisation>
</item_as_stp>
<item_as_stp>
<code_ogr>106254</code_ogr>
<libelle>Techniques d&#0039;assemblage et de filetage du textile</libelle>
<code_type_competence>1</code_type_competence>
<position_item>27</position_item>
<priorisation>1</priorisation>
</item_as_stp>
<item_as_stp>
<code_ogr>100740</code_ogr>
<libelle>Proc&#0233;d&#0233;s de tissage</libelle>
<code_type_competence>1</code_type_competence>
<position_item>28</position_item>
<priorisation>1</priorisation>
</item_as_stp>
<item_as_stp>
<code_ogr>106255</code_ogr>
<libelle>Techniques de bonneterie</libelle>
<code_type_competence>1</code_type_competence>
<position_item>29</position_item>
<priorisation>1</priorisation>
</item_as_stp>
<item_as_stp>
<code_ogr>106251</code_ogr>
<libelle>Proc&#0233;d&#0233;s de fa&#0231;onnage</libelle>
<code_type_competence>1</code_type_competence>
<position_item>30</position_item>
<priorisation>1</priorisation>
</item_as_stp>
<item_as_stp>
<code_ogr>106252</code_ogr>
<libelle>Proc&#0233;d&#0233;s de d&#0233;coupage</libelle>
<code_type_competence>1</code_type_competence>
<position_item>31</position_item>
<priorisation>1</priorisation>
</item_as_stp>
</savoir_theorique_et_proceduraux>
<savoir_action nbItemSA_AS="0">
</savoir_action>
</bloc>
<bloc>
<position_bloc>2</position_bloc>
<activite_specifique nbItemActivite_AS="1">
<item_as>
<code_ogr>124184</code_ogr>
<libelle>R&#0233;aliser une intervention n&#0233;cessitant une habilitation</libelle>
<code_type_activite>3</code_type_activite>
<code_type_item_activite>2</code_type_item_activite>
<position_item>1</position_item>
<priorisation>1</priorisation>
<riasec_majeur>R</riasec_majeur>
</item_as>
</activite_specifique>
<savoir_theorique_et_proceduraux nbItemSTP_AS="2">
<item_as_stp>
<code_ogr>124200</code_ogr>
<libelle>Habilitations &#0233;lectriques de travaux hors tension</libelle>
<code_type_competence>1</code_type_competence>
<position_item>1</position_item>
<priorisation>1</priorisation>
</item_as_stp>
<item_as_stp>
<code_ogr>124201</code_ogr>
<libelle>Habilitations &#0233;lectriques de travaux sous tension</libelle>
<code_type_competence>1</code_type_competence>
<position_item>2</position_item>
<priorisation>1</priorisation>
</item_as_stp>
</savoir_theorique_et_proceduraux>
<savoir_action nbItemSA_AS="0">
</savoir_action>
</bloc>
<bloc>
<position_bloc>3</position_bloc>
<activite_specifique nbItemActivite_AS="1">
<item_as>
<code_ogr>120405</code_ogr>
<libelle>Utiliser un engin n&#0233;cessitant une habilitation</libelle>
<code_type_activite>3</code_type_activite>
<code_type_item_activite>2</code_type_item_activite>
<position_item>1</position_item>
<priorisation>1</priorisation>
<riasec_majeur>R</riasec_majeur>
</item_as>
</activite_specifique>
<savoir_theorique_et_proceduraux nbItemSTP_AS="3">
<item_as_stp>
<code_ogr>123698</code_ogr>
<libelle>Chariots &#0233;l&#0233;vateurs en porte-&#0224;-faux de capacit&#0233; inf&#0233;rieure ou &#0233;gale &#0224; 6000 kg (CACES R 389-3)</libelle>
<code_type_competence>1</code_type_competence>
<position_item>1</position_item>
<priorisation>1</priorisation>
</item_as_stp>
<item_as_stp>
<code_ogr>121308</code_ogr>
<libelle>Ponts roulants (CACES R 318)</libelle>
<code_type_competence>1</code_type_competence>
<position_item>2</position_item>
<priorisation>1</priorisation>
</item_as_stp>
<item_as_stp>
<code_ogr>123696</code_ogr>
<libelle>Transpalettes &#0224; conducteur port&#0233; et pr&#0233;parateurs de commandes au sol (CACES R 389-1)</libelle>
<code_type_competence>1</code_type_competence>
<position_item>3</position_item>
<priorisation>1</priorisation>
</item_as_stp>
</savoir_theorique_et_proceduraux>
<savoir_action nbItemSA_AS="0">
</savoir_action>
</bloc>
<bloc>
<position_bloc>4</position_bloc>
<activite_specifique nbItemActivite_AS="1">
<item_as>
<code_ogr>114826</code_ogr>
<libelle>R&#0233;aliser ou modifier un programme de fabrication, de d&#0233;placements, de trajectoire d&#0039;outils (codage, d&#0233;codage)</libelle>
<code_type_activite>3</code_type_activite>
<code_type_item_activite>2</code_type_item_activite>
<position_item>1</position_item>
<priorisation>1</priorisation>
<riasec_majeur>I</riasec_majeur>
<riasec_mineur>r</riasec_mineur>
</item_as>
</activite_specifique>
<savoir_theorique_et_proceduraux nbItemSTP_AS="2">
<item_as_stp>
<code_ogr>119425</code_ogr>
<libelle>Logiciels de Conception de Fabrication Assist&#0233;e par Ordinateur (CFAO)</libelle>
<code_type_competence>1</code_type_competence>
<position_item>1</position_item>
<priorisation>1</priorisation>
</item_as_stp>
<item_as_stp>
<code_ogr>124458</code_ogr>
<libelle>Langages de programmation de Commande Num&#0233;rique (CN)</libelle>
<code_type_competence>1</code_type_competence>
<position_item>2</position_item>
<priorisation>1</priorisation>
</item_as_stp>
</savoir_theorique_et_proceduraux>
<savoir_action nbItemSA_AS="0">
</savoir_action>
</bloc>
<bloc>
<position_bloc>5</position_bloc>
<activite_specifique nbItemActivite_AS="4">
<item_as>
<code_ogr>124527</code_ogr>
<libelle>R&#0233;diger des documents techniques</libelle>
<code_type_activite>3</code_type_activite>
<code_type_item_activite>2</code_type_item_activite>
<position_item>1</position_item>
<priorisation>1</priorisation>
<riasec_majeur>I</riasec_majeur>
</item_as>
<item_as>
<code_ogr>121617</code_ogr>
<libelle>Concevoir des proc&#0233;dures de maintenance</libelle>
<code_type_activite>3</code_type_activite>
<code_type_item_activite>2</code_type_item_activite>
<position_item>2</position_item>
<priorisation>1</priorisation>
<riasec_majeur>C</riasec_majeur>
<riasec_mineur>r</riasec_mineur>
</item_as>
<item_as>
<code_ogr>124613</code_ogr>
<libelle>Elaborer un outil de suivi</libelle>
<code_type_activite>3</code_type_activite>
<code_type_item_activite>2</code_type_item_activite>
<position_item>3</position_item>
<priorisation>1</priorisation>
<riasec_majeur>C</riasec_majeur>
</item_as>
<item_as>
<code_ogr>120247</code_ogr>
<libelle>&#0201;tablir un mode op&#0233;ratoire</libelle>
<code_type_activite>3</code_type_activite>
<code_type_item_activite>2</code_type_item_activite>
<position_item>4</position_item>
<priorisation>1</priorisation>
<riasec_majeur>R</riasec_majeur>
<riasec_mineur>c</riasec_mineur>
</item_as>
</activite_specifique>
<savoir_theorique_et_proceduraux nbItemSTP_AS="0">
</savoir_theorique_et_proceduraux>
<savoir_action nbItemSA_AS="0">
</savoir_action>
</bloc>
<bloc>
<position_bloc>6</position_bloc>
<activite_specifique nbItemActivite_AS="1">
<item_as>
<code_ogr>114827</code_ogr>
<libelle>Surveiller l&#0039;usure et remettre en &#0233;tat des outillages, outils, organes, ensembles, syst&#0232;mes m&#0233;caniques</libelle>
<code_type_activite>3</code_type_activite>
<code_type_item_activite>2</code_type_item_activite>
<position_item>1</position_item>
<priorisation>1</priorisation>
<riasec_majeur>R</riasec_majeur>
</item_as>
</activite_specifique>
<savoir_theorique_et_proceduraux nbItemSTP_AS="1">
<item_as_stp>
<code_ogr>100029</code_ogr>
<libelle>Techniques d&#0039;aff&#0251;tage</libelle>
<code_type_competence>1</code_type_competence>
<position_item>1</position_item>
<priorisation>1</priorisation>
</item_as_stp>
</savoir_theorique_et_proceduraux>
<savoir_action nbItemSA_AS="0">
</savoir_action>
</bloc>
<bloc>
<position_bloc>7</position_bloc>
<activite_specifique nbItemActivite_AS="1">
<item_as>
<code_ogr>114625</code_ogr>
<libelle>Proc&#0233;der &#0224; la mise en service de nouveaux &#0233;quipements</libelle>
<code_type_activite>3</code_type_activite>
<code_type_item_activite>2</code_type_item_activite>
<position_item>1</position_item>
<priorisation>1</priorisation>
<riasec_majeur>R</riasec_majeur>
</item_as>
</activite_specifique>
<savoir_theorique_et_proceduraux nbItemSTP_AS="0">
</savoir_theorique_et_proceduraux>
<savoir_action nbItemSA_AS="0">
</savoir_action>
</bloc>
<bloc>
<position_bloc>8</position_bloc>
<activite_specifique nbItemActivite_AS="2">
<item_as>
<code_ogr>123036</code_ogr>
<libelle>Former un public</libelle>
<code_type_activite>3</code_type_activite>
<code_type_item_activite>2</code_type_item_activite>
<position_item>1</position_item>
<priorisation>1</priorisation>
<riasec_majeur>S</riasec_majeur>
</item_as>
<item_as>
<code_ogr>123466</code_ogr>
<libelle>Sensibiliser et former les personnels aux consignes de s&#0233;curit&#0233; et de pr&#0233;vention</libelle>
<code_type_activite>3</code_type_activite>
<code_type_item_activite>2</code_type_item_activite>
<position_item>2</position_item>
<priorisation>1</priorisation>
<riasec_majeur>S</riasec_majeur>
</item_as>
</activite_specifique>
<savoir_theorique_et_proceduraux nbItemSTP_AS="0">
</savoir_theorique_et_proceduraux>
<savoir_action nbItemSA_AS="0">
</savoir_action>
</bloc>
<bloc>
<position_bloc>9</position_bloc>
<activite_specifique nbItemActivite_AS="1">
<item_as>
<code_ogr>102359</code_ogr>
<libelle>Coordonner l&#0039;activit&#0233; d&#0039;une &#0233;quipe</libelle>
<code_type_activite>3</code_type_activite>
<code_type_item_activite>2</code_type_item_activite>
<position_item>1</position_item>
<priorisation>1</priorisation>
<riasec_majeur>E</riasec_majeur>
<riasec_mineur>s</riasec_mineur>
</item_as>
</activite_specifique>
<savoir_theorique_et_proceduraux nbItemSTP_AS="0">
</savoir_theorique_et_proceduraux>
<savoir_action nbItemSA_AS="0">
</savoir_action>
</bloc>
</bloc_activites_specifiques>
<bloc_mobilites>
<mobilites_proches nbItemMob="4">
<item_mob_pr><code_type_mobilite>1</code_type_mobilite>
<liste_appellation_source>
<code_appellation_source>0</code_appellation_source>
<libelle_appellation_source>Toutes les appellations</libelle_appellation_source>
</liste_appellation_source>
<code_rome_cible>H2901</code_rome_cible>
<libelle_rome_cible>Ajustement et montage de fabrication</libelle_rome_cible>
<liste_appellation_cible>
<code_appellation_cible>0</code_appellation_cible>
<libelle_appellation_cible>Toutes les appellations</libelle_appellation_cible>
</liste_appellation_cible>
</item_mob_pr>
<item_mob_pr><code_type_mobilite>1</code_type_mobilite>
<liste_appellation_source>
<code_appellation_source>0</code_appellation_source>
<libelle_appellation_source>Toutes les appellations</libelle_appellation_source>
</liste_appellation_source>
<code_rome_cible>H2903</code_rome_cible>
<libelle_rome_cible>Conduite d&#0039;&#0233;quipement d&#0039;usinage</libelle_rome_cible>
<liste_appellation_cible>
<code_appellation_cible>0</code_appellation_cible>
<libelle_appellation_cible>Toutes les appellations</libelle_appellation_cible>
</liste_appellation_cible>
</item_mob_pr>
<item_mob_pr><code_type_mobilite>1</code_type_mobilite>
<liste_appellation_source>
<code_appellation_source>0</code_appellation_source>
<libelle_appellation_source>Toutes les appellations</libelle_appellation_source>
</liste_appellation_source>
<code_rome_cible>H3202</code_rome_cible>
<libelle_rome_cible>R&#0233;glage d&#0039;&#0233;quipement de formage des plastiques et caoutchoucs</libelle_rome_cible>
<liste_appellation_cible>
<code_appellation_cible>0</code_appellation_cible>
<libelle_appellation_cible>Toutes les appellations</libelle_appellation_cible>
</liste_appellation_cible>
</item_mob_pr>
<item_mob_pr><code_type_mobilite>1</code_type_mobilite>
<liste_appellation_source>
<code_appellation_source>0</code_appellation_source>
<libelle_appellation_source>Toutes les appellations</libelle_appellation_source>
</liste_appellation_source>
<code_rome_cible>I1310</code_rome_cible>
<libelle_rome_cible>Maintenance m&#0233;canique industrielle</libelle_rome_cible>
<liste_appellation_cible>
<code_appellation_cible>0</code_appellation_cible>
<libelle_appellation_cible>Toutes les appellations</libelle_appellation_cible>
</liste_appellation_cible>
</item_mob_pr>
</mobilites_proches>
<mobilites_si_evolution nbItemMob="3">
<item_mob_ev><code_type_mobilite>2</code_type_mobilite>
<liste_appellation_source>
<code_appellation_source>0</code_appellation_source>
<libelle_appellation_source>Toutes les appellations</libelle_appellation_source>
</liste_appellation_source>
<code_rome_cible>H1506</code_rome_cible>
<libelle_rome_cible>Intervention technique qualit&#0233; en m&#0233;canique et travail des m&#0233;taux</libelle_rome_cible>
<liste_appellation_cible>
<code_appellation_cible>0</code_appellation_cible>
<libelle_appellation_cible>Toutes les appellations</libelle_appellation_cible>
</liste_appellation_cible>
</item_mob_ev>
<item_mob_ev><code_type_mobilite>2</code_type_mobilite>
<liste_appellation_source>
<code_appellation_source>0</code_appellation_source>
<libelle_appellation_source>Toutes les appellations</libelle_appellation_source>
</liste_appellation_source>
<code_rome_cible>H2503</code_rome_cible>
<libelle_rome_cible>Pilotage d&#0039;unit&#0233; &#0233;l&#0233;mentaire de production m&#0233;canique ou de travail des m&#0233;taux</libelle_rome_cible>
<liste_appellation_cible>
<code_appellation_cible>0</code_appellation_cible>
<libelle_appellation_cible>Toutes les appellations</libelle_appellation_cible>
</liste_appellation_cible>
</item_mob_ev>
<item_mob_ev><code_type_mobilite>2</code_type_mobilite>
<liste_appellation_source>
<code_appellation_source>0</code_appellation_source>
<libelle_appellation_source>Toutes les appellations</libelle_appellation_source>
</liste_appellation_source>
<code_rome_cible>I1304</code_rome_cible>
<libelle_rome_cible>Installation et maintenance d&#0039;&#0233;quipements industriels et d&#0039;exploitation</libelle_rome_cible>
<liste_appellation_cible>
<code_appellation_cible>0</code_appellation_cible>
<libelle_appellation_cible>Toutes les appellations</libelle_appellation_cible>
</liste_appellation_cible>
</item_mob_ev>
</mobilites_si_evolution>
</bloc_mobilites>
</fiche_emploi_metier>