<?xml version="1.0" encoding="UTF-8" ?>
<fiche_emploi_metier>
<type_fiche>2</type_fiche>
<libelle_type_fiche>priorise</libelle_type_fiche>
<version_SI>
<version_rome>333</version_rome>
<date_version_si>01/10/2017</date_version_si>
<mois_version_si>Octobre</mois_version_si>
<annee_version_si>2017</annee_version_si>
</version_SI>
<bloc_code_rome>
<code_rome>H3203</code_rome>
<intitule>Fabrication de pi&#0232;ces en mat&#0233;riaux composites</intitule>
<code_ogr>296</code_ogr>
<riasec_majeur>R</riasec_majeur>
<riasec_mineur>c</riasec_mineur>
</bloc_code_rome>
<bloc_appellation nbItemAppellation="15">
<item_app>
<code_ogr>10883</code_ogr>
<libelle>Aide-mouleur-stratifieur / Aide-mouleuse-stratifieuse</libelle>
<libelle_court>Aide-mouleur-stratifieur / Aide-mouleuse-stratifieuse</libelle_court>
<priorisation>1</priorisation>
</item_app>
<item_app>
<code_ogr>11093</code_ogr>
<libelle>Applicateur stratifieur / Applicatrice stratifieuse</libelle>
<libelle_court>Applicateur stratifieur / Applicatrice stratifieuse</libelle_court>
<priorisation>1</priorisation>
</item_app>
<item_app>
<code_ogr>14530</code_ogr>
<libelle>Drapeur / Drapeuse</libelle>
<libelle_court>Drapeur / Drapeuse</libelle_court>
<priorisation>1</priorisation>
</item_app>
<item_app>
<code_ogr>16913</code_ogr>
<libelle>Mouleur / Mouleuse en stratifi&#0233;s</libelle>
<libelle_court>Mouleur / Mouleuse en stratifi&#0233;s</libelle_court>
<priorisation>1</priorisation>
</item_app>
<item_app>
<code_ogr>16920</code_ogr>
<libelle>Mouleur-stratifieur / Mouleuse-stratifieuse</libelle>
<libelle_court>Mouleur-stratifieur / Mouleuse-stratifieuse</libelle_court>
<priorisation>1</priorisation>
</item_app>
<item_app>
<code_ogr>16921</code_ogr>
<libelle>Mouleur-stratifieur / Mouleuse-stratifieuse en thermodurcissables</libelle>
<libelle_court>Mouleur(se)-stratifieur(se) en thermodurcissables</libelle_court>
<priorisation>1</priorisation>
</item_app>
<item_app>
<code_ogr>16927</code_ogr>
<libelle>Mouliste drapeur / drapeuse</libelle>
<libelle_court>Mouliste drapeur / drapeuse</libelle_court>
<priorisation>1</priorisation>
</item_app>
<item_app>
<code_ogr>17203</code_ogr>
<libelle>Op&#0233;rateur / Op&#0233;ratrice en mat&#0233;riaux composites</libelle>
<libelle_court>Op&#0233;rateur / Op&#0233;ratrice en mat&#0233;riaux composites</libelle_court>
<priorisation>1</priorisation>
</item_app>
<item_app>
<code_ogr>17219</code_ogr>
<libelle>Op&#0233;rateur / Op&#0233;ratrice en stratification</libelle>
<libelle_court>Op&#0233;rateur / Op&#0233;ratrice en stratification</libelle_court>
<priorisation>1</priorisation>
</item_app>
<item_app>
<code_ogr>18219</code_ogr>
<libelle>Prototypiste en stratifi&#0233;s</libelle>
<libelle_court>Prototypiste en stratifi&#0233;s</libelle_court>
<priorisation>1</priorisation>
</item_app>
<item_app>
<code_ogr>19533</code_ogr>
<libelle>Stratifieur / Stratifieuse</libelle>
<libelle_court>Stratifieur / Stratifieuse</libelle_court>
<priorisation>1</priorisation>
</item_app>
<item_app>
<code_ogr>19535</code_ogr>
<libelle>Stratifieur / Stratifieuse en mat&#0233;riaux composites</libelle>
<libelle_court>Stratifieur / Stratifieuse en mat&#0233;riaux composites</libelle_court>
<priorisation>1</priorisation>
</item_app>
<item_app>
<code_ogr>19536</code_ogr>
<libelle>Stratifieur / Stratifieuse mouliste</libelle>
<libelle_court>Stratifieur / Stratifieuse mouliste</libelle_court>
<priorisation>1</priorisation>
</item_app>
<item_app>
<code_ogr>19534</code_ogr>
<libelle>Stratifieur drapeur / Stratifieuse drapeuse</libelle>
<libelle_court>Stratifieur drapeur / Stratifieuse drapeuse</libelle_court>
<priorisation>1</priorisation>
</item_app>
<item_app>
<code_ogr>19537</code_ogr>
<libelle>Stratifieur-usineur-finisseur / Stratifieuse-usineuse-finisseuse</libelle>
<libelle_court>Stratifieur(se)-usineur(se)-finisseur(se)</libelle_court>
<priorisation>1</priorisation>
</item_app>
</bloc_appellation>
<definition nbItemDefinition="3">
Fabrique manuellement ou &#0224; l&#0039;aide d&#0039;appareils, &#0224; l&#0039;unit&#0233; ou en petites s&#0233;ries, des pi&#0232;ces en mat&#0233;riaux composites selon divers proc&#0233;d&#0233;s de stratification sur moule ou mod&#0232;le.
Intervient selon les r&#0232;gles de s&#0233;curit&#0233; et les imp&#0233;ratifs de production (d&#0233;lais, qualit&#0233;, ...).
Peut r&#0233;aliser des op&#0233;rations de parach&#0232;vement des pi&#0232;ces.
</definition>
<acces_emploi_metier nbItemAccesEmploiMetier="2">
Cet emploi/m&#0233;tier est accessible avec un dipl&#0244;me de niveau CAP/BEP &#0224; Bac (professionnel, ...) dans le secteur de la stratification.
Il est &#0233;galement accessible avec une exp&#0233;rience professionnelle dans un m&#0233;tier manuel (m&#0233;canique, menuiserie, ...) sans dipl&#0244;me particulier.
</acces_emploi_metier>
<condition_exercice_activite nbItemConditionExercice="4">
L&#0039;activit&#0233; de cet emploi/m&#0233;tier s&#0039;exerce au sein d&#0039;entreprise industrielle ou artisanale en relation avec diff&#0233;rents services (bureau d&#0039;&#0233;tudes, m&#0233;thodes, contr&#0244;le qualit&#0233;, ...). Elle peut impliquer des d&#0233;placements sur des chantiers (moulage sur site, installation, r&#0233;paration, ...).
Elle varie selon le secteur (fabrication de pi&#0232;ces en mati&#0232;re plastique, commerce de d&#0233;tail d&#0039;articles de sports et de loisirs, ...).
L&#0039;activit&#0233; s&#0039;effectue en atelier ou &#0224; l&#0039;ext&#0233;rieur, en environnement allerg&#0232;ne ou inflammable.
Le port d&#0039;Equipements de Protection Individuelle -EPI- (masque, gants, lunettes de protection, ...) est exig&#0233;.
</condition_exercice_activite>
<bloc_environnement_de_travail nbItemEnvTrav="10">
<item_env>
<code_ogr>23725</code_ogr>
<libelle>Boutique, commerce de d&#0233;tail</libelle>
<code_type_section_env>1</code_type_section_env>
<priorisation>1</priorisation>
</item_env>
<item_env>
<code_ogr>23870</code_ogr>
<libelle>Entreprise artisanale</libelle>
<code_type_section_env>1</code_type_section_env>
<priorisation>1</priorisation>
</item_env>
<item_env>
<code_ogr>23909</code_ogr>
<libelle>Entreprise industrielle</libelle>
<code_type_section_env>1</code_type_section_env>
<priorisation>1</priorisation>
</item_env>
<item_env>
<code_ogr>23391</code_ogr>
<libelle>A&#0233;ronautique, spatial</libelle>
<code_type_section_env>2</code_type_section_env>
<priorisation>1</priorisation>
</item_env>
<item_env>
<code_ogr>23410</code_ogr>
<libelle>Automobile</libelle>
<code_type_section_env>2</code_type_section_env>
<priorisation>1</priorisation>
</item_env>
<item_env>
<code_ogr>23453</code_ogr>
<libelle>Construction navale</libelle>
<code_type_section_env>2</code_type_section_env>
<priorisation>1</priorisation>
</item_env>
<item_env>
<code_ogr>23498</code_ogr>
<libelle>Ferroviaire</libelle>
<code_type_section_env>2</code_type_section_env>
<priorisation>1</priorisation>
</item_env>
<item_env>
<code_ogr>23567</code_ogr>
<libelle>Nautisme</libelle>
<code_type_section_env>2</code_type_section_env>
<priorisation>1</priorisation>
</item_env>
<item_env>
<code_ogr>23585</code_ogr>
<libelle>Plasturgie, caoutchouc, composites</libelle>
<code_type_section_env>2</code_type_section_env>
<priorisation>1</priorisation>
</item_env>
<item_env>
<code_ogr>23640</code_ogr>
<libelle>Sport et loisirs</libelle>
<code_type_section_env>2</code_type_section_env>
<priorisation>1</priorisation>
</item_env>
</bloc_environnement_de_travail>
<bloc_activites_de_base nbBlocActiviteBase="1">
<activites_de_base nbItemActivite_AB="8">
<item_ab>
<code_ogr>106375</code_ogr>
<libelle>Identifier l&#0039;intervention et les modes op&#0233;ratoires &#0224; partir des documents techniques</libelle>
<code_type_activite>3</code_type_activite>
<code_type_item_activite>2</code_type_item_activite>
<position_item>1</position_item>
<priorisation>1</priorisation>
<riasec_majeur>C</riasec_majeur>
<riasec_mineur>i</riasec_mineur>
</item_ab>
<item_ab>
<code_ogr>106376</code_ogr>
<libelle>Couper les renforts (tissus) &#0224; dimension et pr&#0233;parer la vari&#0233;t&#0233; et la quantit&#0233; de r&#0233;sine appropri&#0233;es &#0224; la fabrication de la pi&#0232;ce</libelle>
<code_type_activite>3</code_type_activite>
<code_type_item_activite>2</code_type_item_activite>
<position_item>2</position_item>
<priorisation>1</priorisation>
<riasec_majeur>R</riasec_majeur>
<riasec_mineur>c</riasec_mineur>
</item_ab>
<item_ab>
<code_ogr>106377</code_ogr>
<libelle>Enduire le support (moule, forme, mod&#0232;le, ...) de cire &#0224; d&#0233;mouler et le rev&#0234;tir d&#0039;une protection (gel-coat, tissu d&#0039;arrachage, ...)</libelle>
<code_type_activite>3</code_type_activite>
<code_type_item_activite>2</code_type_item_activite>
<position_item>3</position_item>
<priorisation>1</priorisation>
<riasec_majeur>R</riasec_majeur>
</item_ab>
<item_ab>
<code_ogr>106378</code_ogr>
<libelle>Disposer les feuilles de renfort par couches au contact sur le support et impr&#0233;gner les renforts de r&#0233;sine</libelle>
<code_type_activite>3</code_type_activite>
<code_type_item_activite>2</code_type_item_activite>
<position_item>4</position_item>
<priorisation>1</priorisation>
<riasec_majeur>R</riasec_majeur>
</item_ab>
<item_ab>
<code_ogr>106379</code_ogr>
<libelle>Positionner les inserts (bois, plastique, m&#0233;tal, nid d&#0039;abeille, ...) entre les plis</libelle>
<code_type_activite>3</code_type_activite>
<code_type_item_activite>2</code_type_item_activite>
<position_item>5</position_item>
<priorisation>1</priorisation>
<riasec_majeur>R</riasec_majeur>
</item_ab>
<item_ab>
<code_ogr>106380</code_ogr>
<libelle>Chasser les bulles d&#0039;air au rouleau selon la g&#0233;om&#0233;trie et la technicit&#0233; des pi&#0232;ces</libelle>
<code_type_activite>3</code_type_activite>
<code_type_item_activite>2</code_type_item_activite>
<position_item>6</position_item>
<priorisation>1</priorisation>
<riasec_majeur>R</riasec_majeur>
<riasec_mineur>c</riasec_mineur>
</item_ab>
<item_ab>
<code_ogr>106381</code_ogr>
<libelle>D&#0233;poser la pi&#0232;ce dans le local de s&#0233;chage, le four, l&#0039;&#0233;tuve et s&#0233;lectionner ou contr&#0244;ler les cycles de traitement de solidification</libelle>
<code_type_activite>3</code_type_activite>
<code_type_item_activite>2</code_type_item_activite>
<position_item>7</position_item>
<priorisation>1</priorisation>
<riasec_majeur>C</riasec_majeur>
</item_ab>
<item_ab>
<code_ogr>106382</code_ogr>
<libelle>D&#0233;mouler la pi&#0232;ce, la prot&#0233;ger et l&#0039;entreposer avant usinage</libelle>
<code_type_activite>3</code_type_activite>
<code_type_item_activite>2</code_type_item_activite>
<position_item>8</position_item>
<priorisation>1</priorisation>
<riasec_majeur>R</riasec_majeur>
</item_ab>
</activites_de_base>
<savoir_theorique_et_proceduraux nbItemSTP_AB="16">
<item_ab_stp>
<code_ogr>100854</code_ogr>
<libelle>Techniques de tra&#0231;age</libelle>
<code_type_competence>1</code_type_competence>
<position_item>1</position_item>
<priorisation>1</priorisation>
</item_ab_stp>
<item_ab_stp>
<code_ogr>102690</code_ogr>
<libelle>R&#0232;gles de manipulation de produits toxiques</libelle>
<code_type_competence>1</code_type_competence>
<position_item>2</position_item>
<priorisation>1</priorisation>
</item_ab_stp>
<item_ab_stp>
<code_ogr>104876</code_ogr>
<libelle>Utilisation de gabarit</libelle>
<code_type_competence>1</code_type_competence>
<position_item>3</position_item>
<priorisation>1</priorisation>
</item_ab_stp>
<item_ab_stp>
<code_ogr>102181</code_ogr>
<libelle>Calcul dimensionnel (surface, volume, ...)</libelle>
<code_type_competence>1</code_type_competence>
<position_item>4</position_item>
<priorisation>1</priorisation>
</item_ab_stp>
<item_ab_stp>
<code_ogr>106383</code_ogr>
<libelle>Utilisation de pompe &#0224; vide</libelle>
<code_type_competence>1</code_type_competence>
<position_item>5</position_item>
<priorisation>1</priorisation>
</item_ab_stp>
<item_ab_stp>
<code_ogr>101119</code_ogr>
<libelle>Caract&#0233;ristiques des tissus et mati&#0232;res textiles</libelle>
<code_type_competence>1</code_type_competence>
<position_item>6</position_item>
<priorisation>1</priorisation>
</item_ab_stp>
<item_ab_stp>
<code_ogr>106384</code_ogr>
<libelle>Caract&#0233;ristiques des fibres, r&#0233;sines, colles</libelle>
<code_type_competence>1</code_type_competence>
<position_item>7</position_item>
<priorisation>1</priorisation>
</item_ab_stp>
<item_ab_stp>
<code_ogr>106385</code_ogr>
<libelle>Techniques de positionnement de renforts</libelle>
<code_type_competence>1</code_type_competence>
<position_item>8</position_item>
<priorisation>1</priorisation>
</item_ab_stp>
<item_ab_stp>
<code_ogr>106386</code_ogr>
<libelle>Techniques d&#0039;impr&#0233;gnation des mat&#0233;riaux composites</libelle>
<code_type_competence>1</code_type_competence>
<position_item>9</position_item>
<priorisation>1</priorisation>
</item_ab_stp>
<item_ab_stp>
<code_ogr>100517</code_ogr>
<libelle>Techniques de moulage</libelle>
<code_type_competence>1</code_type_competence>
<position_item>10</position_item>
<priorisation>1</priorisation>
</item_ab_stp>
<item_ab_stp>
<code_ogr>106387</code_ogr>
<libelle>Techniques de projection simultan&#0233;e</libelle>
<code_type_competence>1</code_type_competence>
<position_item>11</position_item>
<priorisation>1</priorisation>
</item_ab_stp>
<item_ab_stp>
<code_ogr>106388</code_ogr>
<libelle>Techniques d&#0039;injection basse pression</libelle>
<code_type_competence>1</code_type_competence>
<position_item>12</position_item>
<priorisation>1</priorisation>
</item_ab_stp>
<item_ab_stp>
<code_ogr>106389</code_ogr>
<libelle>Techniques d&#0039;injection sous vide</libelle>
<code_type_competence>1</code_type_competence>
<position_item>13</position_item>
<priorisation>1</priorisation>
</item_ab_stp>
<item_ab_stp>
<code_ogr>100017</code_ogr>
<libelle>R&#0232;gles de s&#0233;curit&#0233;</libelle>
<code_type_competence>1</code_type_competence>
<position_item>14</position_item>
<priorisation>1</priorisation>
</item_ab_stp>
<item_ab_stp>
<code_ogr>106390</code_ogr>
<libelle>Techniques de d&#0233;moulage</libelle>
<code_type_competence>1</code_type_competence>
<position_item>15</position_item>
<priorisation>1</priorisation>
</item_ab_stp>
<item_ab_stp>
<code_ogr>103070</code_ogr>
<libelle>Lecture de plan, de sch&#0233;ma</libelle>
<code_type_competence>1</code_type_competence>
<position_item>16</position_item>
<priorisation>1</priorisation>
</item_ab_stp>
</savoir_theorique_et_proceduraux>
<savoir_action nbItemSA_AB="0">
</savoir_action>
</bloc_activites_de_base>
<bloc_activites_specifiques nbBlocActiviteSpecifique="7">
<bloc>
<position_bloc>1</position_bloc>
<activite_specifique nbItemActivite_AS="1">
<item_as>
<code_ogr>114845</code_ogr>
<libelle>Modifier les formes d&#0039;un moule ou d&#0039;un mod&#0232;le de fabrication de pi&#0232;ces en mat&#0233;riaux composites</libelle>
<code_type_activite>3</code_type_activite>
<code_type_item_activite>2</code_type_item_activite>
<position_item>1</position_item>
<priorisation>1</priorisation>
<riasec_majeur>R</riasec_majeur>
</item_as>
</activite_specifique>
<savoir_theorique_et_proceduraux nbItemSTP_AS="1">
<item_as_stp>
<code_ogr>100822</code_ogr>
<libelle>Techniques d&#0039;usinage</libelle>
<code_type_competence>1</code_type_competence>
<position_item>1</position_item>
<priorisation>1</priorisation>
</item_as_stp>
</savoir_theorique_et_proceduraux>
<savoir_action nbItemSA_AS="0">
</savoir_action>
</bloc>
<bloc>
<position_bloc>2</position_bloc>
<activite_specifique nbItemActivite_AS="1">
<item_as>
<code_ogr>114846</code_ogr>
<libelle>Densifier la structure d&#0039;un mat&#0233;riau composite par compactage de plis</libelle>
<code_type_activite>3</code_type_activite>
<code_type_item_activite>2</code_type_item_activite>
<position_item>1</position_item>
<priorisation>1</priorisation>
<riasec_majeur>R</riasec_majeur>
</item_as>
</activite_specifique>
<savoir_theorique_et_proceduraux nbItemSTP_AS="0">
</savoir_theorique_et_proceduraux>
<savoir_action nbItemSA_AS="0">
</savoir_action>
</bloc>
<bloc>
<position_bloc>3</position_bloc>
<activite_specifique nbItemActivite_AS="1">
<item_as>
<code_ogr>119364</code_ogr>
<libelle>Contr&#0244;ler la conformit&#0233; d&#0039;une production</libelle>
<code_type_activite>3</code_type_activite>
<code_type_item_activite>2</code_type_item_activite>
<position_item>1</position_item>
<priorisation>1</priorisation>
<riasec_majeur>C</riasec_majeur>
</item_as>
</activite_specifique>
<savoir_theorique_et_proceduraux nbItemSTP_AS="2">
<item_as_stp>
<code_ogr>120121</code_ogr>
<libelle>Mat&#0233;riaux composites</libelle>
<code_type_competence>1</code_type_competence>
<position_item>1</position_item>
<priorisation>1</priorisation>
</item_as_stp>
<item_as_stp>
<code_ogr>103167</code_ogr>
<libelle>M&#0233;trologie</libelle>
<code_type_competence>1</code_type_competence>
<position_item>2</position_item>
<priorisation>1</priorisation>
</item_as_stp>
</savoir_theorique_et_proceduraux>
<savoir_action nbItemSA_AS="0">
</savoir_action>
</bloc>
<bloc>
<position_bloc>4</position_bloc>
<activite_specifique nbItemActivite_AS="1">
<item_as>
<code_ogr>124324</code_ogr>
<libelle>Traiter le d&#0233;faut d&#0039;une pi&#0232;ce</libelle>
<code_type_activite>3</code_type_activite>
<code_type_item_activite>2</code_type_item_activite>
<position_item>1</position_item>
<priorisation>1</priorisation>
<riasec_majeur>I</riasec_majeur>
<riasec_mineur>c</riasec_mineur>
</item_as>
</activite_specifique>
<savoir_theorique_et_proceduraux nbItemSTP_AS="0">
</savoir_theorique_et_proceduraux>
<savoir_action nbItemSA_AS="0">
</savoir_action>
</bloc>
<bloc>
<position_bloc>5</position_bloc>
<activite_specifique nbItemActivite_AS="2">
<item_as>
<code_ogr>114849</code_ogr>
<libelle>R&#0233;aliser la finition d&#0039;une pi&#0232;ce en mat&#0233;riaux composites</libelle>
<code_type_activite>3</code_type_activite>
<code_type_item_activite>2</code_type_item_activite>
<position_item>1</position_item>
<priorisation>1</priorisation>
<riasec_majeur>R</riasec_majeur>
</item_as>
<item_as>
<code_ogr>122960</code_ogr>
<libelle>Poncer des supports</libelle>
<code_type_activite>3</code_type_activite>
<code_type_item_activite>2</code_type_item_activite>
<position_item>2</position_item>
<priorisation>1</priorisation>
<riasec_majeur>R</riasec_majeur>
</item_as>
</activite_specifique>
<savoir_theorique_et_proceduraux nbItemSTP_AS="3">
<item_as_stp>
<code_ogr>106391</code_ogr>
<libelle>Techniques de d&#0233;tourage</libelle>
<code_type_competence>1</code_type_competence>
<position_item>1</position_item>
<priorisation>1</priorisation>
</item_as_stp>
<item_as_stp>
<code_ogr>100507</code_ogr>
<libelle>Utilisation d&#0039;outillages &#0233;lectroportatifs (scie &#0233;lectrique, ponceuse, ...)</libelle>
<code_type_competence>1</code_type_competence>
<position_item>2</position_item>
<priorisation>1</priorisation>
</item_as_stp>
<item_as_stp>
<code_ogr>106212</code_ogr>
<libelle>Techniques d&#0039;&#0233;barbage</libelle>
<code_type_competence>1</code_type_competence>
<position_item>3</position_item>
<priorisation>1</priorisation>
</item_as_stp>
</savoir_theorique_et_proceduraux>
<savoir_action nbItemSA_AS="0">
</savoir_action>
</bloc>
<bloc>
<position_bloc>6</position_bloc>
<activite_specifique nbItemActivite_AS="1">
<item_as>
<code_ogr>114850</code_ogr>
<libelle>Positionner et fixer des pi&#0232;ces en mat&#0233;riaux composites entre elles ou avec des accessoires</libelle>
<code_type_activite>3</code_type_activite>
<code_type_item_activite>2</code_type_item_activite>
<position_item>1</position_item>
<priorisation>1</priorisation>
<riasec_majeur>R</riasec_majeur>
</item_as>
</activite_specifique>
<savoir_theorique_et_proceduraux nbItemSTP_AS="2">
<item_as_stp>
<code_ogr>100800</code_ogr>
<libelle>Techniques de collage</libelle>
<code_type_competence>1</code_type_competence>
<position_item>1</position_item>
<priorisation>1</priorisation>
</item_as_stp>
<item_as_stp>
<code_ogr>106393</code_ogr>
<libelle>Techniques de rivetage</libelle>
<code_type_competence>1</code_type_competence>
<position_item>2</position_item>
<priorisation>1</priorisation>
</item_as_stp>
</savoir_theorique_et_proceduraux>
<savoir_action nbItemSA_AS="0">
</savoir_action>
</bloc>
<bloc>
<position_bloc>7</position_bloc>
<activite_specifique nbItemActivite_AS="2">
<item_as>
<code_ogr>119106</code_ogr>
<libelle>R&#0233;aliser un suivi d&#0039;activit&#0233;</libelle>
<code_type_activite>3</code_type_activite>
<code_type_item_activite>2</code_type_item_activite>
<position_item>1</position_item>
<priorisation>1</priorisation>
<riasec_majeur>C</riasec_majeur>
<riasec_mineur>e</riasec_mineur>
</item_as>
<item_as>
<code_ogr>124083</code_ogr>
<libelle>R&#0233;aliser des actions de communication interne</libelle>
<code_type_activite>3</code_type_activite>
<code_type_item_activite>2</code_type_item_activite>
<position_item>2</position_item>
<priorisation>1</priorisation>
<riasec_majeur>C</riasec_majeur>
<riasec_mineur>e</riasec_mineur>
</item_as>
</activite_specifique>
<savoir_theorique_et_proceduraux nbItemSTP_AS="1">
<item_as_stp>
<code_ogr>118975</code_ogr>
<libelle>Outils bureautiques</libelle>
<code_type_competence>1</code_type_competence>
<position_item>1</position_item>
<priorisation>1</priorisation>
</item_as_stp>
</savoir_theorique_et_proceduraux>
<savoir_action nbItemSA_AS="0">
</savoir_action>
</bloc>
</bloc_activites_specifiques>
<bloc_mobilites>
<mobilites_proches nbItemMob="1">
<item_mob_pr><code_type_mobilite>1</code_type_mobilite>
<liste_appellation_source>
<code_appellation_source>0</code_appellation_source>
<libelle_appellation_source>Toutes les appellations</libelle_appellation_source>
</liste_appellation_source>
<code_rome_cible>H3402</code_rome_cible>
<libelle_rome_cible>Conduite de traitement par d&#0233;p&#0244;t de surface</libelle_rome_cible>
<liste_appellation_cible>
<code_appellation_cible>0</code_appellation_cible>
<libelle_appellation_cible>Toutes les appellations</libelle_appellation_cible>
</liste_appellation_cible>
</item_mob_pr>
</mobilites_proches>
<mobilites_si_evolution nbItemMob="3">
<item_mob_ev><code_type_mobilite>2</code_type_mobilite>
<liste_appellation_source>
<code_appellation_source>0</code_appellation_source>
<libelle_appellation_source>Toutes les appellations</libelle_appellation_source>
</liste_appellation_source>
<code_rome_cible>H2908</code_rome_cible>
<libelle_rome_cible>Modelage de mat&#0233;riaux non m&#0233;talliques</libelle_rome_cible>
<liste_appellation_cible>
<code_appellation_cible>0</code_appellation_cible>
<libelle_appellation_cible>Toutes les appellations</libelle_appellation_cible>
</liste_appellation_cible>
</item_mob_ev>
<item_mob_ev><code_type_mobilite>2</code_type_mobilite>
<liste_appellation_source>
<code_appellation_source>0</code_appellation_source>
<libelle_appellation_source>Toutes les appellations</libelle_appellation_source>
</liste_appellation_source>
<code_rome_cible>H3201</code_rome_cible>
<libelle_rome_cible>Conduite d&#0039;&#0233;quipement de formage des plastiques et caoutchoucs</libelle_rome_cible>
<liste_appellation_cible>
<code_appellation_cible>0</code_appellation_cible>
<libelle_appellation_cible>Toutes les appellations</libelle_appellation_cible>
</liste_appellation_cible>
</item_mob_ev>
<item_mob_ev><code_type_mobilite>2</code_type_mobilite>
<liste_appellation_source>
<code_appellation_source>0</code_appellation_source>
<libelle_appellation_source>Toutes les appellations</libelle_appellation_source>
</liste_appellation_source>
<code_rome_cible>H3404</code_rome_cible>
<libelle_rome_cible>Peinture industrielle</libelle_rome_cible>
<liste_appellation_cible>
<code_appellation_cible>0</code_appellation_cible>
<libelle_appellation_cible>Toutes les appellations</libelle_appellation_cible>
</liste_appellation_cible>
</item_mob_ev>
</mobilites_si_evolution>
</bloc_mobilites>
</fiche_emploi_metier>