<?xml version="1.0" encoding="UTF-8" ?>
<fiche_emploi_metier>
<type_fiche>2</type_fiche>
<libelle_type_fiche>priorise</libelle_type_fiche>
<version_SI>
<version_rome>333</version_rome>
<date_version_si>01/10/2017</date_version_si>
<mois_version_si>Octobre</mois_version_si>
<annee_version_si>2017</annee_version_si>
</version_SI>
<bloc_code_rome>
<code_rome>H3302</code_rome>
<intitule>Op&#0233;rations manuelles d&#0039;assemblage, tri ou emballage</intitule>
<code_ogr>298</code_ogr>
<riasec_majeur>R</riasec_majeur>
<riasec_mineur>c</riasec_mineur>
</bloc_code_rome>
<bloc_appellation nbItemAppellation="20">
<item_app>
<code_ogr>10405</code_ogr>
<libelle>Agent / Agente de conditionnement et de manutention</libelle>
<libelle_court>Agent / Agente de conditionnement et de manutention</libelle_court>
<priorisation>1</priorisation>
</item_app>
<item_app>
<code_ogr>10406</code_ogr>
<libelle>Agent / Agente de conditionnement manuel</libelle>
<libelle_court>Agent / Agente de conditionnement manuel</libelle_court>
<priorisation>1</priorisation>
</item_app>
<item_app>
<code_ogr>10421</code_ogr>
<libelle>Agent / Agente de contr&#0244;le et conditionnement manuel</libelle>
<libelle_court>Agent / Agente de contr&#0244;le et conditionnement manuel</libelle_court>
<priorisation>1</priorisation>
</item_app>
<item_app>
<code_ogr>10458</code_ogr>
<libelle>Agent / Agente de finition main et de conditionnement</libelle>
<libelle_court>Agent / Agente de finition main et de conditionnement</libelle_court>
<priorisation>1</priorisation>
</item_app>
<item_app>
<code_ogr>10729</code_ogr>
<libelle>Agent / Agente d&#0039;op&#0233;rations manuelles</libelle>
<libelle_court>Agent / Agente d&#0039;op&#0233;rations manuelles</libelle_court>
<priorisation>1</priorisation>
</item_app>
<item_app>
<code_ogr>10730</code_ogr>
<libelle>Agent / Agente d&#0039;op&#0233;rations manuelles en industrie de transformation</libelle>
<libelle_court>Agent(e) op&#0233;rations manuelles en industrie de transformation</libelle_court>
<priorisation>1</priorisation>
</item_app>
<item_app>
<code_ogr>10453</code_ogr>
<libelle>Agent de fabrication polyvalent / Agente de fabrication polyvalente en industrie</libelle>
<libelle_court>Agent(e) de fabrication polyvalent(e) en industrie</libelle_court>
<priorisation>1</priorisation>
</item_app>
<item_app>
<code_ogr>12848</code_ogr>
<libelle>Conditionneur / Conditionneuse main</libelle>
<libelle_court>Conditionneur / Conditionneuse main</libelle_court>
<priorisation>1</priorisation>
</item_app>
<item_app>
<code_ogr>14555</code_ogr>
<libelle>Echantillonneur / Echantillonneuse en tissu</libelle>
<libelle_court>Echantillonneur / Echantillonneuse en tissu</libelle_court>
<priorisation>1</priorisation>
</item_app>
<item_app>
<code_ogr>17066</code_ogr>
<libelle>Op&#0233;rateur / Op&#0233;ratrice de calibrage</libelle>
<libelle_court>Op&#0233;rateur / Op&#0233;ratrice de calibrage</libelle_court>
<priorisation>1</priorisation>
</item_app>
<item_app>
<code_ogr>17072</code_ogr>
<libelle>Op&#0233;rateur / Op&#0233;ratrice de conditionnement manuel</libelle>
<libelle_court>Op&#0233;rateur / Op&#0233;ratrice de conditionnement manuel</libelle_court>
<priorisation>1</priorisation>
</item_app>
<item_app>
<code_ogr>17100</code_ogr>
<libelle>Op&#0233;rateur / Op&#0233;ratrice de finition manuelle</libelle>
<libelle_court>Op&#0233;rateur / Op&#0233;ratrice de finition manuelle</libelle_court>
<priorisation>1</priorisation>
</item_app>
<item_app>
<code_ogr>17180</code_ogr>
<libelle>Op&#0233;rateur / Op&#0233;ratrice d&#0039;emballage manuel</libelle>
<libelle_court>Op&#0233;rateur / Op&#0233;ratrice d&#0039;emballage manuel</libelle_court>
<priorisation>1</priorisation>
</item_app>
<item_app>
<code_ogr>20449</code_ogr>
<libelle>Trieur / Trieuse de placage</libelle>
<libelle_court>Trieur / Trieuse de placage</libelle_court>
<priorisation>1</priorisation>
</item_app>
<item_app>
<code_ogr>20451</code_ogr>
<libelle>Trieur / Trieuse en industrie de transformation</libelle>
<libelle_court>Trieur / Trieuse en industrie de transformation</libelle_court>
<priorisation>1</priorisation>
</item_app>
<item_app>
<code_ogr>20443</code_ogr>
<libelle>Trieur contr&#0244;leur / Trieuse contr&#0244;leuse en industrie de transformation</libelle>
<libelle_court>Trieur(se) contr&#0244;leur(se) en industrie de transformation</libelle_court>
<priorisation>1</priorisation>
</item_app>
<item_app>
<code_ogr>20453</code_ogr>
<libelle>Trieur-choisisseur / Trieuse-choisisseuse en industrie de transformation</libelle>
<libelle_court>Trieur(se)-choisisseur(se) industrie de transformation</libelle_court>
<priorisation>1</priorisation>
</item_app>
<item_app>
<code_ogr>20461</code_ogr>
<libelle>Trieur-emballeur / Trieuse-emballeuse en industrie de transformation</libelle>
<libelle_court>Trieur(se)-emballeur(se) en industrie de transformation</libelle_court>
<priorisation>1</priorisation>
</item_app>
<item_app>
<code_ogr>20464</code_ogr>
<libelle>Trieur-v&#0233;rificateur / Trieuse-v&#0233;rificatrice en industrie de transformation</libelle>
<libelle_court>Trieur(se)-v&#0233;rificateur(trice) industrie de transformation</libelle_court>
<priorisation>1</priorisation>
</item_app>
<item_app>
<code_ogr>20702</code_ogr>
<libelle>Visiteur / Visiteuse en verrerie</libelle>
<libelle_court>Visiteur / Visiteuse en verrerie</libelle_court>
<priorisation>1</priorisation>
</item_app>
</bloc_appellation>
<definition nbItemDefinition="3">
Effectue une s&#0233;rie d&#0039;op&#0233;rations manuelles li&#0233;es au tri, &#0224; l&#0039;assemblage/montage et au conditionnement de pi&#0232;ces ou produits divers (plasturgiques, alimentaires, optiques) sur une table de travail et une ligne de production automatis&#0233;e (principalement en fin de ligne, ...). Intervient selon les imp&#0233;ratifs de production et les normes d&#0039;hygi&#0232;ne et de s&#0233;curit&#0233;.
Peut alimenter une machine, r&#0233;aliser des op&#0233;rations de finition des produits, les &#0233;tiqueter et les contr&#0244;ler &#0224; la livraison.
Peut coordonner une &#0233;quipe.
</definition>
<acces_emploi_metier nbItemAccesEmploiMetier="3">
Cet emploi/m&#0233;tier est accessible sans dipl&#0244;me ni exp&#0233;rience professionnelle.
Une exp&#0233;rience professionnelle dans le secteur d&#0039;activit&#0233; de l&#0039;entreprise (alimentaire, verre, ....) peut &#0234;tre demand&#0233;e.
Un ou plusieurs Certificat(s) d&#0039;Aptitude &#0224; la Conduite En S&#0233;curit&#0233; -CACES- conditionn&#0233;(s) par une aptitude m&#0233;dicale &#0224; renouveler p&#0233;riodiquement peu(ven)t &#0234;tre requis.
</acces_emploi_metier>
<condition_exercice_activite nbItemConditionExercice="4">
L&#0039;activit&#0233; de cet emploi/m&#0233;tier s&#0039;exerce au sein de structures de fabrication ou de conditionnement (entreprise industrielle, artisanale, manufacture, exploitation agricole, commerce ou association) de produits alimentaires, plastiques, verriers, ...
Elle peut s&#0039;exercer par roulement, les fins de semaine, jours f&#0233;ri&#0233;s ou de nuit.
Elle peut s&#0039;effectuer en atelier de production (en bout de ligne, ...), de finition, de contr&#0244;le, en entrep&#0244;t ou &#0224; domicile, en zone &#0224; atmosph&#0232;re contr&#0244;l&#0233;e et en zone frigorifique.
Le port d&#0039;Equipements de Protection Individuelle -EPI- (gants, chaussures de s&#0233;curit&#0233;, ...) ou d&#0039;hygi&#0232;ne (charlotte, ...) peut &#0234;tre requis.
</condition_exercice_activite>
<bloc_environnement_de_travail nbItemEnvTrav="22">
<item_env>
<code_ogr>23706</code_ogr>
<libelle>Association</libelle>
<code_type_section_env>1</code_type_section_env>
<priorisation>1</priorisation>
</item_env>
<item_env>
<code_ogr>23725</code_ogr>
<libelle>Boutique, commerce de d&#0233;tail</libelle>
<code_type_section_env>1</code_type_section_env>
<priorisation>1</priorisation>
</item_env>
<item_env>
<code_ogr>23870</code_ogr>
<libelle>Entreprise artisanale</libelle>
<code_type_section_env>1</code_type_section_env>
<priorisation>1</priorisation>
</item_env>
<item_env>
<code_ogr>23909</code_ogr>
<libelle>Entreprise industrielle</libelle>
<code_type_section_env>1</code_type_section_env>
<priorisation>1</priorisation>
</item_env>
<item_env>
<code_ogr>23765</code_ogr>
<libelle>Etablissement et service d&#0039;aide par le travail (ESAT)</libelle>
<code_type_section_env>1</code_type_section_env>
<priorisation>1</priorisation>
</item_env>
<item_env>
<code_ogr>23929</code_ogr>
<libelle>Exploitation agricole</libelle>
<code_type_section_env>1</code_type_section_env>
<priorisation>1</priorisation>
</item_env>
<item_env>
<code_ogr>24003</code_ogr>
<libelle>Manufacture</libelle>
<code_type_section_env>1</code_type_section_env>
<priorisation>1</priorisation>
</item_env>
<item_env>
<code_ogr>23395</code_ogr>
<libelle>Alimentaire</libelle>
<code_type_section_env>2</code_type_section_env>
<priorisation>1</priorisation>
</item_env>
<item_env>
<code_ogr>23398</code_ogr>
<libelle>Ameublement</libelle>
<code_type_section_env>2</code_type_section_env>
<priorisation>1</priorisation>
</item_env>
<item_env>
<code_ogr>23436</code_ogr>
<libelle>Chimie</libelle>
<code_type_section_env>2</code_type_section_env>
<priorisation>1</priorisation>
</item_env>
<item_env>
<code_ogr>23449</code_ogr>
<libelle>Conditionnement, emballage</libelle>
<code_type_section_env>2</code_type_section_env>
<priorisation>1</priorisation>
</item_env>
<item_env>
<code_ogr>23491</code_ogr>
<libelle>Fabrication de panneaux bois et d&#0233;riv&#0233;s</libelle>
<code_type_section_env>2</code_type_section_env>
<priorisation>1</priorisation>
</item_env>
<item_env>
<code_ogr>23514</code_ogr>
<libelle>Habillement et accessoires</libelle>
<code_type_section_env>2</code_type_section_env>
<priorisation>1</priorisation>
</item_env>
<item_env>
<code_ogr>23529</code_ogr>
<libelle>Industrie c&#0233;ramique</libelle>
<code_type_section_env>2</code_type_section_env>
<priorisation>1</priorisation>
</item_env>
<item_env>
<code_ogr>23530</code_ogr>
<libelle>Industrie cosm&#0233;tique</libelle>
<code_type_section_env>2</code_type_section_env>
<priorisation>1</priorisation>
</item_env>
<item_env>
<code_ogr>23543</code_ogr>
<libelle>Loisirs</libelle>
<code_type_section_env>2</code_type_section_env>
<priorisation>1</priorisation>
</item_env>
<item_env>
<code_ogr>23551</code_ogr>
<libelle>Mat&#0233;riaux de construction</libelle>
<code_type_section_env>2</code_type_section_env>
<priorisation>1</priorisation>
</item_env>
<item_env>
<code_ogr>23573</code_ogr>
<libelle>Parachimie</libelle>
<code_type_section_env>2</code_type_section_env>
<priorisation>1</priorisation>
</item_env>
<item_env>
<code_ogr>23585</code_ogr>
<libelle>Plasturgie, caoutchouc, composites</libelle>
<code_type_section_env>2</code_type_section_env>
<priorisation>1</priorisation>
</item_env>
<item_env>
<code_ogr>23668</code_ogr>
<libelle>Verre</libelle>
<code_type_section_env>2</code_type_section_env>
<priorisation>1</priorisation>
</item_env>
<item_env>
<code_ogr>23383</code_ogr>
<libelle>En zone &#0224; atmosph&#0232;re contr&#0244;l&#0233;e</libelle>
<code_type_section_env>3</code_type_section_env>
<priorisation>1</priorisation>
</item_env>
<item_env>
<code_ogr>23385</code_ogr>
<libelle>En zone frigorifique</libelle>
<code_type_section_env>3</code_type_section_env>
<priorisation>1</priorisation>
</item_env>
</bloc_environnement_de_travail>
<bloc_activites_de_base nbBlocActiviteBase="1">
<activites_de_base nbItemActivite_AB="9">
<item_ab>
<code_ogr>123337</code_ogr>
<libelle>Alimenter une machine industrielle en mati&#0232;re ou produit</libelle>
<code_type_activite>3</code_type_activite>
<code_type_item_activite>2</code_type_item_activite>
<position_item>1</position_item>
<priorisation>1</priorisation>
<riasec_majeur>R</riasec_majeur>
</item_ab>
<item_ab>
<code_ogr>117634</code_ogr>
<libelle>Suivre l&#0039;approvisionnement</libelle>
<code_type_activite>3</code_type_activite>
<code_type_item_activite>2</code_type_item_activite>
<position_item>2</position_item>
<priorisation>1</priorisation>
<riasec_majeur>C</riasec_majeur>
</item_ab>
<item_ab>
<code_ogr>106408</code_ogr>
<libelle>D&#0233;tecter, localiser les d&#0233;fauts d&#0039;aspect (surface, coloris, ...) des produits et les trier</libelle>
<code_type_activite>3</code_type_activite>
<code_type_item_activite>2</code_type_item_activite>
<position_item>3</position_item>
<priorisation>1</priorisation>
<riasec_majeur>C</riasec_majeur>
</item_ab>
<item_ab>
<code_ogr>106409</code_ogr>
<libelle>Monter, assembler, fixer les pi&#0232;ces, les &#0233;l&#0233;ments et v&#0233;rifier la conformit&#0233; fonctionnelle et esth&#0233;tique de l&#0039;assemblage</libelle>
<code_type_activite>3</code_type_activite>
<code_type_item_activite>2</code_type_item_activite>
<position_item>4</position_item>
<priorisation>1</priorisation>
<riasec_majeur>R</riasec_majeur>
</item_ab>
<item_ab>
<code_ogr>117482</code_ogr>
<libelle>Conditionner un produit</libelle>
<code_type_activite>3</code_type_activite>
<code_type_item_activite>2</code_type_item_activite>
<position_item>5</position_item>
<priorisation>1</priorisation>
<riasec_majeur>R</riasec_majeur>
</item_ab>
<item_ab>
<code_ogr>106410</code_ogr>
<libelle>Transporter les produits ou rebuts vers des zones de stockage, exp&#0233;dition, recyclage, ...</libelle>
<code_type_activite>3</code_type_activite>
<code_type_item_activite>2</code_type_item_activite>
<position_item>6</position_item>
<priorisation>1</priorisation>
<riasec_majeur>R</riasec_majeur>
</item_ab>
<item_ab>
<code_ogr>124548</code_ogr>
<libelle>Entretenir un poste de travail</libelle>
<code_type_activite>3</code_type_activite>
<code_type_item_activite>2</code_type_item_activite>
<position_item>7</position_item>
<priorisation>1</priorisation>
<riasec_majeur>R</riasec_majeur>
</item_ab>
<item_ab>
<code_ogr>124543</code_ogr>
<libelle>Entretenir des locaux</libelle>
<code_type_activite>3</code_type_activite>
<code_type_item_activite>2</code_type_item_activite>
<position_item>8</position_item>
<priorisation>1</priorisation>
<riasec_majeur>R</riasec_majeur>
</item_ab>
<item_ab>
<code_ogr>121755</code_ogr>
<libelle>Consigner des donn&#0233;es d&#0039;activit&#0233;</libelle>
<code_type_activite>3</code_type_activite>
<code_type_item_activite>2</code_type_item_activite>
<position_item>9</position_item>
<priorisation>1</priorisation>
<riasec_majeur>C</riasec_majeur>
</item_ab>
</activites_de_base>
<savoir_theorique_et_proceduraux nbItemSTP_AB="13">
<item_ab_stp>
<code_ogr>113245</code_ogr>
<libelle>Normes qualit&#0233;</libelle>
<code_type_competence>1</code_type_competence>
<position_item>1</position_item>
<priorisation>1</priorisation>
</item_ab_stp>
<item_ab_stp>
<code_ogr>123019</code_ogr>
<libelle>Techniques de conditionnement</libelle>
<code_type_competence>1</code_type_competence>
<position_item>2</position_item>
<priorisation>1</priorisation>
</item_ab_stp>
<item_ab_stp>
<code_ogr>106412</code_ogr>
<libelle>Proc&#0233;dures et plan de stockage</libelle>
<code_type_competence>1</code_type_competence>
<position_item>3</position_item>
<priorisation>1</priorisation>
</item_ab_stp>
<item_ab_stp>
<code_ogr>100262</code_ogr>
<libelle>Proc&#0233;dures de nettoyage et de d&#0233;sinfection</libelle>
<code_type_competence>1</code_type_competence>
<position_item>4</position_item>
<priorisation>1</priorisation>
</item_ab_stp>
<item_ab_stp>
<code_ogr>100144</code_ogr>
<libelle>R&#0232;gles d&#0039;hygi&#0232;ne et de s&#0233;curit&#0233;</libelle>
<code_type_competence>1</code_type_competence>
<position_item>5</position_item>
<priorisation>1</priorisation>
</item_ab_stp>
<item_ab_stp>
<code_ogr>106413</code_ogr>
<libelle>Proc&#0233;dures d&#0039;&#0233;vacuation des d&#0233;chets</libelle>
<code_type_competence>1</code_type_competence>
<position_item>6</position_item>
<priorisation>1</priorisation>
</item_ab_stp>
<item_ab_stp>
<code_ogr>101829</code_ogr>
<libelle>Utilisation d&#0039;engins de manutention non motoris&#0233;s (transpalette, diable, ...)</libelle>
<code_type_competence>1</code_type_competence>
<position_item>7</position_item>
<priorisation>1</priorisation>
</item_ab_stp>
<item_ab_stp>
<code_ogr>119339</code_ogr>
<libelle>Appr&#0233;ciation sensorielle</libelle>
<code_type_competence>1</code_type_competence>
<position_item>8</position_item>
<priorisation>1</priorisation>
</item_ab_stp>
<item_ab_stp>
<code_ogr>100086</code_ogr>
<libelle>Techniques de comptage</libelle>
<code_type_competence>1</code_type_competence>
<position_item>9</position_item>
<priorisation>1</priorisation>
</item_ab_stp>
<item_ab_stp>
<code_ogr>106411</code_ogr>
<libelle>Utilisation d&#0039;appareils et outils de contr&#0244;le et/ou de mesure (loupe binoculaire, balance, r&#0232;gle...)</libelle>
<code_type_competence>1</code_type_competence>
<position_item>10</position_item>
<priorisation>1</priorisation>
</item_ab_stp>
<item_ab_stp>
<code_ogr>124455</code_ogr>
<libelle>Appareil de conditionnement</libelle>
<code_type_competence>1</code_type_competence>
<position_item>11</position_item>
<priorisation>1</priorisation>
</item_ab_stp>
<item_ab_stp>
<code_ogr>103070</code_ogr>
<libelle>Lecture de plan, de sch&#0233;ma</libelle>
<code_type_competence>1</code_type_competence>
<position_item>12</position_item>
<priorisation>1</priorisation>
</item_ab_stp>
<item_ab_stp>
<code_ogr>100016</code_ogr>
<libelle>Gestes et postures de manutention</libelle>
<code_type_competence>1</code_type_competence>
<position_item>13</position_item>
<priorisation>1</priorisation>
</item_ab_stp>
</savoir_theorique_et_proceduraux>
<savoir_action nbItemSA_AB="0">
</savoir_action>
</bloc_activites_de_base>
<bloc_activites_specifiques nbBlocActiviteSpecifique="10">
<bloc>
<position_bloc>1</position_bloc>
<activite_specifique nbItemActivite_AS="3">
<item_as>
<code_ogr>106414</code_ogr>
<libelle>Trier par affectation commerciale des produits (premier choix, second choix, ...)</libelle>
<code_type_activite>3</code_type_activite>
<code_type_item_activite>2</code_type_item_activite>
<position_item>1</position_item>
<priorisation>1</priorisation>
<riasec_majeur>R</riasec_majeur>
</item_as>
<item_as>
<code_ogr>106415</code_ogr>
<libelle>Trier par affectation de traitement des produits (frais/surgel&#0233;, usinage, ...)</libelle>
<code_type_activite>3</code_type_activite>
<code_type_item_activite>2</code_type_item_activite>
<position_item>2</position_item>
<priorisation>1</priorisation>
<riasec_majeur>R</riasec_majeur>
</item_as>
<item_as>
<code_ogr>106416</code_ogr>
<libelle>Trier par calibrage des produits</libelle>
<code_type_activite>3</code_type_activite>
<code_type_item_activite>2</code_type_item_activite>
<position_item>3</position_item>
<priorisation>1</priorisation>
<riasec_majeur>R</riasec_majeur>
</item_as>
</activite_specifique>
<savoir_theorique_et_proceduraux nbItemSTP_AS="0">
</savoir_theorique_et_proceduraux>
<savoir_action nbItemSA_AS="0">
</savoir_action>
</bloc>
<bloc>
<position_bloc>2</position_bloc>
<activite_specifique nbItemActivite_AS="3">
<item_as>
<code_ogr>106417</code_ogr>
<libelle>R&#0233;aliser des op&#0233;rations de transformation par cuisson</libelle>
<code_type_activite>3</code_type_activite>
<code_type_item_activite>2</code_type_item_activite>
<position_item>1</position_item>
<priorisation>1</priorisation>
<riasec_majeur>R</riasec_majeur>
</item_as>
<item_as>
<code_ogr>106418</code_ogr>
<libelle>R&#0233;aliser des op&#0233;rations de transformation par d&#0233;coupe</libelle>
<code_type_activite>3</code_type_activite>
<code_type_item_activite>2</code_type_item_activite>
<position_item>2</position_item>
<priorisation>1</priorisation>
<riasec_majeur>R</riasec_majeur>
</item_as>
<item_as>
<code_ogr>106419</code_ogr>
<libelle>R&#0233;aliser des op&#0233;rations de transformation par d&#0233;moulage</libelle>
<code_type_activite>3</code_type_activite>
<code_type_item_activite>2</code_type_item_activite>
<position_item>3</position_item>
<priorisation>1</priorisation>
<riasec_majeur>R</riasec_majeur>
</item_as>
</activite_specifique>
<savoir_theorique_et_proceduraux nbItemSTP_AS="1">
<item_as_stp>
<code_ogr>124459</code_ogr>
<libelle>Donn&#0233;es de contr&#0244;le</libelle>
<code_type_competence>1</code_type_competence>
<position_item>1</position_item>
<priorisation>1</priorisation>
</item_as_stp>
</savoir_theorique_et_proceduraux>
<savoir_action nbItemSA_AS="0">
</savoir_action>
</bloc>
<bloc>
<position_bloc>3</position_bloc>
<activite_specifique nbItemActivite_AS="6">
<item_as>
<code_ogr>106420</code_ogr>
<libelle>R&#0233;aliser des assemblages-montages ou fixations par agrafage</libelle>
<code_type_activite>3</code_type_activite>
<code_type_item_activite>2</code_type_item_activite>
<position_item>1</position_item>
<priorisation>1</priorisation>
<riasec_majeur>R</riasec_majeur>
</item_as>
<item_as>
<code_ogr>106421</code_ogr>
<libelle>R&#0233;aliser des assemblages-montages ou fixations par collage</libelle>
<code_type_activite>3</code_type_activite>
<code_type_item_activite>2</code_type_item_activite>
<position_item>2</position_item>
<priorisation>1</priorisation>
<riasec_majeur>R</riasec_majeur>
</item_as>
<item_as>
<code_ogr>106422</code_ogr>
<libelle>R&#0233;aliser des assemblages-montages ou fixations par embo&#0238;tement (emmanchage, ...)</libelle>
<code_type_activite>3</code_type_activite>
<code_type_item_activite>2</code_type_item_activite>
<position_item>3</position_item>
<priorisation>1</priorisation>
<riasec_majeur>R</riasec_majeur>
</item_as>
<item_as>
<code_ogr>106423</code_ogr>
<libelle>R&#0233;aliser des assemblages-montages ou fixations par pose d&#0039;inserts, sertissage</libelle>
<code_type_activite>3</code_type_activite>
<code_type_item_activite>2</code_type_item_activite>
<position_item>4</position_item>
<priorisation>1</priorisation>
<riasec_majeur>R</riasec_majeur>
</item_as>
<item_as>
<code_ogr>106424</code_ogr>
<libelle>R&#0233;aliser des assemblages-montages ou fixations par soudage</libelle>
<code_type_activite>3</code_type_activite>
<code_type_item_activite>2</code_type_item_activite>
<position_item>5</position_item>
<priorisation>1</priorisation>
<riasec_majeur>R</riasec_majeur>
</item_as>
<item_as>
<code_ogr>106425</code_ogr>
<libelle>R&#0233;aliser des assemblages-montages ou fixations par vissage</libelle>
<code_type_activite>3</code_type_activite>
<code_type_item_activite>2</code_type_item_activite>
<position_item>6</position_item>
<priorisation>1</priorisation>
<riasec_majeur>R</riasec_majeur>
</item_as>
</activite_specifique>
<savoir_theorique_et_proceduraux nbItemSTP_AS="0">
</savoir_theorique_et_proceduraux>
<savoir_action nbItemSA_AS="0">
</savoir_action>
</bloc>
<bloc>
<position_bloc>4</position_bloc>
<activite_specifique nbItemActivite_AS="8">
<item_as>
<code_ogr>106426</code_ogr>
<libelle>R&#0233;aliser des op&#0233;rations d&#0039;application de d&#0233;cors (chromo, ...)</libelle>
<code_type_activite>3</code_type_activite>
<code_type_item_activite>2</code_type_item_activite>
<position_item>1</position_item>
<priorisation>1</priorisation>
<riasec_majeur>R</riasec_majeur>
<riasec_mineur>a</riasec_mineur>
</item_as>
<item_as>
<code_ogr>106427</code_ogr>
<libelle>R&#0233;aliser des op&#0233;rations d&#0039;&#0233;bavurage</libelle>
<code_type_activite>3</code_type_activite>
<code_type_item_activite>2</code_type_item_activite>
<position_item>2</position_item>
<priorisation>1</priorisation>
<riasec_majeur>R</riasec_majeur>
</item_as>
<item_as>
<code_ogr>105840</code_ogr>
<libelle>Parachever l&#0039;ebavurage</libelle>
<code_type_activite>3</code_type_activite>
<code_type_item_activite>2</code_type_item_activite>
<position_item>3</position_item>
<priorisation>1</priorisation>
<riasec_majeur>R</riasec_majeur>
</item_as>
<item_as>
<code_ogr>106428</code_ogr>
<libelle>R&#0233;aliser des op&#0233;rations de garnissage, gla&#0231;age, ...</libelle>
<code_type_activite>3</code_type_activite>
<code_type_item_activite>2</code_type_item_activite>
<position_item>4</position_item>
<priorisation>1</priorisation>
<riasec_majeur>R</riasec_majeur>
<riasec_mineur>a</riasec_mineur>
</item_as>
<item_as>
<code_ogr>106429</code_ogr>
<libelle>R&#0233;aliser des op&#0233;rations de marquage &#0224; chaud</libelle>
<code_type_activite>3</code_type_activite>
<code_type_item_activite>2</code_type_item_activite>
<position_item>5</position_item>
<priorisation>1</priorisation>
<riasec_majeur>R</riasec_majeur>
<riasec_mineur>a</riasec_mineur>
</item_as>
<item_as>
<code_ogr>105881</code_ogr>
<libelle>Parachever le per&#0231;age</libelle>
<code_type_activite>3</code_type_activite>
<code_type_item_activite>2</code_type_item_activite>
<position_item>6</position_item>
<priorisation>1</priorisation>
<riasec_majeur>R</riasec_majeur>
</item_as>
<item_as>
<code_ogr>106430</code_ogr>
<libelle>R&#0233;aliser des op&#0233;rations de per&#0231;age</libelle>
<code_type_activite>3</code_type_activite>
<code_type_item_activite>2</code_type_item_activite>
<position_item>7</position_item>
<priorisation>1</priorisation>
<riasec_majeur>R</riasec_majeur>
</item_as>
<item_as>
<code_ogr>106431</code_ogr>
<libelle>R&#0233;aliser des op&#0233;rations de pon&#0231;age</libelle>
<code_type_activite>3</code_type_activite>
<code_type_item_activite>2</code_type_item_activite>
<position_item>8</position_item>
<priorisation>1</priorisation>
<riasec_majeur>R</riasec_majeur>
</item_as>
</activite_specifique>
<savoir_theorique_et_proceduraux nbItemSTP_AS="1">
<item_as_stp>
<code_ogr>100507</code_ogr>
<libelle>Utilisation d&#0039;outillages &#0233;lectroportatifs (scie &#0233;lectrique, ponceuse, ...)</libelle>
<code_type_competence>1</code_type_competence>
<position_item>1</position_item>
<priorisation>1</priorisation>
</item_as_stp>
</savoir_theorique_et_proceduraux>
<savoir_action nbItemSA_AS="0">
</savoir_action>
</bloc>
<bloc>
<position_bloc>5</position_bloc>
<activite_specifique nbItemActivite_AS="1">
<item_as>
<code_ogr>120405</code_ogr>
<libelle>Utiliser un engin n&#0233;cessitant une habilitation</libelle>
<code_type_activite>3</code_type_activite>
<code_type_item_activite>2</code_type_item_activite>
<position_item>1</position_item>
<priorisation>1</priorisation>
<riasec_majeur>R</riasec_majeur>
</item_as>
</activite_specifique>
<savoir_theorique_et_proceduraux nbItemSTP_AS="4">
<item_as_stp>
<code_ogr>121308</code_ogr>
<libelle>Ponts roulants (CACES R 318)</libelle>
<code_type_competence>1</code_type_competence>
<position_item>1</position_item>
<priorisation>1</priorisation>
</item_as_stp>
<item_as_stp>
<code_ogr>123696</code_ogr>
<libelle>Transpalettes &#0224; conducteur port&#0233; et pr&#0233;parateurs de commandes au sol (CACES R 389-1)</libelle>
<code_type_competence>1</code_type_competence>
<position_item>2</position_item>
<priorisation>1</priorisation>
</item_as_stp>
<item_as_stp>
<code_ogr>123698</code_ogr>
<libelle>Chariots &#0233;l&#0233;vateurs en porte-&#0224;-faux de capacit&#0233; inf&#0233;rieure ou &#0233;gale &#0224; 6000 kg (CACES R 389-3)</libelle>
<code_type_competence>1</code_type_competence>
<position_item>3</position_item>
<priorisation>1</priorisation>
</item_as_stp>
<item_as_stp>
<code_ogr>123721</code_ogr>
<libelle>Chariots &#0233;l&#0233;vateurs &#0224; m&#0226;t r&#0233;tractable (CACES R 389-5)</libelle>
<code_type_competence>1</code_type_competence>
<position_item>4</position_item>
<priorisation>1</priorisation>
</item_as_stp>
</savoir_theorique_et_proceduraux>
<savoir_action nbItemSA_AS="0">
</savoir_action>
</bloc>
<bloc>
<position_bloc>6</position_bloc>
<activite_specifique nbItemActivite_AS="1">
<item_as>
<code_ogr>114853</code_ogr>
<libelle>Surveiller le flux et l&#0039;avanc&#0233;e de produits sur une ligne de production ou de convoyage et effectuer des interventions de d&#0233;blocage et de retrait d&#0039;&#0233;l&#0233;ments</libelle>
<code_type_activite>3</code_type_activite>
<code_type_item_activite>2</code_type_item_activite>
<position_item>1</position_item>
<priorisation>1</priorisation>
<riasec_majeur>C</riasec_majeur>
</item_as>
</activite_specifique>
<savoir_theorique_et_proceduraux nbItemSTP_AS="2">
<item_as_stp>
<code_ogr>105666</code_ogr>
<libelle>Electrom&#0233;canique</libelle>
<code_type_competence>1</code_type_competence>
<position_item>1</position_item>
<priorisation>1</priorisation>
</item_as_stp>
<item_as_stp>
<code_ogr>104514</code_ogr>
<libelle>M&#0233;canique</libelle>
<code_type_competence>1</code_type_competence>
<position_item>2</position_item>
<priorisation>1</priorisation>
</item_as_stp>
</savoir_theorique_et_proceduraux>
<savoir_action nbItemSA_AS="0">
</savoir_action>
</bloc>
<bloc>
<position_bloc>7</position_bloc>
<activite_specifique nbItemActivite_AS="1">
<item_as>
<code_ogr>117509</code_ogr>
<libelle>Etiqueter un produit</libelle>
<code_type_activite>3</code_type_activite>
<code_type_item_activite>2</code_type_item_activite>
<position_item>1</position_item>
<priorisation>1</priorisation>
<riasec_majeur>R</riasec_majeur>
</item_as>
</activite_specifique>
<savoir_theorique_et_proceduraux nbItemSTP_AS="1">
<item_as_stp>
<code_ogr>117419</code_ogr>
<libelle>Date Limite de Consommation (DLC)</libelle>
<code_type_competence>1</code_type_competence>
<position_item>1</position_item>
<priorisation>1</priorisation>
</item_as_stp>
</savoir_theorique_et_proceduraux>
<savoir_action nbItemSA_AS="0">
</savoir_action>
</bloc>
<bloc>
<position_bloc>8</position_bloc>
<activite_specifique nbItemActivite_AS="1">
<item_as>
<code_ogr>123624</code_ogr>
<libelle>Contr&#0244;ler la conformit&#0233; d&#0039;un produit</libelle>
<code_type_activite>3</code_type_activite>
<code_type_item_activite>2</code_type_item_activite>
<position_item>1</position_item>
<priorisation>1</priorisation>
<riasec_majeur>C</riasec_majeur>
</item_as>
</activite_specifique>
<savoir_theorique_et_proceduraux nbItemSTP_AS="0">
</savoir_theorique_et_proceduraux>
<savoir_action nbItemSA_AS="0">
</savoir_action>
</bloc>
<bloc>
<position_bloc>9</position_bloc>
<activite_specifique nbItemActivite_AS="10">
<item_as>
<code_ogr>106432</code_ogr>
<libelle>R&#0233;aliser le cerclage</libelle>
<code_type_activite>3</code_type_activite>
<code_type_item_activite>2</code_type_item_activite>
<position_item>1</position_item>
<priorisation>1</priorisation>
<riasec_majeur>R</riasec_majeur>
</item_as>
<item_as>
<code_ogr>106433</code_ogr>
<libelle>R&#0233;aliser l&#0039;emballage, le sur-emballage (lots, ...)</libelle>
<code_type_activite>3</code_type_activite>
<code_type_item_activite>2</code_type_item_activite>
<position_item>2</position_item>
<priorisation>1</priorisation>
<riasec_majeur>R</riasec_majeur>
</item_as>
<item_as>
<code_ogr>106400</code_ogr>
<libelle>R&#0233;aliser l&#0039;embouteillage</libelle>
<code_type_activite>3</code_type_activite>
<code_type_item_activite>2</code_type_item_activite>
<position_item>3</position_item>
<priorisation>1</priorisation>
<riasec_majeur>R</riasec_majeur>
</item_as>
<item_as>
<code_ogr>106434</code_ogr>
<libelle>R&#0233;aliser l&#0039;empilage, le d&#0233;pilage</libelle>
<code_type_activite>3</code_type_activite>
<code_type_item_activite>2</code_type_item_activite>
<position_item>4</position_item>
<priorisation>1</priorisation>
<riasec_majeur>R</riasec_majeur>
</item_as>
<item_as>
<code_ogr>106402</code_ogr>
<libelle>R&#0233;aliser l&#0039;ensachage</libelle>
<code_type_activite>3</code_type_activite>
<code_type_item_activite>2</code_type_item_activite>
<position_item>5</position_item>
<priorisation>1</priorisation>
<riasec_majeur>R</riasec_majeur>
</item_as>
<item_as>
<code_ogr>106404</code_ogr>
<libelle>R&#0233;aliser le filmage</libelle>
<code_type_activite>3</code_type_activite>
<code_type_item_activite>2</code_type_item_activite>
<position_item>6</position_item>
<priorisation>1</priorisation>
<riasec_majeur>R</riasec_majeur>
</item_as>
<item_as>
<code_ogr>106435</code_ogr>
<libelle>R&#0233;aliser la mise en bo&#0238;te, plateau, barquette, ...</libelle>
<code_type_activite>3</code_type_activite>
<code_type_item_activite>2</code_type_item_activite>
<position_item>7</position_item>
<priorisation>1</priorisation>
<riasec_majeur>R</riasec_majeur>
</item_as>
<item_as>
<code_ogr>106405</code_ogr>
<libelle>R&#0233;aliser la mise sous vide</libelle>
<code_type_activite>3</code_type_activite>
<code_type_item_activite>2</code_type_item_activite>
<position_item>8</position_item>
<priorisation>1</priorisation>
<riasec_majeur>R</riasec_majeur>
</item_as>
<item_as>
<code_ogr>106436</code_ogr>
<libelle>R&#0233;aliser le montage, le pliage, l&#0039;agencement int&#0233;rieur d&#0039;emballage</libelle>
<code_type_activite>3</code_type_activite>
<code_type_item_activite>2</code_type_item_activite>
<position_item>9</position_item>
<priorisation>1</priorisation>
<riasec_majeur>R</riasec_majeur>
</item_as>
<item_as>
<code_ogr>106406</code_ogr>
<libelle>R&#0233;aliser la palettisation</libelle>
<code_type_activite>3</code_type_activite>
<code_type_item_activite>2</code_type_item_activite>
<position_item>10</position_item>
<priorisation>1</priorisation>
<riasec_majeur>R</riasec_majeur>
</item_as>
</activite_specifique>
<savoir_theorique_et_proceduraux nbItemSTP_AS="1">
<item_as_stp>
<code_ogr>117420</code_ogr>
<libelle>Date Limite d&#0039;Utilisation Optimale (DLUO)</libelle>
<code_type_competence>1</code_type_competence>
<position_item>1</position_item>
<priorisation>1</priorisation>
</item_as_stp>
</savoir_theorique_et_proceduraux>
<savoir_action nbItemSA_AS="0">
</savoir_action>
</bloc>
<bloc>
<position_bloc>10</position_bloc>
<activite_specifique nbItemActivite_AS="1">
<item_as>
<code_ogr>102359</code_ogr>
<libelle>Coordonner l&#0039;activit&#0233; d&#0039;une &#0233;quipe</libelle>
<code_type_activite>3</code_type_activite>
<code_type_item_activite>2</code_type_item_activite>
<position_item>1</position_item>
<priorisation>1</priorisation>
<riasec_majeur>E</riasec_majeur>
<riasec_mineur>s</riasec_mineur>
</item_as>
</activite_specifique>
<savoir_theorique_et_proceduraux nbItemSTP_AS="0">
</savoir_theorique_et_proceduraux>
<savoir_action nbItemSA_AS="0">
</savoir_action>
</bloc>
</bloc_activites_specifiques>
<bloc_mobilites>
<mobilites_proches nbItemMob="14">
<item_mob_pr><code_type_mobilite>1</code_type_mobilite>
<liste_appellation_source>
<code_appellation_source>0</code_appellation_source>
<libelle_appellation_source>Toutes les appellations</libelle_appellation_source>
</liste_appellation_source>
<code_rome_cible>A1401</code_rome_cible>
<libelle_rome_cible>Aide agricole de production fruiti&#0232;re ou viticole</libelle_rome_cible>
<liste_appellation_cible>
<code_appellation_cible>0</code_appellation_cible>
<libelle_appellation_cible>Toutes les appellations</libelle_appellation_cible>
</liste_appellation_cible>
</item_mob_pr>
<item_mob_pr><code_type_mobilite>1</code_type_mobilite>
<liste_appellation_source>
<code_appellation_source>0</code_appellation_source>
<libelle_appellation_source>Toutes les appellations</libelle_appellation_source>
</liste_appellation_source>
<code_rome_cible>A1402</code_rome_cible>
<libelle_rome_cible>Aide agricole de production l&#0233;gumi&#0232;re ou v&#0233;g&#0233;tale</libelle_rome_cible>
<liste_appellation_cible>
<code_appellation_cible>0</code_appellation_cible>
<libelle_appellation_cible>Toutes les appellations</libelle_appellation_cible>
</liste_appellation_cible>
</item_mob_pr>
<item_mob_pr><code_type_mobilite>1</code_type_mobilite>
<liste_appellation_source>
<code_appellation_source>0</code_appellation_source>
<libelle_appellation_source>Toutes les appellations</libelle_appellation_source>
</liste_appellation_source>
<code_rome_cible>A1403</code_rome_cible>
<libelle_rome_cible>Aide d&#0039;&#0233;levage agricole et aquacole</libelle_rome_cible>
<liste_appellation_cible>
<code_appellation_cible>0</code_appellation_cible>
<libelle_appellation_cible>Toutes les appellations</libelle_appellation_cible>
</liste_appellation_cible>
</item_mob_pr>
<item_mob_pr><code_type_mobilite>1</code_type_mobilite>
<liste_appellation_source>
<code_appellation_source>0</code_appellation_source>
<libelle_appellation_source>Toutes les appellations</libelle_appellation_source>
</liste_appellation_source>
<code_rome_cible>E1304</code_rome_cible>
<libelle_rome_cible>Fa&#0231;onnage et routage</libelle_rome_cible>
<liste_appellation_cible>
<code_appellation_cible>0</code_appellation_cible>
<libelle_appellation_cible>Toutes les appellations</libelle_appellation_cible>
</liste_appellation_cible>
</item_mob_pr>
<item_mob_pr><code_type_mobilite>1</code_type_mobilite>
<liste_appellation_source>
<code_appellation_source>0</code_appellation_source>
<libelle_appellation_source>Toutes les appellations</libelle_appellation_source>
</liste_appellation_source>
<code_rome_cible>F1706</code_rome_cible>
<libelle_rome_cible>Pr&#0233;fabrication en b&#0233;ton industriel</libelle_rome_cible>
<liste_appellation_cible>
<code_appellation_cible>0</code_appellation_cible>
<libelle_appellation_cible>Toutes les appellations</libelle_appellation_cible>
</liste_appellation_cible>
</item_mob_pr>
<item_mob_pr><code_type_mobilite>1</code_type_mobilite>
<liste_appellation_source>
<code_appellation_source>0</code_appellation_source>
<libelle_appellation_source>Toutes les appellations</libelle_appellation_source>
</liste_appellation_source>
<code_rome_cible>H2201</code_rome_cible>
<libelle_rome_cible>Assemblage d&#0039;ouvrages en bois</libelle_rome_cible>
<liste_appellation_cible>
<code_appellation_cible>16782</code_appellation_cible>
<libelle_appellation_cible>Monteur / Monteuse de jouet en bois</libelle_appellation_cible>
</liste_appellation_cible>
</item_mob_pr>
<item_mob_pr><code_type_mobilite>1</code_type_mobilite>
<liste_appellation_source>
<code_appellation_source>0</code_appellation_source>
<libelle_appellation_source>Toutes les appellations</libelle_appellation_source>
</liste_appellation_source>
<code_rome_cible>H2413</code_rome_cible>
<libelle_rome_cible>Pr&#0233;paration de fils, montage de m&#0233;tiers textiles</libelle_rome_cible>
<liste_appellation_cible>
<code_appellation_cible>0</code_appellation_cible>
<libelle_appellation_cible>Toutes les appellations</libelle_appellation_cible>
</liste_appellation_cible>
</item_mob_pr>
<item_mob_pr><code_type_mobilite>1</code_type_mobilite>
<liste_appellation_source>
<code_appellation_source>0</code_appellation_source>
<libelle_appellation_source>Toutes les appellations</libelle_appellation_source>
</liste_appellation_source>
<code_rome_cible>H2415</code_rome_cible>
<libelle_rome_cible>Contr&#0244;le en industrie du cuir et du textile</libelle_rome_cible>
<liste_appellation_cible>
<code_appellation_cible>0</code_appellation_cible>
<libelle_appellation_cible>Toutes les appellations</libelle_appellation_cible>
</liste_appellation_cible>
</item_mob_pr>
<item_mob_pr><code_type_mobilite>1</code_type_mobilite>
<liste_appellation_source>
<code_appellation_source>0</code_appellation_source>
<libelle_appellation_source>Toutes les appellations</libelle_appellation_source>
</liste_appellation_source>
<code_rome_cible>H2909</code_rome_cible>
<libelle_rome_cible>Montage-assemblage m&#0233;canique</libelle_rome_cible>
<liste_appellation_cible>
<code_appellation_cible>0</code_appellation_cible>
<libelle_appellation_cible>Toutes les appellations</libelle_appellation_cible>
</liste_appellation_cible>
</item_mob_pr>
<item_mob_pr><code_type_mobilite>1</code_type_mobilite>
<liste_appellation_source>
<code_appellation_source>0</code_appellation_source>
<libelle_appellation_source>Toutes les appellations</libelle_appellation_source>
</liste_appellation_source>
<code_rome_cible>H3303</code_rome_cible>
<libelle_rome_cible>Pr&#0233;paration de mati&#0232;res et produits industriels (broyage, m&#0233;lange, ...)</libelle_rome_cible>
<liste_appellation_cible>
<code_appellation_cible>0</code_appellation_cible>
<libelle_appellation_cible>Toutes les appellations</libelle_appellation_cible>
</liste_appellation_cible>
</item_mob_pr>
<item_mob_pr><code_type_mobilite>1</code_type_mobilite>
<liste_appellation_source>
<code_appellation_source>0</code_appellation_source>
<libelle_appellation_source>Toutes les appellations</libelle_appellation_source>
</liste_appellation_source>
<code_rome_cible>K2201</code_rome_cible>
<libelle_rome_cible>Blanchisserie industrielle</libelle_rome_cible>
<liste_appellation_cible>
<code_appellation_cible>0</code_appellation_cible>
<libelle_appellation_cible>Toutes les appellations</libelle_appellation_cible>
</liste_appellation_cible>
</item_mob_pr>
<item_mob_pr><code_type_mobilite>1</code_type_mobilite>
<liste_appellation_source>
<code_appellation_source>0</code_appellation_source>
<libelle_appellation_source>Toutes les appellations</libelle_appellation_source>
</liste_appellation_source>
<code_rome_cible>K2304</code_rome_cible>
<libelle_rome_cible>Revalorisation de produits industriels</libelle_rome_cible>
<liste_appellation_cible>
<code_appellation_cible>0</code_appellation_cible>
<libelle_appellation_cible>Toutes les appellations</libelle_appellation_cible>
</liste_appellation_cible>
</item_mob_pr>
<item_mob_pr><code_type_mobilite>1</code_type_mobilite>
<liste_appellation_source>
<code_appellation_source>0</code_appellation_source>
<libelle_appellation_source>Toutes les appellations</libelle_appellation_source>
</liste_appellation_source>
<code_rome_cible>N1103</code_rome_cible>
<libelle_rome_cible>Magasinage et pr&#0233;paration de commandes</libelle_rome_cible>
<liste_appellation_cible>
<code_appellation_cible>0</code_appellation_cible>
<libelle_appellation_cible>Toutes les appellations</libelle_appellation_cible>
</liste_appellation_cible>
</item_mob_pr>
<item_mob_pr><code_type_mobilite>1</code_type_mobilite>
<liste_appellation_source>
<code_appellation_source>0</code_appellation_source>
<libelle_appellation_source>Toutes les appellations</libelle_appellation_source>
</liste_appellation_source>
<code_rome_cible>N1105</code_rome_cible>
<libelle_rome_cible>Manutention manuelle de charges</libelle_rome_cible>
<liste_appellation_cible>
<code_appellation_cible>0</code_appellation_cible>
<libelle_appellation_cible>Toutes les appellations</libelle_appellation_cible>
</liste_appellation_cible>
</item_mob_pr>
</mobilites_proches>
<mobilites_si_evolution nbItemMob="8">
<item_mob_ev><code_type_mobilite>2</code_type_mobilite>
<liste_appellation_source>
<code_appellation_source>0</code_appellation_source>
<libelle_appellation_source>Toutes les appellations</libelle_appellation_source>
</liste_appellation_source>
<code_rome_cible>B1302</code_rome_cible>
<libelle_rome_cible>D&#0233;coration d&#0039;objets d&#0039;art et artisanaux</libelle_rome_cible>
<liste_appellation_cible>
<code_appellation_cible>0</code_appellation_cible>
<libelle_appellation_cible>Toutes les appellations</libelle_appellation_cible>
</liste_appellation_cible>
</item_mob_ev>
<item_mob_ev><code_type_mobilite>2</code_type_mobilite>
<liste_appellation_source>
<code_appellation_source>0</code_appellation_source>
<libelle_appellation_source>Toutes les appellations</libelle_appellation_source>
<code_appellation_source>0</code_appellation_source>
<libelle_appellation_source> </libelle_appellation_source>
</liste_appellation_source>
<code_rome_cible>E1301</code_rome_cible>
<libelle_rome_cible>Conduite de machines d&#0039;impression</libelle_rome_cible>
<liste_appellation_cible>
<code_appellation_cible>19413</code_appellation_cible>
<libelle_appellation_cible>S&#0233;rigraphe</libelle_appellation_cible>
<code_appellation_cible>19631</code_appellation_cible>
<libelle_appellation_cible>Tampographe</libelle_appellation_cible>
</liste_appellation_cible>
</item_mob_ev>
<item_mob_ev><code_type_mobilite>2</code_type_mobilite>
<liste_appellation_source>
<code_appellation_source>0</code_appellation_source>
<libelle_appellation_source>Toutes les appellations</libelle_appellation_source>
</liste_appellation_source>
<code_rome_cible>H2410</code_rome_cible>
<libelle_rome_cible>Mise en forme, repassage et finitions en industrie textile</libelle_rome_cible>
<liste_appellation_cible>
<code_appellation_cible>0</code_appellation_cible>
<libelle_appellation_cible>Toutes les appellations</libelle_appellation_cible>
</liste_appellation_cible>
</item_mob_ev>
<item_mob_ev><code_type_mobilite>2</code_type_mobilite>
<liste_appellation_source>
<code_appellation_source>0</code_appellation_source>
<libelle_appellation_source>Toutes les appellations</libelle_appellation_source>
</liste_appellation_source>
<code_rome_cible>H2414</code_rome_cible>
<libelle_rome_cible>Pr&#0233;paration et finition d&#0039;articles en cuir et mat&#0233;riaux souples</libelle_rome_cible>
<liste_appellation_cible>
<code_appellation_cible>0</code_appellation_cible>
<libelle_appellation_cible>Toutes les appellations</libelle_appellation_cible>
</liste_appellation_cible>
</item_mob_ev>
<item_mob_ev><code_type_mobilite>2</code_type_mobilite>
<liste_appellation_source>
<code_appellation_source>0</code_appellation_source>
<libelle_appellation_source>Toutes les appellations</libelle_appellation_source>
</liste_appellation_source>
<code_rome_cible>H2504</code_rome_cible>
<libelle_rome_cible>Encadrement d&#0039;&#0233;quipe en industrie de transformation</libelle_rome_cible>
<liste_appellation_cible>
<code_appellation_cible>12052</code_appellation_cible>
<libelle_appellation_cible>Chef d&#0039;atelier en industrie de transformation</libelle_appellation_cible>
</liste_appellation_cible>
</item_mob_ev>
<item_mob_ev><code_type_mobilite>2</code_type_mobilite>
<liste_appellation_source>
<code_appellation_source>0</code_appellation_source>
<libelle_appellation_source>Toutes les appellations</libelle_appellation_source>
</liste_appellation_source>
<code_rome_cible>H2604</code_rome_cible>
<libelle_rome_cible>Montage de produits &#0233;lectriques et &#0233;lectroniques</libelle_rome_cible>
<liste_appellation_cible>
<code_appellation_cible>0</code_appellation_cible>
<libelle_appellation_cible>Toutes les appellations</libelle_appellation_cible>
</liste_appellation_cible>
</item_mob_ev>
<item_mob_ev><code_type_mobilite>2</code_type_mobilite>
<liste_appellation_source>
<code_appellation_source>0</code_appellation_source>
<libelle_appellation_source>Toutes les appellations</libelle_appellation_source>
</liste_appellation_source>
<code_rome_cible>H3301</code_rome_cible>
<libelle_rome_cible>Conduite d&#0039;&#0233;quipement de conditionnement</libelle_rome_cible>
<liste_appellation_cible>
<code_appellation_cible>0</code_appellation_cible>
<libelle_appellation_cible>Toutes les appellations</libelle_appellation_cible>
</liste_appellation_cible>
</item_mob_ev>
<item_mob_ev><code_type_mobilite>2</code_type_mobilite>
<liste_appellation_source>
<code_appellation_source>0</code_appellation_source>
<libelle_appellation_source>Toutes les appellations</libelle_appellation_source>
</liste_appellation_source>
<code_rome_cible>I1310</code_rome_cible>
<libelle_rome_cible>Maintenance m&#0233;canique industrielle</libelle_rome_cible>
<liste_appellation_cible>
<code_appellation_cible>0</code_appellation_cible>
<libelle_appellation_cible>Toutes les appellations</libelle_appellation_cible>
</liste_appellation_cible>
</item_mob_ev>
</mobilites_si_evolution>
</bloc_mobilites>
</fiche_emploi_metier>