<?xml version="1.0" encoding="UTF-8" ?>
<fiche_emploi_metier>
<type_fiche>2</type_fiche>
<libelle_type_fiche>priorise</libelle_type_fiche>
<version_SI>
<version_rome>333</version_rome>
<date_version_si>01/10/2017</date_version_si>
<mois_version_si>Octobre</mois_version_si>
<annee_version_si>2017</annee_version_si>
</version_SI>
<bloc_code_rome>
<code_rome>H3402</code_rome>
<intitule>Conduite de traitement par d&#0233;p&#0244;t de surface</intitule>
<code_ogr>301</code_ogr>
<riasec_majeur>R</riasec_majeur>
<riasec_mineur>c</riasec_mineur>
</bloc_code_rome>
<bloc_appellation nbItemAppellation="36">
<item_app>
<code_ogr>10628</code_ogr>
<libelle>Agent / Agente de traitement de surface</libelle>
<libelle_court>Agent / Agente de traitement de surface</libelle_court>
<priorisation>1</priorisation>
</item_app>
<item_app>
<code_ogr>11074</code_ogr>
<libelle>Anodiseur industriel / Anodiseuse industrielle</libelle>
<libelle_court>Anodiseur industriel / Anodiseuse industrielle</libelle_court>
<priorisation>1</priorisation>
</item_app>
<item_app>
<code_ogr>11137</code_ogr>
<libelle>Argenteur industriel / Argenteuse industrielle</libelle>
<libelle_court>Argenteur industriel / Argenteuse industrielle</libelle_court>
<priorisation>1</priorisation>
</item_app>
<item_app>
<code_ogr>11623</code_ogr>
<libelle>Cadmieur industriel / Cadmieuse industrielle</libelle>
<libelle_court>Cadmieur industriel / Cadmieuse industrielle</libelle_court>
<priorisation>1</priorisation>
</item_app>
<item_app>
<code_ogr>11666</code_ogr>
<libelle>Caoutchouteur industriel / Caoutchoutrice industrielle</libelle>
<libelle_court>Caoutchouteur industriel / Caoutchoutrice industrielle</libelle_court>
<priorisation>1</priorisation>
</item_app>
<item_app>
<code_ogr>12475</code_ogr>
<libelle>Chef d&#0039;&#0233;quipe galvanisation</libelle>
<libelle_court>Chef d&#0039;&#0233;quipe galvanisation</libelle_court>
<priorisation>1</priorisation>
</item_app>
<item_app>
<code_ogr>12635</code_ogr>
<libelle>Chromeur industriel / Chromeuse industrielle</libelle>
<libelle_court>Chromeur industriel / Chromeuse industrielle</libelle_court>
<priorisation>1</priorisation>
</item_app>
<item_app>
<code_ogr>12879</code_ogr>
<libelle>Conducteur / Conductrice de bain de traitement de surface</libelle>
<libelle_court>Conducteur / Conductrice de bain de traitement de surface</libelle_court>
<priorisation>1</priorisation>
</item_app>
<item_app>
<code_ogr>13280</code_ogr>
<libelle>Conducteur / Conductrice d&#0039;installation de traitement de surface</libelle>
<libelle_court>Conducteur(trice) d&#0039;installation de traitement de surface</libelle_court>
<priorisation>1</priorisation>
</item_app>
<item_app>
<code_ogr>13870</code_ogr>
<libelle>Cuivreur industriel / Cuivreuse industrielle</libelle>
<libelle_court>Cuivreur industriel / Cuivreuse industrielle</libelle_court>
<priorisation>1</priorisation>
</item_app>
<item_app>
<code_ogr>13896</code_ogr>
<libelle>D&#0233;capeur industriel / D&#0233;capeuse industrielle</libelle>
<libelle_court>D&#0233;capeur industriel / D&#0233;capeuse industrielle</libelle_court>
<priorisation>1</priorisation>
</item_app>
<item_app>
<code_ogr>13920</code_ogr>
<libelle>D&#0233;graisseur industriel / D&#0233;graisseuse industrielle</libelle>
<libelle_court>D&#0233;graisseur industriel / D&#0233;graisseuse industrielle</libelle_court>
<priorisation>1</priorisation>
</item_app>
<item_app>
<code_ogr>14520</code_ogr>
<libelle>Doreur / Doreuse au rhodium</libelle>
<libelle_court>Doreur / Doreuse au rhodium</libelle_court>
<priorisation>1</priorisation>
</item_app>
<item_app>
<code_ogr>14523</code_ogr>
<libelle>Doreur / Doreuse sur m&#0233;taux</libelle>
<libelle_court>Doreur / Doreuse sur m&#0233;taux</libelle_court>
<priorisation>1</priorisation>
</item_app>
<item_app>
<code_ogr>14678</code_ogr>
<libelle>Electroplaste</libelle>
<libelle_court>Electroplaste</libelle_court>
<priorisation>1</priorisation>
</item_app>
<item_app>
<code_ogr>14737</code_ogr>
<libelle>Emailleur industriel / Emailleuse industrielle</libelle>
<libelle_court>Emailleur industriel / Emailleuse industrielle</libelle_court>
<priorisation>1</priorisation>
</item_app>
<item_app>
<code_ogr>14907</code_ogr>
<libelle>Etameur industriel / Etameuse industrielle</libelle>
<libelle_court>Etameur industriel / Etameuse industrielle</libelle_court>
<priorisation>1</priorisation>
</item_app>
<item_app>
<code_ogr>14908</code_ogr>
<libelle>Etameur-galvaniseur / Etameuse-galvaniseuse</libelle>
<libelle_court>Etameur-galvaniseur / Etameuse-galvaniseuse</libelle_court>
<priorisation>1</priorisation>
</item_app>
<item_app>
<code_ogr>15181</code_ogr>
<libelle>Galvaniseur industriel / Galvaniseuse industrielle</libelle>
<libelle_court>Galvaniseur industriel / Galvaniseuse industrielle</libelle_court>
<priorisation>1</priorisation>
</item_app>
<item_app>
<code_ogr>15182</code_ogr>
<libelle>Galvanoplaste industriel / industrielle</libelle>
<libelle_court>Galvanoplaste industriel / industrielle</libelle_court>
<priorisation>1</priorisation>
</item_app>
<item_app>
<code_ogr>15183</code_ogr>
<libelle>Galvanoplaste sur m&#0233;taux et substrat</libelle>
<libelle_court>Galvanoplaste sur m&#0233;taux et substrat</libelle_court>
<priorisation>1</priorisation>
</item_app>
<item_app>
<code_ogr>16422</code_ogr>
<libelle>Mastiqueur industriel / Mastiqueuse industrielle</libelle>
<libelle_court>Mastiqueur industriel / Mastiqueuse industrielle</libelle_court>
<priorisation>1</priorisation>
</item_app>
<item_app>
<code_ogr>16641</code_ogr>
<libelle>M&#0233;talliseur / M&#0233;talliseuse au pistolet industriel</libelle>
<libelle_court>M&#0233;talliseur / M&#0233;talliseuse au pistolet industriel</libelle_court>
<priorisation>1</priorisation>
</item_app>
<item_app>
<code_ogr>16642</code_ogr>
<libelle>M&#0233;talliseur / M&#0233;talliseuse au plasma</libelle>
<libelle_court>M&#0233;talliseur / M&#0233;talliseuse au plasma</libelle_court>
<priorisation>1</priorisation>
</item_app>
<item_app>
<code_ogr>16663</code_ogr>
<libelle>Metteur / Metteuse au bain industriel</libelle>
<libelle_court>Metteur / Metteuse au bain industriel</libelle_court>
<priorisation>1</priorisation>
</item_app>
<item_app>
<code_ogr>16990</code_ogr>
<libelle>Nickeleur industriel / Nickeleuse industrielle</libelle>
<libelle_court>Nickeleur industriel / Nickeleuse industrielle</libelle_court>
<priorisation>1</priorisation>
</item_app>
<item_app>
<code_ogr>17111</code_ogr>
<libelle>Op&#0233;rateur / Op&#0233;ratrice de ligne de galvanisation</libelle>
<libelle_court>Op&#0233;rateur / Op&#0233;ratrice de ligne de galvanisation</libelle_court>
<priorisation>1</priorisation>
</item_app>
<item_app>
<code_ogr>17112</code_ogr>
<libelle>Op&#0233;rateur / Op&#0233;ratrice de ligne de traitement de surface</libelle>
<libelle_court>Op&#0233;rateur / Op&#0233;ratrice de ligne de traitement de surface</libelle_court>
<priorisation>1</priorisation>
</item_app>
<item_app>
<code_ogr>17232</code_ogr>
<libelle>Op&#0233;rateur / Op&#0233;ratrice galvanoplaste</libelle>
<libelle_court>Op&#0233;rateur / Op&#0233;ratrice galvanoplaste</libelle_court>
<priorisation>1</priorisation>
</item_app>
<item_app>
<code_ogr>17177</code_ogr>
<libelle>Op&#0233;rateur d&#0233;capeur industriel / Op&#0233;ratrice d&#0233;capeuse industrielle</libelle>
<libelle_court>Op&#0233;rateur(trice) d&#0233;capeur(se) industriel(le)</libelle_court>
<priorisation>1</priorisation>
</item_app>
<item_app>
<code_ogr>17492</code_ogr>
<libelle>Ouvrier / Ouvri&#0232;re en m&#0233;tallisation</libelle>
<libelle_court>Ouvrier / Ouvri&#0232;re en m&#0233;tallisation</libelle_court>
<priorisation>1</priorisation>
</item_app>
<item_app>
<code_ogr>17696</code_ogr>
<libelle>Phosphateur industriel / Phosphateuse industrielle</libelle>
<libelle_court>Phosphateur industriel / Phosphateuse industrielle</libelle_court>
<priorisation>1</priorisation>
</item_app>
<item_app>
<code_ogr>17824</code_ogr>
<libelle>Plastifieur industriel / Plastifieuse industrielle</libelle>
<libelle_court>Plastifieur industriel / Plastifieuse industrielle</libelle_court>
<priorisation>1</priorisation>
</item_app>
<item_app>
<code_ogr>17836</code_ogr>
<libelle>Plombeur industriel / Plombeuse industrielle</libelle>
<libelle_court>Plombeur industriel / Plombeuse industrielle</libelle_court>
<priorisation>1</priorisation>
</item_app>
<item_app>
<code_ogr>19260</code_ogr>
<libelle>Rhodieur industriel / Rhodieuse industrielle</libelle>
<libelle_court>Rhodieur industriel / Rhodieuse industrielle</libelle_court>
<priorisation>1</priorisation>
</item_app>
<item_app>
<code_ogr>20739</code_ogr>
<libelle>Zingueur industriel / Zingueuse industrielle</libelle>
<libelle_court>Zingueur industriel / Zingueuse industrielle</libelle_court>
<priorisation>1</priorisation>
</item_app>
</bloc_appellation>
<definition nbItemDefinition="2">
R&#0233;alise des traitements de surface de protection &#0224; l&#0039;usure, &#0224; la corrosion et/ou de d&#0233;coration par d&#0233;p&#0244;t &#0233;lectrochimique sur des pi&#0232;ces et produits neufs ou us&#0233;s. Intervient selon les r&#0232;gles de s&#0233;curit&#0233; et les imp&#0233;ratifs de r&#0233;alisation (d&#0233;lais, qualit&#0233;, ...).
Peut coordonner une &#0233;quipe.
</definition>
<acces_emploi_metier nbItemAccesEmploiMetier="3">
Cet emploi/m&#0233;tier est accessible avec un dipl&#0244;me de niveau CAP/BEP &#0224; Bac (professionnel, technologique) en traitement de surface, m&#0233;canique.
Il est &#0233;galement accessible sans dipl&#0244;me ni exp&#0233;rience professionnelle.
Un ou plusieurs Certificat(s) d&#0039;Aptitude &#0224; la Conduite En S&#0233;curit&#0233; -CACES- conditionn&#0233;(s) par une aptitude m&#0233;dicale &#0224; renouveler p&#0233;riodiquement peu(ven)t &#0234;tre exig&#0233;(s).
</acces_emploi_metier>
<condition_exercice_activite nbItemConditionExercice="4">
L&#0039;activit&#0233; de cet emploi/m&#0233;tier s&#0039;exerce au sein d&#0039;entreprise industrielle, de chantier naval en relation avec diff&#0233;rents services (maintenance, m&#0233;thodes, qualit&#0233;, ...).
Elle varie selon le secteur (a&#0233;ronautique, automobile, ...), l&#0039;organisation (&#0238;lots, lignes), le type d&#0039;&#0233;quipements, d&#0039;installations(salle de commande, ...) et de produits fabriqu&#0233;s.
Elle peut s&#0039;exercer par roulement, les fins de semaine, jours f&#0233;ri&#0233;s ou de nuit.
Le port d&#0039;Equipements de Protection Individuelle -EPI- (gants, masque, lunettes de protection, ...) est requis.
</condition_exercice_activite>
<bloc_environnement_de_travail nbItemEnvTrav="25">
<item_env>
<code_ogr>23909</code_ogr>
<libelle>Entreprise industrielle</libelle>
<code_type_section_env>1</code_type_section_env>
<priorisation>1</priorisation>
</item_env>
<item_env>
<code_ogr>24093</code_ogr>
<libelle>Soci&#0233;t&#0233; de services</libelle>
<code_type_section_env>1</code_type_section_env>
<priorisation>1</priorisation>
</item_env>
<item_env>
<code_ogr>23391</code_ogr>
<libelle>A&#0233;ronautique, spatial</libelle>
<code_type_section_env>2</code_type_section_env>
<priorisation>1</priorisation>
</item_env>
<item_env>
<code_ogr>23404</code_ogr>
<libelle>Armement</libelle>
<code_type_section_env>2</code_type_section_env>
<priorisation>1</priorisation>
</item_env>
<item_env>
<code_ogr>23406</code_ogr>
<libelle>Arts de la table</libelle>
<code_type_section_env>2</code_type_section_env>
<priorisation>1</priorisation>
</item_env>
<item_env>
<code_ogr>23410</code_ogr>
<libelle>Automobile</libelle>
<code_type_section_env>2</code_type_section_env>
<priorisation>1</priorisation>
</item_env>
<item_env>
<code_ogr>23433</code_ogr>
<libelle>Chaudronnerie, tuyauterie</libelle>
<code_type_section_env>2</code_type_section_env>
<priorisation>1</priorisation>
</item_env>
<item_env>
<code_ogr>23453</code_ogr>
<libelle>Construction navale</libelle>
<code_type_section_env>2</code_type_section_env>
<priorisation>1</priorisation>
</item_env>
<item_env>
<code_ogr>23474</code_ogr>
<libelle>Electricit&#0233;</libelle>
<code_type_section_env>2</code_type_section_env>
<priorisation>1</priorisation>
</item_env>
<item_env>
<code_ogr>23476</code_ogr>
<libelle>Electrom&#0233;nager</libelle>
<code_type_section_env>2</code_type_section_env>
<priorisation>1</priorisation>
</item_env>
<item_env>
<code_ogr>23477</code_ogr>
<libelle>Electronique</libelle>
<code_type_section_env>2</code_type_section_env>
<priorisation>1</priorisation>
</item_env>
<item_env>
<code_ogr>23480</code_ogr>
<libelle>Energie, nucl&#0233;aire, fluide</libelle>
<code_type_section_env>2</code_type_section_env>
<priorisation>1</priorisation>
</item_env>
<item_env>
<code_ogr>23498</code_ogr>
<libelle>Ferroviaire</libelle>
<code_type_section_env>2</code_type_section_env>
<priorisation>1</priorisation>
</item_env>
<item_env>
<code_ogr>23502</code_ogr>
<libelle>Fonderie, forge</libelle>
<code_type_section_env>2</code_type_section_env>
<priorisation>1</priorisation>
</item_env>
<item_env>
<code_ogr>23544</code_ogr>
<libelle>Machinisme</libelle>
<code_type_section_env>2</code_type_section_env>
<priorisation>1</priorisation>
</item_env>
<item_env>
<code_ogr>23552</code_ogr>
<libelle>M&#0233;canique, travail des m&#0233;taux</libelle>
<code_type_section_env>2</code_type_section_env>
<priorisation>1</priorisation>
</item_env>
<item_env>
<code_ogr>23554</code_ogr>
<libelle>M&#0233;dical</libelle>
<code_type_section_env>2</code_type_section_env>
<priorisation>1</priorisation>
</item_env>
<item_env>
<code_ogr>23558</code_ogr>
<libelle>M&#0233;tallurgie, sid&#0233;rurgie</libelle>
<code_type_section_env>2</code_type_section_env>
<priorisation>1</priorisation>
</item_env>
<item_env>
<code_ogr>23561</code_ogr>
<libelle>Microm&#0233;canique</libelle>
<code_type_section_env>2</code_type_section_env>
<priorisation>1</priorisation>
</item_env>
<item_env>
<code_ogr>23567</code_ogr>
<libelle>Nautisme</libelle>
<code_type_section_env>2</code_type_section_env>
<priorisation>1</priorisation>
</item_env>
<item_env>
<code_ogr>23585</code_ogr>
<libelle>Plasturgie, caoutchouc, composites</libelle>
<code_type_section_env>2</code_type_section_env>
<priorisation>1</priorisation>
</item_env>
<item_env>
<code_ogr>23640</code_ogr>
<libelle>Sport et loisirs</libelle>
<code_type_section_env>2</code_type_section_env>
<priorisation>1</priorisation>
</item_env>
<item_env>
<code_ogr>23641</code_ogr>
<libelle>Structures m&#0233;talliques</libelle>
<code_type_section_env>2</code_type_section_env>
<priorisation>1</priorisation>
</item_env>
<item_env>
<code_ogr>23659</code_ogr>
<libelle>Transport/logistique</libelle>
<code_type_section_env>2</code_type_section_env>
<priorisation>1</priorisation>
</item_env>
<item_env>
<code_ogr>23673</code_ogr>
<libelle>Verre, mat&#0233;riaux de construction</libelle>
<code_type_section_env>2</code_type_section_env>
<priorisation>1</priorisation>
</item_env>
</bloc_environnement_de_travail>
<bloc_activites_de_base nbBlocActiviteBase="1">
<activites_de_base nbItemActivite_AB="9">
<item_ab>
<code_ogr>124079</code_ogr>
<libelle>Contr&#0244;ler l&#0039;aspect d&#0039;un produit</libelle>
<code_type_activite>3</code_type_activite>
<code_type_item_activite>2</code_type_item_activite>
<position_item>1</position_item>
<priorisation>1</priorisation>
<riasec_majeur>R</riasec_majeur>
</item_ab>
<item_ab>
<code_ogr>124078</code_ogr>
<libelle>Pr&#0233;parer des &#0233;quipements de production</libelle>
<code_type_activite>3</code_type_activite>
<code_type_item_activite>2</code_type_item_activite>
<position_item>2</position_item>
<priorisation>1</priorisation>
<riasec_majeur>R</riasec_majeur>
<riasec_mineur>c</riasec_mineur>
</item_ab>
<item_ab>
<code_ogr>117640</code_ogr>
<libelle>Positionner des pi&#0232;ces ou des mat&#0233;riaux sur une machine</libelle>
<code_type_activite>3</code_type_activite>
<code_type_item_activite>2</code_type_item_activite>
<position_item>3</position_item>
<priorisation>1</priorisation>
<riasec_majeur>R</riasec_majeur>
</item_ab>
<item_ab>
<code_ogr>106500</code_ogr>
<libelle>R&#0233;gler ou contr&#0244;ler les &#0233;quipements, les bains ou les produits de traitement (fluidit&#0233;, temp&#0233;rature, ...)</libelle>
<code_type_activite>3</code_type_activite>
<code_type_item_activite>2</code_type_item_activite>
<position_item>4</position_item>
<priorisation>1</priorisation>
<riasec_majeur>C</riasec_majeur>
</item_ab>
<item_ab>
<code_ogr>106501</code_ogr>
<libelle>R&#0233;aliser et surveiller les traitements, les mises aux bains (d&#0233;graissage, d&#0233;capage, application, passivation, ...)</libelle>
<code_type_activite>3</code_type_activite>
<code_type_item_activite>2</code_type_item_activite>
<position_item>5</position_item>
<priorisation>1</priorisation>
<riasec_majeur>C</riasec_majeur>
</item_ab>
<item_ab>
<code_ogr>106502</code_ogr>
<libelle>Contr&#0244;ler le traitement des surfaces (aspect, d&#0233;p&#0244;t) et effectuer des ajustements</libelle>
<code_type_activite>3</code_type_activite>
<code_type_item_activite>2</code_type_item_activite>
<position_item>6</position_item>
<priorisation>1</priorisation>
<riasec_majeur>C</riasec_majeur>
</item_ab>
<item_ab>
<code_ogr>126336</code_ogr>
<libelle>Renseigner les supports qualit&#0233; et de suivi de production</libelle>
<code_type_activite>3</code_type_activite>
<code_type_item_activite>2</code_type_item_activite>
<position_item>7</position_item>
<priorisation>1</priorisation>
<riasec_majeur>C</riasec_majeur>
</item_ab>
<item_ab>
<code_ogr>124888</code_ogr>
<libelle>Entretenir des &#0233;quipements</libelle>
<code_type_activite>3</code_type_activite>
<code_type_item_activite>2</code_type_item_activite>
<position_item>8</position_item>
<priorisation>1</priorisation>
<riasec_majeur>R</riasec_majeur>
</item_ab>
<item_ab>
<code_ogr>119210</code_ogr>
<libelle>Assurer une maintenance de premier niveau</libelle>
<code_type_activite>3</code_type_activite>
<code_type_item_activite>2</code_type_item_activite>
<position_item>9</position_item>
<priorisation>1</priorisation>
<riasec_majeur>R</riasec_majeur>
</item_ab>
</activites_de_base>
<savoir_theorique_et_proceduraux nbItemSTP_AB="12">
<item_ab_stp>
<code_ogr>116477</code_ogr>
<libelle>Indicateurs de suivi d&#0039;activit&#0233;</libelle>
<code_type_competence>1</code_type_competence>
<position_item>1</position_item>
<priorisation>1</priorisation>
</item_ab_stp>
<item_ab_stp>
<code_ogr>116479</code_ogr>
<libelle>Indicateurs de suivi de production</libelle>
<code_type_competence>1</code_type_competence>
<position_item>2</position_item>
<priorisation>1</priorisation>
</item_ab_stp>
<item_ab_stp>
<code_ogr>100662</code_ogr>
<libelle>Utilisation de pistolet de projection</libelle>
<code_type_competence>1</code_type_competence>
<position_item>3</position_item>
<priorisation>1</priorisation>
</item_ab_stp>
<item_ab_stp>
<code_ogr>100507</code_ogr>
<libelle>Utilisation d&#0039;outillages &#0233;lectroportatifs (scie &#0233;lectrique, ponceuse, ...)</libelle>
<code_type_competence>1</code_type_competence>
<position_item>4</position_item>
<priorisation>1</priorisation>
</item_ab_stp>
<item_ab_stp>
<code_ogr>118331</code_ogr>
<libelle>Utilisation d&#0039;outillages manuels</libelle>
<code_type_competence>1</code_type_competence>
<position_item>5</position_item>
<priorisation>1</priorisation>
</item_ab_stp>
<item_ab_stp>
<code_ogr>106503</code_ogr>
<libelle>Utilisation d&#0039;instrument de mesure</libelle>
<code_type_competence>1</code_type_competence>
<position_item>6</position_item>
<priorisation>1</priorisation>
</item_ab_stp>
<item_ab_stp>
<code_ogr>100017</code_ogr>
<libelle>R&#0232;gles de s&#0233;curit&#0233;</libelle>
<code_type_competence>1</code_type_competence>
<position_item>7</position_item>
<priorisation>1</priorisation>
</item_ab_stp>
<item_ab_stp>
<code_ogr>118750</code_ogr>
<libelle>Sciences physiques</libelle>
<code_type_competence>1</code_type_competence>
<position_item>8</position_item>
<priorisation>1</priorisation>
</item_ab_stp>
<item_ab_stp>
<code_ogr>104617</code_ogr>
<libelle>M&#0233;tallurgie</libelle>
<code_type_competence>1</code_type_competence>
<position_item>9</position_item>
<priorisation>1</priorisation>
</item_ab_stp>
<item_ab_stp>
<code_ogr>101065</code_ogr>
<libelle>Chimie</libelle>
<code_type_competence>1</code_type_competence>
<position_item>10</position_item>
<priorisation>1</priorisation>
</item_ab_stp>
<item_ab_stp>
<code_ogr>100015</code_ogr>
<libelle>Normes environnementales</libelle>
<code_type_competence>1</code_type_competence>
<position_item>11</position_item>
<priorisation>1</priorisation>
</item_ab_stp>
<item_ab_stp>
<code_ogr>103070</code_ogr>
<libelle>Lecture de plan, de sch&#0233;ma</libelle>
<code_type_competence>1</code_type_competence>
<position_item>12</position_item>
<priorisation>1</priorisation>
</item_ab_stp>
</savoir_theorique_et_proceduraux>
<savoir_action nbItemSA_AB="0">
</savoir_action>
</bloc_activites_de_base>
<bloc_activites_specifiques nbBlocActiviteSpecifique="9">
<bloc>
<position_bloc>1</position_bloc>
<activite_specifique nbItemActivite_AS="10">
<item_as>
<code_ogr>106505</code_ogr>
<libelle>R&#0233;aliser des op&#0233;rations de traitement de surface par anodisation</libelle>
<code_type_activite>3</code_type_activite>
<code_type_item_activite>2</code_type_item_activite>
<position_item>1</position_item>
<priorisation>1</priorisation>
<riasec_majeur>R</riasec_majeur>
</item_as>
<item_as>
<code_ogr>106506</code_ogr>
<libelle>R&#0233;aliser des op&#0233;rations de traitement de surface par bain &#0233;lectrolytique</libelle>
<code_type_activite>3</code_type_activite>
<code_type_item_activite>2</code_type_item_activite>
<position_item>2</position_item>
<priorisation>1</priorisation>
<riasec_majeur>R</riasec_majeur>
</item_as>
<item_as>
<code_ogr>106507</code_ogr>
<libelle>R&#0233;aliser des op&#0233;rations de traitement de surface par bain d&#0039;acide</libelle>
<code_type_activite>3</code_type_activite>
<code_type_item_activite>2</code_type_item_activite>
<position_item>3</position_item>
<priorisation>1</priorisation>
<riasec_majeur>R</riasec_majeur>
</item_as>
<item_as>
<code_ogr>106508</code_ogr>
<libelle>R&#0233;aliser des op&#0233;rations de traitement de surface par bain de gaz r&#0233;actif</libelle>
<code_type_activite>3</code_type_activite>
<code_type_item_activite>2</code_type_item_activite>
<position_item>4</position_item>
<priorisation>1</priorisation>
<riasec_majeur>R</riasec_majeur>
</item_as>
<item_as>
<code_ogr>106509</code_ogr>
<libelle>R&#0233;aliser des op&#0233;rations de traitement de surface par chromatation</libelle>
<code_type_activite>3</code_type_activite>
<code_type_item_activite>2</code_type_item_activite>
<position_item>5</position_item>
<priorisation>1</priorisation>
<riasec_majeur>R</riasec_majeur>
</item_as>
<item_as>
<code_ogr>106510</code_ogr>
<libelle>R&#0233;aliser des op&#0233;rations de traitement de surface par d&#0233;p&#0244;t sous vide</libelle>
<code_type_activite>3</code_type_activite>
<code_type_item_activite>2</code_type_item_activite>
<position_item>6</position_item>
<priorisation>1</priorisation>
<riasec_majeur>R</riasec_majeur>
</item_as>
<item_as>
<code_ogr>106511</code_ogr>
<libelle>R&#0233;aliser des op&#0233;rations de traitement de surface par galvanoplastie</libelle>
<code_type_activite>3</code_type_activite>
<code_type_item_activite>2</code_type_item_activite>
<position_item>7</position_item>
<priorisation>1</priorisation>
<riasec_majeur>R</riasec_majeur>
</item_as>
<item_as>
<code_ogr>106512</code_ogr>
<libelle>R&#0233;aliser des op&#0233;rations de traitement de surface par phosphatation</libelle>
<code_type_activite>3</code_type_activite>
<code_type_item_activite>2</code_type_item_activite>
<position_item>8</position_item>
<priorisation>1</priorisation>
<riasec_majeur>R</riasec_majeur>
</item_as>
<item_as>
<code_ogr>106513</code_ogr>
<libelle>R&#0233;aliser des op&#0233;rations de traitement de surface par projection</libelle>
<code_type_activite>3</code_type_activite>
<code_type_item_activite>2</code_type_item_activite>
<position_item>9</position_item>
<priorisation>1</priorisation>
<riasec_majeur>R</riasec_majeur>
</item_as>
<item_as>
<code_ogr>106514</code_ogr>
<libelle>R&#0233;aliser des op&#0233;rations de traitement de surface par ultrasons</libelle>
<code_type_activite>3</code_type_activite>
<code_type_item_activite>2</code_type_item_activite>
<position_item>10</position_item>
<priorisation>1</priorisation>
<riasec_majeur>R</riasec_majeur>
</item_as>
</activite_specifique>
<savoir_theorique_et_proceduraux nbItemSTP_AS="0">
</savoir_theorique_et_proceduraux>
<savoir_action nbItemSA_AS="0">
</savoir_action>
</bloc>
<bloc>
<position_bloc>2</position_bloc>
<activite_specifique nbItemActivite_AS="5">
<item_as>
<code_ogr>106515</code_ogr>
<libelle>R&#0233;aliser des op&#0233;rations sur un &#0233;quipement de cha&#0238;ne automatique, semi-automatique de traitement</libelle>
<code_type_activite>3</code_type_activite>
<code_type_item_activite>2</code_type_item_activite>
<position_item>1</position_item>
<priorisation>1</priorisation>
<riasec_majeur>R</riasec_majeur>
</item_as>
<item_as>
<code_ogr>106516</code_ogr>
<libelle>R&#0233;aliser des op&#0233;rations sur un &#0233;quipement de cuve, bain</libelle>
<code_type_activite>3</code_type_activite>
<code_type_item_activite>2</code_type_item_activite>
<position_item>2</position_item>
<priorisation>1</priorisation>
<riasec_majeur>R</riasec_majeur>
</item_as>
<item_as>
<code_ogr>106517</code_ogr>
<libelle>R&#0233;aliser des op&#0233;rations sur un &#0233;quipement sous vide</libelle>
<code_type_activite>3</code_type_activite>
<code_type_item_activite>2</code_type_item_activite>
<position_item>3</position_item>
<priorisation>1</priorisation>
<riasec_majeur>R</riasec_majeur>
</item_as>
<item_as>
<code_ogr>106518</code_ogr>
<libelle>R&#0233;aliser des op&#0233;rations sur un &#0233;quipement d&#0039;&#0233;tuve, four</libelle>
<code_type_activite>3</code_type_activite>
<code_type_item_activite>2</code_type_item_activite>
<position_item>4</position_item>
<priorisation>1</priorisation>
<riasec_majeur>R</riasec_majeur>
</item_as>
<item_as>
<code_ogr>106519</code_ogr>
<libelle>R&#0233;aliser des op&#0233;rations sur un &#0233;quipement de ligne, train de laminage &#0224; froid</libelle>
<code_type_activite>3</code_type_activite>
<code_type_item_activite>2</code_type_item_activite>
<position_item>5</position_item>
<priorisation>1</priorisation>
<riasec_majeur>R</riasec_majeur>
</item_as>
</activite_specifique>
<savoir_theorique_et_proceduraux nbItemSTP_AS="2">
<item_as_stp>
<code_ogr>119415</code_ogr>
<libelle>Logiciel de supervision</libelle>
<code_type_competence>1</code_type_competence>
<position_item>1</position_item>
<priorisation>1</priorisation>
</item_as_stp>
<item_as_stp>
<code_ogr>104865</code_ogr>
<libelle>Pilotage en salle de commande</libelle>
<code_type_competence>1</code_type_competence>
<position_item>2</position_item>
<priorisation>1</priorisation>
</item_as_stp>
</savoir_theorique_et_proceduraux>
<savoir_action nbItemSA_AS="0">
</savoir_action>
</bloc>
<bloc>
<position_bloc>3</position_bloc>
<activite_specifique nbItemActivite_AS="4">
<item_as>
<code_ogr>106489</code_ogr>
<libelle>Traiter des m&#0233;taux ferreux (acier, fonte, ...)</libelle>
<code_type_activite>3</code_type_activite>
<code_type_item_activite>2</code_type_item_activite>
<position_item>1</position_item>
<priorisation>1</priorisation>
<riasec_majeur>R</riasec_majeur>
</item_as>
<item_as>
<code_ogr>106490</code_ogr>
<libelle>Traiter des m&#0233;taux non ferreux</libelle>
<code_type_activite>3</code_type_activite>
<code_type_item_activite>2</code_type_item_activite>
<position_item>2</position_item>
<priorisation>1</priorisation>
<riasec_majeur>R</riasec_majeur>
</item_as>
<item_as>
<code_ogr>106492</code_ogr>
<libelle>Traiter des min&#0233;raux, verre, c&#0233;ramique</libelle>
<code_type_activite>3</code_type_activite>
<code_type_item_activite>2</code_type_item_activite>
<position_item>3</position_item>
<priorisation>1</priorisation>
<riasec_majeur>R</riasec_majeur>
</item_as>
<item_as>
<code_ogr>106493</code_ogr>
<libelle>Traiter des mat&#0233;riaux des plastique, caoutchouc, composites</libelle>
<code_type_activite>3</code_type_activite>
<code_type_item_activite>2</code_type_item_activite>
<position_item>4</position_item>
<priorisation>1</priorisation>
<riasec_majeur>R</riasec_majeur>
</item_as>
</activite_specifique>
<savoir_theorique_et_proceduraux nbItemSTP_AS="0">
</savoir_theorique_et_proceduraux>
<savoir_action nbItemSA_AS="0">
</savoir_action>
</bloc>
<bloc>
<position_bloc>4</position_bloc>
<activite_specifique nbItemActivite_AS="2">
<item_as>
<code_ogr>122130</code_ogr>
<libelle>D&#0233;poser un rev&#0234;tement m&#0233;tallique</libelle>
<code_type_activite>3</code_type_activite>
<code_type_item_activite>2</code_type_item_activite>
<position_item>1</position_item>
<priorisation>1</priorisation>
<riasec_majeur>R</riasec_majeur>
</item_as>
<item_as>
<code_ogr>106521</code_ogr>
<libelle>D&#0233;poser un rev&#0234;tement non m&#0233;tallique</libelle>
<code_type_activite>3</code_type_activite>
<code_type_item_activite>2</code_type_item_activite>
<position_item>2</position_item>
<priorisation>1</priorisation>
<riasec_majeur>R</riasec_majeur>
</item_as>
</activite_specifique>
<savoir_theorique_et_proceduraux nbItemSTP_AS="0">
</savoir_theorique_et_proceduraux>
<savoir_action nbItemSA_AS="0">
</savoir_action>
</bloc>
<bloc>
<position_bloc>5</position_bloc>
<activite_specifique nbItemActivite_AS="4">
<item_as>
<code_ogr>106522</code_ogr>
<libelle>R&#0233;aliser des op&#0233;rations de traitement sur un produit de haute pr&#0233;cision</libelle>
<code_type_activite>3</code_type_activite>
<code_type_item_activite>2</code_type_item_activite>
<position_item>1</position_item>
<priorisation>1</priorisation>
<riasec_majeur>R</riasec_majeur>
</item_as>
<item_as>
<code_ogr>106523</code_ogr>
<libelle>R&#0233;aliser des op&#0233;rations de traitement sur un produit fabriqu&#0233; en continu (feuillard, bande)</libelle>
<code_type_activite>3</code_type_activite>
<code_type_item_activite>2</code_type_item_activite>
<position_item>2</position_item>
<priorisation>1</priorisation>
<riasec_majeur>R</riasec_majeur>
</item_as>
<item_as>
<code_ogr>106524</code_ogr>
<libelle>R&#0233;aliser des op&#0233;rations de traitement sur un produit microm&#0233;canique</libelle>
<code_type_activite>3</code_type_activite>
<code_type_item_activite>2</code_type_item_activite>
<position_item>3</position_item>
<priorisation>1</priorisation>
<riasec_majeur>R</riasec_majeur>
</item_as>
<item_as>
<code_ogr>106525</code_ogr>
<libelle>R&#0233;aliser des op&#0233;rations de traitement sur un produit volumineux, lourd, de grande taille</libelle>
<code_type_activite>3</code_type_activite>
<code_type_item_activite>2</code_type_item_activite>
<position_item>4</position_item>
<priorisation>1</priorisation>
<riasec_majeur>R</riasec_majeur>
</item_as>
</activite_specifique>
<savoir_theorique_et_proceduraux nbItemSTP_AS="0">
</savoir_theorique_et_proceduraux>
<savoir_action nbItemSA_AS="0">
</savoir_action>
</bloc>
<bloc>
<position_bloc>6</position_bloc>
<activite_specifique nbItemActivite_AS="1">
<item_as>
<code_ogr>120405</code_ogr>
<libelle>Utiliser un engin n&#0233;cessitant une habilitation</libelle>
<code_type_activite>3</code_type_activite>
<code_type_item_activite>2</code_type_item_activite>
<position_item>1</position_item>
<priorisation>1</priorisation>
<riasec_majeur>R</riasec_majeur>
</item_as>
</activite_specifique>
<savoir_theorique_et_proceduraux nbItemSTP_AS="3">
<item_as_stp>
<code_ogr>121308</code_ogr>
<libelle>Ponts roulants (CACES R 318)</libelle>
<code_type_competence>1</code_type_competence>
<position_item>1</position_item>
<priorisation>1</priorisation>
</item_as_stp>
<item_as_stp>
<code_ogr>123696</code_ogr>
<libelle>Transpalettes &#0224; conducteur port&#0233; et pr&#0233;parateurs de commandes au sol (CACES R 389-1)</libelle>
<code_type_competence>1</code_type_competence>
<position_item>2</position_item>
<priorisation>1</priorisation>
</item_as_stp>
<item_as_stp>
<code_ogr>123698</code_ogr>
<libelle>Chariots &#0233;l&#0233;vateurs en porte-&#0224;-faux de capacit&#0233; inf&#0233;rieure ou &#0233;gale &#0224; 6000 kg (CACES R 389-3)</libelle>
<code_type_competence>1</code_type_competence>
<position_item>3</position_item>
<priorisation>1</priorisation>
</item_as_stp>
</savoir_theorique_et_proceduraux>
<savoir_action nbItemSA_AS="0">
</savoir_action>
</bloc>
<bloc>
<position_bloc>7</position_bloc>
<activite_specifique nbItemActivite_AS="1">
<item_as>
<code_ogr>114862</code_ogr>
<libelle>R&#0233;aliser des travaux de finition, parach&#0232;vement ou retouche de pi&#0232;ces</libelle>
<code_type_activite>3</code_type_activite>
<code_type_item_activite>2</code_type_item_activite>
<position_item>1</position_item>
<priorisation>1</priorisation>
<riasec_majeur>R</riasec_majeur>
</item_as>
</activite_specifique>
<savoir_theorique_et_proceduraux nbItemSTP_AS="0">
</savoir_theorique_et_proceduraux>
<savoir_action nbItemSA_AS="0">
</savoir_action>
</bloc>
<bloc>
<position_bloc>8</position_bloc>
<activite_specifique nbItemActivite_AS="1">
<item_as>
<code_ogr>102738</code_ogr>
<libelle>R&#0233;aliser les &#0233;l&#0233;ments graphiques et visuels en vue de produire un conditionnement, emballage</libelle>
<code_type_activite>3</code_type_activite>
<code_type_item_activite>2</code_type_item_activite>
<position_item>1</position_item>
<priorisation>1</priorisation>
<riasec_majeur>R</riasec_majeur>
</item_as>
</activite_specifique>
<savoir_theorique_et_proceduraux nbItemSTP_AS="1">
<item_as_stp>
<code_ogr>123019</code_ogr>
<libelle>Techniques de conditionnement</libelle>
<code_type_competence>1</code_type_competence>
<position_item>1</position_item>
<priorisation>1</priorisation>
</item_as_stp>
</savoir_theorique_et_proceduraux>
<savoir_action nbItemSA_AS="0">
</savoir_action>
</bloc>
<bloc>
<position_bloc>9</position_bloc>
<activite_specifique nbItemActivite_AS="1">
<item_as>
<code_ogr>102359</code_ogr>
<libelle>Coordonner l&#0039;activit&#0233; d&#0039;une &#0233;quipe</libelle>
<code_type_activite>3</code_type_activite>
<code_type_item_activite>2</code_type_item_activite>
<position_item>1</position_item>
<priorisation>1</priorisation>
<riasec_majeur>E</riasec_majeur>
<riasec_mineur>s</riasec_mineur>
</item_as>
</activite_specifique>
<savoir_theorique_et_proceduraux nbItemSTP_AS="0">
</savoir_theorique_et_proceduraux>
<savoir_action nbItemSA_AS="0">
</savoir_action>
</bloc>
</bloc_activites_specifiques>
<bloc_mobilites>
<mobilites_proches nbItemMob="7">
<item_mob_pr><code_type_mobilite>1</code_type_mobilite>
<liste_appellation_source>
<code_appellation_source>0</code_appellation_source>
<libelle_appellation_source>Toutes les appellations</libelle_appellation_source>
</liste_appellation_source>
<code_rome_cible>H2904</code_rome_cible>
<libelle_rome_cible>Conduite d&#0039;&#0233;quipement de d&#0233;formation des m&#0233;taux</libelle_rome_cible>
<liste_appellation_cible>
<code_appellation_cible>0</code_appellation_cible>
<libelle_appellation_cible>Toutes les appellations</libelle_appellation_cible>
</liste_appellation_cible>
</item_mob_pr>
<item_mob_pr><code_type_mobilite>1</code_type_mobilite>
<liste_appellation_source>
<code_appellation_source>0</code_appellation_source>
<libelle_appellation_source>Toutes les appellations</libelle_appellation_source>
</liste_appellation_source>
<code_rome_cible>H2906</code_rome_cible>
<libelle_rome_cible>Conduite d&#0039;installation automatis&#0233;e ou robotis&#0233;e de fabrication m&#0233;canique</libelle_rome_cible>
<liste_appellation_cible>
<code_appellation_cible>0</code_appellation_cible>
<libelle_appellation_cible>Toutes les appellations</libelle_appellation_cible>
</liste_appellation_cible>
</item_mob_pr>
<item_mob_pr><code_type_mobilite>1</code_type_mobilite>
<liste_appellation_source>
<code_appellation_source>0</code_appellation_source>
<libelle_appellation_source>Toutes les appellations</libelle_appellation_source>
</liste_appellation_source>
<code_rome_cible>H2907</code_rome_cible>
<libelle_rome_cible>Conduite d&#0039;installation de production des m&#0233;taux</libelle_rome_cible>
<liste_appellation_cible>
<code_appellation_cible>0</code_appellation_cible>
<libelle_appellation_cible>Toutes les appellations</libelle_appellation_cible>
</liste_appellation_cible>
</item_mob_pr>
<item_mob_pr><code_type_mobilite>1</code_type_mobilite>
<liste_appellation_source>
<code_appellation_source>0</code_appellation_source>
<libelle_appellation_source>Toutes les appellations</libelle_appellation_source>
</liste_appellation_source>
<code_rome_cible>H3203</code_rome_cible>
<libelle_rome_cible>Fabrication de pi&#0232;ces en mat&#0233;riaux composites</libelle_rome_cible>
<liste_appellation_cible>
<code_appellation_cible>0</code_appellation_cible>
<libelle_appellation_cible>Toutes les appellations</libelle_appellation_cible>
</liste_appellation_cible>
</item_mob_pr>
<item_mob_pr><code_type_mobilite>1</code_type_mobilite>
<liste_appellation_source>
<code_appellation_source>0</code_appellation_source>
<libelle_appellation_source>Toutes les appellations</libelle_appellation_source>
</liste_appellation_source>
<code_rome_cible>H3401</code_rome_cible>
<libelle_rome_cible>Conduite de traitement d&#0039;abrasion de surface</libelle_rome_cible>
<liste_appellation_cible>
<code_appellation_cible>0</code_appellation_cible>
<libelle_appellation_cible>Toutes les appellations</libelle_appellation_cible>
</liste_appellation_cible>
</item_mob_pr>
<item_mob_pr><code_type_mobilite>1</code_type_mobilite>
<liste_appellation_source>
<code_appellation_source>0</code_appellation_source>
<libelle_appellation_source>Toutes les appellations</libelle_appellation_source>
</liste_appellation_source>
<code_rome_cible>H3403</code_rome_cible>
<libelle_rome_cible>Conduite de traitement thermique</libelle_rome_cible>
<liste_appellation_cible>
<code_appellation_cible>0</code_appellation_cible>
<libelle_appellation_cible>Toutes les appellations</libelle_appellation_cible>
</liste_appellation_cible>
</item_mob_pr>
<item_mob_pr><code_type_mobilite>1</code_type_mobilite>
<liste_appellation_source>
<code_appellation_source>0</code_appellation_source>
<libelle_appellation_source>Toutes les appellations</libelle_appellation_source>
</liste_appellation_source>
<code_rome_cible>H3404</code_rome_cible>
<libelle_rome_cible>Peinture industrielle</libelle_rome_cible>
<liste_appellation_cible>
<code_appellation_cible>0</code_appellation_cible>
<libelle_appellation_cible>Toutes les appellations</libelle_appellation_cible>
</liste_appellation_cible>
</item_mob_pr>
</mobilites_proches>
<mobilites_si_evolution nbItemMob="1">
<item_mob_ev><code_type_mobilite>2</code_type_mobilite>
<liste_appellation_source>
<code_appellation_source>0</code_appellation_source>
<libelle_appellation_source>Toutes les appellations</libelle_appellation_source>
</liste_appellation_source>
<code_rome_cible>H2503</code_rome_cible>
<libelle_rome_cible>Pilotage d&#0039;unit&#0233; &#0233;l&#0233;mentaire de production m&#0233;canique ou de travail des m&#0233;taux</libelle_rome_cible>
<liste_appellation_cible>
<code_appellation_cible>0</code_appellation_cible>
<libelle_appellation_cible>Toutes les appellations</libelle_appellation_cible>
</liste_appellation_cible>
</item_mob_ev>
</mobilites_si_evolution>
</bloc_mobilites>
</fiche_emploi_metier>