<?xml version="1.0" encoding="UTF-8" ?>
<fiche_emploi_metier>
<type_fiche>2</type_fiche>
<libelle_type_fiche>priorise</libelle_type_fiche>
<version_SI>
<version_rome>333</version_rome>
<date_version_si>01/10/2017</date_version_si>
<mois_version_si>Octobre</mois_version_si>
<annee_version_si>2017</annee_version_si>
</version_SI>
<bloc_code_rome>
<code_rome>I1301</code_rome>
<intitule>Installation et maintenance d&#0039;ascenseurs</intitule>
<code_ogr>310</code_ogr>
<riasec_majeur>R</riasec_majeur>
<riasec_mineur>c</riasec_mineur>
</bloc_code_rome>
<bloc_appellation nbItemAppellation="26">
<item_app>
<code_ogr>10482</code_ogr>
<libelle>Agent / Agente de maintenance d&#0039;ascenseurs</libelle>
<libelle_court>Agent / Agente de maintenance d&#0039;ascenseurs</libelle_court>
<priorisation>1</priorisation>
</item_app>
<item_app>
<code_ogr>10488</code_ogr>
<libelle>Agent / Agente de maintenance de remont&#0233;es m&#0233;caniques</libelle>
<libelle_court>Agent / Agente de maintenance de remont&#0233;es m&#0233;caniques</libelle_court>
<priorisation>1</priorisation>
</item_app>
<item_app>
<code_ogr>10532</code_ogr>
<libelle>Agent / Agente de montage en ascenseurs</libelle>
<libelle_court>Agent / Agente de montage en ascenseurs</libelle_court>
<priorisation>1</priorisation>
</item_app>
<item_app>
<code_ogr>10662</code_ogr>
<libelle>Agent / Agente d&#0039;entretien d&#0039;ascenseurs</libelle>
<libelle_court>Agent / Agente d&#0039;entretien d&#0039;ascenseurs</libelle_court>
<priorisation>1</priorisation>
</item_app>
<item_app>
<code_ogr>10682</code_ogr>
<libelle>Agent / Agente d&#0039;entretien et de d&#0233;pannage d&#0039;ascenseurs</libelle>
<libelle_court>Agent / Agente d&#0039;entretien et de d&#0233;pannage d&#0039;ascenseurs</libelle_court>
<priorisation>1</priorisation>
</item_app>
<item_app>
<code_ogr>11164</code_ogr>
<libelle>Ascensoriste</libelle>
<libelle_court>Ascensoriste</libelle_court>
<priorisation>1</priorisation>
</item_app>
<item_app>
<code_ogr>12415</code_ogr>
<libelle>Chef d&#0039;&#0233;quipe de maintenance d&#0039;ascenseurs</libelle>
<libelle_court>Chef d&#0039;&#0233;quipe de maintenance d&#0039;ascenseurs</libelle_court>
<priorisation>1</priorisation>
</item_app>
<item_app>
<code_ogr>12421</code_ogr>
<libelle>Chef d&#0039;&#0233;quipe de montage d&#0039;ascenseurs</libelle>
<libelle_court>Chef d&#0039;&#0233;quipe de montage d&#0039;ascenseurs</libelle_court>
<priorisation>1</priorisation>
</item_app>
<item_app>
<code_ogr>13965</code_ogr>
<libelle>D&#0233;panneur / D&#0233;panneuse d&#0039;ascenseurs</libelle>
<libelle_court>D&#0233;panneur / D&#0233;panneuse d&#0039;ascenseurs</libelle_court>
<priorisation>1</priorisation>
</item_app>
<item_app>
<code_ogr>14648</code_ogr>
<libelle>Electrom&#0233;canicien / Electrom&#0233;canicienne d&#0039;ascenseurs</libelle>
<libelle_court>Electrom&#0233;canicien / Electrom&#0233;canicienne d&#0039;ascenseurs</libelle_court>
<priorisation>1</priorisation>
</item_app>
<item_app>
<code_ogr>16542</code_ogr>
<libelle>M&#0233;canicien-&#0233;lectricien d&#0233;panneur / M&#0233;canicienne-&#0233;lectricienne d&#0233;panneuse d&#0039;ascenseurs</libelle>
<libelle_court>M&#0233;canicien(ne)-&#0233;lectricien(ne) d&#0233;panneur(se) d&#0039;ascenseurs</libelle_court>
<priorisation>1</priorisation>
</item_app>
<item_app>
<code_ogr>16543</code_ogr>
<libelle>M&#0233;canicien-&#0233;lectricien monteur-r&#0233;gleur / M&#0233;canicienne-&#0233;lectricienne monteuse-r&#0233;gleuse d&#0039;ascenseurs</libelle>
<libelle_court>M&#0233;canicien(ne)-&#0233;lectricien(ne) monteur(se) d&#0039;ascenseurs</libelle_court>
<priorisation>1</priorisation>
</item_app>
<item_app>
<code_ogr>16763</code_ogr>
<libelle>Monteur / Monteuse d&#0039;ascenseurs</libelle>
<libelle_court>Monteur / Monteuse d&#0039;ascenseurs</libelle_court>
<priorisation>1</priorisation>
</item_app>
<item_app>
<code_ogr>16883</code_ogr>
<libelle>Monteur-d&#0233;panneur / Monteuse-d&#0233;panneuse d&#0039;ascenseurs</libelle>
<libelle_court>Monteur-d&#0233;panneur / Monteuse-d&#0233;panneuse d&#0039;ascenseurs</libelle_court>
<priorisation>1</priorisation>
</item_app>
<item_app>
<code_ogr>16859</code_ogr>
<libelle>Monteur-r&#0233;parateur / Monteuse-r&#0233;paratrice d&#0039;ascenseurs</libelle>
<libelle_court>Monteur-r&#0233;parateur / Monteuse-r&#0233;paratrice d&#0039;ascenseurs</libelle_court>
<priorisation>1</priorisation>
</item_app>
<item_app>
<code_ogr>18426</code_ogr>
<libelle>R&#0233;gleur / R&#0233;gleuse d&#0039;ascenseurs</libelle>
<libelle_court>R&#0233;gleur / R&#0233;gleuse d&#0039;ascenseurs</libelle_court>
<priorisation>1</priorisation>
</item_app>
<item_app>
<code_ogr>19810</code_ogr>
<libelle>Technicien / Technicienne de maintenance d&#0039;ascenseurs</libelle>
<libelle_court>Technicien / Technicienne de maintenance d&#0039;ascenseurs</libelle_court>
<priorisation>1</priorisation>
</item_app>
<item_app>
<code_ogr>19813</code_ogr>
<libelle>Technicien / Technicienne de maintenance de funiculaires</libelle>
<libelle_court>Technicien / Technicienne de maintenance de funiculaires</libelle_court>
<priorisation>1</priorisation>
</item_app>
<item_app>
<code_ogr>19814</code_ogr>
<libelle>Technicien / Technicienne de maintenance de portes automatiques</libelle>
<libelle_court>Technicien(ne) de maintenance de portes automatiques</libelle_court>
<priorisation>1</priorisation>
</item_app>
<item_app>
<code_ogr>19815</code_ogr>
<libelle>Technicien / Technicienne de maintenance de remont&#0233;es m&#0233;caniques</libelle>
<libelle_court>Technicien(ne) de maintenance de remont&#0233;es m&#0233;caniques</libelle_court>
<priorisation>1</priorisation>
</item_app>
<item_app>
<code_ogr>19830</code_ogr>
<libelle>Technicien / Technicienne de maintenance d&#0039;escaliers m&#0233;caniques</libelle>
<libelle_court>Technicien(ne) de maintenance d&#0039;escaliers m&#0233;caniques</libelle_court>
<priorisation>1</priorisation>
</item_app>
<item_app>
<code_ogr>19886</code_ogr>
<libelle>Technicien / Technicienne de modernisation d&#0039;ascenseurs</libelle>
<libelle_court>Technicien / Technicienne de modernisation d&#0039;ascenseurs</libelle_court>
<priorisation>1</priorisation>
</item_app>
<item_app>
<code_ogr>19887</code_ogr>
<libelle>Technicien / Technicienne de montage d&#0039;ascenseurs</libelle>
<libelle_court>Technicien / Technicienne de montage d&#0039;ascenseurs</libelle_court>
<priorisation>1</priorisation>
</item_app>
<item_app>
<code_ogr>19888</code_ogr>
<libelle>Technicien / Technicienne de monte-charges</libelle>
<libelle_court>Technicien / Technicienne de monte-charges</libelle_court>
<priorisation>1</priorisation>
</item_app>
<item_app>
<code_ogr>19945</code_ogr>
<libelle>Technicien / Technicienne des Circulations Verticales M&#0233;canis&#0233;es -CVM-</libelle>
<libelle_court>Technicien/Technicienne Circulations Verticales M&#0233;canis&#0233;es</libelle_court>
<priorisation>1</priorisation>
</item_app>
<item_app>
<code_ogr>20254</code_ogr>
<libelle>Technicien / Technicienne Service Apr&#0232;s-Vente -SAV- d&#0039;ascenseurs</libelle>
<libelle_court>Technicien/Technicienne Service Apr&#0232;s-Vente -SAV- ascenseurs</libelle_court>
<priorisation>1</priorisation>
</item_app>
</bloc_appellation>
<definition nbItemDefinition="2">
Effectue l&#0039;entretien, le d&#0233;pannage, la surveillance ou l&#0039;installation d&#0039;&#0233;quipements &#0224; dispositifs m&#0233;caniques, &#0233;lectriques, &#0233;lectroniques, automatiques, hydrauliques, ... (ascenseurs, escaliers m&#0233;caniques, trottoirs roulants, monte-charges, ...) selon les r&#0232;gles de s&#0233;curit&#0233; et la r&#0233;glementation.
Peut coordonner une &#0233;quipe.
</definition>
<acces_emploi_metier nbItemAccesEmploiMetier="3">
Cet emploi/m&#0233;tier est accessible avec un dipl&#0244;me de niveau CAP/BEP &#0224; Bac professionnel en &#0233;lectricit&#0233;, m&#0233;canique, &#0233;lectronique, &#0233;lectrotechnique, maintenance, ...
Un BTS/DUT en maintenance peut &#0234;tre demand&#0233;.
Une habilitation aux risques d&#0039;origine &#0233;lectrique est exig&#0233;e.
</acces_emploi_metier>
<condition_exercice_activite nbItemConditionExercice="5">
L&#0039;activit&#0233; de cet emploi/m&#0233;tier s&#0039;exerce au sein d&#0039;entreprises industrielles, de soci&#0233;t&#0233;s de services, de soci&#0233;t&#0233;s de maintenance, d&#0039;entreprises artisanales sp&#0233;cialis&#0233;es en syst&#0232;mes de d&#0233;placement (ascenseurs, escaliers m&#0233;caniques, trottoirs roulants, ...) et implique d&#0039;&#0234;tre en contact avec diff&#0233;rents intervenants (clients, gestionnaires d&#0039;&#0233;quipements, ...).
Elle varie selon le lieu d&#0039;intervention (sites industriels, chantiers de construction ou de r&#0233;habilitation, lieux publics, ...) ou le type d&#0039;intervention (maintenance, installation, modernisation, ...).
Elle peut s&#0039;exercer les fins de semaine, de nuit et &#0234;tre soumise &#0224; des astreintes.
L&#0039;activit&#0233; peut s&#0039;effectuer &#0224; proximit&#0233; du vide, impliquer des positions inconfortables et le port de charges.
Le port d&#0039;&#0233;quipements de protection (casque, harnais, gants, ...) est exig&#0233;.
</condition_exercice_activite>
<bloc_environnement_de_travail nbItemEnvTrav="4">
<item_env>
<code_ogr>23870</code_ogr>
<libelle>Entreprise artisanale</libelle>
<code_type_section_env>1</code_type_section_env>
<priorisation>1</priorisation>
</item_env>
<item_env>
<code_ogr>23909</code_ogr>
<libelle>Entreprise industrielle</libelle>
<code_type_section_env>1</code_type_section_env>
<priorisation>1</priorisation>
</item_env>
<item_env>
<code_ogr>24093</code_ogr>
<libelle>Soci&#0233;t&#0233; de services</libelle>
<code_type_section_env>1</code_type_section_env>
<priorisation>1</priorisation>
</item_env>
<item_env>
<code_ogr>23379</code_ogr>
<libelle>En grande hauteur</libelle>
<code_type_section_env>3</code_type_section_env>
<priorisation>1</priorisation>
</item_env>
</bloc_environnement_de_travail>
<bloc_activites_de_base nbBlocActiviteBase="1">
<activites_de_base nbItemActivite_AB="8">
<item_ab>
<code_ogr>123651</code_ogr>
<libelle>S&#0233;curiser un lieu d&#0039;intervention</libelle>
<code_type_activite>3</code_type_activite>
<code_type_item_activite>2</code_type_item_activite>
<position_item>1</position_item>
<priorisation>1</priorisation>
<riasec_majeur>C</riasec_majeur>
</item_ab>
<item_ab>
<code_ogr>123652</code_ogr>
<libelle>Consigner une installation</libelle>
<code_type_activite>3</code_type_activite>
<code_type_item_activite>2</code_type_item_activite>
<position_item>2</position_item>
<priorisation>1</priorisation>
<riasec_majeur>C</riasec_majeur>
</item_ab>
<item_ab>
<code_ogr>106678</code_ogr>
<libelle>Tester et contr&#0244;ler les syst&#0232;mes de s&#0233;curit&#0233; et ajuster les r&#0233;glages des &#0233;l&#0233;ments m&#0233;caniques, &#0233;lectriques, &#0233;lectroniques, hydrauliques, ...</libelle>
<code_type_activite>3</code_type_activite>
<code_type_item_activite>2</code_type_item_activite>
<position_item>3</position_item>
<priorisation>1</priorisation>
<riasec_majeur>R</riasec_majeur>
<riasec_mineur>c</riasec_mineur>
</item_ab>
<item_ab>
<code_ogr>106679</code_ogr>
<libelle>Rep&#0233;rer les &#0233;l&#0233;ments d&#0233;fectueux et proc&#0233;der &#0224; leur changement lors d&#0039;interventions de d&#0233;pannage ou de maintenance</libelle>
<code_type_activite>3</code_type_activite>
<code_type_item_activite>2</code_type_item_activite>
<position_item>4</position_item>
<priorisation>1</priorisation>
<riasec_majeur>R</riasec_majeur>
</item_ab>
<item_ab>
<code_ogr>121180</code_ogr>
<libelle>Installer des &#0233;quipements d&#0039;ascenseur</libelle>
<code_type_activite>3</code_type_activite>
<code_type_item_activite>2</code_type_item_activite>
<position_item>5</position_item>
<priorisation>1</priorisation>
<riasec_majeur>R</riasec_majeur>
</item_ab>
<item_ab>
<code_ogr>102694</code_ogr>
<libelle>Renseigner les supports de suivi d&#0039;intervention et transmettre les informations au service concern&#0233;</libelle>
<code_type_activite>3</code_type_activite>
<code_type_item_activite>2</code_type_item_activite>
<position_item>6</position_item>
<priorisation>1</priorisation>
<riasec_majeur>C</riasec_majeur>
<riasec_mineur>r</riasec_mineur>
</item_ab>
<item_ab>
<code_ogr>117369</code_ogr>
<libelle>D&#0233;finir les caract&#0233;ristiques techniques du produit</libelle>
<code_type_activite>3</code_type_activite>
<code_type_item_activite>2</code_type_item_activite>
<position_item>7</position_item>
<priorisation>1</priorisation>
<riasec_majeur>R</riasec_majeur>
<riasec_mineur>c</riasec_mineur>
</item_ab>
<item_ab>
<code_ogr>121403</code_ogr>
<libelle>Assister un client lors de la prise en main d&#0039;un outil/ &#0233;quipement</libelle>
<code_type_activite>3</code_type_activite>
<code_type_item_activite>2</code_type_item_activite>
<position_item>8</position_item>
<priorisation>1</priorisation>
<riasec_majeur>R</riasec_majeur>
<riasec_mineur>s</riasec_mineur>
</item_ab>
</activites_de_base>
<savoir_theorique_et_proceduraux nbItemSTP_AB="14">
<item_ab_stp>
<code_ogr>100017</code_ogr>
<libelle>R&#0232;gles de s&#0233;curit&#0233;</libelle>
<code_type_competence>1</code_type_competence>
<position_item>1</position_item>
<priorisation>1</priorisation>
</item_ab_stp>
<item_ab_stp>
<code_ogr>104514</code_ogr>
<libelle>M&#0233;canique</libelle>
<code_type_competence>1</code_type_competence>
<position_item>2</position_item>
<priorisation>1</priorisation>
</item_ab_stp>
<item_ab_stp>
<code_ogr>102717</code_ogr>
<libelle>Electricit&#0233;</libelle>
<code_type_competence>1</code_type_competence>
<position_item>3</position_item>
<priorisation>1</priorisation>
</item_ab_stp>
<item_ab_stp>
<code_ogr>104546</code_ogr>
<libelle>Electrotechnique</libelle>
<code_type_competence>1</code_type_competence>
<position_item>4</position_item>
<priorisation>1</priorisation>
</item_ab_stp>
<item_ab_stp>
<code_ogr>104425</code_ogr>
<libelle>Hydraulique</libelle>
<code_type_competence>1</code_type_competence>
<position_item>5</position_item>
<priorisation>1</priorisation>
</item_ab_stp>
<item_ab_stp>
<code_ogr>104415</code_ogr>
<libelle>Automatisme</libelle>
<code_type_competence>1</code_type_competence>
<position_item>6</position_item>
<priorisation>1</priorisation>
</item_ab_stp>
<item_ab_stp>
<code_ogr>104547</code_ogr>
<libelle>Pneumatique</libelle>
<code_type_competence>1</code_type_competence>
<position_item>7</position_item>
<priorisation>1</priorisation>
</item_ab_stp>
<item_ab_stp>
<code_ogr>106681</code_ogr>
<libelle>Assemblage de composants &#0233;lectriques</libelle>
<code_type_competence>1</code_type_competence>
<position_item>8</position_item>
<priorisation>1</priorisation>
</item_ab_stp>
<item_ab_stp>
<code_ogr>103501</code_ogr>
<libelle>Utilisation d&#0039;appareils de mesure &#0233;lectrique (multim&#0232;tre, ...)</libelle>
<code_type_competence>1</code_type_competence>
<position_item>9</position_item>
<priorisation>1</priorisation>
</item_ab_stp>
<item_ab_stp>
<code_ogr>124463</code_ogr>
<libelle>Appareil de contr&#0244;le de programmation</libelle>
<code_type_competence>1</code_type_competence>
<position_item>10</position_item>
<priorisation>1</priorisation>
</item_ab_stp>
<item_ab_stp>
<code_ogr>100286</code_ogr>
<libelle>Techniques de soudure</libelle>
<code_type_competence>1</code_type_competence>
<position_item>11</position_item>
<priorisation>1</priorisation>
</item_ab_stp>
<item_ab_stp>
<code_ogr>100213</code_ogr>
<libelle>Utilisation de mat&#0233;riel de levage</libelle>
<code_type_competence>1</code_type_competence>
<position_item>12</position_item>
<priorisation>1</priorisation>
</item_ab_stp>
<item_ab_stp>
<code_ogr>104413</code_ogr>
<libelle>Electronique</libelle>
<code_type_competence>1</code_type_competence>
<position_item>13</position_item>
<priorisation>1</priorisation>
</item_ab_stp>
<item_ab_stp>
<code_ogr>103070</code_ogr>
<libelle>Lecture de plan, de sch&#0233;ma</libelle>
<code_type_competence>1</code_type_competence>
<position_item>14</position_item>
<priorisation>1</priorisation>
</item_ab_stp>
</savoir_theorique_et_proceduraux>
<savoir_action nbItemSA_AB="0">
</savoir_action>
</bloc_activites_de_base>
<bloc_activites_specifiques nbBlocActiviteSpecifique="10">
<bloc>
<position_bloc>1</position_bloc>
<activite_specifique nbItemActivite_AS="1">
<item_as>
<code_ogr>123193</code_ogr>
<libelle>Entretenir un &#0233;quipement m&#0233;canique/m&#0233;canis&#0233;</libelle>
<code_type_activite>3</code_type_activite>
<code_type_item_activite>2</code_type_item_activite>
<position_item>1</position_item>
<priorisation>1</priorisation>
<riasec_majeur>R</riasec_majeur>
</item_as>
</activite_specifique>
<savoir_theorique_et_proceduraux nbItemSTP_AS="1">
<item_as_stp>
<code_ogr>100091</code_ogr>
<libelle>Normes de s&#0233;curit&#0233; des espaces et des &#0233;tablissements recevant du public</libelle>
<code_type_competence>1</code_type_competence>
<position_item>1</position_item>
<priorisation>1</priorisation>
</item_as_stp>
</savoir_theorique_et_proceduraux>
<savoir_action nbItemSA_AS="0">
</savoir_action>
</bloc>
<bloc>
<position_bloc>2</position_bloc>
<activite_specifique nbItemActivite_AS="1">
<item_as>
<code_ogr>124184</code_ogr>
<libelle>R&#0233;aliser une intervention n&#0233;cessitant une habilitation</libelle>
<code_type_activite>3</code_type_activite>
<code_type_item_activite>2</code_type_item_activite>
<position_item>1</position_item>
<priorisation>1</priorisation>
<riasec_majeur>R</riasec_majeur>
</item_as>
</activite_specifique>
<savoir_theorique_et_proceduraux nbItemSTP_AS="2">
<item_as_stp>
<code_ogr>124200</code_ogr>
<libelle>Habilitations &#0233;lectriques de travaux hors tension</libelle>
<code_type_competence>1</code_type_competence>
<position_item>1</position_item>
<priorisation>1</priorisation>
</item_as_stp>
<item_as_stp>
<code_ogr>124201</code_ogr>
<libelle>Habilitations &#0233;lectriques de travaux sous tension</libelle>
<code_type_competence>1</code_type_competence>
<position_item>2</position_item>
<priorisation>1</priorisation>
</item_as_stp>
</savoir_theorique_et_proceduraux>
<savoir_action nbItemSA_AS="0">
</savoir_action>
</bloc>
<bloc>
<position_bloc>3</position_bloc>
<activite_specifique nbItemActivite_AS="1">
<item_as>
<code_ogr>122027</code_ogr>
<libelle>D&#0233;finir l&#0039;implantation des &#0233;l&#0233;ments d&#0039;un &#0233;quipement</libelle>
<code_type_activite>3</code_type_activite>
<code_type_item_activite>2</code_type_item_activite>
<position_item>1</position_item>
<priorisation>1</priorisation>
<riasec_majeur>R</riasec_majeur>
</item_as>
</activite_specifique>
<savoir_theorique_et_proceduraux nbItemSTP_AS="0">
</savoir_theorique_et_proceduraux>
<savoir_action nbItemSA_AS="0">
</savoir_action>
</bloc>
<bloc>
<position_bloc>4</position_bloc>
<activite_specifique nbItemActivite_AS="1">
<item_as>
<code_ogr>125413</code_ogr>
<libelle>Installer un syst&#0232;me &#0233;lectrique ou &#0233;lectronique de commande</libelle>
<code_type_activite>3</code_type_activite>
<code_type_item_activite>2</code_type_item_activite>
<position_item>1</position_item>
<priorisation>1</priorisation>
<riasec_majeur>R</riasec_majeur>
</item_as>
</activite_specifique>
<savoir_theorique_et_proceduraux nbItemSTP_AS="0">
</savoir_theorique_et_proceduraux>
<savoir_action nbItemSA_AS="0">
</savoir_action>
</bloc>
<bloc>
<position_bloc>5</position_bloc>
<activite_specifique nbItemActivite_AS="2">
<item_as>
<code_ogr>125819</code_ogr>
<libelle>R&#0233;aliser une op&#0233;ration de mise en conformit&#0233; r&#0233;glementaire</libelle>
<code_type_activite>3</code_type_activite>
<code_type_item_activite>2</code_type_item_activite>
<position_item>1</position_item>
<priorisation>1</priorisation>
<riasec_majeur>R</riasec_majeur>
</item_as>
<item_as>
<code_ogr>125820</code_ogr>
<libelle>Moderniser une installation ou un &#0233;quipement</libelle>
<code_type_activite>3</code_type_activite>
<code_type_item_activite>2</code_type_item_activite>
<position_item>2</position_item>
<priorisation>1</priorisation>
<riasec_majeur>R</riasec_majeur>
</item_as>
</activite_specifique>
<savoir_theorique_et_proceduraux nbItemSTP_AS="0">
</savoir_theorique_et_proceduraux>
<savoir_action nbItemSA_AS="0">
</savoir_action>
</bloc>
<bloc>
<position_bloc>6</position_bloc>
<activite_specifique nbItemActivite_AS="1">
<item_as>
<code_ogr>124063</code_ogr>
<libelle>Constituer des preuves de conformit&#0233; pour une installation</libelle>
<code_type_activite>3</code_type_activite>
<code_type_item_activite>2</code_type_item_activite>
<position_item>1</position_item>
<priorisation>1</priorisation>
<riasec_majeur>C</riasec_majeur>
</item_as>
</activite_specifique>
<savoir_theorique_et_proceduraux nbItemSTP_AS="0">
</savoir_theorique_et_proceduraux>
<savoir_action nbItemSA_AS="0">
</savoir_action>
</bloc>
<bloc>
<position_bloc>7</position_bloc>
<activite_specifique nbItemActivite_AS="1">
<item_as>
<code_ogr>120982</code_ogr>
<libelle>Suivre les besoins en &#0233;quipements, mat&#0233;riels et consommables</libelle>
<code_type_activite>3</code_type_activite>
<code_type_item_activite>2</code_type_item_activite>
<position_item>1</position_item>
<priorisation>1</priorisation>
<riasec_majeur>C</riasec_majeur>
</item_as>
</activite_specifique>
<savoir_theorique_et_proceduraux nbItemSTP_AS="0">
</savoir_theorique_et_proceduraux>
<savoir_action nbItemSA_AS="0">
</savoir_action>
</bloc>
<bloc>
<position_bloc>8</position_bloc>
<activite_specifique nbItemActivite_AS="1">
<item_as>
<code_ogr>114902</code_ogr>
<libelle>R&#0233;aliser la t&#0233;l&#0233;surveillance d&#0039;un parc d&#0039;appareils</libelle>
<code_type_activite>3</code_type_activite>
<code_type_item_activite>2</code_type_item_activite>
<position_item>1</position_item>
<priorisation>1</priorisation>
<riasec_majeur>C</riasec_majeur>
</item_as>
</activite_specifique>
<savoir_theorique_et_proceduraux nbItemSTP_AS="0">
</savoir_theorique_et_proceduraux>
<savoir_action nbItemSA_AS="0">
</savoir_action>
</bloc>
<bloc>
<position_bloc>9</position_bloc>
<activite_specifique nbItemActivite_AS="1">
<item_as>
<code_ogr>126270</code_ogr>
<libelle>Assister et d&#0233;gager des usagers bloqu&#0233;s dans une installation</libelle>
<code_type_activite>3</code_type_activite>
<code_type_item_activite>2</code_type_item_activite>
<position_item>1</position_item>
<priorisation>1</priorisation>
<riasec_majeur>S</riasec_majeur>
<riasec_mineur>r</riasec_mineur>
</item_as>
</activite_specifique>
<savoir_theorique_et_proceduraux nbItemSTP_AS="0">
</savoir_theorique_et_proceduraux>
<savoir_action nbItemSA_AS="0">
</savoir_action>
</bloc>
<bloc>
<position_bloc>10</position_bloc>
<activite_specifique nbItemActivite_AS="1">
<item_as>
<code_ogr>102359</code_ogr>
<libelle>Coordonner l&#0039;activit&#0233; d&#0039;une &#0233;quipe</libelle>
<code_type_activite>3</code_type_activite>
<code_type_item_activite>2</code_type_item_activite>
<position_item>1</position_item>
<priorisation>1</priorisation>
<riasec_majeur>E</riasec_majeur>
<riasec_mineur>s</riasec_mineur>
</item_as>
</activite_specifique>
<savoir_theorique_et_proceduraux nbItemSTP_AS="0">
</savoir_theorique_et_proceduraux>
<savoir_action nbItemSA_AS="0">
</savoir_action>
</bloc>
</bloc_activites_specifiques>
<bloc_mobilites>
<mobilites_proches nbItemMob="5">
<item_mob_pr><code_type_mobilite>1</code_type_mobilite>
<liste_appellation_source>
<code_appellation_source>0</code_appellation_source>
<libelle_appellation_source>Toutes les appellations</libelle_appellation_source>
</liste_appellation_source>
<code_rome_cible>I1302</code_rome_cible>
<libelle_rome_cible>Installation et maintenance d&#0039;automatismes</libelle_rome_cible>
<liste_appellation_cible>
<code_appellation_cible>0</code_appellation_cible>
<libelle_appellation_cible>Toutes les appellations</libelle_appellation_cible>
</liste_appellation_cible>
</item_mob_pr>
<item_mob_pr><code_type_mobilite>1</code_type_mobilite>
<liste_appellation_source>
<code_appellation_source>0</code_appellation_source>
<libelle_appellation_source>Toutes les appellations</libelle_appellation_source>
</liste_appellation_source>
<code_rome_cible>I1304</code_rome_cible>
<libelle_rome_cible>Installation et maintenance d&#0039;&#0233;quipements industriels et d&#0039;exploitation</libelle_rome_cible>
<liste_appellation_cible>
<code_appellation_cible>0</code_appellation_cible>
<libelle_appellation_cible>Toutes les appellations</libelle_appellation_cible>
</liste_appellation_cible>
</item_mob_pr>
<item_mob_pr><code_type_mobilite>1</code_type_mobilite>
<liste_appellation_source>
<code_appellation_source>0</code_appellation_source>
<libelle_appellation_source>Toutes les appellations</libelle_appellation_source>
</liste_appellation_source>
<code_rome_cible>I1309</code_rome_cible>
<libelle_rome_cible>Maintenance &#0233;lectrique</libelle_rome_cible>
<liste_appellation_cible>
<code_appellation_cible>0</code_appellation_cible>
<libelle_appellation_cible>Toutes les appellations</libelle_appellation_cible>
</liste_appellation_cible>
</item_mob_pr>
<item_mob_pr><code_type_mobilite>1</code_type_mobilite>
<liste_appellation_source>
<code_appellation_source>0</code_appellation_source>
<libelle_appellation_source>Toutes les appellations</libelle_appellation_source>
</liste_appellation_source>
<code_rome_cible>I1310</code_rome_cible>
<libelle_rome_cible>Maintenance m&#0233;canique industrielle</libelle_rome_cible>
<liste_appellation_cible>
<code_appellation_cible>0</code_appellation_cible>
<libelle_appellation_cible>Toutes les appellations</libelle_appellation_cible>
</liste_appellation_cible>
</item_mob_pr>
<item_mob_pr><code_type_mobilite>1</code_type_mobilite>
<liste_appellation_source>
<code_appellation_source>0</code_appellation_source>
<libelle_appellation_source>Toutes les appellations</libelle_appellation_source>
</liste_appellation_source>
<code_rome_cible>I1603</code_rome_cible>
<libelle_rome_cible>Maintenance d&#0039;engins de chantier, levage, manutention et de machines agricoles</libelle_rome_cible>
<liste_appellation_cible>
<code_appellation_cible>0</code_appellation_cible>
<libelle_appellation_cible>Toutes les appellations</libelle_appellation_cible>
</liste_appellation_cible>
</item_mob_pr>
</mobilites_proches>
<mobilites_si_evolution nbItemMob="3">
<item_mob_ev><code_type_mobilite>2</code_type_mobilite>
<liste_appellation_source>
<code_appellation_source>0</code_appellation_source>
<libelle_appellation_source>Toutes les appellations</libelle_appellation_source>
</liste_appellation_source>
<code_rome_cible>D1402</code_rome_cible>
<libelle_rome_cible>Relation commerciale grands comptes et entreprises</libelle_rome_cible>
<liste_appellation_cible>
<code_appellation_cible>0</code_appellation_cible>
<libelle_appellation_cible>Toutes les appellations</libelle_appellation_cible>
</liste_appellation_cible>
</item_mob_ev>
<item_mob_ev><code_type_mobilite>2</code_type_mobilite>
<liste_appellation_source>
<code_appellation_source>0</code_appellation_source>
<libelle_appellation_source>Toutes les appellations</libelle_appellation_source>
</liste_appellation_source>
<code_rome_cible>H1301</code_rome_cible>
<libelle_rome_cible>Inspection de conformit&#0233;</libelle_rome_cible>
<liste_appellation_cible>
<code_appellation_cible>15923</code_appellation_cible>
<libelle_appellation_cible>Inspecteur / Inspectrice de conformit&#0233; d&#0039;ascenseurs</libelle_appellation_cible>
</liste_appellation_cible>
</item_mob_ev>
<item_mob_ev><code_type_mobilite>2</code_type_mobilite>
<liste_appellation_source>
<code_appellation_source>0</code_appellation_source>
<libelle_appellation_source>Toutes les appellations</libelle_appellation_source>
</liste_appellation_source>
<code_rome_cible>K2111</code_rome_cible>
<libelle_rome_cible>Formation professionnelle</libelle_rome_cible>
<liste_appellation_cible>
<code_appellation_cible>0</code_appellation_cible>
<libelle_appellation_cible>Toutes les appellations</libelle_appellation_cible>
</liste_appellation_cible>
</item_mob_ev>
</mobilites_si_evolution>
</bloc_mobilites>
</fiche_emploi_metier>