<?xml version="1.0" encoding="UTF-8" ?>
<fiche_emploi_metier>
<type_fiche>2</type_fiche>
<libelle_type_fiche>priorise</libelle_type_fiche>
<version_SI>
<version_rome>333</version_rome>
<date_version_si>01/10/2017</date_version_si>
<mois_version_si>Octobre</mois_version_si>
<annee_version_si>2017</annee_version_si>
</version_SI>
<bloc_code_rome>
<code_rome>I1304</code_rome>
<intitule>Installation et maintenance d&#0039;&#0233;quipements industriels et d&#0039;exploitation</intitule>
<code_ogr>313</code_ogr>
<riasec_majeur>R</riasec_majeur>
<riasec_mineur>c</riasec_mineur>
</bloc_code_rome>
<bloc_appellation nbItemAppellation="39">
<item_app>
<code_ogr>10501</code_ogr>
<libelle>Agent / Agente de maintenance industrielle</libelle>
<libelle_court>Agent / Agente de maintenance industrielle</libelle_court>
<priorisation>1</priorisation>
</item_app>
<item_app>
<code_ogr>10506</code_ogr>
<libelle>Agent / Agente de ma&#0238;trise d&#0039;atelier de maintenance industrielle</libelle>
<libelle_court>Agent(e) de ma&#0238;trise d&#0039;atelier de maintenance industrielle</libelle_court>
<priorisation>1</priorisation>
</item_app>
<item_app>
<code_ogr>10510</code_ogr>
<libelle>Agent / Agente de ma&#0238;trise de maintenance industrielle</libelle>
<libelle_court>Agent / Agente de ma&#0238;trise de maintenance industrielle</libelle_court>
<priorisation>1</priorisation>
</item_app>
<item_app>
<code_ogr>10513</code_ogr>
<libelle>Agent / Agente de ma&#0238;trise d&#0039;entretien en &#0233;lectrom&#0233;canique</libelle>
<libelle_court>Agent / Agente de ma&#0238;trise d&#0039;entretien en &#0233;lectrom&#0233;canique</libelle_court>
<priorisation>1</priorisation>
</item_app>
<item_app>
<code_ogr>38159</code_ogr>
<libelle>Chef d&#0039;atelier de maintenance de mat&#0233;riels</libelle>
<libelle_court>Chef d&#0039;atelier de maintenance de mat&#0233;riels</libelle_court>
<priorisation>1</priorisation>
</item_app>
<item_app>
<code_ogr>12037</code_ogr>
<libelle>Chef d&#0039;atelier de maintenance d&#0039;&#0233;quipements de production</libelle>
<libelle_court>Chef d&#0039;atelier de maintenance d&#0039;&#0233;quipements de production</libelle_court>
<priorisation>1</priorisation>
</item_app>
<item_app>
<code_ogr>12038</code_ogr>
<libelle>Chef d&#0039;atelier de maintenance d&#0039;&#0233;quipements d&#0039;exploitation</libelle>
<libelle_court>Chef d&#0039;atelier de maintenance d&#0039;&#0233;quipements d&#0039;exploitation</libelle_court>
<priorisation>1</priorisation>
</item_app>
<item_app>
<code_ogr>12041</code_ogr>
<libelle>Chef d&#0039;atelier de maintenance en &#0233;lectrom&#0233;canique</libelle>
<libelle_court>Chef d&#0039;atelier de maintenance en &#0233;lectrom&#0233;canique</libelle_court>
<priorisation>1</priorisation>
</item_app>
<item_app>
<code_ogr>12042</code_ogr>
<libelle>Chef d&#0039;atelier de maintenance industrielle</libelle>
<libelle_court>Chef d&#0039;atelier de maintenance industrielle</libelle_court>
<priorisation>1</priorisation>
</item_app>
<item_app>
<code_ogr>12047</code_ogr>
<libelle>Chef d&#0039;atelier d&#0039;entretien et de maintenance industrielle</libelle>
<libelle_court>Chef d&#0039;atelier d&#0039;entretien et de maintenance industrielle</libelle_court>
<priorisation>1</priorisation>
</item_app>
<item_app>
<code_ogr>38501</code_ogr>
<libelle>Chef de chantier de maintenance en &#0233;lectrom&#0233;canique</libelle>
<libelle_court>Chef de chantier de maintenance en &#0233;lectrom&#0233;canique</libelle_court>
<priorisation>1</priorisation>
</item_app>
<item_app>
<code_ogr>12418</code_ogr>
<libelle>Chef d&#0039;&#0233;quipe de maintenance industrielle</libelle>
<libelle_court>Chef d&#0039;&#0233;quipe de maintenance industrielle</libelle_court>
<priorisation>1</priorisation>
</item_app>
<item_app>
<code_ogr>13564</code_ogr>
<libelle>Contrema&#0238;tre / Contrema&#0238;tresse de maintenance industrielle</libelle>
<libelle_court>Contrema&#0238;tre / Contrema&#0238;tresse de maintenance industrielle</libelle_court>
<priorisation>1</priorisation>
</item_app>
<item_app>
<code_ogr>38857</code_ogr>
<libelle>D&#0233;panneur &#0233;lectrom&#0233;canicien / D&#0233;panneuse &#0233;lectrom&#0233;canicienne d&#0039;&#0233;quipements industriels</libelle>
<libelle_court>D&#0233;panneur(se) &#0233;lectrom&#0233;canicien(ne) &#0233;quipements industriels</libelle_court>
<priorisation>1</priorisation>
</item_app>
<item_app>
<code_ogr>14497</code_ogr>
<libelle>Dispatcheur / Dispatcheuse de techniciens de maintenance</libelle>
<libelle_court>Dispatcheur / Dispatcheuse de techniciens de maintenance</libelle_court>
<priorisation>1</priorisation>
</item_app>
<item_app>
<code_ogr>14653</code_ogr>
<libelle>Electrom&#0233;canicien / Electrom&#0233;canicienne de maintenance industrielle</libelle>
<libelle_court>Electrom&#0233;canicien(ne) de maintenance industrielle</libelle_court>
<priorisation>1</priorisation>
</item_app>
<item_app>
<code_ogr>14660</code_ogr>
<libelle>Electrom&#0233;canicien / Electrom&#0233;canicienne d&#0039;&#0233;quipements d&#0039;exploitation</libelle>
<libelle_court>Electrom&#0233;canicien(ne) d&#0039;&#0233;quipements d&#0039;exploitation</libelle_court>
<priorisation>1</priorisation>
</item_app>
<item_app>
<code_ogr>14661</code_ogr>
<libelle>Electrom&#0233;canicien / Electrom&#0233;canicienne d&#0039;&#0233;quipements industriels</libelle>
<libelle_court>Electrom&#0233;canicien(ne) d&#0039;&#0233;quipements industriels</libelle_court>
<priorisation>1</priorisation>
</item_app>
<item_app>
<code_ogr>14662</code_ogr>
<libelle>Electrom&#0233;canicien / Electrom&#0233;canicienne en machines tournantes</libelle>
<libelle_court>Electrom&#0233;canicien/Electrom&#0233;canicienne en machines tournantes</libelle_court>
<priorisation>1</priorisation>
</item_app>
<item_app>
<code_ogr>14679</code_ogr>
<libelle>Electrotechnicien / Electrotechnicienne branche industrie</libelle>
<libelle_court>Electrotechnicien / Electrotechnicienne branche industrie</libelle_court>
<priorisation>1</priorisation>
</item_app>
<item_app>
<code_ogr>16473</code_ogr>
<libelle>M&#0233;canicien / M&#0233;canicienne de maintenance de mat&#0233;riel ferroviaire</libelle>
<libelle_court>M&#0233;canicien(ne) de maintenance de mat&#0233;riel ferroviaire</libelle_court>
<priorisation>1</priorisation>
</item_app>
<item_app>
<code_ogr>38448</code_ogr>
<libelle>Nivoculteur / Nivocultrice</libelle>
<libelle_court>Nivoculteur / Nivocultrice</libelle_court>
<priorisation>1</priorisation>
</item_app>
<item_app>
<code_ogr>38160</code_ogr>
<libelle>Technicien / Technicienne de maintenance de parcs &#0233;oliens</libelle>
<libelle_court>Technicien / Technicienne de maintenance de parcs &#0233;oliens</libelle_court>
<priorisation>1</priorisation>
</item_app>
<item_app>
<code_ogr>19825</code_ogr>
<libelle>Technicien / Technicienne de maintenance d&#0039;&#0233;quipements de parcs d&#0039;attractions</libelle>
<libelle_court>Technicien(ne) maintenance d&#0039;&#0233;quipnts de parcs d&#0039;attractions</libelle_court>
<priorisation>1</priorisation>
</item_app>
<item_app>
<code_ogr>19826</code_ogr>
<libelle>Technicien / Technicienne de maintenance d&#0039;&#0233;quipements de production</libelle>
<libelle_court>Technicien(ne) de maintenance d&#0039;&#0233;quipements de production</libelle_court>
<priorisation>1</priorisation>
</item_app>
<item_app>
<code_ogr>19827</code_ogr>
<libelle>Technicien / Technicienne de maintenance d&#0039;&#0233;quipements d&#0039;exploitation</libelle>
<libelle_court>Technicien(ne) de maintenance d&#0039;&#0233;quipements d&#0039;exploitation</libelle_court>
<priorisation>1</priorisation>
</item_app>
<item_app>
<code_ogr>19840</code_ogr>
<libelle>Technicien / Technicienne de maintenance en &#0233;quipements industriels</libelle>
<libelle_court>Technicien(ne) de maintenance en &#0233;quipements industriels</libelle_court>
<priorisation>1</priorisation>
</item_app>
<item_app>
<code_ogr>19870</code_ogr>
<libelle>Technicien / Technicienne de maintenance industrielle</libelle>
<libelle_court>Technicien / Technicienne de maintenance industrielle</libelle_court>
<priorisation>1</priorisation>
</item_app>
<item_app>
<code_ogr>19871</code_ogr>
<libelle>Technicien / Technicienne de maintenance industrielle polyvalente</libelle>
<libelle_court>Technicien(ne) de maintenance industrielle polyvalente</libelle_court>
<priorisation>1</priorisation>
</item_app>
<item_app>
<code_ogr>19872</code_ogr>
<libelle>Technicien / Technicienne de maintenance process</libelle>
<libelle_court>Technicien / Technicienne de maintenance process</libelle_court>
<priorisation>1</priorisation>
</item_app>
<item_app>
<code_ogr>19876</code_ogr>
<libelle>Technicien / Technicienne de mat&#0233;riel ferroviaire</libelle>
<libelle_court>Technicien / Technicienne de mat&#0233;riel ferroviaire</libelle_court>
<priorisation>1</priorisation>
</item_app>
<item_app>
<code_ogr>19877</code_ogr>
<libelle>Technicien / Technicienne de mat&#0233;riels roulants</libelle>
<libelle_court>Technicien / Technicienne de mat&#0233;riels roulants</libelle_court>
<priorisation>1</priorisation>
</item_app>
<item_app>
<code_ogr>19885</code_ogr>
<libelle>Technicien / Technicienne de mise en service d&#0039;&#0233;quipements industriels</libelle>
<libelle_court>Technicien(ne) de mise en service d&#0039;&#0233;quipements industriels</libelle_court>
<priorisation>1</priorisation>
</item_app>
<item_app>
<code_ogr>19996</code_ogr>
<libelle>Technicien / Technicienne d&#0039;installation d&#0039;&#0233;quipements industriels</libelle>
<libelle_court>Technicien(ne) d&#0039;installation d&#0039;&#0233;quipements industriels</libelle_court>
<priorisation>1</priorisation>
</item_app>
<item_app>
<code_ogr>20004</code_ogr>
<libelle>Technicien / Technicienne d&#0039;installation industrielle</libelle>
<libelle_court>Technicien / Technicienne d&#0039;installation industrielle</libelle_court>
<priorisation>1</priorisation>
</item_app>
<item_app>
<code_ogr>38741</code_ogr>
<libelle>Technicien / Technicienne montage et maintenance d&#0039;&#0233;oliennes domestiques</libelle>
<libelle_court>Technicien(ne) montage &#0038; maintenance d&#0039;&#0233;oliennes domestiques</libelle_court>
<priorisation>1</priorisation>
</item_app>
<item_app>
<code_ogr>20033</code_ogr>
<libelle>Technicien &#0233;lectrotechnicien / Technicienne &#0233;lectrotechnicienne en installation d&#0039;exploitation</libelle>
<libelle_court>Technicien(ne) &#0233;lectrotechnicien(ne) install d&#0039;exploitation</libelle_court>
<priorisation>1</priorisation>
</item_app>
<item_app>
<code_ogr>20034</code_ogr>
<libelle>Technicien &#0233;lectrotechnicien / Technicienne &#0233;lectrotechnicienne en installation industrielle</libelle>
<libelle_court>Technicien(ne) &#0233;lectrotechnicien(ne) install industrielle</libelle_court>
<priorisation>1</priorisation>
</item_app>
<item_app>
<code_ogr>20175</code_ogr>
<libelle>Technicien itin&#0233;rant / Technicienne itin&#0233;rante de maintenance Service Apr&#0232;s-Vente -SAV-</libelle>
<libelle_court>Technicien itin&#0233;rant/Technicienne itin&#0233;rante maintenance SAV</libelle_court>
<priorisation>1</priorisation>
</item_app>
</bloc_appellation>
<definition nbItemDefinition="3">
Effectue l&#0039;entretien, le d&#0233;pannage, la surveillance et l&#0039;installation d&#0039;&#0233;quipements, de mat&#0233;riels industriels ou d&#0039;exploitation de conception pluritechnologique, selon les r&#0232;gles de s&#0233;curit&#0233; et la r&#0233;glementation.
Peut effectuer la planification d&#0039;op&#0233;rations de maintenance ou d&#0039;installation d&#0039;&#0233;quipements.
Peut coordonner une &#0233;quipe.
</definition>
<acces_emploi_metier nbItemAccesEmploiMetier="4">
Cet emploi/m&#0233;tier est accessible avec un Bac professionnel ou un Bac+2 (BTS/DUT) en maintenance, m&#0233;canique, &#0233;lectricit&#0233;, automatisme, &#0233;lectronique, &#0233;lectrotechnique.
Un ou plusieurs Certificat(s) d&#0039;Aptitude &#0224; la Conduite En S&#0233;curit&#0233; -CACES- conditionn&#0233;(s) par une aptitude m&#0233;dicale &#0224; renouveler p&#0233;riodiquement peu(ven)t &#0234;tre requis.
Des habilitations sp&#0233;cifiques (&#0233;lectrique, nucl&#0233;aire, ...) sont exig&#0233;es selon le secteur d&#0039;activit&#0233;.
La pratique de l&#0039;anglais (vocabulaire technique) peut &#0234;tre demand&#0233;e.
</acces_emploi_metier>
<condition_exercice_activite nbItemConditionExercice="5">
L&#0039;activit&#0233; de cet emploi/m&#0233;tier s&#0039;exerce au sein d&#0039;entreprises industrielles (construction automobile, production d&#0039;&#0233;nergie, sid&#0233;rurgie, chimie, ...), de transport, de soci&#0233;t&#0233;s de services, de services apr&#0232;s-vente de constructeurs ou de distributeurs d&#0039;&#0233;quipements, des arm&#0233;es en relation avec diff&#0233;rents intervenants (production, m&#0233;thode, s&#0233;curit&#0233;, client, ...). Elle peut impliquer des d&#0233;placements.
Elle varie selon le secteur (m&#0233;tallurgie, sid&#0233;rurgie, ferroviaire, ...), le mode d&#0039;organisation (topomaintenance, ...), le type et le degr&#0233; d&#0039;automatisation des &#0233;quipements du site.
Elle peut s&#0039;exercer par roulement, les fins de semaine, jours f&#0233;ri&#0233;s, de nuit et &#0234;tre soumise &#0224; des astreintes.
Elle peut s&#0039;effectuer en hauteur, en zone &#0224; risques (toxicit&#0233;, corrosivit&#0233;, explosibilit&#0233;) et impliquer le port de charges.
Le port d&#0039;&#0233;quipements de protection (chaussures de s&#0233;curit&#0233;, gants, masque, ...) est exig&#0233;.
</condition_exercice_activite>
<bloc_environnement_de_travail nbItemEnvTrav="39">
<item_env>
<code_ogr>23880</code_ogr>
<libelle>Entreprise de location de mat&#0233;riels</libelle>
<code_type_section_env>1</code_type_section_env>
<priorisation>1</priorisation>
</item_env>
<item_env>
<code_ogr>23909</code_ogr>
<libelle>Entreprise industrielle</libelle>
<code_type_section_env>1</code_type_section_env>
<priorisation>1</priorisation>
</item_env>
<item_env>
<code_ogr>24073</code_ogr>
<libelle>Site de transit (port, a&#0233;roport, ...)</libelle>
<code_type_section_env>1</code_type_section_env>
<priorisation>1</priorisation>
</item_env>
<item_env>
<code_ogr>24093</code_ogr>
<libelle>Soci&#0233;t&#0233; de services</libelle>
<code_type_section_env>1</code_type_section_env>
<priorisation>1</priorisation>
</item_env>
<item_env>
<code_ogr>23388</code_ogr>
<libelle>Administration / Services de l&#0039;Etat</libelle>
<code_type_section_env>2</code_type_section_env>
<priorisation>1</priorisation>
</item_env>
<item_env>
<code_ogr>23391</code_ogr>
<libelle>A&#0233;ronautique, spatial</libelle>
<code_type_section_env>2</code_type_section_env>
<priorisation>1</priorisation>
</item_env>
<item_env>
<code_ogr>23395</code_ogr>
<libelle>Alimentaire</libelle>
<code_type_section_env>2</code_type_section_env>
<priorisation>1</priorisation>
</item_env>
<item_env>
<code_ogr>23401</code_ogr>
<libelle>Arm&#0233;e</libelle>
<code_type_section_env>2</code_type_section_env>
<priorisation>1</priorisation>
</item_env>
<item_env>
<code_ogr>23404</code_ogr>
<libelle>Armement</libelle>
<code_type_section_env>2</code_type_section_env>
<priorisation>1</priorisation>
</item_env>
<item_env>
<code_ogr>23410</code_ogr>
<libelle>Automobile</libelle>
<code_type_section_env>2</code_type_section_env>
<priorisation>1</priorisation>
</item_env>
<item_env>
<code_ogr>23420</code_ogr>
<libelle>B&#0226;timent et Travaux Publics -BTP-</libelle>
<code_type_section_env>2</code_type_section_env>
<priorisation>1</priorisation>
</item_env>
<item_env>
<code_ogr>23424</code_ogr>
<libelle>Bois, ameublement</libelle>
<code_type_section_env>2</code_type_section_env>
<priorisation>1</priorisation>
</item_env>
<item_env>
<code_ogr>23436</code_ogr>
<libelle>Chimie</libelle>
<code_type_section_env>2</code_type_section_env>
<priorisation>1</priorisation>
</item_env>
<item_env>
<code_ogr>23437</code_ogr>
<libelle>Chimie fine</libelle>
<code_type_section_env>2</code_type_section_env>
<priorisation>1</priorisation>
</item_env>
<item_env>
<code_ogr>23453</code_ogr>
<libelle>Construction navale</libelle>
<code_type_section_env>2</code_type_section_env>
<priorisation>1</priorisation>
</item_env>
<item_env>
<code_ogr>23469</code_ogr>
<libelle>Eco-industrie</libelle>
<code_type_section_env>2</code_type_section_env>
<priorisation>1</priorisation>
</item_env>
<item_env>
<code_ogr>23474</code_ogr>
<libelle>Electricit&#0233;</libelle>
<code_type_section_env>2</code_type_section_env>
<priorisation>1</priorisation>
</item_env>
<item_env>
<code_ogr>23476</code_ogr>
<libelle>Electrom&#0233;nager</libelle>
<code_type_section_env>2</code_type_section_env>
<priorisation>1</priorisation>
</item_env>
<item_env>
<code_ogr>23477</code_ogr>
<libelle>Electronique</libelle>
<code_type_section_env>2</code_type_section_env>
<priorisation>1</priorisation>
</item_env>
<item_env>
<code_ogr>23480</code_ogr>
<libelle>Energie, nucl&#0233;aire, fluide</libelle>
<code_type_section_env>2</code_type_section_env>
<priorisation>1</priorisation>
</item_env>
<item_env>
<code_ogr>23498</code_ogr>
<libelle>Ferroviaire</libelle>
<code_type_section_env>2</code_type_section_env>
<priorisation>1</priorisation>
</item_env>
<item_env>
<code_ogr>23515</code_ogr>
<libelle>Habillement, cuir, textile</libelle>
<code_type_section_env>2</code_type_section_env>
<priorisation>1</priorisation>
</item_env>
<item_env>
<code_ogr>23530</code_ogr>
<libelle>Industrie cosm&#0233;tique</libelle>
<code_type_section_env>2</code_type_section_env>
<priorisation>1</priorisation>
</item_env>
<item_env>
<code_ogr>23531</code_ogr>
<libelle>Industrie du papier, carton</libelle>
<code_type_section_env>2</code_type_section_env>
<priorisation>1</priorisation>
</item_env>
<item_env>
<code_ogr>23532</code_ogr>
<libelle>Industrie graphique</libelle>
<code_type_section_env>2</code_type_section_env>
<priorisation>1</priorisation>
</item_env>
<item_env>
<code_ogr>23534</code_ogr>
<libelle>Information et communication</libelle>
<code_type_section_env>2</code_type_section_env>
<priorisation>1</priorisation>
</item_env>
<item_env>
<code_ogr>23552</code_ogr>
<libelle>M&#0233;canique, travail des m&#0233;taux</libelle>
<code_type_section_env>2</code_type_section_env>
<priorisation>1</priorisation>
</item_env>
<item_env>
<code_ogr>23558</code_ogr>
<libelle>M&#0233;tallurgie, sid&#0233;rurgie</libelle>
<code_type_section_env>2</code_type_section_env>
<priorisation>1</priorisation>
</item_env>
<item_env>
<code_ogr>23567</code_ogr>
<libelle>Nautisme</libelle>
<code_type_section_env>2</code_type_section_env>
<priorisation>1</priorisation>
</item_env>
<item_env>
<code_ogr>23568</code_ogr>
<libelle>Optique, optronique</libelle>
<code_type_section_env>2</code_type_section_env>
<priorisation>1</priorisation>
</item_env>
<item_env>
<code_ogr>23573</code_ogr>
<libelle>Parachimie</libelle>
<code_type_section_env>2</code_type_section_env>
<priorisation>1</priorisation>
</item_env>
<item_env>
<code_ogr>23582</code_ogr>
<libelle>P&#0233;trochimie</libelle>
<code_type_section_env>2</code_type_section_env>
<priorisation>1</priorisation>
</item_env>
<item_env>
<code_ogr>23585</code_ogr>
<libelle>Plasturgie, caoutchouc, composites</libelle>
<code_type_section_env>2</code_type_section_env>
<priorisation>1</priorisation>
</item_env>
<item_env>
<code_ogr>23640</code_ogr>
<libelle>Sport et loisirs</libelle>
<code_type_section_env>2</code_type_section_env>
<priorisation>1</priorisation>
</item_env>
<item_env>
<code_ogr>23659</code_ogr>
<libelle>Transport/logistique</libelle>
<code_type_section_env>2</code_type_section_env>
<priorisation>1</priorisation>
</item_env>
<item_env>
<code_ogr>23673</code_ogr>
<libelle>Verre, mat&#0233;riaux de construction</libelle>
<code_type_section_env>2</code_type_section_env>
<priorisation>1</priorisation>
</item_env>
<item_env>
<code_ogr>23378</code_ogr>
<libelle>En ext&#0233;rieur</libelle>
<code_type_section_env>3</code_type_section_env>
<priorisation>1</priorisation>
</item_env>
<item_env>
<code_ogr>23379</code_ogr>
<libelle>En grande hauteur</libelle>
<code_type_section_env>3</code_type_section_env>
<priorisation>1</priorisation>
</item_env>
<item_env>
<code_ogr>23384</code_ogr>
<libelle>En zone &#0224; risques chimiques (toxicit&#0233;, corrosivit&#0233;, explosibilit&#0233;, ...)</libelle>
<code_type_section_env>3</code_type_section_env>
<priorisation>1</priorisation>
</item_env>
</bloc_environnement_de_travail>
<bloc_activites_de_base nbBlocActiviteBase="1">
<activites_de_base nbItemActivite_AB="10">
<item_ab>
<code_ogr>123770</code_ogr>
<libelle>R&#0233;aliser le montage d&#0039;&#0233;quipements industriels ou d&#0039;exploitation</libelle>
<code_type_activite>3</code_type_activite>
<code_type_item_activite>2</code_type_item_activite>
<position_item>1</position_item>
<priorisation>1</priorisation>
<riasec_majeur>R</riasec_majeur>
</item_ab>
<item_ab>
<code_ogr>106714</code_ogr>
<libelle>R&#0233;aliser les r&#0233;glages de mise au point de l&#0039;&#0233;quipement industriel ou d&#0039;exploitation et contr&#0244;ler son fonctionnement</libelle>
<code_type_activite>3</code_type_activite>
<code_type_item_activite>2</code_type_item_activite>
<position_item>2</position_item>
<priorisation>1</priorisation>
<riasec_majeur>R</riasec_majeur>
</item_ab>
<item_ab>
<code_ogr>106715</code_ogr>
<libelle>Localiser la panne sur l&#0039;installation de production ou d&#0039;exploitation et d&#0233;terminer les solutions techniques et les conditions de remise en &#0233;tat de l&#0039;&#0233;quipement</libelle>
<code_type_activite>3</code_type_activite>
<code_type_item_activite>2</code_type_item_activite>
<position_item>3</position_item>
<priorisation>1</priorisation>
<riasec_majeur>R</riasec_majeur>
</item_ab>
<item_ab>
<code_ogr>124739</code_ogr>
<libelle>Identifier les composants et les pi&#0232;ces d&#0233;fectueuses</libelle>
<code_type_activite>3</code_type_activite>
<code_type_item_activite>2</code_type_item_activite>
<position_item>4</position_item>
<priorisation>1</priorisation>
<riasec_majeur>R</riasec_majeur>
</item_ab>
<item_ab>
<code_ogr>124333</code_ogr>
<libelle>Changer une pi&#0232;ce d&#0233;fectueuse</libelle>
<code_type_activite>3</code_type_activite>
<code_type_item_activite>2</code_type_item_activite>
<position_item>5</position_item>
<priorisation>1</priorisation>
<riasec_majeur>R</riasec_majeur>
</item_ab>
<item_ab>
<code_ogr>123301</code_ogr>
<libelle>R&#0233;parer une pi&#0232;ce d&#0233;fectueuse</libelle>
<code_type_activite>3</code_type_activite>
<code_type_item_activite>2</code_type_item_activite>
<position_item>6</position_item>
<priorisation>1</priorisation>
<riasec_majeur>R</riasec_majeur>
</item_ab>
<item_ab>
<code_ogr>120277</code_ogr>
<libelle>R&#0233;gler les param&#0232;tres des machines et des &#0233;quipements</libelle>
<code_type_activite>3</code_type_activite>
<code_type_item_activite>2</code_type_item_activite>
<position_item>7</position_item>
<priorisation>1</priorisation>
<riasec_majeur>R</riasec_majeur>
</item_ab>
<item_ab>
<code_ogr>121403</code_ogr>
<libelle>Assister un client lors de la prise en main d&#0039;un outil/ &#0233;quipement</libelle>
<code_type_activite>3</code_type_activite>
<code_type_item_activite>2</code_type_item_activite>
<position_item>8</position_item>
<priorisation>1</priorisation>
<riasec_majeur>R</riasec_majeur>
<riasec_mineur>s</riasec_mineur>
</item_ab>
<item_ab>
<code_ogr>117369</code_ogr>
<libelle>D&#0233;finir les caract&#0233;ristiques techniques du produit</libelle>
<code_type_activite>3</code_type_activite>
<code_type_item_activite>2</code_type_item_activite>
<position_item>9</position_item>
<priorisation>1</priorisation>
<riasec_majeur>R</riasec_majeur>
<riasec_mineur>c</riasec_mineur>
</item_ab>
<item_ab>
<code_ogr>102694</code_ogr>
<libelle>Renseigner les supports de suivi d&#0039;intervention et transmettre les informations au service concern&#0233;</libelle>
<code_type_activite>3</code_type_activite>
<code_type_item_activite>2</code_type_item_activite>
<position_item>10</position_item>
<priorisation>1</priorisation>
<riasec_majeur>C</riasec_majeur>
<riasec_mineur>r</riasec_mineur>
</item_ab>
</activites_de_base>
<savoir_theorique_et_proceduraux nbItemSTP_AB="15">
<item_ab_stp>
<code_ogr>100286</code_ogr>
<libelle>Techniques de soudure</libelle>
<code_type_competence>1</code_type_competence>
<position_item>1</position_item>
<priorisation>1</priorisation>
</item_ab_stp>
<item_ab_stp>
<code_ogr>104514</code_ogr>
<libelle>M&#0233;canique</libelle>
<code_type_competence>1</code_type_competence>
<position_item>2</position_item>
<priorisation>1</priorisation>
</item_ab_stp>
<item_ab_stp>
<code_ogr>106718</code_ogr>
<libelle>Utilisation d&#0039;appareil de tests (pressions, d&#0233;bit, vibrations, ...)</libelle>
<code_type_competence>1</code_type_competence>
<position_item>3</position_item>
<priorisation>1</priorisation>
</item_ab_stp>
<item_ab_stp>
<code_ogr>103501</code_ogr>
<libelle>Utilisation d&#0039;appareils de mesure &#0233;lectrique (multim&#0232;tre, ...)</libelle>
<code_type_competence>1</code_type_competence>
<position_item>4</position_item>
<priorisation>1</priorisation>
</item_ab_stp>
<item_ab_stp>
<code_ogr>103070</code_ogr>
<libelle>Lecture de plan, de sch&#0233;ma</libelle>
<code_type_competence>1</code_type_competence>
<position_item>5</position_item>
<priorisation>1</priorisation>
</item_ab_stp>
<item_ab_stp>
<code_ogr>100904</code_ogr>
<libelle>Lecture de dessins techniques</libelle>
<code_type_competence>1</code_type_competence>
<position_item>6</position_item>
<priorisation>1</priorisation>
</item_ab_stp>
<item_ab_stp>
<code_ogr>100017</code_ogr>
<libelle>R&#0232;gles de s&#0233;curit&#0233;</libelle>
<code_type_competence>1</code_type_competence>
<position_item>7</position_item>
<priorisation>1</priorisation>
</item_ab_stp>
<item_ab_stp>
<code_ogr>104413</code_ogr>
<libelle>Electronique</libelle>
<code_type_competence>1</code_type_competence>
<position_item>8</position_item>
<priorisation>1</priorisation>
</item_ab_stp>
<item_ab_stp>
<code_ogr>104415</code_ogr>
<libelle>Automatisme</libelle>
<code_type_competence>1</code_type_competence>
<position_item>9</position_item>
<priorisation>1</priorisation>
</item_ab_stp>
<item_ab_stp>
<code_ogr>105666</code_ogr>
<libelle>Electrom&#0233;canique</libelle>
<code_type_competence>1</code_type_competence>
<position_item>10</position_item>
<priorisation>1</priorisation>
</item_ab_stp>
<item_ab_stp>
<code_ogr>104546</code_ogr>
<libelle>Electrotechnique</libelle>
<code_type_competence>1</code_type_competence>
<position_item>11</position_item>
<priorisation>1</priorisation>
</item_ab_stp>
<item_ab_stp>
<code_ogr>104547</code_ogr>
<libelle>Pneumatique</libelle>
<code_type_competence>1</code_type_competence>
<position_item>12</position_item>
<priorisation>1</priorisation>
</item_ab_stp>
<item_ab_stp>
<code_ogr>104425</code_ogr>
<libelle>Hydraulique</libelle>
<code_type_competence>1</code_type_competence>
<position_item>13</position_item>
<priorisation>1</priorisation>
</item_ab_stp>
<item_ab_stp>
<code_ogr>102717</code_ogr>
<libelle>Electricit&#0233;</libelle>
<code_type_competence>1</code_type_competence>
<position_item>14</position_item>
<priorisation>1</priorisation>
</item_ab_stp>
<item_ab_stp>
<code_ogr>103167</code_ogr>
<libelle>M&#0233;trologie</libelle>
<code_type_competence>1</code_type_competence>
<position_item>15</position_item>
<priorisation>1</priorisation>
</item_ab_stp>
</savoir_theorique_et_proceduraux>
<savoir_action nbItemSA_AB="0">
</savoir_action>
</bloc_activites_de_base>
<bloc_activites_specifiques nbBlocActiviteSpecifique="12">
<bloc>
<position_bloc>1</position_bloc>
<activite_specifique nbItemActivite_AS="1">
<item_as>
<code_ogr>124184</code_ogr>
<libelle>R&#0233;aliser une intervention n&#0233;cessitant une habilitation</libelle>
<code_type_activite>3</code_type_activite>
<code_type_item_activite>2</code_type_item_activite>
<position_item>1</position_item>
<priorisation>1</priorisation>
<riasec_majeur>R</riasec_majeur>
</item_as>
</activite_specifique>
<savoir_theorique_et_proceduraux nbItemSTP_AS="4">
<item_as_stp>
<code_ogr>124200</code_ogr>
<libelle>Habilitations &#0233;lectriques de travaux hors tension</libelle>
<code_type_competence>1</code_type_competence>
<position_item>1</position_item>
<priorisation>1</priorisation>
</item_as_stp>
<item_as_stp>
<code_ogr>124201</code_ogr>
<libelle>Habilitations &#0233;lectriques de travaux sous tension</libelle>
<code_type_competence>1</code_type_competence>
<position_item>2</position_item>
<priorisation>1</priorisation>
</item_as_stp>
<item_as_stp>
<code_ogr>124187</code_ogr>
<libelle>Habilitation Nucl&#0233;aire HN1</libelle>
<code_type_competence>1</code_type_competence>
<position_item>3</position_item>
<priorisation>1</priorisation>
</item_as_stp>
<item_as_stp>
<code_ogr>124186</code_ogr>
<libelle>Habilitation Nucl&#0233;aire HN2</libelle>
<code_type_competence>1</code_type_competence>
<position_item>4</position_item>
<priorisation>1</priorisation>
</item_as_stp>
</savoir_theorique_et_proceduraux>
<savoir_action nbItemSA_AS="0">
</savoir_action>
</bloc>
<bloc>
<position_bloc>2</position_bloc>
<activite_specifique nbItemActivite_AS="1">
<item_as>
<code_ogr>120405</code_ogr>
<libelle>Utiliser un engin n&#0233;cessitant une habilitation</libelle>
<code_type_activite>3</code_type_activite>
<code_type_item_activite>2</code_type_item_activite>
<position_item>1</position_item>
<priorisation>1</priorisation>
<riasec_majeur>R</riasec_majeur>
</item_as>
</activite_specifique>
<savoir_theorique_et_proceduraux nbItemSTP_AS="5">
<item_as_stp>
<code_ogr>121308</code_ogr>
<libelle>Ponts roulants (CACES R 318)</libelle>
<code_type_competence>1</code_type_competence>
<position_item>1</position_item>
<priorisation>1</priorisation>
</item_as_stp>
<item_as_stp>
<code_ogr>123696</code_ogr>
<libelle>Transpalettes &#0224; conducteur port&#0233; et pr&#0233;parateurs de commandes au sol (CACES R 389-1)</libelle>
<code_type_competence>1</code_type_competence>
<position_item>2</position_item>
<priorisation>1</priorisation>
</item_as_stp>
<item_as_stp>
<code_ogr>123698</code_ogr>
<libelle>Chariots &#0233;l&#0233;vateurs en porte-&#0224;-faux de capacit&#0233; inf&#0233;rieure ou &#0233;gale &#0224; 6000 kg (CACES R 389-3)</libelle>
<code_type_competence>1</code_type_competence>
<position_item>3</position_item>
<priorisation>1</priorisation>
</item_as_stp>
<item_as_stp>
<code_ogr>123718</code_ogr>
<libelle>Chariots &#0233;l&#0233;vateurs en porte-&#0224;-faux de capacit&#0233; sup&#0233;rieure &#0224; 6000 kg (CACES R 389-4)</libelle>
<code_type_competence>1</code_type_competence>
<position_item>4</position_item>
<priorisation>1</priorisation>
</item_as_stp>
<item_as_stp>
<code_ogr>123721</code_ogr>
<libelle>Chariots &#0233;l&#0233;vateurs &#0224; m&#0226;t r&#0233;tractable (CACES R 389-5)</libelle>
<code_type_competence>1</code_type_competence>
<position_item>5</position_item>
<priorisation>1</priorisation>
</item_as_stp>
</savoir_theorique_et_proceduraux>
<savoir_action nbItemSA_AS="0">
</savoir_action>
</bloc>
<bloc>
<position_bloc>3</position_bloc>
<activite_specifique nbItemActivite_AS="1">
<item_as>
<code_ogr>113310</code_ogr>
<libelle>Raccorder un ordinateur &#0224; un &#0233;quipement et diagnostiquer des pannes &#0224; partir de programmes enregistr&#0233;s</libelle>
<code_type_activite>3</code_type_activite>
<code_type_item_activite>2</code_type_item_activite>
<position_item>1</position_item>
<priorisation>1</priorisation>
<riasec_majeur>R</riasec_majeur>
<riasec_mineur>i</riasec_mineur>
</item_as>
</activite_specifique>
<savoir_theorique_et_proceduraux nbItemSTP_AS="2">
<item_as_stp>
<code_ogr>106698</code_ogr>
<libelle>Lecture de grafcet</libelle>
<code_type_competence>1</code_type_competence>
<position_item>1</position_item>
<priorisation>1</priorisation>
</item_as_stp>
<item_as_stp>
<code_ogr>104543</code_ogr>
<libelle>Utilisation d&#0039;Automate Programmable Industriel (API)</libelle>
<code_type_competence>1</code_type_competence>
<position_item>2</position_item>
<priorisation>1</priorisation>
</item_as_stp>
</savoir_theorique_et_proceduraux>
<savoir_action nbItemSA_AS="0">
</savoir_action>
</bloc>
<bloc>
<position_bloc>4</position_bloc>
<activite_specifique nbItemActivite_AS="2">
<item_as>
<code_ogr>125311</code_ogr>
<libelle>Superviser une op&#0233;ration de maintenance</libelle>
<code_type_activite>3</code_type_activite>
<code_type_item_activite>2</code_type_item_activite>
<position_item>1</position_item>
<priorisation>1</priorisation>
<riasec_majeur>R</riasec_majeur>
<riasec_mineur>c</riasec_mineur>
</item_as>
<item_as>
<code_ogr>125310</code_ogr>
<libelle>Planifier une op&#0233;ration de maintenance</libelle>
<code_type_activite>3</code_type_activite>
<code_type_item_activite>2</code_type_item_activite>
<position_item>2</position_item>
<priorisation>1</priorisation>
<riasec_majeur>R</riasec_majeur>
<riasec_mineur>c</riasec_mineur>
</item_as>
</activite_specifique>
<savoir_theorique_et_proceduraux nbItemSTP_AS="0">
</savoir_theorique_et_proceduraux>
<savoir_action nbItemSA_AS="0">
</savoir_action>
</bloc>
<bloc>
<position_bloc>5</position_bloc>
<activite_specifique nbItemActivite_AS="1">
<item_as>
<code_ogr>122026</code_ogr>
<libelle>D&#0233;finir l&#0039;implantation d&#0039;un &#0233;quipement industriel ou d&#0039;exploitation</libelle>
<code_type_activite>3</code_type_activite>
<code_type_item_activite>2</code_type_item_activite>
<position_item>1</position_item>
<priorisation>1</priorisation>
<riasec_majeur>E</riasec_majeur>
<riasec_mineur>r</riasec_mineur>
</item_as>
</activite_specifique>
<savoir_theorique_et_proceduraux nbItemSTP_AS="0">
</savoir_theorique_et_proceduraux>
<savoir_action nbItemSA_AS="0">
</savoir_action>
</bloc>
<bloc>
<position_bloc>6</position_bloc>
<activite_specifique nbItemActivite_AS="1">
<item_as>
<code_ogr>125816</code_ogr>
<libelle>R&#0233;aliser une op&#0233;ration de maintenance</libelle>
<code_type_activite>3</code_type_activite>
<code_type_item_activite>2</code_type_item_activite>
<position_item>1</position_item>
<priorisation>1</priorisation>
<riasec_majeur>R</riasec_majeur>
</item_as>
</activite_specifique>
<savoir_theorique_et_proceduraux nbItemSTP_AS="2">
<item_as_stp>
<code_ogr>125643</code_ogr>
<libelle>Neige de culture</libelle>
<code_type_competence>1</code_type_competence>
<position_item>1</position_item>
<priorisation>1</priorisation>
</item_as_stp>
<item_as_stp>
<code_ogr>106721</code_ogr>
<libelle>Nivologie</libelle>
<code_type_competence>1</code_type_competence>
<position_item>2</position_item>
<priorisation>1</priorisation>
</item_as_stp>
</savoir_theorique_et_proceduraux>
<savoir_action nbItemSA_AS="0">
</savoir_action>
</bloc>
<bloc>
<position_bloc>7</position_bloc>
<activite_specifique nbItemActivite_AS="3">
<item_as>
<code_ogr>124647</code_ogr>
<libelle>Evaluer les co&#0251;ts d&#0039;une prestation</libelle>
<code_type_activite>3</code_type_activite>
<code_type_item_activite>2</code_type_item_activite>
<position_item>1</position_item>
<priorisation>1</priorisation>
<riasec_majeur>C</riasec_majeur>
</item_as>
<item_as>
<code_ogr>124648</code_ogr>
<libelle>Evaluer les d&#0233;lais d&#0039;une prestation</libelle>
<code_type_activite>3</code_type_activite>
<code_type_item_activite>2</code_type_item_activite>
<position_item>2</position_item>
<priorisation>1</priorisation>
<riasec_majeur>C</riasec_majeur>
</item_as>
<item_as>
<code_ogr>121021</code_ogr>
<libelle>&#0201;tablir un devis d&#0039;intervention</libelle>
<code_type_activite>3</code_type_activite>
<code_type_item_activite>2</code_type_item_activite>
<position_item>3</position_item>
<priorisation>1</priorisation>
<riasec_majeur>C</riasec_majeur>
</item_as>
</activite_specifique>
<savoir_theorique_et_proceduraux nbItemSTP_AS="0">
</savoir_theorique_et_proceduraux>
<savoir_action nbItemSA_AS="0">
</savoir_action>
</bloc>
<bloc>
<position_bloc>8</position_bloc>
<activite_specifique nbItemActivite_AS="2">
<item_as>
<code_ogr>123315</code_ogr>
<libelle>Analyser des donn&#0233;es de maintenance</libelle>
<code_type_activite>3</code_type_activite>
<code_type_item_activite>2</code_type_item_activite>
<position_item>1</position_item>
<priorisation>1</priorisation>
<riasec_majeur>R</riasec_majeur>
<riasec_mineur>i</riasec_mineur>
</item_as>
<item_as>
<code_ogr>117575</code_ogr>
<libelle>Suivre les donn&#0233;es de maintenance</libelle>
<code_type_activite>3</code_type_activite>
<code_type_item_activite>2</code_type_item_activite>
<position_item>2</position_item>
<priorisation>1</priorisation>
<riasec_majeur>R</riasec_majeur>
<riasec_mineur>c</riasec_mineur>
</item_as>
</activite_specifique>
<savoir_theorique_et_proceduraux nbItemSTP_AS="2">
<item_as_stp>
<code_ogr>119615</code_ogr>
<libelle>Topomaintenance (TPM)</libelle>
<code_type_competence>1</code_type_competence>
<position_item>1</position_item>
<priorisation>1</priorisation>
</item_as_stp>
<item_as_stp>
<code_ogr>119506</code_ogr>
<libelle>Logiciels de Gestion de Maintenance Assist&#0233;e par Ordinateur (GMAO)</libelle>
<code_type_competence>1</code_type_competence>
<position_item>2</position_item>
<priorisation>1</priorisation>
</item_as_stp>
</savoir_theorique_et_proceduraux>
<savoir_action nbItemSA_AS="0">
</savoir_action>
</bloc>
<bloc>
<position_bloc>9</position_bloc>
<activite_specifique nbItemActivite_AS="1">
<item_as>
<code_ogr>121270</code_ogr>
<libelle>Mettre &#0224; jour une documentation technique</libelle>
<code_type_activite>3</code_type_activite>
<code_type_item_activite>2</code_type_item_activite>
<position_item>1</position_item>
<priorisation>1</priorisation>
<riasec_majeur>C</riasec_majeur>
<riasec_mineur>r</riasec_mineur>
</item_as>
</activite_specifique>
<savoir_theorique_et_proceduraux nbItemSTP_AS="0">
</savoir_theorique_et_proceduraux>
<savoir_action nbItemSA_AS="0">
</savoir_action>
</bloc>
<bloc>
<position_bloc>10</position_bloc>
<activite_specifique nbItemActivite_AS="1">
<item_as>
<code_ogr>121049</code_ogr>
<libelle>Apporter un appui technique aux services qualit&#0233;, maintenance, m&#0233;thodes</libelle>
<code_type_activite>3</code_type_activite>
<code_type_item_activite>2</code_type_item_activite>
<position_item>1</position_item>
<priorisation>1</priorisation>
<riasec_majeur>R</riasec_majeur>
<riasec_mineur>s</riasec_mineur>
</item_as>
</activite_specifique>
<savoir_theorique_et_proceduraux nbItemSTP_AS="0">
</savoir_theorique_et_proceduraux>
<savoir_action nbItemSA_AS="0">
</savoir_action>
</bloc>
<bloc>
<position_bloc>11</position_bloc>
<activite_specifique nbItemActivite_AS="1">
<item_as>
<code_ogr>124559</code_ogr>
<libelle>Contr&#0244;ler la conformit&#0233; de r&#0233;alisation de fournisseurs, sous-traitants, prestataires</libelle>
<code_type_activite>3</code_type_activite>
<code_type_item_activite>2</code_type_item_activite>
<position_item>1</position_item>
<priorisation>1</priorisation>
<riasec_majeur>C</riasec_majeur>
</item_as>
</activite_specifique>
<savoir_theorique_et_proceduraux nbItemSTP_AS="0">
</savoir_theorique_et_proceduraux>
<savoir_action nbItemSA_AS="0">
</savoir_action>
</bloc>
<bloc>
<position_bloc>12</position_bloc>
<activite_specifique nbItemActivite_AS="1">
<item_as>
<code_ogr>102359</code_ogr>
<libelle>Coordonner l&#0039;activit&#0233; d&#0039;une &#0233;quipe</libelle>
<code_type_activite>3</code_type_activite>
<code_type_item_activite>2</code_type_item_activite>
<position_item>1</position_item>
<priorisation>1</priorisation>
<riasec_majeur>E</riasec_majeur>
<riasec_mineur>s</riasec_mineur>
</item_as>
</activite_specifique>
<savoir_theorique_et_proceduraux nbItemSTP_AS="1">
<item_as_stp>
<code_ogr>119842</code_ogr>
<libelle>Management</libelle>
<code_type_competence>1</code_type_competence>
<position_item>1</position_item>
<priorisation>1</priorisation>
</item_as_stp>
</savoir_theorique_et_proceduraux>
<savoir_action nbItemSA_AS="0">
</savoir_action>
</bloc>
</bloc_activites_specifiques>
<bloc_mobilites>
<mobilites_proches nbItemMob="4">
<item_mob_pr><code_type_mobilite>1</code_type_mobilite>
<liste_appellation_source>
<code_appellation_source>0</code_appellation_source>
<libelle_appellation_source>Toutes les appellations</libelle_appellation_source>
</liste_appellation_source>
<code_rome_cible>H2503</code_rome_cible>
<libelle_rome_cible>Pilotage d&#0039;unit&#0233; &#0233;l&#0233;mentaire de production m&#0233;canique ou de travail des m&#0233;taux</libelle_rome_cible>
<liste_appellation_cible>
<code_appellation_cible>0</code_appellation_cible>
<libelle_appellation_cible>Toutes les appellations</libelle_appellation_cible>
</liste_appellation_cible>
</item_mob_pr>
<item_mob_pr><code_type_mobilite>1</code_type_mobilite>
<liste_appellation_source>
<code_appellation_source>0</code_appellation_source>
<libelle_appellation_source>Toutes les appellations</libelle_appellation_source>
</liste_appellation_source>
<code_rome_cible>I1302</code_rome_cible>
<libelle_rome_cible>Installation et maintenance d&#0039;automatismes</libelle_rome_cible>
<liste_appellation_cible>
<code_appellation_cible>0</code_appellation_cible>
<libelle_appellation_cible>Toutes les appellations</libelle_appellation_cible>
</liste_appellation_cible>
</item_mob_pr>
<item_mob_pr><code_type_mobilite>1</code_type_mobilite>
<liste_appellation_source>
<code_appellation_source>0</code_appellation_source>
<libelle_appellation_source>Toutes les appellations</libelle_appellation_source>
</liste_appellation_source>
<code_rome_cible>I1309</code_rome_cible>
<libelle_rome_cible>Maintenance &#0233;lectrique</libelle_rome_cible>
<liste_appellation_cible>
<code_appellation_cible>0</code_appellation_cible>
<libelle_appellation_cible>Toutes les appellations</libelle_appellation_cible>
</liste_appellation_cible>
</item_mob_pr>
<item_mob_pr><code_type_mobilite>1</code_type_mobilite>
<liste_appellation_source>
<code_appellation_source>0</code_appellation_source>
<libelle_appellation_source>Toutes les appellations</libelle_appellation_source>
</liste_appellation_source>
<code_rome_cible>I1310</code_rome_cible>
<libelle_rome_cible>Maintenance m&#0233;canique industrielle</libelle_rome_cible>
<liste_appellation_cible>
<code_appellation_cible>0</code_appellation_cible>
<libelle_appellation_cible>Toutes les appellations</libelle_appellation_cible>
</liste_appellation_cible>
</item_mob_pr>
</mobilites_proches>
<mobilites_si_evolution nbItemMob="8">
<item_mob_ev><code_type_mobilite>2</code_type_mobilite>
<liste_appellation_source>
<code_appellation_source>0</code_appellation_source>
<libelle_appellation_source>Toutes les appellations</libelle_appellation_source>
</liste_appellation_source>
<code_rome_cible>D1402</code_rome_cible>
<libelle_rome_cible>Relation commerciale grands comptes et entreprises</libelle_rome_cible>
<liste_appellation_cible>
<code_appellation_cible>13362</code_appellation_cible>
<libelle_appellation_cible>Conseiller commercial / Conseill&#0232;re commerciale en biens d&#0039;&#0233;quipement aupr&#0232;s des entreprises</libelle_appellation_cible>
</liste_appellation_cible>
</item_mob_ev>
<item_mob_ev><code_type_mobilite>2</code_type_mobilite>
<liste_appellation_source>
<code_appellation_source>0</code_appellation_source>
<libelle_appellation_source>Toutes les appellations</libelle_appellation_source>
</liste_appellation_source>
<code_rome_cible>D1407</code_rome_cible>
<libelle_rome_cible>Relation technico-commerciale</libelle_rome_cible>
<liste_appellation_cible>
<code_appellation_cible>0</code_appellation_cible>
<libelle_appellation_cible>Toutes les appellations</libelle_appellation_cible>
</liste_appellation_cible>
</item_mob_ev>
<item_mob_ev><code_type_mobilite>2</code_type_mobilite>
<liste_appellation_source>
<code_appellation_source>0</code_appellation_source>
<libelle_appellation_source>Toutes les appellations</libelle_appellation_source>
</liste_appellation_source>
<code_rome_cible>H1203</code_rome_cible>
<libelle_rome_cible>Conception et dessin produits m&#0233;caniques</libelle_rome_cible>
<liste_appellation_cible>
<code_appellation_cible>0</code_appellation_cible>
<libelle_appellation_cible>Toutes les appellations</libelle_appellation_cible>
</liste_appellation_cible>
</item_mob_ev>
<item_mob_ev><code_type_mobilite>2</code_type_mobilite>
<liste_appellation_source>
<code_appellation_source>0</code_appellation_source>
<libelle_appellation_source>Toutes les appellations</libelle_appellation_source>
</liste_appellation_source>
<code_rome_cible>H1208</code_rome_cible>
<libelle_rome_cible>Intervention technique en &#0233;tudes et conception en automatisme</libelle_rome_cible>
<liste_appellation_cible>
<code_appellation_cible>0</code_appellation_cible>
<libelle_appellation_cible>Toutes les appellations</libelle_appellation_cible>
</liste_appellation_cible>
</item_mob_ev>
<item_mob_ev><code_type_mobilite>2</code_type_mobilite>
<liste_appellation_source>
<code_appellation_source>0</code_appellation_source>
<libelle_appellation_source>Toutes les appellations</libelle_appellation_source>
</liste_appellation_source>
<code_rome_cible>H1209</code_rome_cible>
<libelle_rome_cible>Intervention technique en &#0233;tudes et d&#0233;veloppement &#0233;lectronique</libelle_rome_cible>
<liste_appellation_cible>
<code_appellation_cible>0</code_appellation_cible>
<libelle_appellation_cible>Toutes les appellations</libelle_appellation_cible>
</liste_appellation_cible>
</item_mob_ev>
<item_mob_ev><code_type_mobilite>2</code_type_mobilite>
<liste_appellation_source>
<code_appellation_source>0</code_appellation_source>
<libelle_appellation_source>Toutes les appellations</libelle_appellation_source>
</liste_appellation_source>
<code_rome_cible>H1301</code_rome_cible>
<libelle_rome_cible>Inspection de conformit&#0233;</libelle_rome_cible>
<liste_appellation_cible>
<code_appellation_cible>0</code_appellation_cible>
<libelle_appellation_cible>Toutes les appellations</libelle_appellation_cible>
</liste_appellation_cible>
</item_mob_ev>
<item_mob_ev><code_type_mobilite>2</code_type_mobilite>
<liste_appellation_source>
<code_appellation_source>0</code_appellation_source>
<libelle_appellation_source>Toutes les appellations</libelle_appellation_source>
</liste_appellation_source>
<code_rome_cible>I1102</code_rome_cible>
<libelle_rome_cible>Management et ing&#0233;nierie de maintenance industrielle</libelle_rome_cible>
<liste_appellation_cible>
<code_appellation_cible>0</code_appellation_cible>
<libelle_appellation_cible>Toutes les appellations</libelle_appellation_cible>
</liste_appellation_cible>
</item_mob_ev>
<item_mob_ev><code_type_mobilite>2</code_type_mobilite>
<liste_appellation_source>
<code_appellation_source>0</code_appellation_source>
<libelle_appellation_source>Toutes les appellations</libelle_appellation_source>
</liste_appellation_source>
<code_rome_cible>I1301</code_rome_cible>
<libelle_rome_cible>Installation et maintenance d&#0039;ascenseurs</libelle_rome_cible>
<liste_appellation_cible>
<code_appellation_cible>0</code_appellation_cible>
<libelle_appellation_cible>Toutes les appellations</libelle_appellation_cible>
</liste_appellation_cible>
</item_mob_ev>
</mobilites_si_evolution>
</bloc_mobilites>
</fiche_emploi_metier>