<?xml version="1.0" encoding="UTF-8" ?>
<fiche_emploi_metier>
<type_fiche>2</type_fiche>
<libelle_type_fiche>priorise</libelle_type_fiche>
<version_SI>
<version_rome>333</version_rome>
<date_version_si>01/10/2017</date_version_si>
<mois_version_si>Octobre</mois_version_si>
<annee_version_si>2017</annee_version_si>
</version_SI>
<bloc_code_rome>
<code_rome>I1605</code_rome>
<intitule>M&#0233;canique de marine</intitule>
<code_ogr>329</code_ogr>
<riasec_majeur>R</riasec_majeur>
<riasec_mineur>c</riasec_mineur>
</bloc_code_rome>
<bloc_appellation nbItemAppellation="19">
<item_app>
<code_ogr>10498</code_ogr>
<libelle>Agent / Agente de maintenance en m&#0233;canique navale</libelle>
<libelle_court>Agent / Agente de maintenance en m&#0233;canique navale</libelle_court>
<priorisation>1</priorisation>
</item_app>
<item_app>
<code_ogr>15393</code_ogr>
<libelle>Graisseur / Graisseuse en m&#0233;canique navale</libelle>
<libelle_court>Graisseur / Graisseuse en m&#0233;canique navale</libelle_court>
<priorisation>1</priorisation>
</item_app>
<item_app>
<code_ogr>16233</code_ogr>
<libelle>Machiniste &#0224; la p&#0234;che</libelle>
<libelle_court>Machiniste &#0224; la p&#0234;che</libelle_court>
<priorisation>1</priorisation>
</item_app>
<item_app>
<code_ogr>16441</code_ogr>
<libelle>M&#0233;canicien / M&#0233;canicienne &#0224; la p&#0234;che</libelle>
<libelle_court>M&#0233;canicien / M&#0233;canicienne &#0224; la p&#0234;che</libelle_court>
<priorisation>1</priorisation>
</item_app>
<item_app>
<code_ogr>16459</code_ogr>
<libelle>M&#0233;canicien / M&#0233;canicienne de bateaux</libelle>
<libelle_court>M&#0233;canicien / M&#0233;canicienne de bateaux</libelle_court>
<priorisation>1</priorisation>
</item_app>
<item_app>
<code_ogr>16460</code_ogr>
<libelle>M&#0233;canicien / M&#0233;canicienne de bateaux de plaisance</libelle>
<libelle_court>M&#0233;canicien / M&#0233;canicienne de bateaux de plaisance</libelle_court>
<priorisation>1</priorisation>
</item_app>
<item_app>
<code_ogr>16461</code_ogr>
<libelle>M&#0233;canicien / M&#0233;canicienne de bord</libelle>
<libelle_court>M&#0233;canicien / M&#0233;canicienne de bord</libelle_court>
<priorisation>1</priorisation>
</item_app>
<item_app>
<code_ogr>16465</code_ogr>
<libelle>M&#0233;canicien / M&#0233;canicienne de la marine marchande</libelle>
<libelle_court>M&#0233;canicien / M&#0233;canicienne de la marine marchande</libelle_court>
<priorisation>1</priorisation>
</item_app>
<item_app>
<code_ogr>16466</code_ogr>
<libelle>M&#0233;canicien / M&#0233;canicienne de la marine nationale</libelle>
<libelle_court>M&#0233;canicien / M&#0233;canicienne de la marine nationale</libelle_court>
<priorisation>1</priorisation>
</item_app>
<item_app>
<code_ogr>16478</code_ogr>
<libelle>M&#0233;canicien / M&#0233;canicienne de marine</libelle>
<libelle_court>M&#0233;canicien / M&#0233;canicienne de marine</libelle_court>
<priorisation>1</priorisation>
</item_app>
<item_app>
<code_ogr>16480</code_ogr>
<libelle>M&#0233;canicien / M&#0233;canicienne de moteurs marins</libelle>
<libelle_court>M&#0233;canicien / M&#0233;canicienne de moteurs marins</libelle_court>
<priorisation>1</priorisation>
</item_app>
<item_app>
<code_ogr>16482</code_ogr>
<libelle>M&#0233;canicien / M&#0233;canicienne de quart</libelle>
<libelle_court>M&#0233;canicien / M&#0233;canicienne de quart</libelle_court>
<priorisation>1</priorisation>
</item_app>
<item_app>
<code_ogr>16503</code_ogr>
<libelle>M&#0233;canicien / M&#0233;canicienne di&#0233;s&#0233;liste marine</libelle>
<libelle_court>M&#0233;canicien / M&#0233;canicienne di&#0233;s&#0233;liste marine</libelle_court>
<priorisation>1</priorisation>
</item_app>
<item_app>
<code_ogr>16504</code_ogr>
<libelle>M&#0233;canicien / M&#0233;canicienne di&#0233;s&#0233;liste moteurs inbord</libelle>
<libelle_court>M&#0233;canicien / M&#0233;canicienne di&#0233;s&#0233;liste moteurs inbord</libelle_court>
<priorisation>1</priorisation>
</item_app>
<item_app>
<code_ogr>16512</code_ogr>
<libelle>M&#0233;canicien / M&#0233;canicienne en m&#0233;canique marine/navale</libelle>
<libelle_court>M&#0233;canicien / M&#0233;canicienne en m&#0233;canique marine/navale</libelle_court>
<priorisation>1</priorisation>
</item_app>
<item_app>
<code_ogr>16551</code_ogr>
<libelle>M&#0233;canicien-r&#0233;parateur / M&#0233;canicienne-r&#0233;paratrice de moteurs marins</libelle>
<libelle_court>M&#0233;canicien(ne)-r&#0233;parateur(trice) de moteurs marins</libelle_court>
<priorisation>1</priorisation>
</item_app>
<item_app>
<code_ogr>16907</code_ogr>
<libelle>Motoriste &#0224; la p&#0234;che</libelle>
<libelle_court>Motoriste &#0224; la p&#0234;che</libelle_court>
<priorisation>1</priorisation>
</item_app>
<item_app>
<code_ogr>16908</code_ogr>
<libelle>Motoriste de marine</libelle>
<libelle_court>Motoriste de marine</libelle_court>
<priorisation>1</priorisation>
</item_app>
<item_app>
<code_ogr>17509</code_ogr>
<libelle>Ouvrier m&#0233;canicien / Ouvri&#0232;re m&#0233;canicienne de la marine marchande</libelle>
<libelle_court>Ouvrier(&#0232;re) m&#0233;canicien(ne) de la marine marchande</libelle_court>
<priorisation>1</priorisation>
</item_app>
</bloc_appellation>
<definition nbItemDefinition="4">
R&#0233;alise la maintenance et la r&#0233;paration des moteurs, machines de propulsion, installations auxiliaires (apparaux, &#0233;quipement de commande, ...) de bateaux et navires, selon les r&#0232;gles de s&#0233;curit&#0233; et la r&#0233;glementation.
Installe et met en service des moteurs hors bord, inbord, essence ou diesel et leurs &#0233;quipements et accessoires p&#0233;riph&#0233;riques.
Peut manoeuvrer et d&#0233;placer des bateaux.
Peut r&#0233;aliser des op&#0233;rations d&#0039;usinage de pi&#0232;ces.
</definition>
<acces_emploi_metier nbItemAccesEmploiMetier="5">
Cet emploi/m&#0233;tier est accessible avec un dipl&#0244;me de niveau CAP/BEP &#0224; Bac (Bac professionnel, ...) en m&#0233;canique marine, automobile, v&#0233;hicules industriels, ...
Il est &#0233;galement accessible avec une exp&#0233;rience professionnelle en m&#0233;canique.
Le Certificat d&#0039;Initiation Nautique -CIN- est exig&#0233; pour int&#0233;grer un &#0233;quipage.
Un ou plusieurs Certificat(s) d&#0039;Aptitude &#0224; la Conduite En S&#0233;curit&#0233; -CACES- conditionn&#0233;(s) par une aptitude m&#0233;dicale &#0224; renouveler p&#0233;riodiquement peu(ven)t &#0234;tre requis.
Une habilitation aux risques d&#0039;origine &#0233;lectrique peut &#0234;tre exig&#0233;e.
</acces_emploi_metier>
<condition_exercice_activite nbItemConditionExercice="5">
L&#0039;activit&#0233; de cet emploi/m&#0233;tier s&#0039;exerce au sein de chantiers navals, d&#0039;entreprises commerciales, d&#0039;armement naval, des arm&#0233;es en relation avec diff&#0233;rents services et intervenants (&#0233;quipage, commandement, service commercial, fournisseurs, motoristes, ...).
Elle peut impliquer des d&#0233;placements (interventions sur site, &#0224; quai, en cale, &#0224; bord de bateaux en navigation, ...).
Elle varie selon le secteur (p&#0234;che, plaisance, marine marchande, marine nationale, ...), le mode d&#0039;organisation (&#0224; bord, en atelier, ...), le type de navire et d&#0039;&#0233;quipements.
Elle peut s&#0039;exercer en quart (service en mer), par roulement et &#0234;tre soumise &#0224; des astreintes.
Le port d&#0039;&#0233;quipements de protection (chaussures de s&#0233;curit&#0233;, ...) est requis.
</condition_exercice_activite>
<bloc_environnement_de_travail nbItemEnvTrav="13">
<item_env>
<code_ogr>23704</code_ogr>
<libelle>Armateur</libelle>
<code_type_section_env>1</code_type_section_env>
<priorisation>1</priorisation>
</item_env>
<item_env>
<code_ogr>23912</code_ogr>
<libelle>Entreprise publique/&#0233;tablissement public</libelle>
<code_type_section_env>1</code_type_section_env>
<priorisation>1</priorisation>
</item_env>
<item_env>
<code_ogr>24093</code_ogr>
<libelle>Soci&#0233;t&#0233; de services</libelle>
<code_type_section_env>1</code_type_section_env>
<priorisation>1</priorisation>
</item_env>
<item_env>
<code_ogr>23401</code_ogr>
<libelle>Arm&#0233;e</libelle>
<code_type_section_env>2</code_type_section_env>
<priorisation>1</priorisation>
</item_env>
<item_env>
<code_ogr>23446</code_ogr>
<libelle>Commerce/vente</libelle>
<code_type_section_env>2</code_type_section_env>
<priorisation>1</priorisation>
</item_env>
<item_env>
<code_ogr>23453</code_ogr>
<libelle>Construction navale</libelle>
<code_type_section_env>2</code_type_section_env>
<priorisation>1</priorisation>
</item_env>
<item_env>
<code_ogr>23547</code_ogr>
<libelle>Marine marchande</libelle>
<code_type_section_env>2</code_type_section_env>
<priorisation>1</priorisation>
</item_env>
<item_env>
<code_ogr>23548</code_ogr>
<libelle>Marine Nationale</libelle>
<code_type_section_env>2</code_type_section_env>
<priorisation>1</priorisation>
</item_env>
<item_env>
<code_ogr>23549</code_ogr>
<libelle>Maritime, fluvial</libelle>
<code_type_section_env>2</code_type_section_env>
<priorisation>1</priorisation>
</item_env>
<item_env>
<code_ogr>23567</code_ogr>
<libelle>Nautisme</libelle>
<code_type_section_env>2</code_type_section_env>
<priorisation>1</priorisation>
</item_env>
<item_env>
<code_ogr>23577</code_ogr>
<libelle>P&#0234;che</libelle>
<code_type_section_env>2</code_type_section_env>
<priorisation>1</priorisation>
</item_env>
<item_env>
<code_ogr>23629</code_ogr>
<libelle>Secours et assistance &#0224; personnes</libelle>
<code_type_section_env>2</code_type_section_env>
<priorisation>1</priorisation>
</item_env>
<item_env>
<code_ogr>23652</code_ogr>
<libelle>Tourisme</libelle>
<code_type_section_env>2</code_type_section_env>
<priorisation>1</priorisation>
</item_env>
</bloc_environnement_de_travail>
<bloc_activites_de_base nbBlocActiviteBase="1">
<activites_de_base nbItemActivite_AB="9">
<item_ab>
<code_ogr>124398</code_ogr>
<libelle>D&#0233;terminer une intervention de maintenance, de d&#0233;pannage ou d&#0039;installation</libelle>
<code_type_activite>3</code_type_activite>
<code_type_item_activite>2</code_type_item_activite>
<position_item>1</position_item>
<priorisation>1</priorisation>
<riasec_majeur>C</riasec_majeur>
<riasec_mineur>r</riasec_mineur>
</item_ab>
<item_ab>
<code_ogr>125816</code_ogr>
<libelle>R&#0233;aliser une op&#0233;ration de maintenance</libelle>
<code_type_activite>3</code_type_activite>
<code_type_item_activite>2</code_type_item_activite>
<position_item>2</position_item>
<priorisation>1</priorisation>
<riasec_majeur>R</riasec_majeur>
</item_ab>
<item_ab>
<code_ogr>123564</code_ogr>
<libelle>Contr&#0244;ler le fonctionnement d&#0039;un outil ou &#0233;quipement</libelle>
<code_type_activite>3</code_type_activite>
<code_type_item_activite>2</code_type_item_activite>
<position_item>3</position_item>
<priorisation>1</priorisation>
<riasec_majeur>C</riasec_majeur>
<riasec_mineur>r</riasec_mineur>
</item_ab>
<item_ab>
<code_ogr>124048</code_ogr>
<libelle>Contr&#0244;ler la conformit&#0233; d&#0039;un &#0233;quipement ou mat&#0233;riel</libelle>
<code_type_activite>3</code_type_activite>
<code_type_item_activite>2</code_type_item_activite>
<position_item>4</position_item>
<priorisation>1</priorisation>
<riasec_majeur>R</riasec_majeur>
<riasec_mineur>c</riasec_mineur>
</item_ab>
<item_ab>
<code_ogr>124333</code_ogr>
<libelle>Changer une pi&#0232;ce d&#0233;fectueuse</libelle>
<code_type_activite>3</code_type_activite>
<code_type_item_activite>2</code_type_item_activite>
<position_item>5</position_item>
<priorisation>1</priorisation>
<riasec_majeur>R</riasec_majeur>
</item_ab>
<item_ab>
<code_ogr>124347</code_ogr>
<libelle>D&#0233;monter un &#0233;quipement</libelle>
<code_type_activite>3</code_type_activite>
<code_type_item_activite>2</code_type_item_activite>
<position_item>6</position_item>
<priorisation>1</priorisation>
<riasec_majeur>R</riasec_majeur>
</item_ab>
<item_ab>
<code_ogr>107076</code_ogr>
<libelle>R&#0233;aliser les modifications de la coque ou des supports (ouvertures, pose de cale, ...) et installer les &#0233;quipements et accessoires (moteurs, apparaux, compas, ...)</libelle>
<code_type_activite>3</code_type_activite>
<code_type_item_activite>2</code_type_item_activite>
<position_item>7</position_item>
<priorisation>1</priorisation>
<riasec_majeur>R</riasec_majeur>
</item_ab>
<item_ab>
<code_ogr>107077</code_ogr>
<libelle>R&#0233;aliser les raccordements hydrauliques, &#0233;lectriques, m&#0233;caniques des &#0233;quipements et des accessoires</libelle>
<code_type_activite>3</code_type_activite>
<code_type_item_activite>2</code_type_item_activite>
<position_item>8</position_item>
<priorisation>1</priorisation>
<riasec_majeur>R</riasec_majeur>
</item_ab>
<item_ab>
<code_ogr>102694</code_ogr>
<libelle>Renseigner les supports de suivi d&#0039;intervention et transmettre les informations au service concern&#0233;</libelle>
<code_type_activite>3</code_type_activite>
<code_type_item_activite>2</code_type_item_activite>
<position_item>9</position_item>
<priorisation>1</priorisation>
<riasec_majeur>C</riasec_majeur>
<riasec_mineur>r</riasec_mineur>
</item_ab>
</activites_de_base>
<savoir_theorique_et_proceduraux nbItemSTP_AB="24">
<item_ab_stp>
<code_ogr>116793</code_ogr>
<libelle>Proc&#0233;dures d&#0039;entretien d&#0039;&#0233;quipements de propulsion</libelle>
<code_type_competence>1</code_type_competence>
<position_item>1</position_item>
<priorisation>1</priorisation>
</item_ab_stp>
<item_ab_stp>
<code_ogr>106362</code_ogr>
<libelle>Circuits hydrauliques</libelle>
<code_type_competence>1</code_type_competence>
<position_item>2</position_item>
<priorisation>1</priorisation>
</item_ab_stp>
<item_ab_stp>
<code_ogr>113649</code_ogr>
<libelle>Circuits &#0233;lectriques</libelle>
<code_type_competence>1</code_type_competence>
<position_item>3</position_item>
<priorisation>1</priorisation>
</item_ab_stp>
<item_ab_stp>
<code_ogr>119506</code_ogr>
<libelle>Logiciels de Gestion de Maintenance Assist&#0233;e par Ordinateur (GMAO)</libelle>
<code_type_competence>1</code_type_competence>
<position_item>4</position_item>
<priorisation>1</priorisation>
</item_ab_stp>
<item_ab_stp>
<code_ogr>100286</code_ogr>
<libelle>Techniques de soudure</libelle>
<code_type_competence>1</code_type_competence>
<position_item>5</position_item>
<priorisation>1</priorisation>
</item_ab_stp>
<item_ab_stp>
<code_ogr>100213</code_ogr>
<libelle>Utilisation de mat&#0233;riel de levage</libelle>
<code_type_competence>1</code_type_competence>
<position_item>6</position_item>
<priorisation>1</priorisation>
</item_ab_stp>
<item_ab_stp>
<code_ogr>119409</code_ogr>
<libelle>Logiciel de d&#0233;tection de panne</libelle>
<code_type_competence>1</code_type_competence>
<position_item>7</position_item>
<priorisation>1</priorisation>
</item_ab_stp>
<item_ab_stp>
<code_ogr>103070</code_ogr>
<libelle>Lecture de plan, de sch&#0233;ma</libelle>
<code_type_competence>1</code_type_competence>
<position_item>8</position_item>
<priorisation>1</priorisation>
</item_ab_stp>
<item_ab_stp>
<code_ogr>100017</code_ogr>
<libelle>R&#0232;gles de s&#0233;curit&#0233;</libelle>
<code_type_competence>1</code_type_competence>
<position_item>9</position_item>
<priorisation>1</priorisation>
</item_ab_stp>
<item_ab_stp>
<code_ogr>107080</code_ogr>
<libelle>Proc&#0233;dures de lignage</libelle>
<code_type_competence>1</code_type_competence>
<position_item>10</position_item>
<priorisation>1</priorisation>
</item_ab_stp>
<item_ab_stp>
<code_ogr>100554</code_ogr>
<libelle>Caract&#0233;ristiques des mat&#0233;riaux composites</libelle>
<code_type_competence>1</code_type_competence>
<position_item>11</position_item>
<priorisation>1</priorisation>
</item_ab_stp>
<item_ab_stp>
<code_ogr>104425</code_ogr>
<libelle>Hydraulique</libelle>
<code_type_competence>1</code_type_competence>
<position_item>12</position_item>
<priorisation>1</priorisation>
</item_ab_stp>
<item_ab_stp>
<code_ogr>103596</code_ogr>
<libelle>Menuiserie bois</libelle>
<code_type_competence>1</code_type_competence>
<position_item>13</position_item>
<priorisation>1</priorisation>
</item_ab_stp>
<item_ab_stp>
<code_ogr>103597</code_ogr>
<libelle>Menuiserie aluminium</libelle>
<code_type_competence>1</code_type_competence>
<position_item>14</position_item>
<priorisation>1</priorisation>
</item_ab_stp>
<item_ab_stp>
<code_ogr>103598</code_ogr>
<libelle>Menuiserie PVC</libelle>
<code_type_competence>1</code_type_competence>
<position_item>15</position_item>
<priorisation>1</priorisation>
</item_ab_stp>
<item_ab_stp>
<code_ogr>120092</code_ogr>
<libelle>Menuiserie bois massif</libelle>
<code_type_competence>1</code_type_competence>
<position_item>16</position_item>
<priorisation>1</priorisation>
</item_ab_stp>
<item_ab_stp>
<code_ogr>120091</code_ogr>
<libelle>Menuiserie bois de placage</libelle>
<code_type_competence>1</code_type_competence>
<position_item>17</position_item>
<priorisation>1</priorisation>
</item_ab_stp>
<item_ab_stp>
<code_ogr>120093</code_ogr>
<libelle>Menuiserie d&#0233;riv&#0233;s du bois</libelle>
<code_type_competence>1</code_type_competence>
<position_item>18</position_item>
<priorisation>1</priorisation>
</item_ab_stp>
<item_ab_stp>
<code_ogr>102173</code_ogr>
<libelle>El&#0233;ments de base en plomberie</libelle>
<code_type_competence>1</code_type_competence>
<position_item>19</position_item>
<priorisation>1</priorisation>
</item_ab_stp>
<item_ab_stp>
<code_ogr>122982</code_ogr>
<libelle>Technologie des &#0233;quipements &#0233;lectriques</libelle>
<code_type_competence>1</code_type_competence>
<position_item>20</position_item>
<priorisation>1</priorisation>
</item_ab_stp>
<item_ab_stp>
<code_ogr>107079</code_ogr>
<libelle>Caract&#0233;ristiques des moteurs hors-bord</libelle>
<code_type_competence>1</code_type_competence>
<position_item>21</position_item>
<priorisation>1</priorisation>
</item_ab_stp>
<item_ab_stp>
<code_ogr>107078</code_ogr>
<libelle>Caract&#0233;ristiques des moteurs in-bord</libelle>
<code_type_competence>1</code_type_competence>
<position_item>22</position_item>
<priorisation>1</priorisation>
</item_ab_stp>
<item_ab_stp>
<code_ogr>106968</code_ogr>
<libelle>M&#0233;canique marine</libelle>
<code_type_competence>1</code_type_competence>
<position_item>23</position_item>
<priorisation>1</priorisation>
</item_ab_stp>
<item_ab_stp>
<code_ogr>118975</code_ogr>
<libelle>Outils bureautiques</libelle>
<code_type_competence>1</code_type_competence>
<position_item>24</position_item>
<priorisation>1</priorisation>
</item_ab_stp>
</savoir_theorique_et_proceduraux>
<savoir_action nbItemSA_AB="0">
</savoir_action>
</bloc_activites_de_base>
<bloc_activites_specifiques nbBlocActiviteSpecifique="10">
<bloc>
<position_bloc>1</position_bloc>
<activite_specifique nbItemActivite_AS="1">
<item_as>
<code_ogr>120405</code_ogr>
<libelle>Utiliser un engin n&#0233;cessitant une habilitation</libelle>
<code_type_activite>3</code_type_activite>
<code_type_item_activite>2</code_type_item_activite>
<position_item>1</position_item>
<priorisation>1</priorisation>
<riasec_majeur>R</riasec_majeur>
</item_as>
</activite_specifique>
<savoir_theorique_et_proceduraux nbItemSTP_AS="3">
<item_as_stp>
<code_ogr>123698</code_ogr>
<libelle>Chariots &#0233;l&#0233;vateurs en porte-&#0224;-faux de capacit&#0233; inf&#0233;rieure ou &#0233;gale &#0224; 6000 kg (CACES R 389-3)</libelle>
<code_type_competence>1</code_type_competence>
<position_item>1</position_item>
<priorisation>1</priorisation>
</item_as_stp>
<item_as_stp>
<code_ogr>123718</code_ogr>
<libelle>Chariots &#0233;l&#0233;vateurs en porte-&#0224;-faux de capacit&#0233; sup&#0233;rieure &#0224; 6000 kg (CACES R 389-4)</libelle>
<code_type_competence>1</code_type_competence>
<position_item>2</position_item>
<priorisation>1</priorisation>
</item_as_stp>
<item_as_stp>
<code_ogr>123720</code_ogr>
<libelle>Grue &#0224; treillis sur rails (CACES R 383-2C)</libelle>
<code_type_competence>1</code_type_competence>
<position_item>3</position_item>
<priorisation>1</priorisation>
</item_as_stp>
</savoir_theorique_et_proceduraux>
<savoir_action nbItemSA_AS="0">
</savoir_action>
</bloc>
<bloc>
<position_bloc>2</position_bloc>
<activite_specifique nbItemActivite_AS="2">
<item_as>
<code_ogr>124184</code_ogr>
<libelle>R&#0233;aliser une intervention n&#0233;cessitant une habilitation</libelle>
<code_type_activite>3</code_type_activite>
<code_type_item_activite>2</code_type_item_activite>
<position_item>1</position_item>
<priorisation>1</priorisation>
<riasec_majeur>R</riasec_majeur>
</item_as>
<item_as>
<code_ogr>107081</code_ogr>
<libelle>R&#0233;aliser des interventions n&#0233;cessitant un Certificat d&#0039;atomicien</libelle>
<code_type_activite>3</code_type_activite>
<code_type_item_activite>2</code_type_item_activite>
<position_item>2</position_item>
<priorisation>1</priorisation>
<riasec_majeur>R</riasec_majeur>
</item_as>
</activite_specifique>
<savoir_theorique_et_proceduraux nbItemSTP_AS="3">
<item_as_stp>
<code_ogr>124206</code_ogr>
<libelle>Attestation d&#0039;aptitude &#0224; la manipulation des fluides frigorig&#0232;nes</libelle>
<code_type_competence>1</code_type_competence>
<position_item>1</position_item>
<priorisation>1</priorisation>
</item_as_stp>
<item_as_stp>
<code_ogr>124200</code_ogr>
<libelle>Habilitations &#0233;lectriques de travaux hors tension</libelle>
<code_type_competence>1</code_type_competence>
<position_item>2</position_item>
<priorisation>1</priorisation>
</item_as_stp>
<item_as_stp>
<code_ogr>124201</code_ogr>
<libelle>Habilitations &#0233;lectriques de travaux sous tension</libelle>
<code_type_competence>1</code_type_competence>
<position_item>3</position_item>
<priorisation>1</priorisation>
</item_as_stp>
</savoir_theorique_et_proceduraux>
<savoir_action nbItemSA_AS="0">
</savoir_action>
</bloc>
<bloc>
<position_bloc>3</position_bloc>
<activite_specifique nbItemActivite_AS="5">
<item_as>
<code_ogr>106969</code_ogr>
<libelle>Effectuer une navigation n&#0233;cessitant une carte mer</libelle>
<code_type_activite>3</code_type_activite>
<code_type_item_activite>2</code_type_item_activite>
<position_item>1</position_item>
<priorisation>1</priorisation>
<riasec_majeur>R</riasec_majeur>
</item_as>
<item_as>
<code_ogr>106970</code_ogr>
<libelle>Effectuer une navigation n&#0233;cessitant un permis c&#0244;tier</libelle>
<code_type_activite>3</code_type_activite>
<code_type_item_activite>2</code_type_item_activite>
<position_item>2</position_item>
<priorisation>1</priorisation>
<riasec_majeur>R</riasec_majeur>
</item_as>
<item_as>
<code_ogr>107082</code_ogr>
<libelle>Effectuer une navigation n&#0233;cessitant un permis fluvial</libelle>
<code_type_activite>3</code_type_activite>
<code_type_item_activite>2</code_type_item_activite>
<position_item>3</position_item>
<priorisation>1</priorisation>
<riasec_majeur>R</riasec_majeur>
</item_as>
<item_as>
<code_ogr>106971</code_ogr>
<libelle>Effectuer une navigation n&#0233;cessitant un permis hauturier</libelle>
<code_type_activite>3</code_type_activite>
<code_type_item_activite>2</code_type_item_activite>
<position_item>4</position_item>
<priorisation>1</priorisation>
<riasec_majeur>R</riasec_majeur>
</item_as>
<item_as>
<code_ogr>107083</code_ogr>
<libelle>Effectuer une navigation n&#0233;cessitant un permis rivi&#0232;re</libelle>
<code_type_activite>3</code_type_activite>
<code_type_item_activite>2</code_type_item_activite>
<position_item>5</position_item>
<priorisation>1</priorisation>
<riasec_majeur>R</riasec_majeur>
</item_as>
</activite_specifique>
<savoir_theorique_et_proceduraux nbItemSTP_AS="0">
</savoir_theorique_et_proceduraux>
<savoir_action nbItemSA_AS="0">
</savoir_action>
</bloc>
<bloc>
<position_bloc>4</position_bloc>
<activite_specifique nbItemActivite_AS="1">
<item_as>
<code_ogr>125044</code_ogr>
<libelle>Entretenir un &#0233;quipement &#0233;lectrique</libelle>
<code_type_activite>3</code_type_activite>
<code_type_item_activite>2</code_type_item_activite>
<position_item>1</position_item>
<priorisation>1</priorisation>
<riasec_majeur>R</riasec_majeur>
</item_as>
</activite_specifique>
<savoir_theorique_et_proceduraux nbItemSTP_AS="9">
<item_as_stp>
<code_ogr>125049</code_ogr>
<libelle>Conditionnement d&#0039;air</libelle>
<code_type_competence>1</code_type_competence>
<position_item>1</position_item>
<priorisation>1</priorisation>
</item_as_stp>
<item_as_stp>
<code_ogr>125050</code_ogr>
<libelle>Installations frigorifiques</libelle>
<code_type_competence>1</code_type_competence>
<position_item>2</position_item>
<priorisation>1</priorisation>
</item_as_stp>
<item_as_stp>
<code_ogr>125055</code_ogr>
<libelle>Centrale hydraulique</libelle>
<code_type_competence>1</code_type_competence>
<position_item>3</position_item>
<priorisation>1</priorisation>
</item_as_stp>
<item_as_stp>
<code_ogr>125046</code_ogr>
<libelle>Groupes propulsifs</libelle>
<code_type_competence>1</code_type_competence>
<position_item>4</position_item>
<priorisation>1</priorisation>
</item_as_stp>
<item_as_stp>
<code_ogr>125054</code_ogr>
<libelle>Moteurs in-bord</libelle>
<code_type_competence>1</code_type_competence>
<position_item>5</position_item>
<priorisation>1</priorisation>
</item_as_stp>
<item_as_stp>
<code_ogr>125052</code_ogr>
<libelle>Moteurs hors-bord</libelle>
<code_type_competence>1</code_type_competence>
<position_item>6</position_item>
<priorisation>1</priorisation>
</item_as_stp>
<item_as_stp>
<code_ogr>107092</code_ogr>
<libelle>Caract&#0233;ristiques des syst&#0232;mes de propulsion nucl&#0233;aire</libelle>
<code_type_competence>1</code_type_competence>
<position_item>7</position_item>
<priorisation>1</priorisation>
</item_as_stp>
<item_as_stp>
<code_ogr>107091</code_ogr>
<libelle>Caract&#0233;ristiques des syst&#0232;mes de propulsion &#0224; vapeur (chaufferie, turbines, ...)</libelle>
<code_type_competence>1</code_type_competence>
<position_item>8</position_item>
<priorisation>1</priorisation>
</item_as_stp>
<item_as_stp>
<code_ogr>123738</code_ogr>
<libelle>Fluides frigorig&#0232;nes</libelle>
<code_type_competence>1</code_type_competence>
<position_item>9</position_item>
<priorisation>1</priorisation>
</item_as_stp>
</savoir_theorique_et_proceduraux>
<savoir_action nbItemSA_AS="0">
</savoir_action>
</bloc>
<bloc>
<position_bloc>5</position_bloc>
<activite_specifique nbItemActivite_AS="1">
<item_as>
<code_ogr>124166</code_ogr>
<libelle>Contr&#0244;ler la conformit&#0233; d&#0039;un &#0233;quipement ou mat&#0233;riel de s&#0233;curit&#0233;</libelle>
<code_type_activite>3</code_type_activite>
<code_type_item_activite>2</code_type_item_activite>
<position_item>1</position_item>
<priorisation>1</priorisation>
<riasec_majeur>C</riasec_majeur>
<riasec_mineur>r</riasec_mineur>
</item_as>
</activite_specifique>
<savoir_theorique_et_proceduraux nbItemSTP_AS="2">
<item_as_stp>
<code_ogr>121831</code_ogr>
<libelle>Techniques de sauvetage et secourisme</libelle>
<code_type_competence>1</code_type_competence>
<position_item>1</position_item>
<priorisation>1</priorisation>
</item_as_stp>
<item_as_stp>
<code_ogr>107093</code_ogr>
<libelle>Techniques de lutte incendie</libelle>
<code_type_competence>1</code_type_competence>
<position_item>2</position_item>
<priorisation>1</priorisation>
</item_as_stp>
</savoir_theorique_et_proceduraux>
<savoir_action nbItemSA_AS="0">
</savoir_action>
</bloc>
<bloc>
<position_bloc>6</position_bloc>
<activite_specifique nbItemActivite_AS="1">
<item_as>
<code_ogr>114980</code_ogr>
<libelle>Surveiller et r&#0233;guler le fonctionnement en mer d&#0039;installations auxiliaires</libelle>
<code_type_activite>3</code_type_activite>
<code_type_item_activite>2</code_type_item_activite>
<position_item>1</position_item>
<priorisation>1</priorisation>
<riasec_majeur>R</riasec_majeur>
<riasec_mineur>c</riasec_mineur>
</item_as>
</activite_specifique>
<savoir_theorique_et_proceduraux nbItemSTP_AS="0">
</savoir_theorique_et_proceduraux>
<savoir_action nbItemSA_AS="0">
</savoir_action>
</bloc>
<bloc>
<position_bloc>7</position_bloc>
<activite_specifique nbItemActivite_AS="1">
<item_as>
<code_ogr>114944</code_ogr>
<libelle>Usiner des &#0233;l&#0233;ments ou r&#0233;aliser des pi&#0232;ces de remplacement</libelle>
<code_type_activite>3</code_type_activite>
<code_type_item_activite>2</code_type_item_activite>
<position_item>1</position_item>
<priorisation>1</priorisation>
<riasec_majeur>R</riasec_majeur>
</item_as>
</activite_specifique>
<savoir_theorique_et_proceduraux nbItemSTP_AS="0">
</savoir_theorique_et_proceduraux>
<savoir_action nbItemSA_AS="0">
</savoir_action>
</bloc>
<bloc>
<position_bloc>8</position_bloc>
<activite_specifique nbItemActivite_AS="1">
<item_as>
<code_ogr>114981</code_ogr>
<libelle>Manoeuvrer et positionner des engins de p&#0234;che (chaluts, filets, treuil, ...) et participer au traitement des captures (pr&#0233;paration, conditionnement, stockage, ...)</libelle>
<code_type_activite>3</code_type_activite>
<code_type_item_activite>2</code_type_item_activite>
<position_item>1</position_item>
<priorisation>1</priorisation>
<riasec_majeur>R</riasec_majeur>
</item_as>
</activite_specifique>
<savoir_theorique_et_proceduraux nbItemSTP_AS="1">
<item_as_stp>
<code_ogr>122285</code_ogr>
<libelle>P&#0234;che</libelle>
<code_type_competence>1</code_type_competence>
<position_item>1</position_item>
<priorisation>1</priorisation>
</item_as_stp>
</savoir_theorique_et_proceduraux>
<savoir_action nbItemSA_AS="0">
</savoir_action>
</bloc>
<bloc>
<position_bloc>9</position_bloc>
<activite_specifique nbItemActivite_AS="1">
<item_as>
<code_ogr>123622</code_ogr>
<libelle>Contr&#0244;ler le fonctionnement d&#0039;un &#0233;quipement millitaire</libelle>
<code_type_activite>3</code_type_activite>
<code_type_item_activite>2</code_type_item_activite>
<position_item>1</position_item>
<priorisation>1</priorisation>
<riasec_majeur>C</riasec_majeur>
<riasec_mineur>r</riasec_mineur>
</item_as>
</activite_specifique>
<savoir_theorique_et_proceduraux nbItemSTP_AS="0">
</savoir_theorique_et_proceduraux>
<savoir_action nbItemSA_AS="0">
</savoir_action>
</bloc>
<bloc>
<position_bloc>10</position_bloc>
<activite_specifique nbItemActivite_AS="2">
<item_as>
<code_ogr>124550</code_ogr>
<libelle>Entretenir un bateau</libelle>
<code_type_activite>3</code_type_activite>
<code_type_item_activite>2</code_type_item_activite>
<position_item>1</position_item>
<priorisation>1</priorisation>
<riasec_majeur>R</riasec_majeur>
</item_as>
<item_as>
<code_ogr>124549</code_ogr>
<libelle>Entretenir l&#0039;&#0233;quipement nautique</libelle>
<code_type_activite>3</code_type_activite>
<code_type_item_activite>2</code_type_item_activite>
<position_item>2</position_item>
<priorisation>1</priorisation>
<riasec_majeur>R</riasec_majeur>
</item_as>
</activite_specifique>
<savoir_theorique_et_proceduraux nbItemSTP_AS="1">
<item_as_stp>
<code_ogr>124551</code_ogr>
<libelle>Caract&#0233;ristiques des apparaux</libelle>
<code_type_competence>1</code_type_competence>
<position_item>1</position_item>
<priorisation>1</priorisation>
</item_as_stp>
</savoir_theorique_et_proceduraux>
<savoir_action nbItemSA_AS="0">
</savoir_action>
</bloc>
</bloc_activites_specifiques>
<bloc_mobilites>
<mobilites_proches nbItemMob="2">
<item_mob_pr><code_type_mobilite>1</code_type_mobilite>
<liste_appellation_source>
<code_appellation_source>0</code_appellation_source>
<libelle_appellation_source>Toutes les appellations</libelle_appellation_source>
</liste_appellation_source>
<code_rome_cible>I1604</code_rome_cible>
<libelle_rome_cible>M&#0233;canique automobile et entretien de v&#0233;hicules</libelle_rome_cible>
<liste_appellation_cible>
<code_appellation_cible>0</code_appellation_cible>
<libelle_appellation_cible>Toutes les appellations</libelle_appellation_cible>
</liste_appellation_cible>
</item_mob_pr>
<item_mob_pr><code_type_mobilite>1</code_type_mobilite>
<liste_appellation_source>
<code_appellation_source>0</code_appellation_source>
<libelle_appellation_source>Toutes les appellations</libelle_appellation_source>
</liste_appellation_source>
<code_rome_cible>N3102</code_rome_cible>
<libelle_rome_cible>Equipage de la navigation maritime</libelle_rome_cible>
<liste_appellation_cible>
<code_appellation_cible>0</code_appellation_cible>
<libelle_appellation_cible>Toutes les appellations</libelle_appellation_cible>
</liste_appellation_cible>
</item_mob_pr>
</mobilites_proches>
<mobilites_si_evolution nbItemMob="11">
<item_mob_ev><code_type_mobilite>2</code_type_mobilite>
<liste_appellation_source>
<code_appellation_source>0</code_appellation_source>
<libelle_appellation_source>Toutes les appellations</libelle_appellation_source>
<code_appellation_source>0</code_appellation_source>
<libelle_appellation_source> </libelle_appellation_source>
</liste_appellation_source>
<code_rome_cible>D1204</code_rome_cible>
<libelle_rome_cible>Location de v&#0233;hicules ou de mat&#0233;riel de loisirs</libelle_rome_cible>
<liste_appellation_cible>
<code_appellation_cible>16226</code_appellation_cible>
<libelle_appellation_cible>Loueur / Loueuse de voiliers</libelle_appellation_cible>
<code_appellation_cible>16227</code_appellation_cible>
<libelle_appellation_cible>Loueur / Loueuse d&#0039;engins nautiques</libelle_appellation_cible>
</liste_appellation_cible>
</item_mob_ev>
<item_mob_ev><code_type_mobilite>2</code_type_mobilite>
<liste_appellation_source>
<code_appellation_source>0</code_appellation_source>
<libelle_appellation_source>Toutes les appellations</libelle_appellation_source>
</liste_appellation_source>
<code_rome_cible>D1404</code_rome_cible>
<libelle_rome_cible>Relation commerciale en vente de v&#0233;hicules</libelle_rome_cible>
<liste_appellation_cible>
<code_appellation_cible>13492</code_appellation_cible>
<libelle_appellation_cible>Conseiller vendeur / Conseill&#0232;re vendeuse de bateaux de plaisance</libelle_appellation_cible>
</liste_appellation_cible>
</item_mob_ev>
<item_mob_ev><code_type_mobilite>2</code_type_mobilite>
<liste_appellation_source>
<code_appellation_source>0</code_appellation_source>
<libelle_appellation_source>Toutes les appellations</libelle_appellation_source>
</liste_appellation_source>
<code_rome_cible>D1407</code_rome_cible>
<libelle_rome_cible>Relation technico-commerciale</libelle_rome_cible>
<liste_appellation_cible>
<code_appellation_cible>0</code_appellation_cible>
<libelle_appellation_cible>Toutes les appellations</libelle_appellation_cible>
</liste_appellation_cible>
</item_mob_ev>
<item_mob_ev><code_type_mobilite>2</code_type_mobilite>
<liste_appellation_source>
<code_appellation_source>0</code_appellation_source>
<libelle_appellation_source>Toutes les appellations</libelle_appellation_source>
</liste_appellation_source>
<code_rome_cible>H1301</code_rome_cible>
<libelle_rome_cible>Inspection de conformit&#0233;</libelle_rome_cible>
<liste_appellation_cible>
<code_appellation_cible>0</code_appellation_cible>
<libelle_appellation_cible>Toutes les appellations</libelle_appellation_cible>
</liste_appellation_cible>
</item_mob_ev>
<item_mob_ev><code_type_mobilite>2</code_type_mobilite>
<liste_appellation_source>
<code_appellation_source>0</code_appellation_source>
<libelle_appellation_source>Toutes les appellations</libelle_appellation_source>
</liste_appellation_source>
<code_rome_cible>I1304</code_rome_cible>
<libelle_rome_cible>Installation et maintenance d&#0039;&#0233;quipements industriels et d&#0039;exploitation</libelle_rome_cible>
<liste_appellation_cible>
<code_appellation_cible>0</code_appellation_cible>
<libelle_appellation_cible>Toutes les appellations</libelle_appellation_cible>
</liste_appellation_cible>
</item_mob_ev>
<item_mob_ev><code_type_mobilite>2</code_type_mobilite>
<liste_appellation_source>
<code_appellation_source>0</code_appellation_source>
<libelle_appellation_source>Toutes les appellations</libelle_appellation_source>
</liste_appellation_source>
<code_rome_cible>I1306</code_rome_cible>
<libelle_rome_cible>Installation et maintenance en froid, conditionnement d&#0039;air</libelle_rome_cible>
<liste_appellation_cible>
<code_appellation_cible>0</code_appellation_cible>
<libelle_appellation_cible>Toutes les appellations</libelle_appellation_cible>
</liste_appellation_cible>
</item_mob_ev>
<item_mob_ev><code_type_mobilite>2</code_type_mobilite>
<liste_appellation_source>
<code_appellation_source>0</code_appellation_source>
<libelle_appellation_source>Toutes les appellations</libelle_appellation_source>
</liste_appellation_source>
<code_rome_cible>I1310</code_rome_cible>
<libelle_rome_cible>Maintenance m&#0233;canique industrielle</libelle_rome_cible>
<liste_appellation_cible>
<code_appellation_cible>0</code_appellation_cible>
<libelle_appellation_cible>Toutes les appellations</libelle_appellation_cible>
</liste_appellation_cible>
</item_mob_ev>
<item_mob_ev><code_type_mobilite>2</code_type_mobilite>
<liste_appellation_source>
<code_appellation_source>0</code_appellation_source>
<libelle_appellation_source>Toutes les appellations</libelle_appellation_source>
</liste_appellation_source>
<code_rome_cible>I1601</code_rome_cible>
<libelle_rome_cible>Installation et maintenance en nautisme</libelle_rome_cible>
<liste_appellation_cible>
<code_appellation_cible>0</code_appellation_cible>
<libelle_appellation_cible>Toutes les appellations</libelle_appellation_cible>
</liste_appellation_cible>
</item_mob_ev>
<item_mob_ev><code_type_mobilite>2</code_type_mobilite>
<liste_appellation_source>
<code_appellation_source>0</code_appellation_source>
<libelle_appellation_source>Toutes les appellations</libelle_appellation_source>
</liste_appellation_source>
<code_rome_cible>I1603</code_rome_cible>
<libelle_rome_cible>Maintenance d&#0039;engins de chantier, levage, manutention et de machines agricoles</libelle_rome_cible>
<liste_appellation_cible>
<code_appellation_cible>0</code_appellation_cible>
<libelle_appellation_cible>Toutes les appellations</libelle_appellation_cible>
</liste_appellation_cible>
</item_mob_ev>
<item_mob_ev><code_type_mobilite>2</code_type_mobilite>
<liste_appellation_source>
<code_appellation_source>0</code_appellation_source>
<libelle_appellation_source>Toutes les appellations</libelle_appellation_source>
</liste_appellation_source>
<code_rome_cible>I1607</code_rome_cible>
<libelle_rome_cible>R&#0233;paration de cycles, motocycles et motoculteurs de loisirs</libelle_rome_cible>
<liste_appellation_cible>
<code_appellation_cible>0</code_appellation_cible>
<libelle_appellation_cible>Toutes les appellations</libelle_appellation_cible>
</liste_appellation_cible>
</item_mob_ev>
<item_mob_ev><code_type_mobilite>2</code_type_mobilite>
<liste_appellation_source>
<code_appellation_source>0</code_appellation_source>
<libelle_appellation_source>Toutes les appellations</libelle_appellation_source>
</liste_appellation_source>
<code_rome_cible>K2111</code_rome_cible>
<libelle_rome_cible>Formation professionnelle</libelle_rome_cible>
<liste_appellation_cible>
<code_appellation_cible>15144</code_appellation_cible>
<libelle_appellation_cible>Formateur / Formatrice technique</libelle_appellation_cible>
</liste_appellation_cible>
</item_mob_ev>
</mobilites_si_evolution>
</bloc_mobilites>
</fiche_emploi_metier>