<?xml version="1.0" encoding="UTF-8" ?>
<fiche_emploi_metier>
<type_fiche>2</type_fiche>
<libelle_type_fiche>priorise</libelle_type_fiche>
<version_SI>
<version_rome>333</version_rome>
<date_version_si>01/10/2017</date_version_si>
<mois_version_si>Octobre</mois_version_si>
<annee_version_si>2017</annee_version_si>
</version_SI>
<bloc_code_rome>
<code_rome>J1405</code_rome>
<intitule>Optique - lunetterie</intitule>
<code_ogr>349</code_ogr>
<riasec_majeur>C</riasec_majeur>
<riasec_mineur>s</riasec_mineur>
</bloc_code_rome>
<bloc_appellation nbItemAppellation="6">
<item_app>
<code_ogr>16897</code_ogr>
<libelle>Monteur-vendeur lunetier / Monteuse-vendeuse luneti&#0232;re</libelle>
<libelle_court>Monteur-vendeur lunetier / Monteuse-vendeuse luneti&#0232;re</libelle_court>
<priorisation>1</priorisation>
</item_app>
<item_app>
<code_ogr>16898</code_ogr>
<libelle>Monteur-vendeur opticien / Monteuse-vendeuse opticienne</libelle>
<libelle_court>Monteur-vendeur opticien / Monteuse-vendeuse opticienne</libelle_court>
<priorisation>1</priorisation>
</item_app>
<item_app>
<code_ogr>17350</code_ogr>
<libelle>Opticien / Opticienne</libelle>
<libelle_court>Opticien / Opticienne</libelle_court>
<priorisation>1</priorisation>
</item_app>
<item_app>
<code_ogr>17352</code_ogr>
<libelle>Opticien / Opticienne responsable de magasin</libelle>
<libelle_court>Opticien / Opticienne responsable de magasin</libelle_court>
<priorisation>1</priorisation>
</item_app>
<item_app>
<code_ogr>17353</code_ogr>
<libelle>Opticien-lunetier / Opticienne-luneti&#0232;re</libelle>
<libelle_court>Opticien-lunetier / Opticienne-luneti&#0232;re</libelle_court>
<priorisation>1</priorisation>
</item_app>
<item_app>
<code_ogr>17354</code_ogr>
<libelle>Opticien-optom&#0233;triste / Opticienne-optom&#0233;triste</libelle>
<libelle_court>Opticien-optom&#0233;triste / Opticienne-optom&#0233;triste</libelle_court>
<priorisation>1</priorisation>
</item_app>
</bloc_appellation>
<definition nbItemDefinition="4">
Assemble et d&#0233;livre des &#0233;quipements de correction optique &#0224; des personnes atteintes de troubles visuels selon la prescription m&#0233;dicale, la demande individuelle.
Commercialise des articles (lunettes de soleil, &#0233;tuis, instruments optiques, produits de conservation et de nettoyage, ...).
Peut mesurer l&#0039;acuit&#0233; visuelle et d&#0233;terminer la correction optique n&#0233;cessaire &#0224; la personne.
Peut coordonner une &#0233;quipe (monteur vendeur, opticien, personnel administratif, ...), diriger un ou plusieurs magasins d&#0039;optique.
</definition>
<acces_emploi_metier nbItemAccesEmploiMetier="3">
Cet emploi/m&#0233;tier est accessible avec le BTS Opticien Lunetier -BTSOL-.
L&#0039;emploi/m&#0233;tier de monteur vendeur optique est accessible avec le CAP monteur vendeur optique ou le BEP optique lunetterie.
Des formations compl&#0233;mentaires (optom&#0233;trie, contactologie, basse vision) peuvent &#0234;tre requises.
</acces_emploi_metier>
<condition_exercice_activite nbItemConditionExercice="2">
L&#0039;activit&#0233; de cet emploi/m&#0233;tier s&#0039;exerce en magasins d&#0039;optique en contact avec la client&#0232;le et en relation avec diff&#0233;rents professionnels de sant&#0233; (ophtalmologues, orthoptistes, ...).
Elle peut s&#0039;effectuer en atelier (montage, nettoyage, r&#0233;paration, ...).
</condition_exercice_activite>
<bloc_environnement_de_travail nbItemEnvTrav="3">
<item_env>
<code_ogr>23778</code_ogr>
<libelle>Centre de sant&#0233;</libelle>
<code_type_section_env>1</code_type_section_env>
<priorisation>1</priorisation>
</item_env>
<item_env>
<code_ogr>23997</code_ogr>
<libelle>Magasin d&#0039;optique</libelle>
<code_type_section_env>1</code_type_section_env>
<priorisation>1</priorisation>
</item_env>
<item_env>
<code_ogr>24844</code_ogr>
<libelle>Travail en ind&#0233;pendant</libelle>
<code_type_section_env>3</code_type_section_env>
<priorisation>1</priorisation>
</item_env>
</bloc_environnement_de_travail>
<bloc_activites_de_base nbBlocActiviteBase="1">
<activites_de_base nbItemActivite_AB="7">
<item_ab>
<code_ogr>121711</code_ogr>
<libelle>Etudier une demande client</libelle>
<code_type_activite>3</code_type_activite>
<code_type_item_activite>2</code_type_item_activite>
<position_item>1</position_item>
<priorisation>1</priorisation>
<riasec_majeur>S</riasec_majeur>
<riasec_mineur>r</riasec_mineur>
</item_ab>
<item_ab>
<code_ogr>125815</code_ogr>
<libelle>Conseiller un client</libelle>
<code_type_activite>3</code_type_activite>
<code_type_item_activite>2</code_type_item_activite>
<position_item>2</position_item>
<priorisation>1</priorisation>
<riasec_majeur>S</riasec_majeur>
</item_ab>
<item_ab>
<code_ogr>107519</code_ogr>
<libelle>Renseigner le client sur les &#0233;quipements optiques, les conditions de prise en charge par la S&#0233;curit&#0233; Sociale, les mutuelles, ... et le conseiller dans son choix</libelle>
<code_type_activite>3</code_type_activite>
<code_type_item_activite>2</code_type_item_activite>
<position_item>3</position_item>
<priorisation>1</priorisation>
<riasec_majeur>S</riasec_majeur>
</item_ab>
<item_ab>
<code_ogr>107520</code_ogr>
<libelle>Prendre les mesures pour la r&#0233;alisation de l&#0039;&#0233;quipement optique et &#0233;tablir la fiche d&#0039;ex&#0233;cution des travaux</libelle>
<code_type_activite>3</code_type_activite>
<code_type_item_activite>2</code_type_item_activite>
<position_item>4</position_item>
<priorisation>1</priorisation>
<riasec_majeur>C</riasec_majeur>
<riasec_mineur>i</riasec_mineur>
</item_ab>
<item_ab>
<code_ogr>107521</code_ogr>
<libelle>Pr&#0233;parer les verres (centrage, axage, montage, ...), proc&#0233;der &#0224; l&#0039;essayage sur le client et effectuer les ajustements</libelle>
<code_type_activite>3</code_type_activite>
<code_type_item_activite>2</code_type_item_activite>
<position_item>5</position_item>
<priorisation>1</priorisation>
<riasec_majeur>R</riasec_majeur>
<riasec_mineur>a</riasec_mineur>
</item_ab>
<item_ab>
<code_ogr>124612</code_ogr>
<libelle>Renseigner des documents m&#0233;dico-administratifs</libelle>
<code_type_activite>3</code_type_activite>
<code_type_item_activite>2</code_type_item_activite>
<position_item>6</position_item>
<priorisation>1</priorisation>
<riasec_majeur>C</riasec_majeur>
</item_ab>
<item_ab>
<code_ogr>120696</code_ogr>
<libelle>R&#0233;aliser le suivi des r&#0232;glements clients</libelle>
<code_type_activite>3</code_type_activite>
<code_type_item_activite>2</code_type_item_activite>
<position_item>7</position_item>
<priorisation>1</priorisation>
<riasec_majeur>C</riasec_majeur>
</item_ab>
</activites_de_base>
<savoir_theorique_et_proceduraux nbItemSTP_AB="8">
<item_ab_stp>
<code_ogr>106219</code_ogr>
<libelle>Utilisation d&#0039;appareil de mesure optique</libelle>
<code_type_competence>1</code_type_competence>
<position_item>1</position_item>
<priorisation>1</priorisation>
</item_ab_stp>
<item_ab_stp>
<code_ogr>100340</code_ogr>
<libelle>Techniques de vente</libelle>
<code_type_competence>1</code_type_competence>
<position_item>2</position_item>
<priorisation>1</priorisation>
</item_ab_stp>
<item_ab_stp>
<code_ogr>107523</code_ogr>
<libelle>Utilisation de mat&#0233;riel de montage optique</libelle>
<code_type_competence>1</code_type_competence>
<position_item>3</position_item>
<priorisation>1</priorisation>
</item_ab_stp>
<item_ab_stp>
<code_ogr>107526</code_ogr>
<libelle>Techniques de traitement des verres</libelle>
<code_type_competence>1</code_type_competence>
<position_item>4</position_item>
<priorisation>1</priorisation>
</item_ab_stp>
<item_ab_stp>
<code_ogr>107525</code_ogr>
<libelle>Techniques de prise de mesures optiques</libelle>
<code_type_competence>1</code_type_competence>
<position_item>5</position_item>
<priorisation>1</priorisation>
</item_ab_stp>
<item_ab_stp>
<code_ogr>100906</code_ogr>
<libelle>Ergonomie</libelle>
<code_type_competence>1</code_type_competence>
<position_item>6</position_item>
<priorisation>1</priorisation>
</item_ab_stp>
<item_ab_stp>
<code_ogr>100414</code_ogr>
<libelle>R&#0232;gles d&#0039;hygi&#0232;ne et d&#0039;asepsie</libelle>
<code_type_competence>1</code_type_competence>
<position_item>7</position_item>
<priorisation>1</priorisation>
</item_ab_stp>
<item_ab_stp>
<code_ogr>107524</code_ogr>
<libelle>Caract&#0233;ristiques des verres optiques</libelle>
<code_type_competence>1</code_type_competence>
<position_item>8</position_item>
<priorisation>1</priorisation>
</item_ab_stp>
</savoir_theorique_et_proceduraux>
<savoir_action nbItemSA_AB="0">
</savoir_action>
</bloc_activites_de_base>
<bloc_activites_specifiques nbBlocActiviteSpecifique="7">
<bloc>
<position_bloc>1</position_bloc>
<activite_specifique nbItemActivite_AS="1">
<item_as>
<code_ogr>115037</code_ogr>
<libelle>Pr&#0233;senter les caract&#0233;ristiques des verres de contact, les conditions de port et informer le client sur les modalit&#0233;s de pose, d&#0039;entretien, ...</libelle>
<code_type_activite>3</code_type_activite>
<code_type_item_activite>2</code_type_item_activite>
<position_item>1</position_item>
<priorisation>1</priorisation>
<riasec_majeur>S</riasec_majeur>
<riasec_mineur>r</riasec_mineur>
</item_as>
</activite_specifique>
<savoir_theorique_et_proceduraux nbItemSTP_AS="1">
<item_as_stp>
<code_ogr>107527</code_ogr>
<libelle>Contactologie</libelle>
<code_type_competence>1</code_type_competence>
<position_item>1</position_item>
<priorisation>1</priorisation>
</item_as_stp>
</savoir_theorique_et_proceduraux>
<savoir_action nbItemSA_AS="0">
</savoir_action>
</bloc>
<bloc>
<position_bloc>2</position_bloc>
<activite_specifique nbItemActivite_AS="1">
<item_as>
<code_ogr>115038</code_ogr>
<libelle>Proc&#0233;der &#0224; l&#0039;examen de vision d&#0039;un client, d&#0233;terminer les besoins de correction visuelle ou l&#0039;orienter vers un ophtalmologiste, un m&#0233;decin g&#0233;n&#0233;raliste, ...</libelle>
<code_type_activite>3</code_type_activite>
<code_type_item_activite>2</code_type_item_activite>
<position_item>1</position_item>
<priorisation>1</priorisation>
<riasec_majeur>I</riasec_majeur>
<riasec_mineur>s</riasec_mineur>
</item_as>
</activite_specifique>
<savoir_theorique_et_proceduraux nbItemSTP_AS="1">
<item_as_stp>
<code_ogr>107528</code_ogr>
<libelle>Optom&#0233;trie</libelle>
<code_type_competence>1</code_type_competence>
<position_item>1</position_item>
<priorisation>1</priorisation>
</item_as_stp>
</savoir_theorique_et_proceduraux>
<savoir_action nbItemSA_AS="0">
</savoir_action>
</bloc>
<bloc>
<position_bloc>3</position_bloc>
<activite_specifique nbItemActivite_AS="1">
<item_as>
<code_ogr>115039</code_ogr>
<libelle>Conseiller un client sur des &#0233;quipements basse vision (loupes &#0233;clairantes, t&#0233;l&#0233; agrandisseurs, ...) et concevoir ou adapter des appareils</libelle>
<code_type_activite>3</code_type_activite>
<code_type_item_activite>2</code_type_item_activite>
<position_item>1</position_item>
<priorisation>1</priorisation>
<riasec_majeur>S</riasec_majeur>
<riasec_mineur>i</riasec_mineur>
</item_as>
</activite_specifique>
<savoir_theorique_et_proceduraux nbItemSTP_AS="0">
</savoir_theorique_et_proceduraux>
<savoir_action nbItemSA_AS="0">
</savoir_action>
</bloc>
<bloc>
<position_bloc>4</position_bloc>
<activite_specifique nbItemActivite_AS="3">
<item_as>
<code_ogr>119851</code_ogr>
<libelle>V&#0233;rifier la conformit&#0233; de la livraison</libelle>
<code_type_activite>3</code_type_activite>
<code_type_item_activite>2</code_type_item_activite>
<position_item>1</position_item>
<priorisation>1</priorisation>
<riasec_majeur>C</riasec_majeur>
</item_as>
<item_as>
<code_ogr>116932</code_ogr>
<libelle>Suivre l&#0039;&#0233;tat des stocks</libelle>
<code_type_activite>3</code_type_activite>
<code_type_item_activite>2</code_type_item_activite>
<position_item>2</position_item>
<priorisation>1</priorisation>
<riasec_majeur>C</riasec_majeur>
</item_as>
<item_as>
<code_ogr>124180</code_ogr>
<libelle>D&#0233;clencher un r&#0233;approvisionnement</libelle>
<code_type_activite>3</code_type_activite>
<code_type_item_activite>2</code_type_item_activite>
<position_item>3</position_item>
<priorisation>1</priorisation>
<riasec_majeur>C</riasec_majeur>
</item_as>
</activite_specifique>
<savoir_theorique_et_proceduraux nbItemSTP_AS="1">
<item_as_stp>
<code_ogr>119000</code_ogr>
<libelle>Gestion des stocks et des approvisionnements</libelle>
<code_type_competence>1</code_type_competence>
<position_item>1</position_item>
<priorisation>1</priorisation>
</item_as_stp>
</savoir_theorique_et_proceduraux>
<savoir_action nbItemSA_AS="0">
</savoir_action>
</bloc>
<bloc>
<position_bloc>5</position_bloc>
<activite_specifique nbItemActivite_AS="2">
<item_as>
<code_ogr>124377</code_ogr>
<libelle>R&#0233;aliser une gestion administrative</libelle>
<code_type_activite>3</code_type_activite>
<code_type_item_activite>2</code_type_item_activite>
<position_item>1</position_item>
<priorisation>1</priorisation>
<riasec_majeur>C</riasec_majeur>
</item_as>
<item_as>
<code_ogr>124318</code_ogr>
<libelle>R&#0233;aliser une gestion comptable</libelle>
<code_type_activite>3</code_type_activite>
<code_type_item_activite>2</code_type_item_activite>
<position_item>2</position_item>
<priorisation>1</priorisation>
<riasec_majeur>C</riasec_majeur>
</item_as>
</activite_specifique>
<savoir_theorique_et_proceduraux nbItemSTP_AS="2">
<item_as_stp>
<code_ogr>120889</code_ogr>
<libelle>Gestion administrative</libelle>
<code_type_competence>1</code_type_competence>
<position_item>1</position_item>
<priorisation>1</priorisation>
</item_as_stp>
<item_as_stp>
<code_ogr>120888</code_ogr>
<libelle>Gestion comptable</libelle>
<code_type_competence>1</code_type_competence>
<position_item>2</position_item>
<priorisation>1</priorisation>
</item_as_stp>
</savoir_theorique_et_proceduraux>
<savoir_action nbItemSA_AS="0">
</savoir_action>
</bloc>
<bloc>
<position_bloc>6</position_bloc>
<activite_specifique nbItemActivite_AS="1">
<item_as>
<code_ogr>119787</code_ogr>
<libelle>Animer une formation</libelle>
<code_type_activite>3</code_type_activite>
<code_type_item_activite>2</code_type_item_activite>
<position_item>1</position_item>
<priorisation>1</priorisation>
<riasec_majeur>S</riasec_majeur>
</item_as>
</activite_specifique>
<savoir_theorique_et_proceduraux nbItemSTP_AS="0">
</savoir_theorique_et_proceduraux>
<savoir_action nbItemSA_AS="0">
</savoir_action>
</bloc>
<bloc>
<position_bloc>7</position_bloc>
<activite_specifique nbItemActivite_AS="1">
<item_as>
<code_ogr>119337</code_ogr>
<libelle>Mettre en place des actions de gestion de ressources humaines</libelle>
<code_type_activite>3</code_type_activite>
<code_type_item_activite>2</code_type_item_activite>
<position_item>1</position_item>
<priorisation>1</priorisation>
<riasec_majeur>E</riasec_majeur>
<riasec_mineur>s</riasec_mineur>
</item_as>
</activite_specifique>
<savoir_theorique_et_proceduraux nbItemSTP_AS="0">
</savoir_theorique_et_proceduraux>
<savoir_action nbItemSA_AS="0">
</savoir_action>
</bloc>
</bloc_activites_specifiques>
<bloc_mobilites>
<mobilites_proches nbItemMob="4">
<item_mob_pr><code_type_mobilite>1</code_type_mobilite>
<liste_appellation_source>
<code_appellation_source>0</code_appellation_source>
<libelle_appellation_source>Toutes les appellations</libelle_appellation_source>
</liste_appellation_source>
<code_rome_cible>D1214</code_rome_cible>
<libelle_rome_cible>Vente en habillement et accessoires de la personne</libelle_rome_cible>
<liste_appellation_cible>
<code_appellation_cible>20605</code_appellation_cible>
<libelle_appellation_cible>Vendeur / Vendeuse en optique lunetterie</libelle_appellation_cible>
</liste_appellation_cible>
</item_mob_pr>
<item_mob_pr><code_type_mobilite>1</code_type_mobilite>
<liste_appellation_source>
<code_appellation_source>0</code_appellation_source>
<libelle_appellation_source>Toutes les appellations</libelle_appellation_source>
</liste_appellation_source>
<code_rome_cible>D1301</code_rome_cible>
<libelle_rome_cible>Management de magasin de d&#0233;tail</libelle_rome_cible>
<liste_appellation_cible>
<code_appellation_cible>0</code_appellation_cible>
<libelle_appellation_cible>Toutes les appellations</libelle_appellation_cible>
</liste_appellation_cible>
</item_mob_pr>
<item_mob_pr><code_type_mobilite>1</code_type_mobilite>
<liste_appellation_source>
<code_appellation_source>0</code_appellation_source>
<libelle_appellation_source>Toutes les appellations</libelle_appellation_source>
</liste_appellation_source>
<code_rome_cible>D1402</code_rome_cible>
<libelle_rome_cible>Relation commerciale grands comptes et entreprises</libelle_rome_cible>
<liste_appellation_cible>
<code_appellation_cible>0</code_appellation_cible>
<libelle_appellation_cible>Toutes les appellations</libelle_appellation_cible>
</liste_appellation_cible>
</item_mob_pr>
<item_mob_pr><code_type_mobilite>1</code_type_mobilite>
<liste_appellation_source>
<code_appellation_source>0</code_appellation_source>
<libelle_appellation_source>Toutes les appellations</libelle_appellation_source>
</liste_appellation_source>
<code_rome_cible>D1405</code_rome_cible>
<libelle_rome_cible>Conseil en information m&#0233;dicale</libelle_rome_cible>
<liste_appellation_cible>
<code_appellation_cible>0</code_appellation_cible>
<libelle_appellation_cible>Toutes les appellations</libelle_appellation_cible>
</liste_appellation_cible>
</item_mob_pr>
</mobilites_proches>
<mobilites_si_evolution nbItemMob="2">
<item_mob_ev><code_type_mobilite>2</code_type_mobilite>
<liste_appellation_source>
<code_appellation_source>0</code_appellation_source>
<libelle_appellation_source>Toutes les appellations</libelle_appellation_source>
</liste_appellation_source>
<code_rome_cible>H2901</code_rome_cible>
<libelle_rome_cible>Ajustement et montage de fabrication</libelle_rome_cible>
<liste_appellation_cible>
<code_appellation_cible>16857</code_appellation_cible>
<libelle_appellation_cible>Monteur r&#0233;gleur / Monteuse r&#0233;gleuse de fabrication en instruments d&#0039;optique</libelle_appellation_cible>
</liste_appellation_cible>
</item_mob_ev>
<item_mob_ev><code_type_mobilite>2</code_type_mobilite>
<liste_appellation_source>
<code_appellation_source>0</code_appellation_source>
<libelle_appellation_source>Toutes les appellations</libelle_appellation_source>
</liste_appellation_source>
<code_rome_cible>K2111</code_rome_cible>
<libelle_rome_cible>Formation professionnelle</libelle_rome_cible>
<liste_appellation_cible>
<code_appellation_cible>15135</code_appellation_cible>
<libelle_appellation_cible>Formateur / Formatrice de formation param&#0233;dicale</libelle_appellation_cible>
</liste_appellation_cible>
</item_mob_ev>
</mobilites_si_evolution>
</bloc_mobilites>
</fiche_emploi_metier>