<?xml version="1.0" encoding="UTF-8" ?>
<fiche_emploi_metier>
<type_fiche>2</type_fiche>
<libelle_type_fiche>priorise</libelle_type_fiche>
<version_SI>
<version_rome>333</version_rome>
<date_version_si>01/10/2017</date_version_si>
<mois_version_si>Octobre</mois_version_si>
<annee_version_si>2017</annee_version_si>
</version_SI>
<bloc_code_rome>
<code_rome>J1404</code_rome>
<intitule>Kin&#0233;sith&#0233;rapie</intitule>
<code_ogr>348</code_ogr>
<riasec_majeur>S</riasec_majeur>
<riasec_mineur>r</riasec_mineur>
</bloc_code_rome>
<bloc_appellation nbItemAppellation="7">
<item_app>
<code_ogr>16136</code_ogr>
<libelle>Kin&#0233;sith&#0233;rapeute</libelle>
<libelle_court>Kin&#0233;sith&#0233;rapeute</libelle_court>
<priorisation>1</priorisation>
</item_app>
<item_app>
<code_ogr>16137</code_ogr>
<libelle>Kin&#0233;sith&#0233;rapeute chiropracteur / chiropractrice</libelle>
<libelle_court>Kin&#0233;sith&#0233;rapeute chiropracteur / chiropractrice</libelle_court>
<priorisation>1</priorisation>
</item_app>
<item_app>
<code_ogr>16138</code_ogr>
<libelle>Kin&#0233;sith&#0233;rapeute chiropraticien / chiropraticienne</libelle>
<libelle_court>Kin&#0233;sith&#0233;rapeute chiropraticien / chiropraticienne</libelle_court>
<priorisation>1</priorisation>
</item_app>
<item_app>
<code_ogr>16139</code_ogr>
<libelle>Kin&#0233;sith&#0233;rapeute ost&#0233;opathe</libelle>
<libelle_court>Kin&#0233;sith&#0233;rapeute ost&#0233;opathe</libelle_court>
<priorisation>1</priorisation>
</item_app>
<item_app>
<code_ogr>16419</code_ogr>
<libelle>Masseur / Masseuse kin&#0233;sith&#0233;rapeute</libelle>
<libelle_court>Masseur / Masseuse kin&#0233;sith&#0233;rapeute</libelle_court>
<priorisation>1</priorisation>
</item_app>
<item_app>
<code_ogr>16420</code_ogr>
<libelle>Masseur kin&#0233;sith&#0233;rapeute r&#0233;&#0233;ducateur / Masseuse kin&#0233;sith&#0233;rapeute r&#0233;&#0233;ducatrice</libelle>
<libelle_court>Masseur(se) kin&#0233;sith&#0233;rapeute r&#0233;&#0233;ducateur(trice)</libelle_court>
<priorisation>1</priorisation>
</item_app>
<item_app>
<code_ogr>17736</code_ogr>
<libelle>Physioth&#0233;rapeute</libelle>
<libelle_court>Physioth&#0233;rapeute</libelle_court>
<priorisation>1</priorisation>
</item_app>
</bloc_appellation>
<definition nbItemDefinition="4">
R&#0233;&#0233;duque et r&#0233;adapte les d&#0233;ficiences motrices, les limitations fonctionnelles de la personne selon la prescription m&#0233;dicale dans un but d&#0039;entretien, de restauration, d&#0039;adaptation de la gestuelle ou d&#0039;optimisation de la fonction motrice.
Peut proposer un traitement selon une orientation th&#0233;rapeutique sp&#0233;cifique (ost&#0233;opathie, chiropractie, ...).
Peut r&#0233;aliser des actions de pr&#0233;vention (bilans ergonomiques, suivi de sportifs, ...).
Peut diriger un cabinet.
</definition>
<acces_emploi_metier nbItemAccesEmploiMetier="3">
Cet emploi/m&#0233;tier est accessible avec le Dipl&#0244;me d&#0039;Etat de Masseur Kin&#0233;sith&#0233;rapeute -DEMK-.
Des formations compl&#0233;mentaires (kin&#0233;sith&#0233;rapie p&#0233;diatrique, reconstruction posturale, kin&#0233;sith&#0233;rapie respiratoire et cardio-vasculaire, ...) et des sp&#0233;cialisations (ost&#0233;opathie, chiropractie, myoth&#0233;rapie, ....) peuvent &#0234;tre requises.
Des vaccinations pr&#0233;vues par le Code de Sant&#0233; Publique sont exig&#0233;es.
</acces_emploi_metier>
<condition_exercice_activite nbItemConditionExercice="1">
L&#0039;activit&#0233; de cet emploi/m&#0233;tier s&#0039;exerce en cabinet, au sein d&#0039;&#0233;tablissements de soins (h&#0244;pital, clinique, centre de r&#0233;&#0233;ducation, ...) ou de centres de remise en forme en contact avec des patients et en relation avec diff&#0233;rents intervenants (m&#0233;decins, infirmiers, ...).
</condition_exercice_activite>
<bloc_environnement_de_travail nbItemEnvTrav="7">
<item_env>
<code_ogr>23750</code_ogr>
<libelle>Cabinet m&#0233;dical</libelle>
<code_type_section_env>1</code_type_section_env>
<priorisation>1</priorisation>
</item_env>
<item_env>
<code_ogr>23777</code_ogr>
<libelle>Centre de remise en forme</libelle>
<code_type_section_env>1</code_type_section_env>
<priorisation>1</priorisation>
</item_env>
<item_env>
<code_ogr>23807</code_ogr>
<libelle>Club sportif</libelle>
<code_type_section_env>1</code_type_section_env>
<priorisation>1</priorisation>
</item_env>
<item_env>
<code_ogr>23922</code_ogr>
<libelle>Etablissement m&#0233;dical (h&#0244;pital, clinique, ...)</libelle>
<code_type_section_env>1</code_type_section_env>
<priorisation>1</priorisation>
</item_env>
<item_env>
<code_ogr>24014</code_ogr>
<libelle>Organisation humanitaire</libelle>
<code_type_section_env>1</code_type_section_env>
<priorisation>1</priorisation>
</item_env>
<item_env>
<code_ogr>23375</code_ogr>
<libelle>Au domicile de particulier</libelle>
<code_type_section_env>3</code_type_section_env>
<priorisation>1</priorisation>
</item_env>
<item_env>
<code_ogr>24844</code_ogr>
<libelle>Travail en ind&#0233;pendant</libelle>
<code_type_section_env>3</code_type_section_env>
<priorisation>1</priorisation>
</item_env>
</bloc_environnement_de_travail>
<bloc_activites_de_base nbBlocActiviteBase="1">
<activites_de_base nbItemActivite_AB="8">
<item_ab>
<code_ogr>107492</code_ogr>
<libelle>Identifier le besoin du patient et &#0233;changer des informations (traitements en cours, ant&#0233;c&#0233;dents m&#0233;dicaux, radiographies, ...)</libelle>
<code_type_activite>3</code_type_activite>
<code_type_item_activite>2</code_type_item_activite>
<position_item>1</position_item>
<priorisation>1</priorisation>
<riasec_majeur>I</riasec_majeur>
<riasec_mineur>s</riasec_mineur>
</item_ab>
<item_ab>
<code_ogr>107493</code_ogr>
<libelle>R&#0233;aliser le diagnostic masso kin&#0233;sith&#0233;rapique (bilan des d&#0233;ficiences, ...) &#0224; partir de tests de force musculaire, de posture, ... et le pr&#0233;senter au patient</libelle>
<code_type_activite>3</code_type_activite>
<code_type_item_activite>2</code_type_item_activite>
<position_item>2</position_item>
<priorisation>1</priorisation>
<riasec_majeur>S</riasec_majeur>
<riasec_mineur>r</riasec_mineur>
</item_ab>
<item_ab>
<code_ogr>107494</code_ogr>
<libelle>D&#0233;tecter des contre-indications suite &#0224; des fractures, des infections osseuses et orienter le patient vers un m&#0233;decin, psychologue, ...</libelle>
<code_type_activite>3</code_type_activite>
<code_type_item_activite>2</code_type_item_activite>
<position_item>3</position_item>
<priorisation>1</priorisation>
<riasec_majeur>I</riasec_majeur>
<riasec_mineur>s</riasec_mineur>
</item_ab>
<item_ab>
<code_ogr>107495</code_ogr>
<libelle>Concevoir le projet th&#0233;rapeutique et arr&#0234;ter les modalit&#0233;s d&#0039;intervention selon l&#0039;&#0226;ge, la pathologie, l&#0039;activit&#0233; du patient</libelle>
<code_type_activite>3</code_type_activite>
<code_type_item_activite>2</code_type_item_activite>
<position_item>4</position_item>
<priorisation>1</priorisation>
<riasec_majeur>S</riasec_majeur>
<riasec_mineur>i</riasec_mineur>
</item_ab>
<item_ab>
<code_ogr>107496</code_ogr>
<libelle>Organiser la s&#0233;ance de kin&#0233;sith&#0233;rapie et l&#0039;adapter</libelle>
<code_type_activite>3</code_type_activite>
<code_type_item_activite>2</code_type_item_activite>
<position_item>5</position_item>
<priorisation>1</priorisation>
<riasec_majeur>S</riasec_majeur>
<riasec_mineur>r</riasec_mineur>
</item_ab>
<item_ab>
<code_ogr>107497</code_ogr>
<libelle>R&#0233;aliser le bilan de fin d&#0039;intervention et conseiller le patient sur l&#0039;hygi&#0232;ne de vie</libelle>
<code_type_activite>3</code_type_activite>
<code_type_item_activite>2</code_type_item_activite>
<position_item>6</position_item>
<priorisation>1</priorisation>
<riasec_majeur>S</riasec_majeur>
<riasec_mineur>i</riasec_mineur>
</item_ab>
<item_ab>
<code_ogr>124612</code_ogr>
<libelle>Renseigner des documents m&#0233;dico-administratifs</libelle>
<code_type_activite>3</code_type_activite>
<code_type_item_activite>2</code_type_item_activite>
<position_item>7</position_item>
<priorisation>1</priorisation>
<riasec_majeur>C</riasec_majeur>
</item_ab>
<item_ab>
<code_ogr>120696</code_ogr>
<libelle>R&#0233;aliser le suivi des r&#0232;glements clients</libelle>
<code_type_activite>3</code_type_activite>
<code_type_item_activite>2</code_type_item_activite>
<position_item>8</position_item>
<priorisation>1</priorisation>
<riasec_majeur>C</riasec_majeur>
</item_ab>
</activites_de_base>
<savoir_theorique_et_proceduraux nbItemSTP_AB="10">
<item_ab_stp>
<code_ogr>107373</code_ogr>
<libelle>Identification des signes et du degr&#0233; de la douleur</libelle>
<code_type_competence>1</code_type_competence>
<position_item>1</position_item>
<priorisation>1</priorisation>
</item_ab_stp>
<item_ab_stp>
<code_ogr>103885</code_ogr>
<libelle>Gestes d&#0039;urgence et de secours</libelle>
<code_type_competence>1</code_type_competence>
<position_item>2</position_item>
<priorisation>1</priorisation>
</item_ab_stp>
<item_ab_stp>
<code_ogr>107504</code_ogr>
<libelle>Techniques de drainage lymphatique</libelle>
<code_type_competence>1</code_type_competence>
<position_item>3</position_item>
<priorisation>1</priorisation>
</item_ab_stp>
<item_ab_stp>
<code_ogr>119641</code_ogr>
<libelle>Aspiration rhino-pharyng&#0233;e</libelle>
<code_type_competence>1</code_type_competence>
<position_item>4</position_item>
<priorisation>1</priorisation>
</item_ab_stp>
<item_ab_stp>
<code_ogr>107498</code_ogr>
<libelle>Biom&#0233;canique</libelle>
<code_type_competence>1</code_type_competence>
<position_item>5</position_item>
<priorisation>1</priorisation>
</item_ab_stp>
<item_ab_stp>
<code_ogr>107501</code_ogr>
<libelle>Physioth&#0233;rapie</libelle>
<code_type_competence>1</code_type_competence>
<position_item>6</position_item>
<priorisation>1</priorisation>
</item_ab_stp>
<item_ab_stp>
<code_ogr>100906</code_ogr>
<libelle>Ergonomie</libelle>
<code_type_competence>1</code_type_competence>
<position_item>7</position_item>
<priorisation>1</priorisation>
</item_ab_stp>
<item_ab_stp>
<code_ogr>107500</code_ogr>
<libelle>Rhumatologie</libelle>
<code_type_competence>1</code_type_competence>
<position_item>8</position_item>
<priorisation>1</priorisation>
</item_ab_stp>
<item_ab_stp>
<code_ogr>107499</code_ogr>
<libelle>Traumatologie</libelle>
<code_type_competence>1</code_type_competence>
<position_item>9</position_item>
<priorisation>1</priorisation>
</item_ab_stp>
<item_ab_stp>
<code_ogr>119652</code_ogr>
<libelle>R&#0233;&#0233;ducation posturale</libelle>
<code_type_competence>1</code_type_competence>
<position_item>10</position_item>
<priorisation>1</priorisation>
</item_ab_stp>
</savoir_theorique_et_proceduraux>
<savoir_action nbItemSA_AB="0">
</savoir_action>
</bloc_activites_de_base>
<bloc_activites_specifiques nbBlocActiviteSpecifique="5">
<bloc>
<position_bloc>1</position_bloc>
<activite_specifique nbItemActivite_AS="2">
<item_as>
<code_ogr>107505</code_ogr>
<libelle>Pratiquer des s&#0233;ances de kin&#0233;sith&#0233;rapie</libelle>
<code_type_activite>3</code_type_activite>
<code_type_item_activite>2</code_type_item_activite>
<position_item>1</position_item>
<priorisation>1</priorisation>
<riasec_majeur>S</riasec_majeur>
<riasec_mineur>r</riasec_mineur>
</item_as>
<item_as>
<code_ogr>107506</code_ogr>
<libelle>Pratiquer des s&#0233;ances de kin&#0233;sith&#0233;rapie avec r&#0233;&#0233;ducation cardiovasculaire</libelle>
<code_type_activite>3</code_type_activite>
<code_type_item_activite>2</code_type_item_activite>
<position_item>2</position_item>
<priorisation>1</priorisation>
<riasec_majeur>S</riasec_majeur>
<riasec_mineur>r</riasec_mineur>
</item_as>
</activite_specifique>
<savoir_theorique_et_proceduraux nbItemSTP_AS="8">
<item_as_stp>
<code_ogr>119646</code_ogr>
<libelle>Techniques de r&#0233;&#0233;ducation abdominale (urologie, gyn&#0233;cologie, proctologie, /...)</libelle>
<code_type_competence>1</code_type_competence>
<position_item>1</position_item>
<priorisation>1</priorisation>
</item_as_stp>
<item_as_stp>
<code_ogr>126073</code_ogr>
<libelle>Techniques de r&#0233;&#0233;ducation cardiovasculaire</libelle>
<code_type_competence>1</code_type_competence>
<position_item>2</position_item>
<priorisation>1</priorisation>
</item_as_stp>
<item_as_stp>
<code_ogr>126161</code_ogr>
<libelle>Techniques de r&#0233;&#0233;ducation de la d&#0233;glutition</libelle>
<code_type_competence>1</code_type_competence>
<position_item>3</position_item>
<priorisation>1</priorisation>
</item_as_stp>
<item_as_stp>
<code_ogr>126215</code_ogr>
<libelle>Techniques de r&#0233;&#0233;ducation des troubles de l&#0039;&#0233;quilibre</libelle>
<code_type_competence>1</code_type_competence>
<position_item>4</position_item>
<priorisation>1</priorisation>
</item_as_stp>
<item_as_stp>
<code_ogr>126074</code_ogr>
<libelle>Techniques de r&#0233;&#0233;ducation des troubles veino-lymphatiques</libelle>
<code_type_competence>1</code_type_competence>
<position_item>5</position_item>
<priorisation>1</priorisation>
</item_as_stp>
<item_as_stp>
<code_ogr>126075</code_ogr>
<libelle>Techniques de r&#0233;&#0233;ducation neurologique</libelle>
<code_type_competence>1</code_type_competence>
<position_item>6</position_item>
<priorisation>1</priorisation>
</item_as_stp>
<item_as_stp>
<code_ogr>126318</code_ogr>
<libelle>Techniques de r&#0233;&#0233;ducation orthop&#0233;dique</libelle>
<code_type_competence>1</code_type_competence>
<position_item>7</position_item>
<priorisation>1</priorisation>
</item_as_stp>
<item_as_stp>
<code_ogr>126254</code_ogr>
<libelle>Techniques de r&#0233;&#0233;ducation respiratoire</libelle>
<code_type_competence>1</code_type_competence>
<position_item>8</position_item>
<priorisation>1</priorisation>
</item_as_stp>
</savoir_theorique_et_proceduraux>
<savoir_action nbItemSA_AS="0">
</savoir_action>
</bloc>
<bloc>
<position_bloc>2</position_bloc>
<activite_specifique nbItemActivite_AS="3">
<item_as>
<code_ogr>107513</code_ogr>
<libelle>Pratiquer un bilan ergonomique</libelle>
<code_type_activite>3</code_type_activite>
<code_type_item_activite>2</code_type_item_activite>
<position_item>1</position_item>
<priorisation>1</priorisation>
<riasec_majeur>I</riasec_majeur>
<riasec_mineur>r</riasec_mineur>
</item_as>
<item_as>
<code_ogr>107514</code_ogr>
<libelle>Enseigner la gymnastique aquatique</libelle>
<code_type_activite>3</code_type_activite>
<code_type_item_activite>2</code_type_item_activite>
<position_item>2</position_item>
<priorisation>1</priorisation>
<riasec_majeur>R</riasec_majeur>
<riasec_mineur>s</riasec_mineur>
</item_as>
<item_as>
<code_ogr>107515</code_ogr>
<libelle>Mener des actions de suivi d&#0039;activit&#0233;s physiques et sportives de comp&#0233;tition</libelle>
<code_type_activite>3</code_type_activite>
<code_type_item_activite>2</code_type_item_activite>
<position_item>3</position_item>
<priorisation>1</priorisation>
<riasec_majeur>R</riasec_majeur>
<riasec_mineur>s</riasec_mineur>
</item_as>
</activite_specifique>
<savoir_theorique_et_proceduraux nbItemSTP_AS="0">
</savoir_theorique_et_proceduraux>
<savoir_action nbItemSA_AS="0">
</savoir_action>
</bloc>
<bloc>
<position_bloc>3</position_bloc>
<activite_specifique nbItemActivite_AS="1">
<item_as>
<code_ogr>115036</code_ogr>
<libelle>D&#0233;terminer le mat&#0233;riel de contention, d&#0039;immobilisation adapt&#0233; et proc&#0233;der &#0224; la pose</libelle>
<code_type_activite>3</code_type_activite>
<code_type_item_activite>2</code_type_item_activite>
<position_item>1</position_item>
<priorisation>1</priorisation>
<riasec_majeur>R</riasec_majeur>
</item_as>
</activite_specifique>
<savoir_theorique_et_proceduraux nbItemSTP_AS="2">
<item_as_stp>
<code_ogr>119642</code_ogr>
<libelle>Techniques de fabrication d&#0039;appareillage m&#0233;dical</libelle>
<code_type_competence>1</code_type_competence>
<position_item>1</position_item>
<priorisation>1</priorisation>
</item_as_stp>
<item_as_stp>
<code_ogr>107517</code_ogr>
<libelle>Techniques de strapping</libelle>
<code_type_competence>1</code_type_competence>
<position_item>2</position_item>
<priorisation>1</priorisation>
</item_as_stp>
</savoir_theorique_et_proceduraux>
<savoir_action nbItemSA_AS="0">
</savoir_action>
</bloc>
<bloc>
<position_bloc>4</position_bloc>
<activite_specifique nbItemActivite_AS="1">
<item_as>
<code_ogr>107359</code_ogr>
<libelle>V&#0233;rifier le fonctionnement des appareils et informer le service maintenance, le responsable en cas de dysfonctionnement</libelle>
<code_type_activite>3</code_type_activite>
<code_type_item_activite>2</code_type_item_activite>
<position_item>1</position_item>
<priorisation>1</priorisation>
<riasec_majeur>C</riasec_majeur>
<riasec_mineur>r</riasec_mineur>
</item_as>
</activite_specifique>
<savoir_theorique_et_proceduraux nbItemSTP_AS="0">
</savoir_theorique_et_proceduraux>
<savoir_action nbItemSA_AS="0">
</savoir_action>
</bloc>
<bloc>
<position_bloc>5</position_bloc>
<activite_specifique nbItemActivite_AS="1">
<item_as>
<code_ogr>119787</code_ogr>
<libelle>Animer une formation</libelle>
<code_type_activite>3</code_type_activite>
<code_type_item_activite>2</code_type_item_activite>
<position_item>1</position_item>
<priorisation>1</priorisation>
<riasec_majeur>S</riasec_majeur>
</item_as>
</activite_specifique>
<savoir_theorique_et_proceduraux nbItemSTP_AS="0">
</savoir_theorique_et_proceduraux>
<savoir_action nbItemSA_AS="0">
</savoir_action>
</bloc>
</bloc_activites_specifiques>
<bloc_mobilites>
<mobilites_proches nbItemMob="3">
<item_mob_pr><code_type_mobilite>1</code_type_mobilite>
<liste_appellation_source>
<code_appellation_source>0</code_appellation_source>
<libelle_appellation_source>Toutes les appellations</libelle_appellation_source>
</liste_appellation_source>
<code_rome_cible>J1408</code_rome_cible>
<libelle_rome_cible>Ost&#0233;opathie et chiropraxie</libelle_rome_cible>
<liste_appellation_cible>
<code_appellation_cible>0</code_appellation_cible>
<libelle_appellation_cible>Toutes les appellations</libelle_appellation_cible>
</liste_appellation_cible>
</item_mob_pr>
<item_mob_pr><code_type_mobilite>1</code_type_mobilite>
<liste_appellation_source>
<code_appellation_source>0</code_appellation_source>
<libelle_appellation_source>Toutes les appellations</libelle_appellation_source>
</liste_appellation_source>
<code_rome_cible>K1103</code_rome_cible>
<libelle_rome_cible>D&#0233;veloppement personnel et bien-&#0234;tre de la personne</libelle_rome_cible>
<liste_appellation_cible>
<code_appellation_cible>0</code_appellation_cible>
<libelle_appellation_cible>Toutes les appellations</libelle_appellation_cible>
</liste_appellation_cible>
</item_mob_pr>
<item_mob_pr><code_type_mobilite>1</code_type_mobilite>
<liste_appellation_source>
<code_appellation_source>0</code_appellation_source>
<libelle_appellation_source>Toutes les appellations</libelle_appellation_source>
</liste_appellation_source>
<code_rome_cible>K2111</code_rome_cible>
<libelle_rome_cible>Formation professionnelle</libelle_rome_cible>
<liste_appellation_cible>
<code_appellation_cible>15135</code_appellation_cible>
<libelle_appellation_cible>Formateur / Formatrice de formation param&#0233;dicale</libelle_appellation_cible>
</liste_appellation_cible>
</item_mob_pr>
</mobilites_proches>
<mobilites_si_evolution nbItemMob="1">
<item_mob_ev><code_type_mobilite>2</code_type_mobilite>
<liste_appellation_source>
<code_appellation_source>0</code_appellation_source>
<libelle_appellation_source>Toutes les appellations</libelle_appellation_source>
</liste_appellation_source>
<code_rome_cible>J1502</code_rome_cible>
<libelle_rome_cible>Coordination de services m&#0233;dicaux ou param&#0233;dicaux</libelle_rome_cible>
<liste_appellation_cible>
<code_appellation_cible>0</code_appellation_cible>
<libelle_appellation_cible>Toutes les appellations</libelle_appellation_cible>
</liste_appellation_cible>
</item_mob_ev>
</mobilites_si_evolution>
</bloc_mobilites>
</fiche_emploi_metier>