<?xml version="1.0" encoding="UTF-8" ?>
<fiche_emploi_metier>
<type_fiche>2</type_fiche>
<libelle_type_fiche>priorise</libelle_type_fiche>
<version_SI>
<version_rome>333</version_rome>
<date_version_si>01/10/2017</date_version_si>
<mois_version_si>Octobre</mois_version_si>
<annee_version_si>2017</annee_version_si>
</version_SI>
<bloc_code_rome>
<code_rome>J1506</code_rome>
<intitule>Soins infirmiers g&#0233;n&#0233;ralistes</intitule>
<code_ogr>362</code_ogr>
<riasec_majeur>S</riasec_majeur>
<riasec_mineur>r</riasec_mineur>
</bloc_code_rome>
<bloc_appellation nbItemAppellation="17">
<item_app>
<code_ogr>15543</code_ogr>
<libelle>Infirmier / Infirmi&#0232;re de secteur psychiatrique</libelle>
<libelle_court>Infirmier / Infirmi&#0232;re de secteur psychiatrique</libelle_court>
<priorisation>1</priorisation>
</item_app>
<item_app>
<code_ogr>15544</code_ogr>
<libelle>Infirmier / Infirmi&#0232;re de service hospitalier</libelle>
<libelle_court>Infirmier / Infirmi&#0232;re de service hospitalier</libelle_court>
<priorisation>1</priorisation>
</item_app>
<item_app>
<code_ogr>15545</code_ogr>
<libelle>Infirmier / Infirmi&#0232;re de soins g&#0233;n&#0233;raux</libelle>
<libelle_court>Infirmier / Infirmi&#0232;re de soins g&#0233;n&#0233;raux</libelle_court>
<priorisation>1</priorisation>
</item_app>
<item_app>
<code_ogr>15547</code_ogr>
<libelle>Infirmier / Infirmi&#0232;re d&#0039;hospitalisation &#0224; domicile</libelle>
<libelle_court>Infirmier / Infirmi&#0232;re d&#0039;hospitalisation &#0224; domicile</libelle_court>
<priorisation>1</priorisation>
</item_app>
<item_app>
<code_ogr>38222</code_ogr>
<libelle>Infirmier / Infirmi&#0232;re en g&#0233;riatrie</libelle>
<libelle_court>Infirmier / Infirmi&#0232;re en g&#0233;riatrie</libelle_court>
<priorisation>1</priorisation>
</item_app>
<item_app>
<code_ogr>38452</code_ogr>
<libelle>Infirmier / Infirmi&#0232;re en h&#0233;modialyse</libelle>
<libelle_court>Infirmier / Infirmi&#0232;re en h&#0233;modialyse</libelle_court>
<priorisation>1</priorisation>
</item_app>
<item_app>
<code_ogr>15549</code_ogr>
<libelle>Infirmier / Infirmi&#0232;re en sant&#0233; mentale</libelle>
<libelle_court>Infirmier / Infirmi&#0232;re en sant&#0233; mentale</libelle_court>
<priorisation>1</priorisation>
</item_app>
<item_app>
<code_ogr>15550</code_ogr>
<libelle>Infirmier / Infirmi&#0232;re en stomatoth&#0233;rapie</libelle>
<libelle_court>Infirmier / Infirmi&#0232;re en stomatoth&#0233;rapie</libelle_court>
<priorisation>1</priorisation>
</item_app>
<item_app>
<code_ogr>15552</code_ogr>
<libelle>Infirmier / Infirmi&#0232;re hygi&#0233;niste</libelle>
<libelle_court>Infirmier / Infirmi&#0232;re hygi&#0233;niste</libelle_court>
<priorisation>1</priorisation>
</item_app>
<item_app>
<code_ogr>15554</code_ogr>
<libelle>Infirmier / Infirmi&#0232;re militaire</libelle>
<libelle_court>Infirmier / Infirmi&#0232;re militaire</libelle_court>
<priorisation>1</priorisation>
</item_app>
<item_app>
<code_ogr>15555</code_ogr>
<libelle>Infirmier / Infirmi&#0232;re psychiatrique</libelle>
<libelle_court>Infirmier / Infirmi&#0232;re psychiatrique</libelle_court>
<priorisation>1</priorisation>
</item_app>
<item_app>
<code_ogr>38788</code_ogr>
<libelle>Infirmier conseiller / Infirmi&#0232;re conseill&#0232;re de sant&#0233;</libelle>
<libelle_court>Infirmier conseiller / Infirmi&#0232;re conseill&#0232;re de sant&#0233;</libelle_court>
<priorisation>1</priorisation>
</item_app>
<item_app>
<code_ogr>15534</code_ogr>
<libelle>Infirmier coordinateur / Infirmi&#0232;re coordinatrice de services de maintien &#0224; domicile</libelle>
<libelle_court>Infirmier(&#0232;re) coordinateur(trice) service maintien domicile</libelle_court>
<priorisation>1</priorisation>
</item_app>
<item_app>
<code_ogr>15535</code_ogr>
<libelle>Infirmier coordinateur / Infirmi&#0232;re coordinatrice de soins infirmiers &#0224; domicile</libelle>
<libelle_court>Infirmier(&#0232;re) coordinateur(trice) de soins infirmiers &#0224; dom</libelle_court>
<priorisation>1</priorisation>
</item_app>
<item_app>
<code_ogr>39002</code_ogr>
<libelle>Infirmier coordinateur / Infirmi&#0232;re coordinatrice en &#0233;tablissement de soins</libelle>
<libelle_court>Infirmier(i&#0232;re) coordinateur(trcie) en &#0233;tablissement soins</libelle_court>
<priorisation>1</priorisation>
</item_app>
<item_app>
<code_ogr>15553</code_ogr>
<libelle>Infirmier lib&#0233;ral / Infirmi&#0232;re lib&#0233;rale</libelle>
<libelle_court>Infirmier lib&#0233;ral / Infirmi&#0232;re lib&#0233;rale</libelle_court>
<priorisation>1</priorisation>
</item_app>
<item_app>
<code_ogr>38163</code_ogr>
<libelle>Infirmier pr&#0233;leveur / Infirmi&#0232;re pr&#0233;leveuse</libelle>
<libelle_court>Infirmier pr&#0233;leveur / Infirmi&#0232;re pr&#0233;leveuse</libelle_court>
<priorisation>1</priorisation>
</item_app>
</bloc_appellation>
<definition nbItemDefinition="3">
R&#0233;alise les soins infirmiers, d&#0039;hygi&#0232;ne et de confort selon le protocole m&#0233;dical et les r&#0232;gles d&#0039;hygi&#0232;ne et d&#0039;asepsie.
Peut coordonner des programmes de soins particuliers (D&#0233;marche de Soins Infirmiers -DSI -, Hospitalisation &#0224; Domicile -HAD-, ...)
Peut coordonner une &#0233;quipe ou diriger un cabinet.
</definition>
<acces_emploi_metier nbItemAccesEmploiMetier="4">
Cet emploi/m&#0233;tier est accessible avec le Dipl&#0244;me d&#0039;Etat -DE- d&#0039;infirmier.
Des formations compl&#0233;mentaires (hygi&#0232;ne hospitali&#0232;re, soins palliatifs, ...) peuvent &#0234;tre requises.
Des vaccinations pr&#0233;vues par le Code de Sant&#0233; Publique sont exig&#0233;es.
L&#0039;installation en cabinet lib&#0233;ral n&#0233;cessite 3 ans d&#0039;exercice professionnel en secteur hospitalier.
</acces_emploi_metier>
<condition_exercice_activite nbItemConditionExercice="4">
L&#0039;activit&#0233; de cet emploi/m&#0233;tier s&#0039;exerce en cabinet ou au sein d&#0039;&#0233;tablissements de soins (h&#0244;pital, clinique, centre hospitalier sp&#0233;cialis&#0233;, ...), en contact avec les patients.
Elle varie selon la structure (cabinet, h&#0244;pital, maison de retraite, ...), le secteur (psychiatrie, chirurgie, g&#0233;riatrie, ...).
Elle peut s&#0039;exercer en horaires d&#0233;cal&#0233;s, par roulement, les fins de semaine, jours f&#0233;ri&#0233;s, de nuit et &#0234;tre soumise &#0224; des astreintes ou des gardes.
Le port d&#0039;&#0233;quipements de protection (masque, gants, ...) peut &#0234;tre requis.
</condition_exercice_activite>
<bloc_environnement_de_travail nbItemEnvTrav="12">
<item_env>
<code_ogr>23706</code_ogr>
<libelle>Association</libelle>
<code_type_section_env>1</code_type_section_env>
<priorisation>1</priorisation>
</item_env>
<item_env>
<code_ogr>23750</code_ogr>
<libelle>Cabinet m&#0233;dical</libelle>
<code_type_section_env>1</code_type_section_env>
<priorisation>1</priorisation>
</item_env>
<item_env>
<code_ogr>23752</code_ogr>
<libelle>Caisse d&#0039;assurance maladie</libelle>
<code_type_section_env>1</code_type_section_env>
<priorisation>1</priorisation>
</item_env>
<item_env>
<code_ogr>23921</code_ogr>
<libelle>Etablissement du sang</libelle>
<code_type_section_env>1</code_type_section_env>
<priorisation>1</priorisation>
</item_env>
<item_env>
<code_ogr>23922</code_ogr>
<libelle>Etablissement m&#0233;dical (h&#0244;pital, clinique, ...)</libelle>
<code_type_section_env>1</code_type_section_env>
<priorisation>1</priorisation>
</item_env>
<item_env>
<code_ogr>24014</code_ogr>
<libelle>Organisation humanitaire</libelle>
<code_type_section_env>1</code_type_section_env>
<priorisation>1</priorisation>
</item_env>
<item_env>
<code_ogr>24050</code_ogr>
<libelle>R&#0233;sidence de personnes &#0226;g&#0233;es</libelle>
<code_type_section_env>1</code_type_section_env>
<priorisation>1</priorisation>
</item_env>
<item_env>
<code_ogr>23634</code_ogr>
<libelle>Service de Soins Infirmiers &#0224; domicile -SSIAD-</libelle>
<code_type_section_env>1</code_type_section_env>
<priorisation>1</priorisation>
</item_env>
<item_env>
<code_ogr>23401</code_ogr>
<libelle>Arm&#0233;e</libelle>
<code_type_section_env>2</code_type_section_env>
<priorisation>1</priorisation>
</item_env>
<item_env>
<code_ogr>23375</code_ogr>
<libelle>Au domicile de particulier</libelle>
<code_type_section_env>3</code_type_section_env>
<priorisation>1</priorisation>
</item_env>
<item_env>
<code_ogr>38055</code_ogr>
<libelle>Travail de nuit</libelle>
<code_type_section_env>3</code_type_section_env>
<priorisation>1</priorisation>
</item_env>
<item_env>
<code_ogr>24844</code_ogr>
<libelle>Travail en ind&#0233;pendant</libelle>
<code_type_section_env>3</code_type_section_env>
<priorisation>1</priorisation>
</item_env>
</bloc_environnement_de_travail>
<bloc_activites_de_base nbBlocActiviteBase="1">
<activites_de_base nbItemActivite_AB="7">
<item_ab>
<code_ogr>107736</code_ogr>
<libelle>Cerner l&#0039;&#0233;tat du patient (clinique, psychologique) et consigner les informations recueillies dans le dossier m&#0233;dical</libelle>
<code_type_activite>3</code_type_activite>
<code_type_item_activite>2</code_type_item_activite>
<position_item>1</position_item>
<priorisation>1</priorisation>
<riasec_majeur>I</riasec_majeur>
<riasec_mineur>s</riasec_mineur>
</item_ab>
<item_ab>
<code_ogr>107737</code_ogr>
<libelle>Organiser le plan de soins infirmiers selon les besoins des patients et pr&#0233;parer le chariot de soins ou la trousse m&#0233;dicale</libelle>
<code_type_activite>3</code_type_activite>
<code_type_item_activite>2</code_type_item_activite>
<position_item>2</position_item>
<priorisation>1</priorisation>
<riasec_majeur>C</riasec_majeur>
<riasec_mineur>r</riasec_mineur>
</item_ab>
<item_ab>
<code_ogr>107738</code_ogr>
<libelle>R&#0233;aliser les soins infirmiers, communiquer avec le patient (ressenti, douleur, ...) et actualiser le dossier de soins infirmiers (incidents, modifications d&#0039;&#0233;tat clinique, ...)</libelle>
<code_type_activite>3</code_type_activite>
<code_type_item_activite>2</code_type_item_activite>
<position_item>3</position_item>
<priorisation>1</priorisation>
<riasec_majeur>S</riasec_majeur>
</item_ab>
<item_ab>
<code_ogr>107739</code_ogr>
<libelle>Surveiller l&#0039;&#0233;tat clinique du patient (constantes, fonctions d&#0039;&#0233;limination, comportement, ...) et informer l&#0039;&#0233;quipe soignante/m&#0233;dicale sur l&#0039;&#0233;volution de l&#0039;&#0233;tat clinique</libelle>
<code_type_activite>3</code_type_activite>
<code_type_item_activite>2</code_type_item_activite>
<position_item>4</position_item>
<priorisation>1</priorisation>
<riasec_majeur>S</riasec_majeur>
<riasec_mineur>i</riasec_mineur>
</item_ab>
<item_ab>
<code_ogr>107740</code_ogr>
<libelle>R&#0233;aliser ou contr&#0244;ler les soins d&#0039;hygi&#0232;ne, de confort et apporter une aide au patient (lever, marche, soins post op&#0233;ratoires...)</libelle>
<code_type_activite>3</code_type_activite>
<code_type_item_activite>2</code_type_item_activite>
<position_item>5</position_item>
<priorisation>1</priorisation>
<riasec_majeur>S</riasec_majeur>
</item_ab>
<item_ab>
<code_ogr>124221</code_ogr>
<libelle>Tenir &#0224; jour les dossiers m&#0233;dico-administratifs des patients</libelle>
<code_type_activite>3</code_type_activite>
<code_type_item_activite>2</code_type_item_activite>
<position_item>6</position_item>
<priorisation>1</priorisation>
<riasec_majeur>C</riasec_majeur>
</item_ab>
<item_ab>
<code_ogr>124335</code_ogr>
<libelle>D&#0233;sinfecter et d&#0233;contaminer un &#0233;quipement</libelle>
<code_type_activite>3</code_type_activite>
<code_type_item_activite>2</code_type_item_activite>
<position_item>7</position_item>
<priorisation>1</priorisation>
<riasec_majeur>R</riasec_majeur>
</item_ab>
</activites_de_base>
<savoir_theorique_et_proceduraux nbItemSTP_AB="8">
<item_ab_stp>
<code_ogr>125612</code_ogr>
<libelle>St&#0233;rilisation de mat&#0233;riel</libelle>
<code_type_competence>1</code_type_competence>
<position_item>1</position_item>
<priorisation>1</priorisation>
</item_ab_stp>
<item_ab_stp>
<code_ogr>125613</code_ogr>
<libelle>Methodes de d&#0233;contamination de mat&#0233;riel</libelle>
<code_type_competence>1</code_type_competence>
<position_item>2</position_item>
<priorisation>1</priorisation>
</item_ab_stp>
<item_ab_stp>
<code_ogr>107373</code_ogr>
<libelle>Identification des signes et du degr&#0233; de la douleur</libelle>
<code_type_competence>1</code_type_competence>
<position_item>3</position_item>
<priorisation>1</priorisation>
</item_ab_stp>
<item_ab_stp>
<code_ogr>102336</code_ogr>
<libelle>Techniques de gestion du stress</libelle>
<code_type_competence>1</code_type_competence>
<position_item>4</position_item>
<priorisation>1</priorisation>
</item_ab_stp>
<item_ab_stp>
<code_ogr>107743</code_ogr>
<libelle>Charte des droits du patient</libelle>
<code_type_competence>1</code_type_competence>
<position_item>5</position_item>
<priorisation>1</priorisation>
</item_ab_stp>
<item_ab_stp>
<code_ogr>100414</code_ogr>
<libelle>R&#0232;gles d&#0039;hygi&#0232;ne et d&#0039;asepsie</libelle>
<code_type_competence>1</code_type_competence>
<position_item>6</position_item>
<priorisation>1</priorisation>
</item_ab_stp>
<item_ab_stp>
<code_ogr>107539</code_ogr>
<libelle>Psychologie</libelle>
<code_type_competence>1</code_type_competence>
<position_item>7</position_item>
<priorisation>1</priorisation>
</item_ab_stp>
<item_ab_stp>
<code_ogr>107718</code_ogr>
<libelle>Protocoles de soins d&#0039;urgence</libelle>
<code_type_competence>1</code_type_competence>
<position_item>8</position_item>
<priorisation>1</priorisation>
</item_ab_stp>
</savoir_theorique_et_proceduraux>
<savoir_action nbItemSA_AB="0">
</savoir_action>
</bloc_activites_de_base>
<bloc_activites_specifiques nbBlocActiviteSpecifique="9">
<bloc>
<position_bloc>1</position_bloc>
<activite_specifique nbItemActivite_AS="9">
<item_as>
<code_ogr>107744</code_ogr>
<libelle>Pratiquer une collecte de sang</libelle>
<code_type_activite>3</code_type_activite>
<code_type_item_activite>2</code_type_item_activite>
<position_item>1</position_item>
<priorisation>1</priorisation>
<riasec_majeur>E</riasec_majeur>
<riasec_mineur>r</riasec_mineur>
</item_as>
<item_as>
<code_ogr>107745</code_ogr>
<libelle>Pratiquer une h&#0233;modialyse</libelle>
<code_type_activite>3</code_type_activite>
<code_type_item_activite>2</code_type_item_activite>
<position_item>2</position_item>
<priorisation>1</priorisation>
<riasec_majeur>R</riasec_majeur>
<riasec_mineur>i</riasec_mineur>
</item_as>
<item_as>
<code_ogr>107746</code_ogr>
<libelle>Pratiquer des pr&#0233;l&#0232;vements sanguins et bact&#0233;riologiques</libelle>
<code_type_activite>3</code_type_activite>
<code_type_item_activite>2</code_type_item_activite>
<position_item>3</position_item>
<priorisation>1</priorisation>
<riasec_majeur>R</riasec_majeur>
<riasec_mineur>s</riasec_mineur>
</item_as>
<item_as>
<code_ogr>107747</code_ogr>
<libelle>Pratiquer des prises en charge de la douleur</libelle>
<code_type_activite>3</code_type_activite>
<code_type_item_activite>2</code_type_item_activite>
<position_item>4</position_item>
<priorisation>1</priorisation>
<riasec_majeur>S</riasec_majeur>
<riasec_mineur>i</riasec_mineur>
</item_as>
<item_as>
<code_ogr>107485</code_ogr>
<libelle>Pratiquer des actions de r&#0233;&#0233;ducation d&#0039;ergoth&#0233;rapie en psychiatrie</libelle>
<code_type_activite>3</code_type_activite>
<code_type_item_activite>2</code_type_item_activite>
<position_item>5</position_item>
<priorisation>1</priorisation>
<riasec_majeur>S</riasec_majeur>
</item_as>
<item_as>
<code_ogr>107749</code_ogr>
<libelle>Pratiquer des soins aux personnes &#0226;g&#0233;es</libelle>
<code_type_activite>3</code_type_activite>
<code_type_item_activite>2</code_type_item_activite>
<position_item>6</position_item>
<priorisation>1</priorisation>
<riasec_majeur>S</riasec_majeur>
</item_as>
<item_as>
<code_ogr>107750</code_ogr>
<libelle>Pratiquer des soins palliatifs</libelle>
<code_type_activite>3</code_type_activite>
<code_type_item_activite>2</code_type_item_activite>
<position_item>7</position_item>
<priorisation>1</priorisation>
<riasec_majeur>S</riasec_majeur>
</item_as>
<item_as>
<code_ogr>107752</code_ogr>
<libelle>Pratiquer un suivi en stomatoth&#0233;rapie</libelle>
<code_type_activite>3</code_type_activite>
<code_type_item_activite>2</code_type_item_activite>
<position_item>8</position_item>
<priorisation>1</priorisation>
<riasec_majeur>S</riasec_majeur>
</item_as>
<item_as>
<code_ogr>107753</code_ogr>
<libelle>Pratiquer une transplantation d&#0039;organes</libelle>
<code_type_activite>3</code_type_activite>
<code_type_item_activite>2</code_type_item_activite>
<position_item>9</position_item>
<priorisation>1</priorisation>
<riasec_majeur>R</riasec_majeur>
<riasec_mineur>i</riasec_mineur>
</item_as>
</activite_specifique>
<savoir_theorique_et_proceduraux nbItemSTP_AS="7">
<item_as_stp>
<code_ogr>125143</code_ogr>
<libelle>Hygi&#0232;ne hospitali&#0232;re</libelle>
<code_type_competence>1</code_type_competence>
<position_item>1</position_item>
<priorisation>1</priorisation>
</item_as_stp>
<item_as_stp>
<code_ogr>107754</code_ogr>
<libelle>Techniques d&#0039;h&#0233;modialyse</libelle>
<code_type_competence>1</code_type_competence>
<position_item>2</position_item>
<priorisation>1</priorisation>
</item_as_stp>
<item_as_stp>
<code_ogr>107755</code_ogr>
<libelle>Bonnes Pratiques Transfusionnelles -BPT-</libelle>
<code_type_competence>1</code_type_competence>
<position_item>3</position_item>
<priorisation>1</priorisation>
</item_as_stp>
<item_as_stp>
<code_ogr>107756</code_ogr>
<libelle>Modalit&#0233;s de prise en charge de patients en fin de vie</libelle>
<code_type_competence>1</code_type_competence>
<position_item>4</position_item>
<priorisation>1</priorisation>
</item_as_stp>
<item_as_stp>
<code_ogr>107383</code_ogr>
<libelle>Pathologies psychiatriques</libelle>
<code_type_competence>1</code_type_competence>
<position_item>5</position_item>
<priorisation>1</priorisation>
</item_as_stp>
<item_as_stp>
<code_ogr>123501</code_ogr>
<libelle>Produits Sanguins Labiles (PSL)</libelle>
<code_type_competence>1</code_type_competence>
<position_item>6</position_item>
<priorisation>1</priorisation>
</item_as_stp>
<item_as_stp>
<code_ogr>107674</code_ogr>
<libelle>Pathologies du vieillissement</libelle>
<code_type_competence>1</code_type_competence>
<position_item>7</position_item>
<priorisation>1</priorisation>
</item_as_stp>
</savoir_theorique_et_proceduraux>
<savoir_action nbItemSA_AS="0">
</savoir_action>
</bloc>
<bloc>
<position_bloc>2</position_bloc>
<activite_specifique nbItemActivite_AS="1">
<item_as>
<code_ogr>115063</code_ogr>
<libelle>Organiser et animer des activit&#0233;s socio th&#0233;rapeutiques (groupes de parole, ateliers, ...) aupr&#0232;s de patients</libelle>
<code_type_activite>3</code_type_activite>
<code_type_item_activite>2</code_type_item_activite>
<position_item>1</position_item>
<priorisation>1</priorisation>
<riasec_majeur>S</riasec_majeur>
<riasec_mineur>i</riasec_mineur>
</item_as>
</activite_specifique>
<savoir_theorique_et_proceduraux nbItemSTP_AS="0">
</savoir_theorique_et_proceduraux>
<savoir_action nbItemSA_AS="0">
</savoir_action>
</bloc>
<bloc>
<position_bloc>3</position_bloc>
<activite_specifique nbItemActivite_AS="1">
<item_as>
<code_ogr>115055</code_ogr>
<libelle>Coordonner des programmes d&#0039;&#0233;ducation th&#0233;rapeutique de patients atteints de maladies chroniques</libelle>
<code_type_activite>3</code_type_activite>
<code_type_item_activite>2</code_type_item_activite>
<position_item>1</position_item>
<priorisation>1</priorisation>
<riasec_majeur>E</riasec_majeur>
<riasec_mineur>s</riasec_mineur>
</item_as>
</activite_specifique>
<savoir_theorique_et_proceduraux nbItemSTP_AS="0">
</savoir_theorique_et_proceduraux>
<savoir_action nbItemSA_AS="0">
</savoir_action>
</bloc>
<bloc>
<position_bloc>4</position_bloc>
<activite_specifique nbItemActivite_AS="1">
<item_as>
<code_ogr>115015</code_ogr>
<libelle>Installer &#0224; domicile des mat&#0233;riels et dispositifs m&#0233;dicaux (lit m&#0233;dicalis&#0233;, appareil d&#0039;assistance respiratoire, ...) et expliquer leur fonctionnement au patient</libelle>
<code_type_activite>3</code_type_activite>
<code_type_item_activite>2</code_type_item_activite>
<position_item>1</position_item>
<priorisation>1</priorisation>
<riasec_majeur>R</riasec_majeur>
<riasec_mineur>s</riasec_mineur>
</item_as>
</activite_specifique>
<savoir_theorique_et_proceduraux nbItemSTP_AS="0">
</savoir_theorique_et_proceduraux>
<savoir_action nbItemSA_AS="0">
</savoir_action>
</bloc>
<bloc>
<position_bloc>5</position_bloc>
<activite_specifique nbItemActivite_AS="1">
<item_as>
<code_ogr>115064</code_ogr>
<libelle>R&#0233;aliser un dossier de prise en charge d&#0039;un patient &#0224; domicile (soins infirmiers, r&#0233;&#0233;ducation, ...), et coordonner les interventions</libelle>
<code_type_activite>3</code_type_activite>
<code_type_item_activite>2</code_type_item_activite>
<position_item>1</position_item>
<priorisation>1</priorisation>
<riasec_majeur>I</riasec_majeur>
</item_as>
</activite_specifique>
<savoir_theorique_et_proceduraux nbItemSTP_AS="1">
<item_as_stp>
<code_ogr>119631</code_ogr>
<libelle>D&#0233;marche de Soins Infirmiers (DSI)</libelle>
<code_type_competence>1</code_type_competence>
<position_item>1</position_item>
<priorisation>1</priorisation>
</item_as_stp>
</savoir_theorique_et_proceduraux>
<savoir_action nbItemSA_AS="0">
</savoir_action>
</bloc>
<bloc>
<position_bloc>6</position_bloc>
<activite_specifique nbItemActivite_AS="2">
<item_as>
<code_ogr>124612</code_ogr>
<libelle>Renseigner des documents m&#0233;dico-administratifs</libelle>
<code_type_activite>3</code_type_activite>
<code_type_item_activite>2</code_type_item_activite>
<position_item>1</position_item>
<priorisation>1</priorisation>
<riasec_majeur>C</riasec_majeur>
</item_as>
<item_as>
<code_ogr>120696</code_ogr>
<libelle>R&#0233;aliser le suivi des r&#0232;glements clients</libelle>
<code_type_activite>3</code_type_activite>
<code_type_item_activite>2</code_type_item_activite>
<position_item>2</position_item>
<priorisation>1</priorisation>
<riasec_majeur>C</riasec_majeur>
</item_as>
</activite_specifique>
<savoir_theorique_et_proceduraux nbItemSTP_AS="0">
</savoir_theorique_et_proceduraux>
<savoir_action nbItemSA_AS="0">
</savoir_action>
</bloc>
<bloc>
<position_bloc>7</position_bloc>
<activite_specifique nbItemActivite_AS="2">
<item_as>
<code_ogr>124318</code_ogr>
<libelle>R&#0233;aliser une gestion comptable</libelle>
<code_type_activite>3</code_type_activite>
<code_type_item_activite>2</code_type_item_activite>
<position_item>1</position_item>
<priorisation>1</priorisation>
<riasec_majeur>C</riasec_majeur>
</item_as>
<item_as>
<code_ogr>124377</code_ogr>
<libelle>R&#0233;aliser une gestion administrative</libelle>
<code_type_activite>3</code_type_activite>
<code_type_item_activite>2</code_type_item_activite>
<position_item>2</position_item>
<priorisation>1</priorisation>
<riasec_majeur>C</riasec_majeur>
</item_as>
</activite_specifique>
<savoir_theorique_et_proceduraux nbItemSTP_AS="2">
<item_as_stp>
<code_ogr>120889</code_ogr>
<libelle>Gestion administrative</libelle>
<code_type_competence>1</code_type_competence>
<position_item>1</position_item>
<priorisation>1</priorisation>
</item_as_stp>
<item_as_stp>
<code_ogr>120888</code_ogr>
<libelle>Gestion comptable</libelle>
<code_type_competence>1</code_type_competence>
<position_item>2</position_item>
<priorisation>1</priorisation>
</item_as_stp>
</savoir_theorique_et_proceduraux>
<savoir_action nbItemSA_AS="0">
</savoir_action>
</bloc>
<bloc>
<position_bloc>8</position_bloc>
<activite_specifique nbItemActivite_AS="1">
<item_as>
<code_ogr>119787</code_ogr>
<libelle>Animer une formation</libelle>
<code_type_activite>3</code_type_activite>
<code_type_item_activite>2</code_type_item_activite>
<position_item>1</position_item>
<priorisation>1</priorisation>
<riasec_majeur>S</riasec_majeur>
</item_as>
</activite_specifique>
<savoir_theorique_et_proceduraux nbItemSTP_AS="0">
</savoir_theorique_et_proceduraux>
<savoir_action nbItemSA_AS="0">
</savoir_action>
</bloc>
<bloc>
<position_bloc>9</position_bloc>
<activite_specifique nbItemActivite_AS="1">
<item_as>
<code_ogr>102359</code_ogr>
<libelle>Coordonner l&#0039;activit&#0233; d&#0039;une &#0233;quipe</libelle>
<code_type_activite>3</code_type_activite>
<code_type_item_activite>2</code_type_item_activite>
<position_item>1</position_item>
<priorisation>1</priorisation>
<riasec_majeur>E</riasec_majeur>
<riasec_mineur>s</riasec_mineur>
</item_as>
</activite_specifique>
<savoir_theorique_et_proceduraux nbItemSTP_AS="0">
</savoir_theorique_et_proceduraux>
<savoir_action nbItemSA_AS="0">
</savoir_action>
</bloc>
</bloc_activites_specifiques>
<bloc_mobilites>
<mobilites_proches nbItemMob="3">
<item_mob_pr><code_type_mobilite>1</code_type_mobilite>
<liste_appellation_source>
<code_appellation_source>0</code_appellation_source>
<libelle_appellation_source>Toutes les appellations</libelle_appellation_source>
</liste_appellation_source>
<code_rome_cible>D1405</code_rome_cible>
<libelle_rome_cible>Conseil en information m&#0233;dicale</libelle_rome_cible>
<liste_appellation_cible>
<code_appellation_cible>0</code_appellation_cible>
<libelle_appellation_cible>Toutes les appellations</libelle_appellation_cible>
</liste_appellation_cible>
</item_mob_pr>
<item_mob_pr><code_type_mobilite>1</code_type_mobilite>
<liste_appellation_source>
<code_appellation_source>0</code_appellation_source>
<libelle_appellation_source>Toutes les appellations</libelle_appellation_source>
</liste_appellation_source>
<code_rome_cible>J1505</code_rome_cible>
<libelle_rome_cible>Soins infirmiers sp&#0233;cialis&#0233;s en pr&#0233;vention</libelle_rome_cible>
<liste_appellation_cible>
<code_appellation_cible>0</code_appellation_cible>
<libelle_appellation_cible>Toutes les appellations</libelle_appellation_cible>
</liste_appellation_cible>
</item_mob_pr>
<item_mob_pr><code_type_mobilite>1</code_type_mobilite>
<liste_appellation_source>
<code_appellation_source>0</code_appellation_source>
<libelle_appellation_source>Toutes les appellations</libelle_appellation_source>
</liste_appellation_source>
<code_rome_cible>K2111</code_rome_cible>
<libelle_rome_cible>Formation professionnelle</libelle_rome_cible>
<liste_appellation_cible>
<code_appellation_cible>15135</code_appellation_cible>
<libelle_appellation_cible>Formateur / Formatrice de formation param&#0233;dicale</libelle_appellation_cible>
</liste_appellation_cible>
</item_mob_pr>
</mobilites_proches>
<mobilites_si_evolution nbItemMob="6">
<item_mob_ev><code_type_mobilite>2</code_type_mobilite>
<liste_appellation_source>
<code_appellation_source>0</code_appellation_source>
<libelle_appellation_source>Toutes les appellations</libelle_appellation_source>
</liste_appellation_source>
<code_rome_cible>J1502</code_rome_cible>
<libelle_rome_cible>Coordination de services m&#0233;dicaux ou param&#0233;dicaux</libelle_rome_cible>
<liste_appellation_cible>
<code_appellation_cible>0</code_appellation_cible>
<libelle_appellation_cible>Toutes les appellations</libelle_appellation_cible>
</liste_appellation_cible>
</item_mob_ev>
<item_mob_ev><code_type_mobilite>2</code_type_mobilite>
<liste_appellation_source>
<code_appellation_source>0</code_appellation_source>
<libelle_appellation_source>Toutes les appellations</libelle_appellation_source>
</liste_appellation_source>
<code_rome_cible>J1503</code_rome_cible>
<libelle_rome_cible>Soins infirmiers sp&#0233;cialis&#0233;s en anesth&#0233;sie</libelle_rome_cible>
<liste_appellation_cible>
<code_appellation_cible>0</code_appellation_cible>
<libelle_appellation_cible>Toutes les appellations</libelle_appellation_cible>
</liste_appellation_cible>
</item_mob_ev>
<item_mob_ev><code_type_mobilite>2</code_type_mobilite>
<liste_appellation_source>
<code_appellation_source>0</code_appellation_source>
<libelle_appellation_source>Toutes les appellations</libelle_appellation_source>
</liste_appellation_source>
<code_rome_cible>J1504</code_rome_cible>
<libelle_rome_cible>Soins infirmiers sp&#0233;cialis&#0233;s en bloc op&#0233;ratoire</libelle_rome_cible>
<liste_appellation_cible>
<code_appellation_cible>0</code_appellation_cible>
<libelle_appellation_cible>Toutes les appellations</libelle_appellation_cible>
</liste_appellation_cible>
</item_mob_ev>
<item_mob_ev><code_type_mobilite>2</code_type_mobilite>
<liste_appellation_source>
<code_appellation_source>0</code_appellation_source>
<libelle_appellation_source>Toutes les appellations</libelle_appellation_source>
</liste_appellation_source>
<code_rome_cible>J1507</code_rome_cible>
<libelle_rome_cible>Soins infirmiers sp&#0233;cialis&#0233;s en pu&#0233;riculture</libelle_rome_cible>
<liste_appellation_cible>
<code_appellation_cible>0</code_appellation_cible>
<libelle_appellation_cible>Toutes les appellations</libelle_appellation_cible>
</liste_appellation_cible>
</item_mob_ev>
<item_mob_ev><code_type_mobilite>2</code_type_mobilite>
<liste_appellation_source>
<code_appellation_source>0</code_appellation_source>
<libelle_appellation_source>Toutes les appellations</libelle_appellation_source>
</liste_appellation_source>
<code_rome_cible>K1103</code_rome_cible>
<libelle_rome_cible>D&#0233;veloppement personnel et bien-&#0234;tre de la personne</libelle_rome_cible>
<liste_appellation_cible>
<code_appellation_cible>0</code_appellation_cible>
<libelle_appellation_cible>Toutes les appellations</libelle_appellation_cible>
</liste_appellation_cible>
</item_mob_ev>
<item_mob_ev><code_type_mobilite>2</code_type_mobilite>
<liste_appellation_source>
<code_appellation_source>0</code_appellation_source>
<libelle_appellation_source>Toutes les appellations</libelle_appellation_source>
</liste_appellation_source>
<code_rome_cible>K1403</code_rome_cible>
<libelle_rome_cible>Management de structure de sant&#0233;, sociale ou p&#0233;nitentiaire</libelle_rome_cible>
<liste_appellation_cible>
<code_appellation_cible>0</code_appellation_cible>
<libelle_appellation_cible>Toutes les appellations</libelle_appellation_cible>
</liste_appellation_cible>
</item_mob_ev>
</mobilites_si_evolution>
</bloc_mobilites>
</fiche_emploi_metier>