<?xml version="1.0" encoding="UTF-8" ?>
<fiche_emploi_metier>
<type_fiche>2</type_fiche>
<libelle_type_fiche>priorise</libelle_type_fiche>
<version_SI>
<version_rome>333</version_rome>
<date_version_si>01/10/2017</date_version_si>
<mois_version_si>Octobre</mois_version_si>
<annee_version_si>2017</annee_version_si>
</version_SI>
<bloc_code_rome>
<code_rome>K1104</code_rome>
<intitule>Psychologie</intitule>
<code_ogr>367</code_ogr>
<riasec_majeur>S</riasec_majeur>
<riasec_mineur>i</riasec_mineur>
</bloc_code_rome>
<bloc_appellation nbItemAppellation="14">
<item_app>
<code_ogr>11148</code_ogr>
<libelle>Art th&#0233;rapeute</libelle>
<libelle_court>Art th&#0233;rapeute</libelle_court>
<priorisation>1</priorisation>
</item_app>
<item_app>
<code_ogr>24848</code_ogr>
<libelle>Danseth&#0233;rapeute</libelle>
<libelle_court>Danseth&#0233;rapeute</libelle_court>
<priorisation>1</priorisation>
</item_app>
<item_app>
<code_ogr>16942</code_ogr>
<libelle>Musicoth&#0233;rapeute</libelle>
<libelle_court>Musicoth&#0233;rapeute</libelle_court>
<priorisation>1</priorisation>
</item_app>
<item_app>
<code_ogr>16988</code_ogr>
<libelle>Neuropsychologue</libelle>
<libelle_court>Neuropsychologue</libelle_court>
<priorisation>1</priorisation>
</item_app>
<item_app>
<code_ogr>17963</code_ogr>
<libelle>Praticien / Praticienne en psychologie</libelle>
<libelle_court>Praticien / Praticienne en psychologie</libelle_court>
<priorisation>1</priorisation>
</item_app>
<item_app>
<code_ogr>18226</code_ogr>
<libelle>Psychanalyste</libelle>
<libelle_court>Psychanalyste</libelle_court>
<priorisation>1</priorisation>
</item_app>
<item_app>
<code_ogr>24851</code_ogr>
<libelle>Psychodramatiste</libelle>
<libelle_court>Psychodramatiste</libelle_court>
<priorisation>1</priorisation>
</item_app>
<item_app>
<code_ogr>38675</code_ogr>
<libelle>Psychologue</libelle>
<libelle_court>Psychologue</libelle_court>
<priorisation>1</priorisation>
</item_app>
<item_app>
<code_ogr>18230</code_ogr>
<libelle>Psychologue clinicien / clinicienne</libelle>
<libelle_court>Psychologue clinicien / clinicienne</libelle_court>
<priorisation>1</priorisation>
</item_app>
<item_app>
<code_ogr>18232</code_ogr>
<libelle>Psychologue scolaire</libelle>
<libelle_court>Psychologue scolaire</libelle_court>
<priorisation>1</priorisation>
</item_app>
<item_app>
<code_ogr>18233</code_ogr>
<libelle>Psychologue-psychanalyste</libelle>
<libelle_court>Psychologue-psychanalyste</libelle_court>
<priorisation>1</priorisation>
</item_app>
<item_app>
<code_ogr>18234</code_ogr>
<libelle>Psychologue-psychoth&#0233;rapeute</libelle>
<libelle_court>Psychologue-psychoth&#0233;rapeute</libelle_court>
<priorisation>1</priorisation>
</item_app>
<item_app>
<code_ogr>18237</code_ogr>
<libelle>Psychoth&#0233;rapeute</libelle>
<libelle_court>Psychoth&#0233;rapeute</libelle_court>
<priorisation>1</priorisation>
</item_app>
<item_app>
<code_ogr>24857</code_ogr>
<libelle>Th&#0233;&#0226;troth&#0233;rapeute</libelle>
<libelle_court>Th&#0233;&#0226;troth&#0233;rapeute</libelle_court>
<priorisation>1</priorisation>
</item_app>
</bloc_appellation>
<definition nbItemDefinition="4">
R&#0233;alise des actions d&#0039;analyse, d&#0039;&#0233;valuation psychologique et de conseil, selon les besoins des personnes afin de leur apporter un soutien ou une aide psychologique.
Peut r&#0233;aliser des bilans psychologiques.
Peut mener des actions selon des m&#0233;diations th&#0233;rapeutiques sp&#0233;cifiques (art th&#0233;rapie, musicoth&#0233;rapie, ...).
Peut mettre en place un suivi psychoth&#0233;rapeutique selon des orientations particuli&#0232;res (psychanalytiques, comportementalistes, ...).
</definition>
<acces_emploi_metier nbItemAccesEmploiMetier="3">
Cet emploi/m&#0233;tier est accessible avec un Bac + 5 en psychologie (Master en psychologie clinique et pathologique, en neuropsychologie, en psychologie de l&#0039;enfant et de l&#0039;adolescent, ...) ou avec le Dipl&#0244;me d&#0039;Etat de Psychologue Scolaire - DEPS.
Les psychologues et les psychoth&#0233;rapeutes doivent &#0234;tre inscrits sur un registre national.
Les emplois/m&#0233;tiers d&#0039;Art th&#0233;rapeute, Danseth&#0233;rapeute, Musicoth&#0233;rapeute, Th&#0233;&#0226;troth&#0233;rapeute peuvent &#0234;tre accessibles avec une exp&#0233;rience dans diff&#0233;rents domaines (artistique, sant&#0233;, &#0233;ducation, social, ...) compl&#0233;t&#0233;e par un dipl&#0244;me universitaire ou une formation sp&#0233;cialis&#0233;e.
</acces_emploi_metier>
<condition_exercice_activite nbItemConditionExercice="2">
L&#0039;activit&#0233; de cet emploi/m&#0233;tier s&#0039;exerce en cabinet ou au sein d&#0039;&#0233;tablissements (hospitaliers, &#0233;ducatifs, judiciaires, ...), en contact avec diff&#0233;rents publics (personnes &#0226;g&#0233;es, enfants, ...).
L&#0039;activit&#0233; varie selon le secteur (petite enfance, justice, sant&#0233;, enseignement, ...) et le type d&#0039;intervention (bilan psychologique, psychoth&#0233;rapie, ...).
</condition_exercice_activite>
<bloc_environnement_de_travail nbItemEnvTrav="17">
<item_env>
<code_ogr>23706</code_ogr>
<libelle>Association</libelle>
<code_type_section_env>1</code_type_section_env>
<priorisation>1</priorisation>
</item_env>
<item_env>
<code_ogr>23750</code_ogr>
<libelle>Cabinet m&#0233;dical</libelle>
<code_type_section_env>1</code_type_section_env>
<priorisation>1</priorisation>
</item_env>
<item_env>
<code_ogr>23774</code_ogr>
<libelle>Centre de Protection Maternelle et Infantile</libelle>
<code_type_section_env>1</code_type_section_env>
<priorisation>1</priorisation>
</item_env>
<item_env>
<code_ogr>23867</code_ogr>
<libelle>Entreprise</libelle>
<code_type_section_env>1</code_type_section_env>
<priorisation>1</priorisation>
</item_env>
<item_env>
<code_ogr>23920</code_ogr>
<libelle>Etablissement d&#0039;enseignement sp&#0233;cialis&#0233;</libelle>
<code_type_section_env>1</code_type_section_env>
<priorisation>1</priorisation>
</item_env>
<item_env>
<code_ogr>23922</code_ogr>
<libelle>Etablissement m&#0233;dical (h&#0244;pital, clinique, ...)</libelle>
<code_type_section_env>1</code_type_section_env>
<priorisation>1</priorisation>
</item_env>
<item_env>
<code_ogr>23923</code_ogr>
<libelle>Etablissement p&#0233;nitentiaire</libelle>
<code_type_section_env>1</code_type_section_env>
<priorisation>1</priorisation>
</item_env>
<item_env>
<code_ogr>23924</code_ogr>
<libelle>Etablissement scolaire</libelle>
<code_type_section_env>1</code_type_section_env>
<priorisation>1</priorisation>
</item_env>
<item_env>
<code_ogr>23975</code_ogr>
<libelle>Organisme de formation</libelle>
<code_type_section_env>1</code_type_section_env>
<priorisation>1</priorisation>
</item_env>
<item_env>
<code_ogr>24050</code_ogr>
<libelle>R&#0233;sidence de personnes &#0226;g&#0233;es</libelle>
<code_type_section_env>1</code_type_section_env>
<priorisation>1</priorisation>
</item_env>
<item_env>
<code_ogr>24064</code_ogr>
<libelle>Service de la Protection Judiciaire de la Jeunesse</libelle>
<code_type_section_env>1</code_type_section_env>
<priorisation>1</priorisation>
</item_env>
<item_env>
<code_ogr>23388</code_ogr>
<libelle>Administration / Services de l&#0039;Etat</libelle>
<code_type_section_env>2</code_type_section_env>
<priorisation>1</priorisation>
</item_env>
<item_env>
<code_ogr>23473</code_ogr>
<libelle>Education / Enseignement</libelle>
<code_type_section_env>2</code_type_section_env>
<priorisation>1</priorisation>
</item_env>
<item_env>
<code_ogr>23555</code_ogr>
<libelle>M&#0233;dicosocial</libelle>
<code_type_section_env>2</code_type_section_env>
<priorisation>1</priorisation>
</item_env>
<item_env>
<code_ogr>23581</code_ogr>
<libelle>Petite enfance</libelle>
<code_type_section_env>2</code_type_section_env>
<priorisation>1</priorisation>
</item_env>
<item_env>
<code_ogr>23625</code_ogr>
<libelle>Sant&#0233; et action sociale</libelle>
<code_type_section_env>2</code_type_section_env>
<priorisation>1</priorisation>
</item_env>
<item_env>
<code_ogr>24844</code_ogr>
<libelle>Travail en ind&#0233;pendant</libelle>
<code_type_section_env>3</code_type_section_env>
<priorisation>1</priorisation>
</item_env>
</bloc_environnement_de_travail>
<bloc_activites_de_base nbBlocActiviteBase="1">
<activites_de_base nbItemActivite_AB="8">
<item_ab>
<code_ogr>107834</code_ogr>
<libelle>Analyser la situation et les besoins de la personne</libelle>
<code_type_activite>3</code_type_activite>
<code_type_item_activite>2</code_type_item_activite>
<position_item>1</position_item>
<priorisation>1</priorisation>
<riasec_majeur>S</riasec_majeur>
<riasec_mineur>c</riasec_mineur>
</item_ab>
<item_ab>
<code_ogr>126231</code_ogr>
<libelle>Informer sur les possibilit&#0233;s d&#0039;interventions psychologiques et les d&#0233;marches associ&#0233;es</libelle>
<code_type_activite>3</code_type_activite>
<code_type_item_activite>2</code_type_item_activite>
<position_item>1</position_item>
<priorisation>1</priorisation>
<riasec_majeur>I</riasec_majeur>
<riasec_mineur>s</riasec_mineur>
</item_ab>
<item_ab>
<code_ogr>107814</code_ogr>
<libelle>Cerner l&#0039;environnement familial, social de la personne et identifier la nature des difficult&#0233;s (troubles fonctionnels, de la personnalit&#0233;, de l&#0039;apprentissage)</libelle>
<code_type_activite>3</code_type_activite>
<code_type_item_activite>2</code_type_item_activite>
<position_item>2</position_item>
<priorisation>1</priorisation>
<riasec_majeur>I</riasec_majeur>
<riasec_mineur>s</riasec_mineur>
</item_ab>
<item_ab>
<code_ogr>107815</code_ogr>
<libelle>D&#0233;terminer le besoin en accompagnement psychologique, arr&#0234;ter les modalit&#0233;s avec la personne ou l&#0039;orienter vers un m&#0233;decin, service social, personnel param&#0233;dical</libelle>
<code_type_activite>3</code_type_activite>
<code_type_item_activite>2</code_type_item_activite>
<position_item>3</position_item>
<priorisation>1</priorisation>
<riasec_majeur>I</riasec_majeur>
<riasec_mineur>s</riasec_mineur>
</item_ab>
<item_ab>
<code_ogr>107816</code_ogr>
<libelle>Accompagner la personne, suivre l&#0039;avancement du travail psychologique (points de vigilance, axes de progr&#0232;s) et proposer des ajustements</libelle>
<code_type_activite>3</code_type_activite>
<code_type_item_activite>2</code_type_item_activite>
<position_item>4</position_item>
<priorisation>1</priorisation>
<riasec_majeur>S</riasec_majeur>
</item_ab>
<item_ab>
<code_ogr>113738</code_ogr>
<libelle>Actualiser la documentation professionnelle et r&#0233;glementaire</libelle>
<code_type_activite>3</code_type_activite>
<code_type_item_activite>2</code_type_item_activite>
<position_item>5</position_item>
<priorisation>1</priorisation>
<riasec_majeur>C</riasec_majeur>
</item_ab>
<item_ab>
<code_ogr>119599</code_ogr>
<libelle>Participer &#0224; des groupes de travail</libelle>
<code_type_activite>3</code_type_activite>
<code_type_item_activite>2</code_type_item_activite>
<position_item>6</position_item>
<priorisation>1</priorisation>
<riasec_majeur>S</riasec_majeur>
</item_ab>
<item_ab>
<code_ogr>121216</code_ogr>
<libelle>Repr&#0233;senter une structure lors d&#0039;&#0233;v&#0232;nements (salons professionnels, ...)</libelle>
<code_type_activite>3</code_type_activite>
<code_type_item_activite>2</code_type_item_activite>
<position_item>7</position_item>
<priorisation>1</priorisation>
<riasec_majeur>E</riasec_majeur>
<riasec_mineur>s</riasec_mineur>
</item_ab>
</activites_de_base>
<savoir_theorique_et_proceduraux nbItemSTP_AB="10">
<item_ab_stp>
<code_ogr>107478</code_ogr>
<libelle>Neurophysiologie</libelle>
<code_type_competence>1</code_type_competence>
<position_item>1</position_item>
<priorisation>1</priorisation>
</item_ab_stp>
<item_ab_stp>
<code_ogr>107674</code_ogr>
<libelle>Pathologies du vieillissement</libelle>
<code_type_competence>1</code_type_competence>
<position_item>2</position_item>
<priorisation>1</priorisation>
</item_ab_stp>
<item_ab_stp>
<code_ogr>107483</code_ogr>
<libelle>Psychop&#0233;dagogie</libelle>
<code_type_competence>1</code_type_competence>
<position_item>3</position_item>
<priorisation>1</priorisation>
</item_ab_stp>
<item_ab_stp>
<code_ogr>100541</code_ogr>
<libelle>Techniques de communication</libelle>
<code_type_competence>1</code_type_competence>
<position_item>4</position_item>
<priorisation>1</priorisation>
</item_ab_stp>
<item_ab_stp>
<code_ogr>102066</code_ogr>
<libelle>Techniques d&#0039;&#0233;coute et de la relation &#0224; la personne</libelle>
<code_type_competence>1</code_type_competence>
<position_item>5</position_item>
<priorisation>1</priorisation>
</item_ab_stp>
<item_ab_stp>
<code_ogr>102226</code_ogr>
<libelle>Normes r&#0233;dactionnelles</libelle>
<code_type_competence>1</code_type_competence>
<position_item>6</position_item>
<priorisation>1</priorisation>
</item_ab_stp>
<item_ab_stp>
<code_ogr>107820</code_ogr>
<libelle>Th&#0233;ories psychanalytiques</libelle>
<code_type_competence>1</code_type_competence>
<position_item>7</position_item>
<priorisation>1</priorisation>
</item_ab_stp>
<item_ab_stp>
<code_ogr>107774</code_ogr>
<libelle>Caract&#0233;ristiques socio-culturelles des publics</libelle>
<code_type_competence>1</code_type_competence>
<position_item>8</position_item>
<priorisation>1</priorisation>
</item_ab_stp>
<item_ab_stp>
<code_ogr>107818</code_ogr>
<libelle>Interpr&#0233;tation de production &#0233;crite (dessin, conte, ...)</libelle>
<code_type_competence>1</code_type_competence>
<position_item>9</position_item>
<priorisation>1</priorisation>
</item_ab_stp>
<item_ab_stp>
<code_ogr>107269</code_ogr>
<libelle>Techniques de relaxation</libelle>
<code_type_competence>1</code_type_competence>
<position_item>10</position_item>
<priorisation>1</priorisation>
</item_ab_stp>
</savoir_theorique_et_proceduraux>
<savoir_action nbItemSA_AB="0">
</savoir_action>
</bloc_activites_de_base>
<bloc_activites_specifiques nbBlocActiviteSpecifique="10">
<bloc>
<position_bloc>1</position_bloc>
<activite_specifique nbItemActivite_AS="4">
<item_as>
<code_ogr>120697</code_ogr>
<libelle>Assurer un accueil t&#0233;l&#0233;phonique</libelle>
<code_type_activite>3</code_type_activite>
<code_type_item_activite>2</code_type_item_activite>
<position_item>1</position_item>
<priorisation>1</priorisation>
<riasec_majeur>S</riasec_majeur>
<riasec_mineur>c</riasec_mineur>
</item_as>
<item_as>
<code_ogr>107822</code_ogr>
<libelle>Mener des actions d&#0039;expertise judiciaire</libelle>
<code_type_activite>3</code_type_activite>
<code_type_item_activite>2</code_type_item_activite>
<position_item>2</position_item>
<priorisation>1</priorisation>
<riasec_majeur>I</riasec_majeur>
<riasec_mineur>c</riasec_mineur>
</item_as>
<item_as>
<code_ogr>107823</code_ogr>
<libelle>Participer &#0224; une cellule de soutien psychologique</libelle>
<code_type_activite>3</code_type_activite>
<code_type_item_activite>2</code_type_item_activite>
<position_item>3</position_item>
<priorisation>1</priorisation>
<riasec_majeur>S</riasec_majeur>
<riasec_mineur>c</riasec_mineur>
</item_as>
<item_as>
<code_ogr>116892</code_ogr>
<libelle>Superviser le recrutement du personnel</libelle>
<code_type_activite>3</code_type_activite>
<code_type_item_activite>2</code_type_item_activite>
<position_item>4</position_item>
<priorisation>1</priorisation>
<riasec_majeur>E</riasec_majeur>
<riasec_mineur>s</riasec_mineur>
</item_as>
</activite_specifique>
<savoir_theorique_et_proceduraux nbItemSTP_AS="5">
<item_as_stp>
<code_ogr>118984</code_ogr>
<libelle>Accueil t&#0233;l&#0233;phonique</libelle>
<code_type_competence>1</code_type_competence>
<position_item>1</position_item>
<priorisation>1</priorisation>
</item_as_stp>
<item_as_stp>
<code_ogr>107926</code_ogr>
<libelle>Techniques d&#0039;&#0233;coute active</libelle>
<code_type_competence>1</code_type_competence>
<position_item>1</position_item>
<priorisation>1</priorisation>
</item_as_stp>
<item_as_stp>
<code_ogr>104098</code_ogr>
<libelle>Techniques de recrutement</libelle>
<code_type_competence>1</code_type_competence>
<position_item>1</position_item>
<priorisation>1</priorisation>
</item_as_stp>
<item_as_stp>
<code_ogr>107826</code_ogr>
<libelle>Criminologie</libelle>
<code_type_competence>1</code_type_competence>
<position_item>2</position_item>
<priorisation>1</priorisation>
</item_as_stp>
<item_as_stp>
<code_ogr>107825</code_ogr>
<libelle>Victimologie</libelle>
<code_type_competence>1</code_type_competence>
<position_item>3</position_item>
<priorisation>1</priorisation>
</item_as_stp>
</savoir_theorique_et_proceduraux>
<savoir_action nbItemSA_AS="0">
</savoir_action>
</bloc>
<bloc>
<position_bloc>2</position_bloc>
<activite_specifique nbItemActivite_AS="1">
<item_as>
<code_ogr>118929</code_ogr>
<libelle>Pratiquer des actions de r&#0233;&#0233;ducation</libelle>
<code_type_activite>3</code_type_activite>
<code_type_item_activite>2</code_type_item_activite>
<position_item>1</position_item>
<priorisation>1</priorisation>
<riasec_majeur>S</riasec_majeur>
<riasec_mineur>r</riasec_mineur>
</item_as>
</activite_specifique>
<savoir_theorique_et_proceduraux nbItemSTP_AS="2">
<item_as_stp>
<code_ogr>119632</code_ogr>
<libelle>Art th&#0233;rapie</libelle>
<code_type_competence>1</code_type_competence>
<position_item>1</position_item>
<priorisation>1</priorisation>
</item_as_stp>
<item_as_stp>
<code_ogr>107482</code_ogr>
<libelle>Musicoth&#0233;rapie</libelle>
<code_type_competence>1</code_type_competence>
<position_item>2</position_item>
<priorisation>1</priorisation>
</item_as_stp>
</savoir_theorique_et_proceduraux>
<savoir_action nbItemSA_AS="0">
</savoir_action>
</bloc>
<bloc>
<position_bloc>3</position_bloc>
<activite_specifique nbItemActivite_AS="1">
<item_as>
<code_ogr>115083</code_ogr>
<libelle>Pratiquer une s&#0233;ance de psychoth&#0233;rapie individuelle, de groupe, familiale, guider la personne lors des exercices (jeux de r&#0244;le, relaxation, ...) et observer les r&#0233;actions</libelle>
<code_type_activite>3</code_type_activite>
<code_type_item_activite>2</code_type_item_activite>
<position_item>1</position_item>
<priorisation>1</priorisation>
<riasec_majeur>S</riasec_majeur>
<riasec_mineur>i</riasec_mineur>
</item_as>
</activite_specifique>
<savoir_theorique_et_proceduraux nbItemSTP_AS="7">
<item_as_stp>
<code_ogr>107830</code_ogr>
<libelle>Techniques d&#0039;animation d&#0039;atelier</libelle>
<code_type_competence>1</code_type_competence>
<position_item>1</position_item>
<priorisation>1</priorisation>
</item_as_stp>
<item_as_stp>
<code_ogr>103848</code_ogr>
<libelle>Techniques d&#0039;animation de groupe</libelle>
<code_type_competence>1</code_type_competence>
<position_item>2</position_item>
<priorisation>1</priorisation>
</item_as_stp>
<item_as_stp>
<code_ogr>107831</code_ogr>
<libelle>Th&#0233;rapies comportementales et cognitives</libelle>
<code_type_competence>1</code_type_competence>
<position_item>3</position_item>
<priorisation>1</priorisation>
</item_as_stp>
<item_as_stp>
<code_ogr>107829</code_ogr>
<libelle>Analyse transactionnelle</libelle>
<code_type_competence>1</code_type_competence>
<position_item>4</position_item>
<priorisation>1</priorisation>
</item_as_stp>
<item_as_stp>
<code_ogr>107828</code_ogr>
<libelle>Gestalt th&#0233;rapie</libelle>
<code_type_competence>1</code_type_competence>
<position_item>5</position_item>
<priorisation>1</priorisation>
</item_as_stp>
<item_as_stp>
<code_ogr>119657</code_ogr>
<libelle>Th&#0233;rapie corporelle</libelle>
<code_type_competence>1</code_type_competence>
<position_item>6</position_item>
<priorisation>1</priorisation>
</item_as_stp>
<item_as_stp>
<code_ogr>107812</code_ogr>
<libelle>Techniques d&#0039;hypnose</libelle>
<code_type_competence>1</code_type_competence>
<position_item>7</position_item>
<priorisation>1</priorisation>
</item_as_stp>
</savoir_theorique_et_proceduraux>
<savoir_action nbItemSA_AS="0">
</savoir_action>
</bloc>
<bloc>
<position_bloc>4</position_bloc>
<activite_specifique nbItemActivite_AS="1">
<item_as>
<code_ogr>115084</code_ogr>
<libelle>D&#0233;velopper un projet p&#0233;dagogique avec l&#0039;&#0233;quipe &#0233;ducative pour des &#0233;l&#0232;ves en situation particuli&#0232;re (handicap, trouble du comportement, &#0233;chec scolaire, ...)</libelle>
<code_type_activite>3</code_type_activite>
<code_type_item_activite>2</code_type_item_activite>
<position_item>1</position_item>
<priorisation>1</priorisation>
<riasec_majeur>S</riasec_majeur>
<riasec_mineur>e</riasec_mineur>
</item_as>
</activite_specifique>
<savoir_theorique_et_proceduraux nbItemSTP_AS="1">
<item_as_stp>
<code_ogr>107832</code_ogr>
<libelle>Organisation du syst&#0232;me scolaire</libelle>
<code_type_competence>1</code_type_competence>
<position_item>1</position_item>
<priorisation>1</priorisation>
</item_as_stp>
</savoir_theorique_et_proceduraux>
<savoir_action nbItemSA_AS="0">
</savoir_action>
</bloc>
<bloc>
<position_bloc>5</position_bloc>
<activite_specifique nbItemActivite_AS="1">
<item_as>
<code_ogr>115085</code_ogr>
<libelle>Proc&#0233;der aux tests psychologiques, &#0233;valuer le profil de la personne et &#0233;tablir le bilan psychologique</libelle>
<code_type_activite>3</code_type_activite>
<code_type_item_activite>2</code_type_item_activite>
<position_item>1</position_item>
<priorisation>1</priorisation>
<riasec_majeur>S</riasec_majeur>
<riasec_mineur>i</riasec_mineur>
</item_as>
</activite_specifique>
<savoir_theorique_et_proceduraux nbItemSTP_AS="0">
</savoir_theorique_et_proceduraux>
<savoir_action nbItemSA_AS="0">
</savoir_action>
</bloc>
<bloc>
<position_bloc>6</position_bloc>
<activite_specifique nbItemActivite_AS="1">
<item_as>
<code_ogr>115086</code_ogr>
<libelle>R&#0233;aliser des bilans neuropsychologiques et proposer un programme de r&#0233;entra&#0238;nement (atelier m&#0233;moire, r&#0233;adaptation cognitive d&#0039;activit&#0233;s de vie quotidienne, ...)</libelle>
<code_type_activite>3</code_type_activite>
<code_type_item_activite>2</code_type_item_activite>
<position_item>1</position_item>
<priorisation>1</priorisation>
<riasec_majeur>I</riasec_majeur>
<riasec_mineur>s</riasec_mineur>
</item_as>
</activite_specifique>
<savoir_theorique_et_proceduraux nbItemSTP_AS="0">
</savoir_theorique_et_proceduraux>
<savoir_action nbItemSA_AS="0">
</savoir_action>
</bloc>
<bloc>
<position_bloc>7</position_bloc>
<activite_specifique nbItemActivite_AS="2">
<item_as>
<code_ogr>123971</code_ogr>
<libelle>Accompagner des demandeurs d&#0039;emploi</libelle>
<code_type_activite>3</code_type_activite>
<code_type_item_activite>2</code_type_item_activite>
<position_item>1</position_item>
<priorisation>1</priorisation>
<riasec_majeur>S</riasec_majeur>
<riasec_mineur>a</riasec_mineur>
</item_as>
<item_as>
<code_ogr>107840</code_ogr>
<libelle>Accompagner des salari&#0233;s en entreprise</libelle>
<code_type_activite>3</code_type_activite>
<code_type_item_activite>2</code_type_item_activite>
<position_item>2</position_item>
<priorisation>1</priorisation>
<riasec_majeur>S</riasec_majeur>
<riasec_mineur>e</riasec_mineur>
</item_as>
</activite_specifique>
<savoir_theorique_et_proceduraux nbItemSTP_AS="0">
</savoir_theorique_et_proceduraux>
<savoir_action nbItemSA_AS="0">
</savoir_action>
</bloc>
<bloc>
<position_bloc>8</position_bloc>
<activite_specifique nbItemActivite_AS="1">
<item_as>
<code_ogr>120683</code_ogr>
<libelle>Collaborer avec l&#0039;ensemble des intervenants &#0224; la r&#0233;alisation d&#0039;un objectif commun</libelle>
<code_type_activite>3</code_type_activite>
<code_type_item_activite>2</code_type_item_activite>
<position_item>1</position_item>
<priorisation>1</priorisation>
<riasec_majeur>S</riasec_majeur>
<riasec_mineur>e</riasec_mineur>
</item_as>
</activite_specifique>
<savoir_theorique_et_proceduraux nbItemSTP_AS="0">
</savoir_theorique_et_proceduraux>
<savoir_action nbItemSA_AS="0">
</savoir_action>
</bloc>
<bloc>
<position_bloc>9</position_bloc>
<activite_specifique nbItemActivite_AS="1">
<item_as>
<code_ogr>123680</code_ogr>
<libelle>Mettre en oeuvre un programme de pr&#0233;vention</libelle>
<code_type_activite>3</code_type_activite>
<code_type_item_activite>2</code_type_item_activite>
<position_item>1</position_item>
<priorisation>1</priorisation>
<riasec_majeur>S</riasec_majeur>
</item_as>
</activite_specifique>
<savoir_theorique_et_proceduraux nbItemSTP_AS="2">
<item_as_stp>
<code_ogr>107188</code_ogr>
<libelle>Addictologie</libelle>
<code_type_competence>1</code_type_competence>
<position_item>1</position_item>
<priorisation>1</priorisation>
</item_as_stp>
<item_as_stp>
<code_ogr>107777</code_ogr>
<libelle>Sexologie</libelle>
<code_type_competence>1</code_type_competence>
<position_item>2</position_item>
<priorisation>1</priorisation>
</item_as_stp>
</savoir_theorique_et_proceduraux>
<savoir_action nbItemSA_AS="0">
</savoir_action>
</bloc>
<bloc>
<position_bloc>10</position_bloc>
<activite_specifique nbItemActivite_AS="1">
<item_as>
<code_ogr>119787</code_ogr>
<libelle>Animer une formation</libelle>
<code_type_activite>3</code_type_activite>
<code_type_item_activite>2</code_type_item_activite>
<position_item>1</position_item>
<priorisation>1</priorisation>
<riasec_majeur>S</riasec_majeur>
</item_as>
</activite_specifique>
<savoir_theorique_et_proceduraux nbItemSTP_AS="1">
<item_as_stp>
<code_ogr>100090</code_ogr>
<libelle>Techniques p&#0233;dagogiques</libelle>
<code_type_competence>1</code_type_competence>
<position_item>1</position_item>
<priorisation>1</priorisation>
</item_as_stp>
</savoir_theorique_et_proceduraux>
<savoir_action nbItemSA_AS="0">
</savoir_action>
</bloc>
</bloc_activites_specifiques>
<bloc_mobilites>
<mobilites_proches nbItemMob="3">
<item_mob_pr><code_type_mobilite>1</code_type_mobilite>
<liste_appellation_source>
<code_appellation_source>0</code_appellation_source>
<libelle_appellation_source>Toutes les appellations</libelle_appellation_source>
</liste_appellation_source>
<code_rome_cible>K2101</code_rome_cible>
<libelle_rome_cible>Conseil en formation</libelle_rome_cible>
<liste_appellation_cible>
<code_appellation_cible>0</code_appellation_cible>
<libelle_appellation_cible>Toutes les appellations</libelle_appellation_cible>
</liste_appellation_cible>
</item_mob_pr>
<item_mob_pr><code_type_mobilite>1</code_type_mobilite>
<liste_appellation_source>
<code_appellation_source>0</code_appellation_source>
<libelle_appellation_source>Toutes les appellations</libelle_appellation_source>
</liste_appellation_source>
<code_rome_cible>K2111</code_rome_cible>
<libelle_rome_cible>Formation professionnelle</libelle_rome_cible>
<liste_appellation_cible>
<code_appellation_cible>0</code_appellation_cible>
<libelle_appellation_cible>Toutes les appellations</libelle_appellation_cible>
</liste_appellation_cible>
</item_mob_pr>
<item_mob_pr><code_type_mobilite>1</code_type_mobilite>
<liste_appellation_source>
<code_appellation_source>0</code_appellation_source>
<libelle_appellation_source>Toutes les appellations</libelle_appellation_source>
</liste_appellation_source>
<code_rome_cible>K2112</code_rome_cible>
<libelle_rome_cible>Orientation scolaire et professionnelle</libelle_rome_cible>
<liste_appellation_cible>
<code_appellation_cible>13402</code_appellation_cible>
<libelle_appellation_cible>Conseiller / Conseill&#0232;re d&#0039;orientation psychologue</libelle_appellation_cible>
</liste_appellation_cible>
</item_mob_pr>
</mobilites_proches>
<mobilites_si_evolution nbItemMob="2">
<item_mob_ev><code_type_mobilite>2</code_type_mobilite>
<liste_appellation_source>
<code_appellation_source>0</code_appellation_source>
<libelle_appellation_source>Toutes les appellations</libelle_appellation_source>
</liste_appellation_source>
<code_rome_cible>K1103</code_rome_cible>
<libelle_rome_cible>D&#0233;veloppement personnel et bien-&#0234;tre de la personne</libelle_rome_cible>
<liste_appellation_cible>
<code_appellation_cible>0</code_appellation_cible>
<libelle_appellation_cible>Toutes les appellations</libelle_appellation_cible>
</liste_appellation_cible>
</item_mob_ev>
<item_mob_ev><code_type_mobilite>2</code_type_mobilite>
<liste_appellation_source>
<code_appellation_source>0</code_appellation_source>
<libelle_appellation_source>Toutes les appellations</libelle_appellation_source>
</liste_appellation_source>
<code_rome_cible>K2401</code_rome_cible>
<libelle_rome_cible>Recherche en sciences de l&#0039;homme et de la soci&#0233;t&#0233;</libelle_rome_cible>
<liste_appellation_cible>
<code_appellation_cible>12612</code_appellation_cible>
<libelle_appellation_cible>Chercheur / Chercheuse en psychologie</libelle_appellation_cible>
</liste_appellation_cible>
</item_mob_ev>
</mobilites_si_evolution>
</bloc_mobilites>
</fiche_emploi_metier>