<?xml version="1.0" encoding="UTF-8" ?>
<fiche_emploi_metier>
<type_fiche>2</type_fiche>
<libelle_type_fiche>priorise</libelle_type_fiche>
<version_SI>
<version_rome>333</version_rome>
<date_version_si>01/10/2017</date_version_si>
<mois_version_si>Octobre</mois_version_si>
<annee_version_si>2017</annee_version_si>
</version_SI>
<bloc_code_rome>
<code_rome>K1101</code_rome>
<intitule>Accompagnement et m&#0233;diation familiale</intitule>
<code_ogr>364</code_ogr>
<riasec_majeur>S</riasec_majeur>
<riasec_mineur>i</riasec_mineur>
</bloc_code_rome>
<bloc_appellation nbItemAppellation="5">
<item_app>
<code_ogr>11806</code_ogr>
<libelle>Charg&#0233; / Charg&#0233;e de l&#0039;accompagnement et de la m&#0233;diation familiale</libelle>
<libelle_court>Charg&#0233;(e) de l&#0039;accompagnement et de la m&#0233;diation familiale</libelle_court>
<priorisation>1</priorisation>
</item_app>
<item_app>
<code_ogr>13381</code_ogr>
<libelle>Conseiller conjugal / Conseill&#0232;re conjugale</libelle>
<libelle_court>Conseiller conjugal / Conseill&#0232;re conjugale</libelle_court>
<priorisation>1</priorisation>
</item_app>
<item_app>
<code_ogr>13382</code_ogr>
<libelle>Conseiller conjugal et familial / Conseill&#0232;re conjugale et familiale</libelle>
<libelle_court>Conseiller(&#0232;re) conjugal(e) et familial(e)</libelle_court>
<priorisation>1</priorisation>
</item_app>
<item_app>
<code_ogr>16602</code_ogr>
<libelle>M&#0233;diateur conjugal / M&#0233;diatrice conjugale</libelle>
<libelle_court>M&#0233;diateur conjugal / M&#0233;diatrice conjugale</libelle_court>
<priorisation>1</priorisation>
</item_app>
<item_app>
<code_ogr>16604</code_ogr>
<libelle>M&#0233;diateur familial / M&#0233;diatrice familiale</libelle>
<libelle_court>M&#0233;diateur familial / M&#0233;diatrice familiale</libelle_court>
<priorisation>1</priorisation>
</item_app>
</bloc_appellation>
<definition nbItemDefinition="3">
Guide et accompagne le couple ou la famille lors de situations conflictuelles ou de changement familial (s&#0233;paration, violence, deuil, ...), afin qu&#0039;ils &#0233;laborent un projet d&#0039;entente ou de reconstruction.
Peut informer le public sur des th&#0232;mes sp&#0233;cifiques (sexualit&#0233;, interruption volontaire de grossesse, ...).
Peut diriger un cabinet lib&#0233;ral.
</definition>
<acces_emploi_metier nbItemAccesEmploiMetier="2">
Cet emploi/m&#0233;tier est accessible avec le Dipl&#0244;me d&#0039;Etat de M&#0233;diateur Familial.
Des formations compl&#0233;mentaires dans un secteur particulier (les violences conjugales, la nouvelle parentalit&#0233;, ...) peuvent &#0234;tre requises.
</acces_emploi_metier>
<condition_exercice_activite nbItemConditionExercice="1">
L&#0039;activit&#0233; de cet emploi/m&#0233;tier s&#0039;exerce au sein d&#0039;associations, de centres d&#0039;action sociale, de centres de planification familiale, en cabinet lib&#0233;ral, ... en contact avec les couples, les familles et diff&#0233;rents intervenants (travailleurs sociaux, personnel m&#0233;dical, personnel judiciaire, ...).
</condition_exercice_activite>
<bloc_environnement_de_travail nbItemEnvTrav="8">
<item_env>
<code_ogr>23711</code_ogr>
<libelle>Association familiale</libelle>
<code_type_section_env>1</code_type_section_env>
<priorisation>1</priorisation>
</item_env>
<item_env>
<code_ogr>23750</code_ogr>
<libelle>Cabinet m&#0233;dical</libelle>
<code_type_section_env>1</code_type_section_env>
<priorisation>1</priorisation>
</item_env>
<item_env>
<code_ogr>23808</code_ogr>
<libelle>Collectivit&#0233; territoriale</libelle>
<code_type_section_env>1</code_type_section_env>
<priorisation>1</priorisation>
</item_env>
<item_env>
<code_ogr>23922</code_ogr>
<libelle>Etablissement m&#0233;dical (h&#0244;pital, clinique, ...)</libelle>
<code_type_section_env>1</code_type_section_env>
<priorisation>1</priorisation>
</item_env>
<item_env>
<code_ogr>24019</code_ogr>
<libelle>Organisme de logement</libelle>
<code_type_section_env>1</code_type_section_env>
<priorisation>1</priorisation>
</item_env>
<item_env>
<code_ogr>24020</code_ogr>
<libelle>Organisme de protection sociale</libelle>
<code_type_section_env>1</code_type_section_env>
<priorisation>1</priorisation>
</item_env>
<item_env>
<code_ogr>23375</code_ogr>
<libelle>Au domicile de particulier</libelle>
<code_type_section_env>3</code_type_section_env>
<priorisation>1</priorisation>
</item_env>
<item_env>
<code_ogr>24844</code_ogr>
<libelle>Travail en ind&#0233;pendant</libelle>
<code_type_section_env>3</code_type_section_env>
<priorisation>1</priorisation>
</item_env>
</bloc_environnement_de_travail>
<bloc_activites_de_base nbBlocActiviteBase="1">
<activites_de_base nbItemActivite_AB="10">
<item_ab>
<code_ogr>123932</code_ogr>
<libelle>Identifier le motif de consultation d&#0039;une personne</libelle>
<code_type_activite>3</code_type_activite>
<code_type_item_activite>2</code_type_item_activite>
<position_item>1</position_item>
<priorisation>1</priorisation>
<riasec_majeur>I</riasec_majeur>
<riasec_mineur>s</riasec_mineur>
</item_ab>
<item_ab>
<code_ogr>123893</code_ogr>
<libelle>Analyser le contexte de vie d&#0039;une personne</libelle>
<code_type_activite>3</code_type_activite>
<code_type_item_activite>2</code_type_item_activite>
<position_item>2</position_item>
<priorisation>1</priorisation>
<riasec_majeur>I</riasec_majeur>
<riasec_mineur>s</riasec_mineur>
</item_ab>
<item_ab>
<code_ogr>123945</code_ogr>
<libelle>Informer une personne sur une d&#0233;marche de m&#0233;diation</libelle>
<code_type_activite>3</code_type_activite>
<code_type_item_activite>2</code_type_item_activite>
<position_item>3</position_item>
<priorisation>1</priorisation>
<riasec_majeur>I</riasec_majeur>
<riasec_mineur>s</riasec_mineur>
</item_ab>
<item_ab>
<code_ogr>107769</code_ogr>
<libelle>V&#0233;rifier le consentement des participants, leur motivation lors de la mise en place de la m&#0233;diation et les informer sur les modalit&#0233;s d&#0039;intervention</libelle>
<code_type_activite>3</code_type_activite>
<code_type_item_activite>2</code_type_item_activite>
<position_item>4</position_item>
<priorisation>1</priorisation>
<riasec_majeur>I</riasec_majeur>
<riasec_mineur>s</riasec_mineur>
</item_ab>
<item_ab>
<code_ogr>107770</code_ogr>
<libelle>Etablir le contrat de m&#0233;diation avec le couple, la famille</libelle>
<code_type_activite>3</code_type_activite>
<code_type_item_activite>2</code_type_item_activite>
<position_item>5</position_item>
<priorisation>1</priorisation>
<riasec_majeur>S</riasec_majeur>
</item_ab>
<item_ab>
<code_ogr>107771</code_ogr>
<libelle>Organiser les rencontres et favoriser les conditions de dialogue entre les participants</libelle>
<code_type_activite>3</code_type_activite>
<code_type_item_activite>2</code_type_item_activite>
<position_item>6</position_item>
<priorisation>1</priorisation>
<riasec_majeur>S</riasec_majeur>
</item_ab>
<item_ab>
<code_ogr>123916</code_ogr>
<libelle>Orienter une personne vers des partenaires relais</libelle>
<code_type_activite>3</code_type_activite>
<code_type_item_activite>2</code_type_item_activite>
<position_item>7</position_item>
<priorisation>1</priorisation>
<riasec_majeur>S</riasec_majeur>
</item_ab>
<item_ab>
<code_ogr>123944</code_ogr>
<libelle>Informer un b&#0233;n&#0233;ficiaire sur une prestation sociale, sur ses droits et ses obligations</libelle>
<code_type_activite>3</code_type_activite>
<code_type_item_activite>2</code_type_item_activite>
<position_item>8</position_item>
<priorisation>1</priorisation>
<riasec_majeur>C</riasec_majeur>
<riasec_mineur>s</riasec_mineur>
</item_ab>
<item_ab>
<code_ogr>107773</code_ogr>
<libelle>Suivre le couple ou la famille et apporter un appui &#0224; la formalisation du projet d&#0039;entente conjugal ou familial</libelle>
<code_type_activite>3</code_type_activite>
<code_type_item_activite>2</code_type_item_activite>
<position_item>9</position_item>
<priorisation>1</priorisation>
<riasec_majeur>S</riasec_majeur>
</item_ab>
<item_ab>
<code_ogr>120516</code_ogr>
<libelle>D&#0233;velopper un r&#0233;seau de partenaires</libelle>
<code_type_activite>3</code_type_activite>
<code_type_item_activite>2</code_type_item_activite>
<position_item>10</position_item>
<priorisation>1</priorisation>
<riasec_majeur>E</riasec_majeur>
</item_ab>
</activites_de_base>
<savoir_theorique_et_proceduraux nbItemSTP_AB="10">
<item_ab_stp>
<code_ogr>101654</code_ogr>
<libelle>Techniques de m&#0233;diation</libelle>
<code_type_competence>1</code_type_competence>
<position_item>1</position_item>
<priorisation>1</priorisation>
</item_ab_stp>
<item_ab_stp>
<code_ogr>102066</code_ogr>
<libelle>Techniques d&#0039;&#0233;coute et de la relation &#0224; la personne</libelle>
<code_type_competence>1</code_type_competence>
<position_item>2</position_item>
<priorisation>1</priorisation>
</item_ab_stp>
<item_ab_stp>
<code_ogr>102226</code_ogr>
<libelle>Normes r&#0233;dactionnelles</libelle>
<code_type_competence>1</code_type_competence>
<position_item>3</position_item>
<priorisation>1</priorisation>
</item_ab_stp>
<item_ab_stp>
<code_ogr>102336</code_ogr>
<libelle>Techniques de gestion du stress</libelle>
<code_type_competence>1</code_type_competence>
<position_item>4</position_item>
<priorisation>1</priorisation>
</item_ab_stp>
<item_ab_stp>
<code_ogr>101949</code_ogr>
<libelle>Techniques de pr&#0233;vention et de gestion de conflits</libelle>
<code_type_competence>1</code_type_competence>
<position_item>5</position_item>
<priorisation>1</priorisation>
</item_ab_stp>
<item_ab_stp>
<code_ogr>107775</code_ogr>
<libelle>Techniques de conduite d&#0039;entretien</libelle>
<code_type_competence>1</code_type_competence>
<position_item>6</position_item>
<priorisation>1</priorisation>
</item_ab_stp>
<item_ab_stp>
<code_ogr>103848</code_ogr>
<libelle>Techniques d&#0039;animation de groupe</libelle>
<code_type_competence>1</code_type_competence>
<position_item>7</position_item>
<priorisation>1</priorisation>
</item_ab_stp>
<item_ab_stp>
<code_ogr>107774</code_ogr>
<libelle>Caract&#0233;ristiques socio-culturelles des publics</libelle>
<code_type_competence>1</code_type_competence>
<position_item>8</position_item>
<priorisation>1</priorisation>
</item_ab_stp>
<item_ab_stp>
<code_ogr>101559</code_ogr>
<libelle>Droit civil</libelle>
<code_type_competence>1</code_type_competence>
<position_item>9</position_item>
<priorisation>1</priorisation>
</item_ab_stp>
<item_ab_stp>
<code_ogr>100541</code_ogr>
<libelle>Techniques de communication</libelle>
<code_type_competence>1</code_type_competence>
<position_item>10</position_item>
<priorisation>1</priorisation>
</item_ab_stp>
</savoir_theorique_et_proceduraux>
<savoir_action nbItemSA_AB="0">
</savoir_action>
</bloc_activites_de_base>
<bloc_activites_specifiques nbBlocActiviteSpecifique="7">
<bloc>
<position_bloc>1</position_bloc>
<activite_specifique nbItemActivite_AS="2">
<item_as>
<code_ogr>117083</code_ogr>
<libelle>Participer &#0224; la conception de projets sociaux</libelle>
<code_type_activite>3</code_type_activite>
<code_type_item_activite>2</code_type_item_activite>
<position_item>1</position_item>
<priorisation>1</priorisation>
<riasec_majeur>S</riasec_majeur>
<riasec_mineur>e</riasec_mineur>
</item_as>
<item_as>
<code_ogr>121636</code_ogr>
<libelle>Conduire des projets sociaux</libelle>
<code_type_activite>3</code_type_activite>
<code_type_item_activite>2</code_type_item_activite>
<position_item>2</position_item>
<priorisation>1</priorisation>
<riasec_majeur>S</riasec_majeur>
<riasec_mineur>e</riasec_mineur>
</item_as>
</activite_specifique>
<savoir_theorique_et_proceduraux nbItemSTP_AS="1">
<item_as_stp>
<code_ogr>120246</code_ogr>
<libelle>Gestion de projet</libelle>
<code_type_competence>1</code_type_competence>
<position_item>1</position_item>
<priorisation>1</priorisation>
</item_as_stp>
</savoir_theorique_et_proceduraux>
<savoir_action nbItemSA_AS="0">
</savoir_action>
</bloc>
<bloc>
<position_bloc>2</position_bloc>
<activite_specifique nbItemActivite_AS="1">
<item_as>
<code_ogr>115070</code_ogr>
<libelle>Organiser des informations collectives sur le th&#0232;me de la sexualit&#0233; aupr&#0232;s d&#0039;&#0233;tablissements scolaires, de structures d&#0039;insertion</libelle>
<code_type_activite>3</code_type_activite>
<code_type_item_activite>2</code_type_item_activite>
<position_item>1</position_item>
<priorisation>1</priorisation>
<riasec_majeur>S</riasec_majeur>
</item_as>
</activite_specifique>
<savoir_theorique_et_proceduraux nbItemSTP_AS="1">
<item_as_stp>
<code_ogr>107777</code_ogr>
<libelle>Sexologie</libelle>
<code_type_competence>1</code_type_competence>
<position_item>1</position_item>
<priorisation>1</priorisation>
</item_as_stp>
</savoir_theorique_et_proceduraux>
<savoir_action nbItemSA_AS="0">
</savoir_action>
</bloc>
<bloc>
<position_bloc>3</position_bloc>
<activite_specifique nbItemActivite_AS="1">
<item_as>
<code_ogr>115071</code_ogr>
<libelle>Informer et sensibiliser les professionnels de l&#0039;action m&#0233;dicosociale ou le public &#0224; la m&#0233;diation familiale par des r&#0233;unions, des ateliers, la diffusion de plaquettes</libelle>
<code_type_activite>3</code_type_activite>
<code_type_item_activite>2</code_type_item_activite>
<position_item>1</position_item>
<priorisation>1</priorisation>
<riasec_majeur>S</riasec_majeur>
</item_as>
</activite_specifique>
<savoir_theorique_et_proceduraux nbItemSTP_AS="0">
</savoir_theorique_et_proceduraux>
<savoir_action nbItemSA_AS="0">
</savoir_action>
</bloc>
<bloc>
<position_bloc>4</position_bloc>
<activite_specifique nbItemActivite_AS="3">
<item_as>
<code_ogr>123928</code_ogr>
<libelle>Identifier des situations &#0224; risque ou d&#0039;urgence</libelle>
<code_type_activite>3</code_type_activite>
<code_type_item_activite>2</code_type_item_activite>
<position_item>1</position_item>
<priorisation>1</priorisation>
<riasec_majeur>S</riasec_majeur>
</item_as>
<item_as>
<code_ogr>123920</code_ogr>
<libelle>Proposer un accompagnement &#0224; la personne</libelle>
<code_type_activite>3</code_type_activite>
<code_type_item_activite>2</code_type_item_activite>
<position_item>2</position_item>
<priorisation>1</priorisation>
<riasec_majeur>S</riasec_majeur>
</item_as>
<item_as>
<code_ogr>123929</code_ogr>
<libelle>Informer les services sociaux</libelle>
<code_type_activite>3</code_type_activite>
<code_type_item_activite>2</code_type_item_activite>
<position_item>3</position_item>
<priorisation>1</priorisation>
<riasec_majeur>S</riasec_majeur>
</item_as>
</activite_specifique>
<savoir_theorique_et_proceduraux nbItemSTP_AS="1">
<item_as_stp>
<code_ogr>107778</code_ogr>
<libelle>Circuits d&#0039;h&#0233;bergement d&#0039;urgence</libelle>
<code_type_competence>1</code_type_competence>
<position_item>1</position_item>
<priorisation>1</priorisation>
</item_as_stp>
</savoir_theorique_et_proceduraux>
<savoir_action nbItemSA_AS="0">
</savoir_action>
</bloc>
<bloc>
<position_bloc>5</position_bloc>
<activite_specifique nbItemActivite_AS="1">
<item_as>
<code_ogr>115073</code_ogr>
<libelle>Informer la femme lors d&#0039;une demande d&#0039;interruption volontaire de grossesse</libelle>
<code_type_activite>3</code_type_activite>
<code_type_item_activite>2</code_type_item_activite>
<position_item>1</position_item>
<priorisation>1</priorisation>
<riasec_majeur>S</riasec_majeur>
</item_as>
</activite_specifique>
<savoir_theorique_et_proceduraux nbItemSTP_AS="0">
</savoir_theorique_et_proceduraux>
<savoir_action nbItemSA_AS="0">
</savoir_action>
</bloc>
<bloc>
<position_bloc>6</position_bloc>
<activite_specifique nbItemActivite_AS="2">
<item_as>
<code_ogr>124318</code_ogr>
<libelle>R&#0233;aliser une gestion comptable</libelle>
<code_type_activite>3</code_type_activite>
<code_type_item_activite>2</code_type_item_activite>
<position_item>1</position_item>
<priorisation>1</priorisation>
<riasec_majeur>C</riasec_majeur>
</item_as>
<item_as>
<code_ogr>124377</code_ogr>
<libelle>R&#0233;aliser une gestion administrative</libelle>
<code_type_activite>3</code_type_activite>
<code_type_item_activite>2</code_type_item_activite>
<position_item>1</position_item>
<priorisation>1</priorisation>
<riasec_majeur>C</riasec_majeur>
</item_as>
</activite_specifique>
<savoir_theorique_et_proceduraux nbItemSTP_AS="2">
<item_as_stp>
<code_ogr>120888</code_ogr>
<libelle>Gestion comptable</libelle>
<code_type_competence>1</code_type_competence>
<position_item>1</position_item>
<priorisation>1</priorisation>
</item_as_stp>
<item_as_stp>
<code_ogr>120889</code_ogr>
<libelle>Gestion administrative</libelle>
<code_type_competence>1</code_type_competence>
<position_item>2</position_item>
<priorisation>1</priorisation>
</item_as_stp>
</savoir_theorique_et_proceduraux>
<savoir_action nbItemSA_AS="0">
</savoir_action>
</bloc>
<bloc>
<position_bloc>7</position_bloc>
<activite_specifique nbItemActivite_AS="1">
<item_as>
<code_ogr>119787</code_ogr>
<libelle>Animer une formation</libelle>
<code_type_activite>3</code_type_activite>
<code_type_item_activite>2</code_type_item_activite>
<position_item>1</position_item>
<priorisation>1</priorisation>
<riasec_majeur>S</riasec_majeur>
</item_as>
</activite_specifique>
<savoir_theorique_et_proceduraux nbItemSTP_AS="1">
<item_as_stp>
<code_ogr>100090</code_ogr>
<libelle>Techniques p&#0233;dagogiques</libelle>
<code_type_competence>1</code_type_competence>
<position_item>1</position_item>
<priorisation>1</priorisation>
</item_as_stp>
</savoir_theorique_et_proceduraux>
<savoir_action nbItemSA_AS="0">
</savoir_action>
</bloc>
</bloc_activites_specifiques>
<bloc_mobilites>
<mobilites_proches nbItemMob="4">
<item_mob_pr><code_type_mobilite>1</code_type_mobilite>
<liste_appellation_source>
<code_appellation_source>0</code_appellation_source>
<libelle_appellation_source>Toutes les appellations</libelle_appellation_source>
</liste_appellation_source>
<code_rome_cible>K1102</code_rome_cible>
<libelle_rome_cible>Aide aux b&#0233;n&#0233;ficiaires d&#0039;une mesure de protection juridique</libelle_rome_cible>
<liste_appellation_cible>
<code_appellation_cible>0</code_appellation_cible>
<libelle_appellation_cible>Toutes les appellations</libelle_appellation_cible>
</liste_appellation_cible>
</item_mob_pr>
<item_mob_pr><code_type_mobilite>1</code_type_mobilite>
<liste_appellation_source>
<code_appellation_source>0</code_appellation_source>
<libelle_appellation_source>Toutes les appellations</libelle_appellation_source>
</liste_appellation_source>
<code_rome_cible>K1202</code_rome_cible>
<libelle_rome_cible>&#0201;ducation de jeunes enfants</libelle_rome_cible>
<liste_appellation_cible>
<code_appellation_cible>0</code_appellation_cible>
<libelle_appellation_cible>Toutes les appellations</libelle_appellation_cible>
</liste_appellation_cible>
</item_mob_pr>
<item_mob_pr><code_type_mobilite>1</code_type_mobilite>
<liste_appellation_source>
<code_appellation_source>0</code_appellation_source>
<libelle_appellation_source>Toutes les appellations</libelle_appellation_source>
</liste_appellation_source>
<code_rome_cible>K1205</code_rome_cible>
<libelle_rome_cible>Information sociale</libelle_rome_cible>
<liste_appellation_cible>
<code_appellation_cible>0</code_appellation_cible>
<libelle_appellation_cible>Toutes les appellations</libelle_appellation_cible>
</liste_appellation_cible>
</item_mob_pr>
<item_mob_pr><code_type_mobilite>1</code_type_mobilite>
<liste_appellation_source>
<code_appellation_source>0</code_appellation_source>
<libelle_appellation_source>Toutes les appellations</libelle_appellation_source>
</liste_appellation_source>
<code_rome_cible>K1301</code_rome_cible>
<libelle_rome_cible>Accompagnement m&#0233;dicosocial</libelle_rome_cible>
<liste_appellation_cible>
<code_appellation_cible>0</code_appellation_cible>
<libelle_appellation_cible>Toutes les appellations</libelle_appellation_cible>
</liste_appellation_cible>
</item_mob_pr>
</mobilites_proches>
<mobilites_si_evolution nbItemMob="3">
<item_mob_ev><code_type_mobilite>2</code_type_mobilite>
<liste_appellation_source>
<code_appellation_source>0</code_appellation_source>
<libelle_appellation_source>Toutes les appellations</libelle_appellation_source>
</liste_appellation_source>
<code_rome_cible>K1104</code_rome_cible>
<libelle_rome_cible>Psychologie</libelle_rome_cible>
<liste_appellation_cible>
<code_appellation_cible>18237</code_appellation_cible>
<libelle_appellation_cible>Psychoth&#0233;rapeute</libelle_appellation_cible>
</liste_appellation_cible>
</item_mob_ev>
<item_mob_ev><code_type_mobilite>2</code_type_mobilite>
<liste_appellation_source>
<code_appellation_source>0</code_appellation_source>
<libelle_appellation_source>Toutes les appellations</libelle_appellation_source>
</liste_appellation_source>
<code_rome_cible>K1403</code_rome_cible>
<libelle_rome_cible>Management de structure de sant&#0233;, sociale ou p&#0233;nitentiaire</libelle_rome_cible>
<liste_appellation_cible>
<code_appellation_cible>0</code_appellation_cible>
<libelle_appellation_cible>Toutes les appellations</libelle_appellation_cible>
</liste_appellation_cible>
</item_mob_ev>
<item_mob_ev><code_type_mobilite>2</code_type_mobilite>
<liste_appellation_source>
<code_appellation_source>0</code_appellation_source>
<libelle_appellation_source>Toutes les appellations</libelle_appellation_source>
</liste_appellation_source>
<code_rome_cible>K2111</code_rome_cible>
<libelle_rome_cible>Formation professionnelle</libelle_rome_cible>
<liste_appellation_cible>
<code_appellation_cible>38236</code_appellation_cible>
<libelle_appellation_cible>Formateur / Formatrice action sociale</libelle_appellation_cible>
</liste_appellation_cible>
</item_mob_ev>
</mobilites_si_evolution>
</bloc_mobilites>
</fiche_emploi_metier>