<?xml version="1.0" encoding="UTF-8" ?>
<fiche_emploi_metier>
<type_fiche>2</type_fiche>
<libelle_type_fiche>priorise</libelle_type_fiche>
<version_SI>
<version_rome>333</version_rome>
<date_version_si>01/10/2017</date_version_si>
<mois_version_si>Octobre</mois_version_si>
<annee_version_si>2017</annee_version_si>
</version_SI>
<bloc_code_rome>
<code_rome>K1203</code_rome>
<intitule>Encadrement technique en insertion professionnelle</intitule>
<code_ogr>370</code_ogr>
<riasec_majeur>C</riasec_majeur>
<riasec_mineur>s</riasec_mineur>
</bloc_code_rome>
<bloc_appellation nbItemAppellation="12">
<item_app>
<code_ogr>10226</code_ogr>
<libelle>Accompagnateur / Accompagnatrice technique d&#0039;insertion professionnelle</libelle>
<libelle_court>Accompagnateur(trice) technique d&#0039;insertion professionnelle</libelle_court>
<priorisation>1</priorisation>
</item_app>
<item_app>
<code_ogr>10218</code_ogr>
<libelle>Accompagnateur formateur / Accompagnatrice formatrice technique en insertion professionnelle</libelle>
<libelle_court>Accompagnateur(trice) formateur(trice) technique insert prof</libelle_court>
<priorisation>1</priorisation>
</item_app>
<item_app>
<code_ogr>10225</code_ogr>
<libelle>Accompagnateur socioprofessionnel / Accompagnatrice socioprofessionnelle</libelle>
<libelle_court>Accompagnateur(trice) socioprofessionnel(le)</libelle_court>
<priorisation>1</priorisation>
</item_app>
<item_app>
<code_ogr>12498</code_ogr>
<libelle>Chef des travaux p&#0233;nitentiaires</libelle>
<libelle_court>Chef des travaux p&#0233;nitentiaires</libelle_court>
<priorisation>1</priorisation>
</item_app>
<item_app>
<code_ogr>14602</code_ogr>
<libelle>Educateur / Educatrice technique</libelle>
<libelle_court>Educateur / Educatrice technique</libelle_court>
<priorisation>1</priorisation>
</item_app>
<item_app>
<code_ogr>14603</code_ogr>
<libelle>Educateur technique sp&#0233;cialis&#0233; / Educatrice technique sp&#0233;cialis&#0233;e</libelle>
<libelle_court>Educateur(trice) technique sp&#0233;cialis&#0233;e</libelle_court>
<priorisation>1</priorisation>
</item_app>
<item_app>
<code_ogr>14818</code_ogr>
<libelle>Encadrant / Encadrante de chantier d&#0039;insertion</libelle>
<libelle_court>Encadrant / Encadrante de chantier d&#0039;insertion</libelle_court>
<priorisation>1</priorisation>
</item_app>
<item_app>
<code_ogr>14819</code_ogr>
<libelle>Encadrant / Encadrante en entreprise d&#0039;insertion</libelle>
<libelle_court>Encadrant / Encadrante en entreprise d&#0039;insertion</libelle_court>
<priorisation>1</priorisation>
</item_app>
<item_app>
<code_ogr>14820</code_ogr>
<libelle>Encadrant / Encadrante technique d&#0039;activit&#0233;s d&#0039;insertion professionnelle</libelle>
<libelle_court>Encadrant(e) technique d&#0039;activit&#0233;s d&#0039;insertion pro</libelle_court>
<priorisation>1</priorisation>
</item_app>
<item_app>
<code_ogr>14821</code_ogr>
<libelle>Encadrant / Encadrante technique d&#0039;insertion socioprofessionnelle</libelle>
<libelle_court>Encadrant(e) technique d&#0039;insertion socioprofessionnelle</libelle_court>
<priorisation>1</priorisation>
</item_app>
<item_app>
<code_ogr>16021</code_ogr>
<libelle>Instructeur / Instructrice technique p&#0233;nitentiaire</libelle>
<libelle_court>Instructeur / Instructrice technique p&#0233;nitentiaire</libelle_court>
<priorisation>1</priorisation>
</item_app>
<item_app>
<code_ogr>16722</code_ogr>
<libelle>Moniteur / Monitrice d&#0039;atelier en &#0233;tablissement sp&#0233;cialis&#0233;</libelle>
<libelle_court>Moniteur / Monitrice d&#0039;atelier en &#0233;tablissement sp&#0233;cialis&#0233;</libelle_court>
<priorisation>1</priorisation>
</item_app>
</bloc_appellation>
<definition nbItemDefinition="2">
Organise une activit&#0233; de production et accompagne dans sa r&#0233;alisation des personnes handicap&#0233;es ou en difficult&#0233;s sociales, afin de favoriser leur adaptation/r&#0233;adaptation ou insertion professionnelle.
Peut coordonner l&#0039;activit&#0233; d&#0039;une &#0233;quipe.
</definition>
<acces_emploi_metier nbItemAccesEmploiMetier="3">
Cet emploi/m&#0233;tier est accessible avec une exp&#0233;rience professionnelle dans un secteur technique (b&#0226;timent, restauration, ...).
L&#0039;emploi/m&#0233;tier d&#0039;&#0233;ducateur technique sp&#0233;cialis&#0233; est accessible avec le Dipl&#0244;me d&#0039;Etat d&#0039;Educateur Technique Sp&#0233;cialis&#0233; -DEET- et celui de moniteur d&#0039;atelier avec le Certificat de Qualification des Moniteurs d&#0039;Atelier -CQMA-.
Des formations compl&#0233;mentaires (encadrement technique de publics en difficult&#0233;, ...) peuvent &#0234;tre requises.
</acces_emploi_metier>
<condition_exercice_activite nbItemConditionExercice="2">
L&#0039;activit&#0233; de cet emploi/m&#0233;tier s&#0039;exerce au sein d&#0039;&#0233;tablissements sp&#0233;cialis&#0233;s (&#0233;tablissement et service d&#0039;aide par le travail, entreprise adapt&#0233;e, centre d&#0039;h&#0233;bergement et de r&#0233;insertion sociale, ...) ou de structures d&#0039;insertion (r&#0233;gies de quartier, entreprises d&#0039;insertion, chantiers &#0233;cole, ...), en contact avec le public et en relation avec diff&#0233;rents intervenants (clients, fournisseurs, ...).
L&#0039;activit&#0233; varie selon le type de structure, le public et le domaine technique d&#0039;intervention (menuiserie, entretien d&#0039;espaces verts, restauration, ...).
</condition_exercice_activite>
<bloc_environnement_de_travail nbItemEnvTrav="9">
<item_env>
<code_ogr>23710</code_ogr>
<libelle>Association d&#0039;insertion</libelle>
<code_type_section_env>1</code_type_section_env>
<priorisation>1</priorisation>
</item_env>
<item_env>
<code_ogr>23764</code_ogr>
<libelle>Centre d&#0039;adaptation &#0224; la vie active</libelle>
<code_type_section_env>1</code_type_section_env>
<priorisation>1</priorisation>
</item_env>
<item_env>
<code_ogr>23770</code_ogr>
<libelle>Centre de formation des apprentis</libelle>
<code_type_section_env>1</code_type_section_env>
<priorisation>1</priorisation>
</item_env>
<item_env>
<code_ogr>23906</code_ogr>
<libelle>Entreprise d&#0039;insertion</libelle>
<code_type_section_env>1</code_type_section_env>
<priorisation>1</priorisation>
</item_env>
<item_env>
<code_ogr>23920</code_ogr>
<libelle>Etablissement d&#0039;enseignement sp&#0233;cialis&#0233;</libelle>
<code_type_section_env>1</code_type_section_env>
<priorisation>1</priorisation>
</item_env>
<item_env>
<code_ogr>23765</code_ogr>
<libelle>Etablissement et service d&#0039;aide par le travail (ESAT)</libelle>
<code_type_section_env>1</code_type_section_env>
<priorisation>1</priorisation>
</item_env>
<item_env>
<code_ogr>23922</code_ogr>
<libelle>Etablissement m&#0233;dical (h&#0244;pital, clinique, ...)</libelle>
<code_type_section_env>1</code_type_section_env>
<priorisation>1</priorisation>
</item_env>
<item_env>
<code_ogr>23942</code_ogr>
<libelle>Foyer / centre d&#0039;h&#0233;bergement</libelle>
<code_type_section_env>1</code_type_section_env>
<priorisation>1</priorisation>
</item_env>
<item_env>
<code_ogr>24065</code_ogr>
<libelle>Service de l&#0039;Emploi P&#0233;nitentiaire</libelle>
<code_type_section_env>1</code_type_section_env>
<priorisation>1</priorisation>
</item_env>
</bloc_environnement_de_travail>
<bloc_activites_de_base nbBlocActiviteBase="1">
<activites_de_base nbItemActivite_AB="11">
<item_ab>
<code_ogr>123925</code_ogr>
<libelle>Accompagner des personnes en apprentissage</libelle>
<code_type_activite>3</code_type_activite>
<code_type_item_activite>2</code_type_item_activite>
<position_item>1</position_item>
<priorisation>1</priorisation>
<riasec_majeur>C</riasec_majeur>
<riasec_mineur>s</riasec_mineur>
</item_ab>
<item_ab>
<code_ogr>114608</code_ogr>
<libelle>Organiser le transfert et la livraison des produits aux clients</libelle>
<code_type_activite>3</code_type_activite>
<code_type_item_activite>2</code_type_item_activite>
<position_item>1</position_item>
<priorisation>1</priorisation>
<riasec_majeur>C</riasec_majeur>
</item_ab>
<item_ab>
<code_ogr>123917</code_ogr>
<libelle>Planifier les &#0233;tapes d&#0039;une production</libelle>
<code_type_activite>3</code_type_activite>
<code_type_item_activite>2</code_type_item_activite>
<position_item>2</position_item>
<priorisation>1</priorisation>
<riasec_majeur>C</riasec_majeur>
<riasec_mineur>e</riasec_mineur>
</item_ab>
<item_ab>
<code_ogr>122097</code_ogr>
<libelle>Am&#0233;liorer l&#0039;am&#0233;nagement des postes de travail</libelle>
<code_type_activite>3</code_type_activite>
<code_type_item_activite>2</code_type_item_activite>
<position_item>4</position_item>
<priorisation>1</priorisation>
<riasec_majeur>C</riasec_majeur>
</item_ab>
<item_ab>
<code_ogr>122096</code_ogr>
<libelle>Contr&#0244;ler le d&#0233;roulement des &#0233;tapes de production et le rythme de travail</libelle>
<code_type_activite>3</code_type_activite>
<code_type_item_activite>2</code_type_item_activite>
<position_item>5</position_item>
<priorisation>1</priorisation>
<riasec_majeur>C</riasec_majeur>
</item_ab>
<item_ab>
<code_ogr>121899</code_ogr>
<libelle>Informer le client sur l&#0039;&#0233;tat d&#0039;avancement de sa commande</libelle>
<code_type_activite>3</code_type_activite>
<code_type_item_activite>2</code_type_item_activite>
<position_item>6</position_item>
<priorisation>1</priorisation>
<riasec_majeur>E</riasec_majeur>
<riasec_mineur>c</riasec_mineur>
</item_ab>
<item_ab>
<code_ogr>107856</code_ogr>
<libelle>R&#0233;aliser le suivi professionnel de la personne en situation de travail et lui proposer des axes d&#0039;&#0233;volution ou d&#0039;orientation</libelle>
<code_type_activite>3</code_type_activite>
<code_type_item_activite>2</code_type_item_activite>
<position_item>7</position_item>
<priorisation>1</priorisation>
<riasec_majeur>S</riasec_majeur>
<riasec_mineur>a</riasec_mineur>
</item_ab>
<item_ab>
<code_ogr>122761</code_ogr>
<libelle>Tenir inform&#0233; ses &#0233;quipes et ses partenaires sur l&#0039;insertion des personnes</libelle>
<code_type_activite>3</code_type_activite>
<code_type_item_activite>2</code_type_item_activite>
<position_item>8</position_item>
<priorisation>1</priorisation>
<riasec_majeur>S</riasec_majeur>
</item_ab>
<item_ab>
<code_ogr>119860</code_ogr>
<libelle>Pr&#0233;parer les commandes</libelle>
<code_type_activite>3</code_type_activite>
<code_type_item_activite>2</code_type_item_activite>
<position_item>9</position_item>
<priorisation>1</priorisation>
<riasec_majeur>C</riasec_majeur>
<riasec_mineur>r</riasec_mineur>
</item_ab>
<item_ab>
<code_ogr>116932</code_ogr>
<libelle>Suivre l&#0039;&#0233;tat des stocks</libelle>
<code_type_activite>3</code_type_activite>
<code_type_item_activite>2</code_type_item_activite>
<position_item>10</position_item>
<priorisation>1</priorisation>
<riasec_majeur>C</riasec_majeur>
</item_ab>
<item_ab>
<code_ogr>125971</code_ogr>
<libelle>D&#0233;finir des besoins en approvisionnement</libelle>
<code_type_activite>3</code_type_activite>
<code_type_item_activite>2</code_type_item_activite>
<position_item>11</position_item>
<priorisation>1</priorisation>
<riasec_majeur>C</riasec_majeur>
</item_ab>
</activites_de_base>
<savoir_theorique_et_proceduraux nbItemSTP_AB="10">
<item_ab_stp>
<code_ogr>124885</code_ogr>
<libelle>Economie sociale</libelle>
<code_type_competence>1</code_type_competence>
<position_item>1</position_item>
<priorisation>1</priorisation>
</item_ab_stp>
<item_ab_stp>
<code_ogr>100906</code_ogr>
<libelle>Ergonomie</libelle>
<code_type_competence>1</code_type_competence>
<position_item>2</position_item>
<priorisation>1</priorisation>
</item_ab_stp>
<item_ab_stp>
<code_ogr>107383</code_ogr>
<libelle>Pathologies psychiatriques</libelle>
<code_type_competence>1</code_type_competence>
<position_item>3</position_item>
<priorisation>1</priorisation>
</item_ab_stp>
<item_ab_stp>
<code_ogr>107858</code_ogr>
<libelle>Identification de signes d&#0039;addiction</libelle>
<code_type_competence>1</code_type_competence>
<position_item>4</position_item>
<priorisation>1</priorisation>
</item_ab_stp>
<item_ab_stp>
<code_ogr>102066</code_ogr>
<libelle>Techniques d&#0039;&#0233;coute et de la relation &#0224; la personne</libelle>
<code_type_competence>1</code_type_competence>
<position_item>5</position_item>
<priorisation>1</priorisation>
</item_ab_stp>
<item_ab_stp>
<code_ogr>101949</code_ogr>
<libelle>Techniques de pr&#0233;vention et de gestion de conflits</libelle>
<code_type_competence>1</code_type_competence>
<position_item>6</position_item>
<priorisation>1</priorisation>
</item_ab_stp>
<item_ab_stp>
<code_ogr>103885</code_ogr>
<libelle>Gestes d&#0039;urgence et de secours</libelle>
<code_type_competence>1</code_type_competence>
<position_item>7</position_item>
<priorisation>1</priorisation>
</item_ab_stp>
<item_ab_stp>
<code_ogr>120581</code_ogr>
<libelle>Qualit&#0233;, Hygi&#0232;ne, S&#0233;curit&#0233; et Environnement (QHSE)</libelle>
<code_type_competence>1</code_type_competence>
<position_item>8</position_item>
<priorisation>1</priorisation>
</item_ab_stp>
<item_ab_stp>
<code_ogr>100343</code_ogr>
<libelle>L&#0233;gislation sociale</libelle>
<code_type_competence>1</code_type_competence>
<position_item>9</position_item>
<priorisation>1</priorisation>
</item_ab_stp>
<item_ab_stp>
<code_ogr>119000</code_ogr>
<libelle>Gestion des stocks et des approvisionnements</libelle>
<code_type_competence>1</code_type_competence>
<position_item>10</position_item>
<priorisation>1</priorisation>
</item_ab_stp>
</savoir_theorique_et_proceduraux>
<savoir_action nbItemSA_AB="0">
</savoir_action>
</bloc_activites_de_base>
<bloc_activites_specifiques nbBlocActiviteSpecifique="5">
<bloc>
<position_bloc>1</position_bloc>
<activite_specifique nbItemActivite_AS="1">
<item_as>
<code_ogr>123036</code_ogr>
<libelle>Former un public</libelle>
<code_type_activite>3</code_type_activite>
<code_type_item_activite>2</code_type_item_activite>
<position_item>1</position_item>
<priorisation>1</priorisation>
<riasec_majeur>S</riasec_majeur>
</item_as>
</activite_specifique>
<savoir_theorique_et_proceduraux nbItemSTP_AS="9">
<item_as_stp>
<code_ogr>118218</code_ogr>
<libelle>Techniques de bureautique, administratif</libelle>
<code_type_competence>1</code_type_competence>
<position_item>1</position_item>
<priorisation>1</priorisation>
</item_as_stp>
<item_as_stp>
<code_ogr>100114</code_ogr>
<libelle>Agriculture biologique</libelle>
<code_type_competence>1</code_type_competence>
<position_item>2</position_item>
<priorisation>1</priorisation>
</item_as_stp>
<item_as_stp>
<code_ogr>123019</code_ogr>
<libelle>Techniques de conditionnement</libelle>
<code_type_competence>1</code_type_competence>
<position_item>6</position_item>
<priorisation>1</priorisation>
</item_as_stp>
<item_as_stp>
<code_ogr>123198</code_ogr>
<libelle>Confection de produits</libelle>
<code_type_competence>1</code_type_competence>
<position_item>7</position_item>
<priorisation>1</priorisation>
</item_as_stp>
<item_as_stp>
<code_ogr>123463</code_ogr>
<libelle>Entretien des espaces verts</libelle>
<code_type_competence>1</code_type_competence>
<position_item>8</position_item>
<priorisation>1</priorisation>
</item_as_stp>
<item_as_stp>
<code_ogr>102074</code_ogr>
<libelle>Horticulture</libelle>
<code_type_competence>1</code_type_competence>
<position_item>9</position_item>
<priorisation>1</priorisation>
</item_as_stp>
<item_as_stp>
<code_ogr>123321</code_ogr>
<libelle>Equipements d&#0039;imprimerie</libelle>
<code_type_competence>1</code_type_competence>
<position_item>10</position_item>
<priorisation>1</priorisation>
</item_as_stp>
<item_as_stp>
<code_ogr>118223</code_ogr>
<libelle>H&#0244;tellerie, restauration</libelle>
<code_type_competence>1</code_type_competence>
<position_item>12</position_item>
<priorisation>1</priorisation>
</item_as_stp>
<item_as_stp>
<code_ogr>100090</code_ogr>
<libelle>Techniques p&#0233;dagogiques</libelle>
<code_type_competence>1</code_type_competence>
<position_item>13</position_item>
<priorisation>1</priorisation>
</item_as_stp>
</savoir_theorique_et_proceduraux>
<savoir_action nbItemSA_AS="0">
</savoir_action>
</bloc>
<bloc>
<position_bloc>2</position_bloc>
<activite_specifique nbItemActivite_AS="1">
<item_as>
<code_ogr>119624</code_ogr>
<libelle>Organiser des formations en pr&#0233;vention des risques professionnels</libelle>
<code_type_activite>3</code_type_activite>
<code_type_item_activite>2</code_type_item_activite>
<position_item>1</position_item>
<priorisation>1</priorisation>
<riasec_majeur>S</riasec_majeur>
</item_as>
</activite_specifique>
<savoir_theorique_et_proceduraux nbItemSTP_AS="1">
<item_as_stp>
<code_ogr>119571</code_ogr>
<libelle>Typologie des risques professionnels</libelle>
<code_type_competence>1</code_type_competence>
<position_item>1</position_item>
<priorisation>1</priorisation>
</item_as_stp>
</savoir_theorique_et_proceduraux>
<savoir_action nbItemSA_AS="0">
</savoir_action>
</bloc>
<bloc>
<position_bloc>3</position_bloc>
<activite_specifique nbItemActivite_AS="1">
<item_as>
<code_ogr>115098</code_ogr>
<libelle>V&#0233;rifier le fonctionnement des &#0233;quipements de production, effectuer l&#0039;entretien de premier niveau ou informer en cas de dysfonctionnement</libelle>
<code_type_activite>3</code_type_activite>
<code_type_item_activite>2</code_type_item_activite>
<position_item>1</position_item>
<priorisation>1</priorisation>
<riasec_majeur>C</riasec_majeur>
<riasec_mineur>r</riasec_mineur>
</item_as>
</activite_specifique>
<savoir_theorique_et_proceduraux nbItemSTP_AS="1">
<item_as_stp>
<code_ogr>107871</code_ogr>
<libelle>Proc&#0233;dures d&#0039;entretien et de maintenance des &#0233;quipements de production</libelle>
<code_type_competence>1</code_type_competence>
<position_item>1</position_item>
<priorisation>1</priorisation>
</item_as_stp>
</savoir_theorique_et_proceduraux>
<savoir_action nbItemSA_AS="0">
</savoir_action>
</bloc>
<bloc>
<position_bloc>4</position_bloc>
<activite_specifique nbItemActivite_AS="1">
<item_as>
<code_ogr>121427</code_ogr>
<libelle>D&#0233;velopper un portefeuille clients et prospects</libelle>
<code_type_activite>3</code_type_activite>
<code_type_item_activite>2</code_type_item_activite>
<position_item>1</position_item>
<priorisation>1</priorisation>
<riasec_majeur>E</riasec_majeur>
</item_as>
</activite_specifique>
<savoir_theorique_et_proceduraux nbItemSTP_AS="1">
<item_as_stp>
<code_ogr>121706</code_ogr>
<libelle>Techniques commerciales</libelle>
<code_type_competence>1</code_type_competence>
<position_item>1</position_item>
<priorisation>1</priorisation>
</item_as_stp>
</savoir_theorique_et_proceduraux>
<savoir_action nbItemSA_AS="0">
</savoir_action>
</bloc>
<bloc>
<position_bloc>5</position_bloc>
<activite_specifique nbItemActivite_AS="2">
<item_as>
<code_ogr>102359</code_ogr>
<libelle>Coordonner l&#0039;activit&#0233; d&#0039;une &#0233;quipe</libelle>
<code_type_activite>3</code_type_activite>
<code_type_item_activite>2</code_type_item_activite>
<position_item>1</position_item>
<priorisation>1</priorisation>
<riasec_majeur>E</riasec_majeur>
<riasec_mineur>s</riasec_mineur>
</item_as>
<item_as>
<code_ogr>123182</code_ogr>
<libelle>Animer une r&#0233;union</libelle>
<code_type_activite>3</code_type_activite>
<code_type_item_activite>2</code_type_item_activite>
<position_item>2</position_item>
<priorisation>1</priorisation>
<riasec_majeur>S</riasec_majeur>
<riasec_mineur>e</riasec_mineur>
</item_as>
</activite_specifique>
<savoir_theorique_et_proceduraux nbItemSTP_AS="1">
<item_as_stp>
<code_ogr>102250</code_ogr>
<libelle>Techniques d&#0039;animation d&#0039;&#0233;quipe</libelle>
<code_type_competence>1</code_type_competence>
<position_item>1</position_item>
<priorisation>1</priorisation>
</item_as_stp>
</savoir_theorique_et_proceduraux>
<savoir_action nbItemSA_AS="0">
</savoir_action>
</bloc>
</bloc_activites_specifiques>
<bloc_mobilites>
<mobilites_proches nbItemMob="1">
<item_mob_pr><code_type_mobilite>1</code_type_mobilite>
<liste_appellation_source>
<code_appellation_source>0</code_appellation_source>
<libelle_appellation_source>Toutes les appellations</libelle_appellation_source>
</liste_appellation_source>
<code_rome_cible>K2111</code_rome_cible>
<libelle_rome_cible>Formation professionnelle</libelle_rome_cible>
<liste_appellation_cible>
<code_appellation_cible>38236</code_appellation_cible>
<libelle_appellation_cible>Formateur / Formatrice action sociale</libelle_appellation_cible>
</liste_appellation_cible>
</item_mob_pr>
</mobilites_proches>
<mobilites_si_evolution nbItemMob="3">
<item_mob_ev><code_type_mobilite>2</code_type_mobilite>
<liste_appellation_source>
<code_appellation_source>0</code_appellation_source>
<libelle_appellation_source>Toutes les appellations</libelle_appellation_source>
</liste_appellation_source>
<code_rome_cible>K1207</code_rome_cible>
<libelle_rome_cible>Intervention socio&#0233;ducative</libelle_rome_cible>
<liste_appellation_cible>
<code_appellation_cible>14597</code_appellation_cible>
<libelle_appellation_cible>Educateur sp&#0233;cialis&#0233; / Educatrice sp&#0233;cialis&#0233;e</libelle_appellation_cible>
</liste_appellation_cible>
</item_mob_ev>
<item_mob_ev><code_type_mobilite>2</code_type_mobilite>
<liste_appellation_source>
<code_appellation_source>0</code_appellation_source>
<libelle_appellation_source>Toutes les appellations</libelle_appellation_source>
</liste_appellation_source>
<code_rome_cible>K1403</code_rome_cible>
<libelle_rome_cible>Management de structure de sant&#0233;, sociale ou p&#0233;nitentiaire</libelle_rome_cible>
<liste_appellation_cible>
<code_appellation_cible>0</code_appellation_cible>
<libelle_appellation_cible>Toutes les appellations</libelle_appellation_cible>
</liste_appellation_cible>
</item_mob_ev>
<item_mob_ev><code_type_mobilite>2</code_type_mobilite>
<liste_appellation_source>
<code_appellation_source>0</code_appellation_source>
<libelle_appellation_source>Toutes les appellations</libelle_appellation_source>
</liste_appellation_source>
<code_rome_cible>K1801</code_rome_cible>
<libelle_rome_cible>Conseil en emploi et insertion socioprofessionnelle</libelle_rome_cible>
<liste_appellation_cible>
<code_appellation_cible>0</code_appellation_cible>
<libelle_appellation_cible>Toutes les appellations</libelle_appellation_cible>
</liste_appellation_cible>
</item_mob_ev>
</mobilites_si_evolution>
</bloc_mobilites>
</fiche_emploi_metier>