<?xml version="1.0" encoding="UTF-8" ?>
<fiche_emploi_metier>
<type_fiche>2</type_fiche>
<libelle_type_fiche>priorise</libelle_type_fiche>
<version_SI>
<version_rome>333</version_rome>
<date_version_si>01/10/2017</date_version_si>
<mois_version_si>Octobre</mois_version_si>
<annee_version_si>2017</annee_version_si>
</version_SI>
<bloc_code_rome>
<code_rome>K1405</code_rome>
<intitule>Repr&#0233;sentation de l&#0039;Etat sur le territoire national ou international</intitule>
<code_ogr>383</code_ogr>
<riasec_majeur>E</riasec_majeur>
<riasec_mineur>c</riasec_mineur>
</bloc_code_rome>
<bloc_appellation nbItemAppellation="6">
<item_app>
<code_ogr>10925</code_ogr>
<libelle>Ambassadeur / Ambassadrice</libelle>
<libelle_court>Ambassadeur / Ambassadrice</libelle_court>
<priorisation>1</priorisation>
</item_app>
<item_app>
<code_ogr>13523</code_ogr>
<libelle>Consul g&#0233;n&#0233;ral / Consule g&#0233;n&#0233;rale</libelle>
<libelle_court>Consul g&#0233;n&#0233;ral / Consule g&#0233;n&#0233;rale</libelle_court>
<priorisation>1</priorisation>
</item_app>
<item_app>
<code_ogr>15465</code_ogr>
<libelle>Haut commissaire</libelle>
<libelle_court>Haut commissaire</libelle_court>
<priorisation>1</priorisation>
</item_app>
<item_app>
<code_ogr>17966</code_ogr>
<libelle>Pr&#0233;fet / Pr&#0233;f&#0232;te</libelle>
<libelle_court>Pr&#0233;fet / Pr&#0233;f&#0232;te</libelle_court>
<priorisation>1</priorisation>
</item_app>
<item_app>
<code_ogr>17967</code_ogr>
<libelle>Pr&#0233;fet / Pr&#0233;f&#0232;te maritime</libelle>
<libelle_court>Pr&#0233;fet / Pr&#0233;f&#0232;te maritime</libelle_court>
<priorisation>1</priorisation>
</item_app>
<item_app>
<code_ogr>19498</code_ogr>
<libelle>Sous-pr&#0233;fet / Sous-pr&#0233;f&#0232;te</libelle>
<libelle_court>Sous-pr&#0233;fet / Sous-pr&#0233;f&#0232;te</libelle_court>
<priorisation>1</priorisation>
</item_app>
</bloc_appellation>
<definition nbItemDefinition="2">
Assure la repr&#0233;sentation de l&#0039;Etat fran&#0231;ais dans une circonscription (d&#0233;partement, r&#0233;gion, ...) ou sur un territoire (pays &#0233;tranger). Est garant de l&#0039;application et du respect des r&#0232;gles/lois fix&#0233;es par le Gouvernement et intervient au nom de l&#0039;Etat dans toute situation o&#0249; la pr&#0233;sence de l&#0039;Etat le n&#0233;cessite (crise politique, catastrophe naturelle, fermeture d&#0039;un site industriel, ...).
Peut intervenir dans des domaines ou dans des contextes sp&#0233;cifiques (domaine &#0233;conomique, gestion de fonds europ&#0233;ens, coordination de l&#0039;action de l&#0039;Etat en mer, ...), en fonction des particularit&#0233;s des pays, des r&#0233;gions, des d&#0233;partements, ...
</definition>
<acces_emploi_metier nbItemAccesEmploiMetier="3">
Cet emploi/m&#0233;tier est accessible sur concours de la fonction publique d&#0039;Etat (Cat&#0233;gorie A) avec un Master (Master professionnel, dipl&#0244;me de grandes &#0233;coles, ...), dans les secteurs du droit public, des sciences &#0233;conomiques, des sciences politiques.
L&#0039;acc&#0232;s se fait par nomination en Conseil des Ministres.
Un casier judiciaire exempt de toute mention contradictoire est obligatoire.
</acces_emploi_metier>
<condition_exercice_activite nbItemConditionExercice="3">
L&#0039;activit&#0233; de cet emploi/m&#0233;tier s&#0039;exerce dans une circonscription ou au sein d&#0039;ambassades, en relation avec diff&#0233;rents interlocuteurs ou institutions (Ministres, Parlementaires, Pr&#0233;sidents de collectivit&#0233;s territoriales, organisations professionnelles, groupements de citoyens, m&#0233;dias, ...).
Elle varie selon les caract&#0233;ristiques g&#0233;ographiques ou locales du lieu d&#0039;exercice (d&#0233;partement d&#0039;outre-mer, zone maritime, pays en voie de d&#0233;veloppement, ...).
Elle implique une disponibilit&#0233; et une mobilit&#0233; g&#0233;ographique et peut n&#0233;cessiter une r&#0233;sidence &#0224; l&#0039;&#0233;tranger (poste en ambassade).
</condition_exercice_activite>
<bloc_environnement_de_travail nbItemEnvTrav="6">
<item_env>
<code_ogr>23701</code_ogr>
<libelle>Ambassade</libelle>
<code_type_section_env>1</code_type_section_env>
<priorisation>1</priorisation>
</item_env>
<item_env>
<code_ogr>23832</code_ogr>
<libelle>Consulat</libelle>
<code_type_section_env>1</code_type_section_env>
<priorisation>1</priorisation>
</item_env>
<item_env>
<code_ogr>24042</code_ogr>
<libelle>Pr&#0233;fecture de d&#0233;partement</libelle>
<code_type_section_env>1</code_type_section_env>
<priorisation>1</priorisation>
</item_env>
<item_env>
<code_ogr>24043</code_ogr>
<libelle>Pr&#0233;fecture de r&#0233;gion</libelle>
<code_type_section_env>1</code_type_section_env>
<priorisation>1</priorisation>
</item_env>
<item_env>
<code_ogr>24105</code_ogr>
<libelle>Sous-pr&#0233;fecture</libelle>
<code_type_section_env>1</code_type_section_env>
<priorisation>1</priorisation>
</item_env>
<item_env>
<code_ogr>23388</code_ogr>
<libelle>Administration / Services de l&#0039;Etat</libelle>
<code_type_section_env>2</code_type_section_env>
<priorisation>1</priorisation>
</item_env>
</bloc_environnement_de_travail>
<bloc_activites_de_base nbBlocActiviteBase="1">
<activites_de_base nbItemActivite_AB="5">
<item_ab>
<code_ogr>123204</code_ogr>
<libelle>Expliciter une politique gouvernementale aupr&#0232;s des autorit&#0233;s et du public</libelle>
<code_type_activite>3</code_type_activite>
<code_type_item_activite>2</code_type_item_activite>
<position_item>1</position_item>
<priorisation>1</priorisation>
<riasec_majeur>C</riasec_majeur>
<riasec_mineur>e</riasec_mineur>
</item_ab>
<item_ab>
<code_ogr>108052</code_ogr>
<libelle>Suivre l&#0039;&#0233;volution de la conjoncture de la circonscription ou du pays et en informer le Gouvernement et les autorit&#0233;s fran&#0231;aises</libelle>
<code_type_activite>3</code_type_activite>
<code_type_item_activite>2</code_type_item_activite>
<position_item>2</position_item>
<priorisation>1</priorisation>
<riasec_majeur>E</riasec_majeur>
<riasec_mineur>c</riasec_mineur>
</item_ab>
<item_ab>
<code_ogr>108053</code_ogr>
<libelle>Animer les actions et coordonner les moyens de services d&#0233;concentr&#0233;s de l&#0039;Etat ou de services &#0224; l&#0039;&#0233;tranger</libelle>
<code_type_activite>3</code_type_activite>
<code_type_item_activite>2</code_type_item_activite>
<position_item>3</position_item>
<priorisation>1</priorisation>
<riasec_majeur>E</riasec_majeur>
<riasec_mineur>s</riasec_mineur>
</item_ab>
<item_ab>
<code_ogr>108054</code_ogr>
<libelle>Etablir des accords, des conventions, des relations contractuelles au nom de l&#0039;Etat avec des collectivit&#0233;s locales, des associations et des partenaires locaux</libelle>
<code_type_activite>3</code_type_activite>
<code_type_item_activite>2</code_type_item_activite>
<position_item>4</position_item>
<priorisation>1</priorisation>
<riasec_majeur>E</riasec_majeur>
<riasec_mineur>c</riasec_mineur>
</item_ab>
<item_ab>
<code_ogr>108055</code_ogr>
<libelle>Repr&#0233;senter le Gouvernement lors de c&#0233;r&#0233;monies officielles et d&#0039;interventions publiques (inaugurations, voeux, accueil de personnalit&#0233;s, ...)</libelle>
<code_type_activite>3</code_type_activite>
<code_type_item_activite>2</code_type_item_activite>
<position_item>5</position_item>
<priorisation>1</priorisation>
<riasec_majeur>C</riasec_majeur>
</item_ab>
</activites_de_base>
<savoir_theorique_et_proceduraux nbItemSTP_AB="10">
<item_ab_stp>
<code_ogr>121706</code_ogr>
<libelle>Techniques commerciales</libelle>
<code_type_competence>1</code_type_competence>
<position_item>1</position_item>
<priorisation>1</priorisation>
</item_ab_stp>
<item_ab_stp>
<code_ogr>104155</code_ogr>
<libelle>Gestion financi&#0232;re</libelle>
<code_type_competence>1</code_type_competence>
<position_item>2</position_item>
<priorisation>1</priorisation>
</item_ab_stp>
<item_ab_stp>
<code_ogr>108057</code_ogr>
<libelle>R&#0232;gles du protocole</libelle>
<code_type_competence>1</code_type_competence>
<position_item>3</position_item>
<priorisation>1</priorisation>
</item_ab_stp>
<item_ab_stp>
<code_ogr>102216</code_ogr>
<libelle>Gestion budg&#0233;taire</libelle>
<code_type_competence>1</code_type_competence>
<position_item>4</position_item>
<priorisation>1</priorisation>
</item_ab_stp>
<item_ab_stp>
<code_ogr>108056</code_ogr>
<libelle>Sciences politiques</libelle>
<code_type_competence>1</code_type_competence>
<position_item>5</position_item>
<priorisation>1</priorisation>
</item_ab_stp>
<item_ab_stp>
<code_ogr>101590</code_ogr>
<libelle>Macro&#0233;conomie</libelle>
<code_type_competence>1</code_type_competence>
<position_item>6</position_item>
<priorisation>1</priorisation>
</item_ab_stp>
<item_ab_stp>
<code_ogr>100541</code_ogr>
<libelle>Techniques de communication</libelle>
<code_type_competence>1</code_type_competence>
<position_item>7</position_item>
<priorisation>1</priorisation>
</item_ab_stp>
<item_ab_stp>
<code_ogr>107982</code_ogr>
<libelle>Droit constitutionnel</libelle>
<code_type_competence>1</code_type_competence>
<position_item>8</position_item>
<priorisation>1</priorisation>
</item_ab_stp>
<item_ab_stp>
<code_ogr>107981</code_ogr>
<libelle>Droit administratif</libelle>
<code_type_competence>1</code_type_competence>
<position_item>9</position_item>
<priorisation>1</priorisation>
</item_ab_stp>
<item_ab_stp>
<code_ogr>107983</code_ogr>
<libelle>Finances publiques</libelle>
<code_type_competence>1</code_type_competence>
<position_item>10</position_item>
<priorisation>1</priorisation>
</item_ab_stp>
</savoir_theorique_et_proceduraux>
<savoir_action nbItemSA_AB="0">
</savoir_action>
</bloc_activites_de_base>
<bloc_activites_specifiques nbBlocActiviteSpecifique="7">
<bloc>
<position_bloc>1</position_bloc>
<activite_specifique nbItemActivite_AS="3">
<item_as>
<code_ogr>108058</code_ogr>
<libelle>Repr&#0233;senter le Gouvernement sur un territoire &#0233;tranger (Ambassade)</libelle>
<code_type_activite>3</code_type_activite>
<code_type_item_activite>2</code_type_item_activite>
<position_item>1</position_item>
<priorisation>1</priorisation>
<riasec_majeur>E</riasec_majeur>
</item_as>
<item_as>
<code_ogr>108059</code_ogr>
<libelle>Repr&#0233;senter le Gouvernement sur le territoire du D&#0233;partement</libelle>
<code_type_activite>3</code_type_activite>
<code_type_item_activite>2</code_type_item_activite>
<position_item>2</position_item>
<priorisation>1</priorisation>
<riasec_majeur>E</riasec_majeur>
</item_as>
<item_as>
<code_ogr>108060</code_ogr>
<libelle>Repr&#0233;senter le Gouvernement sur le territoire de la R&#0233;gion</libelle>
<code_type_activite>3</code_type_activite>
<code_type_item_activite>2</code_type_item_activite>
<position_item>3</position_item>
<priorisation>1</priorisation>
<riasec_majeur>E</riasec_majeur>
</item_as>
</activite_specifique>
<savoir_theorique_et_proceduraux nbItemSTP_AS="0">
</savoir_theorique_et_proceduraux>
<savoir_action nbItemSA_AS="0">
</savoir_action>
</bloc>
<bloc>
<position_bloc>2</position_bloc>
<activite_specifique nbItemActivite_AS="1">
<item_as>
<code_ogr>115153</code_ogr>
<libelle>Veiller &#0224; la s&#0233;curit&#0233;, &#0224; la salubrit&#0233; et &#0224; la tranquillit&#0233; publique et mettre en oeuvre des op&#0233;rations de secours en cas d&#0039;incident ou de catastrophe naturelle</libelle>
<code_type_activite>3</code_type_activite>
<code_type_item_activite>2</code_type_item_activite>
<position_item>1</position_item>
<priorisation>1</priorisation>
<riasec_majeur>C</riasec_majeur>
</item_as>
</activite_specifique>
<savoir_theorique_et_proceduraux nbItemSTP_AS="1">
<item_as_stp>
<code_ogr>101949</code_ogr>
<libelle>Techniques de pr&#0233;vention et de gestion de conflits</libelle>
<code_type_competence>1</code_type_competence>
<position_item>1</position_item>
<priorisation>1</priorisation>
</item_as_stp>
</savoir_theorique_et_proceduraux>
<savoir_action nbItemSA_AS="0">
</savoir_action>
</bloc>
<bloc>
<position_bloc>3</position_bloc>
<activite_specifique nbItemActivite_AS="1">
<item_as>
<code_ogr>115154</code_ogr>
<libelle>D&#0233;finir des strat&#0233;gies et actions territoriales selon les instructions minist&#0233;rielles et en coordination avec les collectivit&#0233;s territoriales et les services r&#0233;gionaux</libelle>
<code_type_activite>3</code_type_activite>
<code_type_item_activite>2</code_type_item_activite>
<position_item>1</position_item>
<priorisation>1</priorisation>
<riasec_majeur>E</riasec_majeur>
<riasec_mineur>c</riasec_mineur>
</item_as>
</activite_specifique>
<savoir_theorique_et_proceduraux nbItemSTP_AS="0">
</savoir_theorique_et_proceduraux>
<savoir_action nbItemSA_AS="0">
</savoir_action>
</bloc>
<bloc>
<position_bloc>4</position_bloc>
<activite_specifique nbItemActivite_AS="1">
<item_as>
<code_ogr>115155</code_ogr>
<libelle>Contr&#0244;ler la l&#0233;galit&#0233; a posteriori des actes &#0233;mis par les collectivit&#0233;s territoriales (mariages, &#0233;lections, permis de construire)</libelle>
<code_type_activite>3</code_type_activite>
<code_type_item_activite>2</code_type_item_activite>
<position_item>1</position_item>
<priorisation>1</priorisation>
<riasec_majeur>C</riasec_majeur>
</item_as>
</activite_specifique>
<savoir_theorique_et_proceduraux nbItemSTP_AS="0">
</savoir_theorique_et_proceduraux>
<savoir_action nbItemSA_AS="0">
</savoir_action>
</bloc>
<bloc>
<position_bloc>5</position_bloc>
<activite_specifique nbItemActivite_AS="1">
<item_as>
<code_ogr>115156</code_ogr>
<libelle>Veiller &#0224; l&#0039;assistance et &#0224; la protection des fran&#0231;ais expatri&#0233;s &#0224; l&#0039;&#0233;tranger</libelle>
<code_type_activite>3</code_type_activite>
<code_type_item_activite>2</code_type_item_activite>
<position_item>1</position_item>
<priorisation>1</priorisation>
<riasec_majeur>C</riasec_majeur>
</item_as>
</activite_specifique>
<savoir_theorique_et_proceduraux nbItemSTP_AS="0">
</savoir_theorique_et_proceduraux>
<savoir_action nbItemSA_AS="0">
</savoir_action>
</bloc>
<bloc>
<position_bloc>6</position_bloc>
<activite_specifique nbItemActivite_AS="1">
<item_as>
<code_ogr>122149</code_ogr>
<libelle>Promouvoir une relation commerciale, &#0233;conomique ou culturelle avec un partenaire local</libelle>
<code_type_activite>3</code_type_activite>
<code_type_item_activite>2</code_type_item_activite>
<position_item>1</position_item>
<priorisation>1</priorisation>
<riasec_majeur>E</riasec_majeur>
<riasec_mineur>s</riasec_mineur>
</item_as>
</activite_specifique>
<savoir_theorique_et_proceduraux nbItemSTP_AS="1">
<item_as_stp>
<code_ogr>108061</code_ogr>
<libelle>Contexte politique international</libelle>
<code_type_competence>1</code_type_competence>
<position_item>1</position_item>
<priorisation>1</priorisation>
</item_as_stp>
</savoir_theorique_et_proceduraux>
<savoir_action nbItemSA_AS="0">
</savoir_action>
</bloc>
<bloc>
<position_bloc>7</position_bloc>
<activite_specifique nbItemActivite_AS="1">
<item_as>
<code_ogr>115158</code_ogr>
<libelle>Coordonner un ou plusieurs services</libelle>
<code_type_activite>3</code_type_activite>
<code_type_item_activite>2</code_type_item_activite>
<position_item>1</position_item>
<priorisation>1</priorisation>
<riasec_majeur>E</riasec_majeur>
</item_as>
</activite_specifique>
<savoir_theorique_et_proceduraux nbItemSTP_AS="0">
</savoir_theorique_et_proceduraux>
<savoir_action nbItemSA_AS="0">
</savoir_action>
</bloc>
</bloc_activites_specifiques>
<bloc_mobilites>
<mobilites_proches nbItemMob="1">
<item_mob_pr><code_type_mobilite>1</code_type_mobilite>
<liste_appellation_source>
<code_appellation_source>0</code_appellation_source>
<libelle_appellation_source>Toutes les appellations</libelle_appellation_source>
</liste_appellation_source>
<code_rome_cible>M1301</code_rome_cible>
<libelle_rome_cible>Direction de grande entreprise ou d&#0039;&#0233;tablissement public</libelle_rome_cible>
<liste_appellation_cible>
<code_appellation_cible>0</code_appellation_cible>
<libelle_appellation_cible>Toutes les appellations</libelle_appellation_cible>
</liste_appellation_cible>
</item_mob_pr>
</mobilites_proches>
<mobilites_si_evolution nbItemMob="0">
</mobilites_si_evolution>
</bloc_mobilites>
</fiche_emploi_metier>