<?xml version="1.0" encoding="UTF-8" ?>
<fiche_emploi_metier>
<type_fiche>2</type_fiche>
<libelle_type_fiche>priorise</libelle_type_fiche>
<version_SI>
<version_rome>333</version_rome>
<date_version_si>01/10/2017</date_version_si>
<mois_version_si>Octobre</mois_version_si>
<annee_version_si>2017</annee_version_si>
</version_SI>
<bloc_code_rome>
<code_rome>K1602</code_rome>
<intitule>Gestion de patrimoine culturel</intitule>
<code_ogr>390</code_ogr>
<riasec_majeur>A</riasec_majeur>
<riasec_mineur>c</riasec_mineur>
</bloc_code_rome>
<bloc_appellation nbItemAppellation="21">
<item_app>
<code_ogr>11394</code_ogr>
<libelle>Attach&#0233; / Attach&#0233;e de conservation du patrimoine</libelle>
<libelle_court>Attach&#0233; / Attach&#0233;e de conservation du patrimoine</libelle_court>
<priorisation>1</priorisation>
</item_app>
<item_app>
<code_ogr>11892</code_ogr>
<libelle>Charg&#0233; / Charg&#0233;e d&#0039;&#0233;tudes et d&#0039;inventaire patrimoine</libelle>
<libelle_court>Charg&#0233; / Charg&#0233;e d&#0039;&#0233;tudes et d&#0039;inventaire patrimoine</libelle_court>
<priorisation>1</priorisation>
</item_app>
<item_app>
<code_ogr>39045</code_ogr>
<libelle>Commissaire d&#0039;expositions</libelle>
<libelle_court>Commissaire d&#0039;expositions</libelle_court>
<priorisation>1</priorisation>
</item_app>
<item_app>
<code_ogr>13506</code_ogr>
<libelle>Conservateur / Conservatrice de mus&#0233;e</libelle>
<libelle_court>Conservateur / Conservatrice de mus&#0233;e</libelle_court>
<priorisation>1</priorisation>
</item_app>
<item_app>
<code_ogr>13508</code_ogr>
<libelle>Conservateur / Conservatrice des antiquit&#0233;s et objets d&#0039;art</libelle>
<libelle_court>Conservateur / Conservatrice des antiquit&#0233;s et objets d&#0039;art</libelle_court>
<priorisation>1</priorisation>
</item_app>
<item_app>
<code_ogr>13509</code_ogr>
<libelle>Conservateur / Conservatrice des collections</libelle>
<libelle_court>Conservateur / Conservatrice des collections</libelle_court>
<priorisation>1</priorisation>
</item_app>
<item_app>
<code_ogr>13511</code_ogr>
<libelle>Conservateur / Conservatrice d&#0039;&#0233;tablissement patrimonial</libelle>
<libelle_court>Conservateur / Conservatrice d&#0039;&#0233;tablissement patrimonial</libelle_court>
<priorisation>1</priorisation>
</item_app>
<item_app>
<code_ogr>13513</code_ogr>
<libelle>Conservateur / Conservatrice du patrimoine</libelle>
<libelle_court>Conservateur / Conservatrice du patrimoine</libelle_court>
<priorisation>1</priorisation>
</item_app>
<item_app>
<code_ogr>13514</code_ogr>
<libelle>Conservateur / Conservatrice du patrimoine historique</libelle>
<libelle_court>Conservateur / Conservatrice du patrimoine historique</libelle_court>
<priorisation>1</priorisation>
</item_app>
<item_app>
<code_ogr>13507</code_ogr>
<libelle>Conservateur d&#0233;partemental / Conservatrice d&#0233;partementale du patrimoine</libelle>
<libelle_court>Conservateur(trice) d&#0233;partemental(e) du patrimoine</libelle_court>
<priorisation>1</priorisation>
</item_app>
<item_app>
<code_ogr>13512</code_ogr>
<libelle>Conservateur directeur / Conservatrice directrice de mus&#0233;e</libelle>
<libelle_court>Conservateur directeur / Conservatrice directrice de mus&#0233;e</libelle_court>
<priorisation>1</priorisation>
</item_app>
<item_app>
<code_ogr>13515</code_ogr>
<libelle>Conservateur territorial / Conservatrice territoriale du patrimoine</libelle>
<libelle_court>Conservateur(trice) territorial(e) du patrimoine</libelle_court>
<priorisation>1</priorisation>
</item_app>
<item_app>
<code_ogr>14264</code_ogr>
<libelle>Directeur / Directrice de la conservation d&#0233;partementale</libelle>
<libelle_court>Directeur / Directrice de la conservation d&#0233;partementale</libelle_court>
<priorisation>1</priorisation>
</item_app>
<item_app>
<code_ogr>14296</code_ogr>
<libelle>Directeur / Directrice de mus&#0233;e</libelle>
<libelle_court>Directeur / Directrice de mus&#0233;e</libelle_court>
<priorisation>1</priorisation>
</item_app>
<item_app>
<code_ogr>14400</code_ogr>
<libelle>Directeur / Directrice d&#0039;&#0233;tablissement patrimonial</libelle>
<libelle_court>Directeur / Directrice d&#0039;&#0233;tablissement patrimonial</libelle_court>
<priorisation>1</priorisation>
</item_app>
<item_app>
<code_ogr>15325</code_ogr>
<libelle>Gestionnaire de collections</libelle>
<libelle_court>Gestionnaire de collections</libelle_court>
<priorisation>1</priorisation>
</item_app>
<item_app>
<code_ogr>15470</code_ogr>
<libelle>Historien / Historienne de l&#0039;oeuvre</libelle>
<libelle_court>Historien / Historienne de l&#0039;oeuvre</libelle_court>
<priorisation>1</priorisation>
</item_app>
<item_app>
<code_ogr>18410</code_ogr>
<libelle>R&#0233;gisseur / R&#0233;gisseuse des collections</libelle>
<libelle_court>R&#0233;gisseur / R&#0233;gisseuse des collections</libelle_court>
<priorisation>1</priorisation>
</item_app>
<item_app>
<code_ogr>18411</code_ogr>
<libelle>R&#0233;gisseur / R&#0233;gisseuse des expositions</libelle>
<libelle_court>R&#0233;gisseur / R&#0233;gisseuse des expositions</libelle_court>
<priorisation>1</priorisation>
</item_app>
<item_app>
<code_ogr>18418</code_ogr>
<libelle>R&#0233;gisseur / R&#0233;gisseuse d&#0039;oeuvres</libelle>
<libelle_court>R&#0233;gisseur / R&#0233;gisseuse d&#0039;oeuvres</libelle_court>
<priorisation>1</priorisation>
</item_app>
<item_app>
<code_ogr>18690</code_ogr>
<libelle>Responsable de collections</libelle>
<libelle_court>Responsable de collections</libelle_court>
<priorisation>1</priorisation>
</item_app>
</bloc_appellation>
<definition nbItemDefinition="2">
Supervise et met en oeuvre la politique et les actions de conservation, d&#0039;&#0233;tude, d&#0039;enrichissement, de mise en valeur et de diffusion des patrimoines culturels, selon la r&#0233;glementation et la politique culturelle de la structure.
Peut diriger une &#0233;quipe ou un service et en g&#0233;rer le budget.
</definition>
<acces_emploi_metier nbItemAccesEmploiMetier="1">
Cet emploi/m&#0233;tier est accessible avec un Master (M1) (Master professionnel, Master recherche, ...) en histoire, sciences, arch&#0233;ologie, conservation du patrimoine, ...
</acces_emploi_metier>
<condition_exercice_activite nbItemConditionExercice="3">
L&#0039;activit&#0233; de cet emploi/m&#0233;tier s&#0039;exerce au sein d&#0039;&#0233;tablissements publics, collectivit&#0233;s territoriales, arm&#0233;es, entreprises, associations, fondations, en contact avec diff&#0233;rents intervenants (clients, chercheurs, m&#0233;dia, restaurateurs d&#0039;art, enseignants, ...).
Elle varie selon la taille et le type de la collection.
Elle peut s&#0039;exercer les fins de semaine, jours f&#0233;ri&#0233;s.
</condition_exercice_activite>
<bloc_environnement_de_travail nbItemEnvTrav="7">
<item_env>
<code_ogr>23808</code_ogr>
<libelle>Collectivit&#0233; territoriale</libelle>
<code_type_section_env>1</code_type_section_env>
<priorisation>1</priorisation>
</item_env>
<item_env>
<code_ogr>23867</code_ogr>
<libelle>Entreprise</libelle>
<code_type_section_env>1</code_type_section_env>
<priorisation>1</priorisation>
</item_env>
<item_env>
<code_ogr>23912</code_ogr>
<libelle>Entreprise publique/&#0233;tablissement public</libelle>
<code_type_section_env>1</code_type_section_env>
<priorisation>1</priorisation>
</item_env>
<item_env>
<code_ogr>23940</code_ogr>
<libelle>Fondation</libelle>
<code_type_section_env>1</code_type_section_env>
<priorisation>1</priorisation>
</item_env>
<item_env>
<code_ogr>23946</code_ogr>
<libelle>Galerie d&#0039;art</libelle>
<code_type_section_env>1</code_type_section_env>
<priorisation>1</priorisation>
</item_env>
<item_env>
<code_ogr>23401</code_ogr>
<libelle>Arm&#0233;e</libelle>
<code_type_section_env>2</code_type_section_env>
<priorisation>1</priorisation>
</item_env>
<item_env>
<code_ogr>24844</code_ogr>
<libelle>Travail en ind&#0233;pendant</libelle>
<code_type_section_env>3</code_type_section_env>
<priorisation>1</priorisation>
</item_env>
</bloc_environnement_de_travail>
<bloc_activites_de_base nbBlocActiviteBase="1">
<activites_de_base nbItemActivite_AB="10">
<item_ab>
<code_ogr>108149</code_ogr>
<libelle>D&#0233;finir le projet mus&#0233;ographique (&#0233;v&#0232;nement, exposition, acquisition, ...) et concevoir les actions de pr&#0233;sentation et de valorisation du patrimoine et des collections</libelle>
<code_type_activite>3</code_type_activite>
<code_type_item_activite>2</code_type_item_activite>
<position_item>1</position_item>
<priorisation>1</priorisation>
<riasec_majeur>A</riasec_majeur>
<riasec_mineur>e</riasec_mineur>
</item_ab>
<item_ab>
<code_ogr>108150</code_ogr>
<libelle>Recenser le patrimoine, les collections et contr&#0244;ler le mouvement des oeuvres (inventaire, entr&#0233;es, sorties, ...)</libelle>
<code_type_activite>3</code_type_activite>
<code_type_item_activite>2</code_type_item_activite>
<position_item>2</position_item>
<priorisation>1</priorisation>
<riasec_majeur>A</riasec_majeur>
<riasec_mineur>c</riasec_mineur>
</item_ab>
<item_ab>
<code_ogr>125783</code_ogr>
<libelle>Acqu&#0233;rir de nouvelles pi&#0232;ces de collections</libelle>
<code_type_activite>3</code_type_activite>
<code_type_item_activite>2</code_type_item_activite>
<position_item>3</position_item>
<priorisation>1</priorisation>
<riasec_majeur>E</riasec_majeur>
<riasec_mineur>a</riasec_mineur>
</item_ab>
<item_ab>
<code_ogr>125782</code_ogr>
<libelle>Rechercher des oeuvres</libelle>
<code_type_activite>3</code_type_activite>
<code_type_item_activite>2</code_type_item_activite>
<position_item>4</position_item>
<priorisation>1</priorisation>
<riasec_majeur>E</riasec_majeur>
<riasec_mineur>a</riasec_mineur>
</item_ab>
<item_ab>
<code_ogr>123594</code_ogr>
<libelle>Contr&#0244;ler l&#0039;&#0233;tat de conservation d&#0039;un &#0233;l&#0233;ment du patrimoine ou d&#0039;une collection</libelle>
<code_type_activite>3</code_type_activite>
<code_type_item_activite>2</code_type_item_activite>
<position_item>5</position_item>
<priorisation>1</priorisation>
<riasec_majeur>A</riasec_majeur>
<riasec_mineur>c</riasec_mineur>
</item_ab>
<item_ab>
<code_ogr>123595</code_ogr>
<libelle>Restaurer un &#0233;l&#0233;ment du patrimoine ou d&#0039;une collection</libelle>
<code_type_activite>3</code_type_activite>
<code_type_item_activite>2</code_type_item_activite>
<position_item>6</position_item>
<priorisation>1</priorisation>
<riasec_majeur>A</riasec_majeur>
<riasec_mineur>c</riasec_mineur>
</item_ab>
<item_ab>
<code_ogr>108153</code_ogr>
<libelle>Conseiller des chercheurs, &#0233;lus, institutionnels, enseignants sur des &#0233;l&#0233;ments du patrimoine</libelle>
<code_type_activite>3</code_type_activite>
<code_type_item_activite>2</code_type_item_activite>
<position_item>7</position_item>
<priorisation>1</priorisation>
<riasec_majeur>S</riasec_majeur>
<riasec_mineur>i</riasec_mineur>
</item_ab>
<item_ab>
<code_ogr>119880</code_ogr>
<libelle>Concevoir des supports d&#0039;information et de communication</libelle>
<code_type_activite>3</code_type_activite>
<code_type_item_activite>2</code_type_item_activite>
<position_item>8</position_item>
<priorisation>1</priorisation>
<riasec_majeur>C</riasec_majeur>
</item_ab>
<item_ab>
<code_ogr>121270</code_ogr>
<libelle>Mettre &#0224; jour une documentation technique</libelle>
<code_type_activite>3</code_type_activite>
<code_type_item_activite>2</code_type_item_activite>
<position_item>9</position_item>
<priorisation>1</priorisation>
<riasec_majeur>C</riasec_majeur>
<riasec_mineur>r</riasec_mineur>
</item_ab>
<item_ab>
<code_ogr>108155</code_ogr>
<libelle>Etudier et &#0233;valuer des oeuvres, pi&#0232;ces, objets de collection</libelle>
<code_type_activite>3</code_type_activite>
<code_type_item_activite>2</code_type_item_activite>
<position_item>10</position_item>
<priorisation>1</priorisation>
<riasec_majeur>A</riasec_majeur>
<riasec_mineur>i</riasec_mineur>
</item_ab>
</activites_de_base>
<savoir_theorique_et_proceduraux nbItemSTP_AB="12">
<item_ab_stp>
<code_ogr>108159</code_ogr>
<libelle>Arch&#0233;ologie</libelle>
<code_type_competence>1</code_type_competence>
<position_item>1</position_item>
<priorisation>1</priorisation>
</item_ab_stp>
<item_ab_stp>
<code_ogr>108157</code_ogr>
<libelle>Mus&#0233;ologie</libelle>
<code_type_competence>1</code_type_competence>
<position_item>2</position_item>
<priorisation>1</priorisation>
</item_ab_stp>
<item_ab_stp>
<code_ogr>100619</code_ogr>
<libelle>Mus&#0233;ographie</libelle>
<code_type_competence>1</code_type_competence>
<position_item>3</position_item>
<priorisation>1</priorisation>
</item_ab_stp>
<item_ab_stp>
<code_ogr>119191</code_ogr>
<libelle>Histoire de l&#0039;art</libelle>
<code_type_competence>1</code_type_competence>
<position_item>4</position_item>
<priorisation>1</priorisation>
</item_ab_stp>
<item_ab_stp>
<code_ogr>101880</code_ogr>
<libelle>Cours des march&#0233;s de l&#0039;art</libelle>
<code_type_competence>1</code_type_competence>
<position_item>5</position_item>
<priorisation>1</priorisation>
</item_ab_stp>
<item_ab_stp>
<code_ogr>100597</code_ogr>
<libelle>Principes de conservation pr&#0233;ventive</libelle>
<code_type_competence>1</code_type_competence>
<position_item>6</position_item>
<priorisation>1</priorisation>
</item_ab_stp>
<item_ab_stp>
<code_ogr>108156</code_ogr>
<libelle>R&#0233;glementation des mus&#0233;es</libelle>
<code_type_competence>1</code_type_competence>
<position_item>7</position_item>
<priorisation>1</priorisation>
</item_ab_stp>
<item_ab_stp>
<code_ogr>101879</code_ogr>
<libelle>R&#0233;glementation du commerce de l&#0039;art</libelle>
<code_type_competence>1</code_type_competence>
<position_item>8</position_item>
<priorisation>1</priorisation>
</item_ab_stp>
<item_ab_stp>
<code_ogr>100144</code_ogr>
<libelle>R&#0232;gles d&#0039;hygi&#0232;ne et de s&#0233;curit&#0233;</libelle>
<code_type_competence>1</code_type_competence>
<position_item>9</position_item>
<priorisation>1</priorisation>
</item_ab_stp>
<item_ab_stp>
<code_ogr>100541</code_ogr>
<libelle>Techniques de communication</libelle>
<code_type_competence>1</code_type_competence>
<position_item>10</position_item>
<priorisation>1</priorisation>
</item_ab_stp>
<item_ab_stp>
<code_ogr>120246</code_ogr>
<libelle>Gestion de projet</libelle>
<code_type_competence>1</code_type_competence>
<position_item>11</position_item>
<priorisation>1</priorisation>
</item_ab_stp>
<item_ab_stp>
<code_ogr>118975</code_ogr>
<libelle>Outils bureautiques</libelle>
<code_type_competence>1</code_type_competence>
<position_item>12</position_item>
<priorisation>1</priorisation>
</item_ab_stp>
</savoir_theorique_et_proceduraux>
<savoir_action nbItemSA_AB="0">
</savoir_action>
</bloc_activites_de_base>
<bloc_activites_specifiques nbBlocActiviteSpecifique="10">
<bloc>
<position_bloc>1</position_bloc>
<activite_specifique nbItemActivite_AS="5">
<item_as>
<code_ogr>108161</code_ogr>
<libelle>Intervenir en arts et traditions populaires</libelle>
<code_type_activite>3</code_type_activite>
<code_type_item_activite>2</code_type_item_activite>
<position_item>1</position_item>
<priorisation>1</priorisation>
<riasec_majeur>A</riasec_majeur>
</item_as>
<item_as>
<code_ogr>108162</code_ogr>
<libelle>Intervenir en arts graphiques, cin&#0233;matographiques, photographiques, ...</libelle>
<code_type_activite>3</code_type_activite>
<code_type_item_activite>2</code_type_item_activite>
<position_item>2</position_item>
<priorisation>1</priorisation>
<riasec_majeur>A</riasec_majeur>
</item_as>
<item_as>
<code_ogr>108163</code_ogr>
<libelle>Intervenir en arts industriels, sciences et techniques industrielles, ...</libelle>
<code_type_activite>3</code_type_activite>
<code_type_item_activite>2</code_type_item_activite>
<position_item>3</position_item>
<priorisation>1</priorisation>
<riasec_majeur>A</riasec_majeur>
</item_as>
<item_as>
<code_ogr>108164</code_ogr>
<libelle>Intervenir en Beaux arts, arts d&#0233;coratifs, artisanat d&#0039;art, ...</libelle>
<code_type_activite>3</code_type_activite>
<code_type_item_activite>2</code_type_item_activite>
<position_item>4</position_item>
<priorisation>1</priorisation>
<riasec_majeur>S</riasec_majeur>
</item_as>
<item_as>
<code_ogr>108165</code_ogr>
<libelle>Intervenir en immobilier, b&#0226;ti, architecture</libelle>
<code_type_activite>3</code_type_activite>
<code_type_item_activite>2</code_type_item_activite>
<position_item>5</position_item>
<priorisation>1</priorisation>
<riasec_majeur>A</riasec_majeur>
<riasec_mineur>r</riasec_mineur>
</item_as>
</activite_specifique>
<savoir_theorique_et_proceduraux nbItemSTP_AS="6">
<item_as_stp>
<code_ogr>119141</code_ogr>
<libelle>Caract&#0233;ristiques des livres anciens, manuscrits, incunables</libelle>
<code_type_competence>1</code_type_competence>
<position_item>1</position_item>
<priorisation>1</priorisation>
</item_as_stp>
<item_as_stp>
<code_ogr>119143</code_ogr>
<libelle>Militaria</libelle>
<code_type_competence>1</code_type_competence>
<position_item>2</position_item>
<priorisation>1</priorisation>
</item_as_stp>
<item_as_stp>
<code_ogr>100799</code_ogr>
<libelle>Histoire de la musique</libelle>
<code_type_competence>1</code_type_competence>
<position_item>3</position_item>
<priorisation>1</priorisation>
</item_as_stp>
<item_as_stp>
<code_ogr>118211</code_ogr>
<libelle>Anthropologie</libelle>
<code_type_competence>1</code_type_competence>
<position_item>4</position_item>
<priorisation>1</priorisation>
</item_as_stp>
<item_as_stp>
<code_ogr>118136</code_ogr>
<libelle>Environnement / nature</libelle>
<code_type_competence>1</code_type_competence>
<position_item>5</position_item>
<priorisation>1</priorisation>
</item_as_stp>
<item_as_stp>
<code_ogr>118135</code_ogr>
<libelle>Sciences de la vie et de la terre</libelle>
<code_type_competence>1</code_type_competence>
<position_item>6</position_item>
<priorisation>1</priorisation>
</item_as_stp>
</savoir_theorique_et_proceduraux>
<savoir_action nbItemSA_AS="0">
</savoir_action>
</bloc>
<bloc>
<position_bloc>2</position_bloc>
<activite_specifique nbItemActivite_AS="1">
<item_as>
<code_ogr>123562</code_ogr>
<libelle>Informer des publics par le biais d&#0039;&#0233;v&#0232;nements culturels</libelle>
<code_type_activite>3</code_type_activite>
<code_type_item_activite>2</code_type_item_activite>
<position_item>1</position_item>
<priorisation>1</priorisation>
<riasec_majeur>S</riasec_majeur>
<riasec_mineur>a</riasec_mineur>
</item_as>
</activite_specifique>
<savoir_theorique_et_proceduraux nbItemSTP_AS="0">
</savoir_theorique_et_proceduraux>
<savoir_action nbItemSA_AS="0">
</savoir_action>
</bloc>
<bloc>
<position_bloc>3</position_bloc>
<activite_specifique nbItemActivite_AS="2">
<item_as>
<code_ogr>122351</code_ogr>
<libelle>Vendre une prestation ou un produit</libelle>
<code_type_activite>3</code_type_activite>
<code_type_item_activite>2</code_type_item_activite>
<position_item>1</position_item>
<priorisation>1</priorisation>
<riasec_majeur>E</riasec_majeur>
<riasec_mineur>s</riasec_mineur>
</item_as>
<item_as>
<code_ogr>120130</code_ogr>
<libelle>Accueillir une client&#0232;le</libelle>
<code_type_activite>3</code_type_activite>
<code_type_item_activite>2</code_type_item_activite>
<position_item>2</position_item>
<priorisation>1</priorisation>
<riasec_majeur>S</riasec_majeur>
</item_as>
</activite_specifique>
<savoir_theorique_et_proceduraux nbItemSTP_AS="0">
</savoir_theorique_et_proceduraux>
<savoir_action nbItemSA_AS="0">
</savoir_action>
</bloc>
<bloc>
<position_bloc>4</position_bloc>
<activite_specifique nbItemActivite_AS="2">
<item_as>
<code_ogr>124674</code_ogr>
<libelle>Contr&#0244;ler la conformit&#0233; contractuelle d&#0039;une affaire</libelle>
<code_type_activite>3</code_type_activite>
<code_type_item_activite>2</code_type_item_activite>
<position_item>1</position_item>
<priorisation>1</priorisation>
<riasec_majeur>C</riasec_majeur>
</item_as>
<item_as>
<code_ogr>125306</code_ogr>
<libelle>Superviser le transport d&#0039;oeuvres d&#0039;art</libelle>
<code_type_activite>3</code_type_activite>
<code_type_item_activite>2</code_type_item_activite>
<position_item>2</position_item>
<priorisation>1</priorisation>
<riasec_majeur>C</riasec_majeur>
<riasec_mineur>a</riasec_mineur>
</item_as>
</activite_specifique>
<savoir_theorique_et_proceduraux nbItemSTP_AS="0">
</savoir_theorique_et_proceduraux>
<savoir_action nbItemSA_AS="0">
</savoir_action>
</bloc>
<bloc>
<position_bloc>5</position_bloc>
<activite_specifique nbItemActivite_AS="1">
<item_as>
<code_ogr>115188</code_ogr>
<libelle>Suivre et mettre &#0224; jour le stockage et le mouvement d&#0039;oeuvres, de r&#0233;serves, de fonds de collections (conditionnement, rangement, localisation, ...)</libelle>
<code_type_activite>3</code_type_activite>
<code_type_item_activite>2</code_type_item_activite>
<position_item>1</position_item>
<priorisation>1</priorisation>
<riasec_majeur>C</riasec_majeur>
<riasec_mineur>a</riasec_mineur>
</item_as>
</activite_specifique>
<savoir_theorique_et_proceduraux nbItemSTP_AS="0">
</savoir_theorique_et_proceduraux>
<savoir_action nbItemSA_AS="0">
</savoir_action>
</bloc>
<bloc>
<position_bloc>6</position_bloc>
<activite_specifique nbItemActivite_AS="1">
<item_as>
<code_ogr>123853</code_ogr>
<libelle>Contr&#0244;ler la r&#0233;alisation d&#0039;un projet ou d&#0039;une prestation</libelle>
<code_type_activite>3</code_type_activite>
<code_type_item_activite>2</code_type_item_activite>
<position_item>1</position_item>
<priorisation>1</priorisation>
<riasec_majeur>C</riasec_majeur>
<riasec_mineur>r</riasec_mineur>
</item_as>
</activite_specifique>
<savoir_theorique_et_proceduraux nbItemSTP_AS="0">
</savoir_theorique_et_proceduraux>
<savoir_action nbItemSA_AS="0">
</savoir_action>
</bloc>
<bloc>
<position_bloc>7</position_bloc>
<activite_specifique nbItemActivite_AS="2">
<item_as>
<code_ogr>123036</code_ogr>
<libelle>Former un public</libelle>
<code_type_activite>3</code_type_activite>
<code_type_item_activite>2</code_type_item_activite>
<position_item>1</position_item>
<priorisation>1</priorisation>
<riasec_majeur>S</riasec_majeur>
</item_as>
<item_as>
<code_ogr>123466</code_ogr>
<libelle>Sensibiliser et former les personnels aux consignes de s&#0233;curit&#0233; et de pr&#0233;vention</libelle>
<code_type_activite>3</code_type_activite>
<code_type_item_activite>2</code_type_item_activite>
<position_item>2</position_item>
<priorisation>1</priorisation>
<riasec_majeur>S</riasec_majeur>
</item_as>
</activite_specifique>
<savoir_theorique_et_proceduraux nbItemSTP_AS="1">
<item_as_stp>
<code_ogr>100090</code_ogr>
<libelle>Techniques p&#0233;dagogiques</libelle>
<code_type_competence>1</code_type_competence>
<position_item>1</position_item>
<priorisation>1</priorisation>
</item_as_stp>
</savoir_theorique_et_proceduraux>
<savoir_action nbItemSA_AS="0">
</savoir_action>
</bloc>
<bloc>
<position_bloc>8</position_bloc>
<activite_specifique nbItemActivite_AS="3">
<item_as>
<code_ogr>122656</code_ogr>
<libelle>D&#0233;finir des pr&#0234;ts de collection</libelle>
<code_type_activite>3</code_type_activite>
<code_type_item_activite>2</code_type_item_activite>
<position_item>1</position_item>
<priorisation>1</priorisation>
<riasec_majeur>A</riasec_majeur>
<riasec_mineur>e</riasec_mineur>
</item_as>
<item_as>
<code_ogr>122655</code_ogr>
<libelle>D&#0233;finir des th&#0232;mes d&#0039;exposition</libelle>
<code_type_activite>3</code_type_activite>
<code_type_item_activite>2</code_type_item_activite>
<position_item>2</position_item>
<priorisation>1</priorisation>
<riasec_majeur>A</riasec_majeur>
<riasec_mineur>e</riasec_mineur>
</item_as>
<item_as>
<code_ogr>120333</code_ogr>
<libelle>Rechercher des financements, des partenariats</libelle>
<code_type_activite>3</code_type_activite>
<code_type_item_activite>2</code_type_item_activite>
<position_item>3</position_item>
<priorisation>1</priorisation>
<riasec_majeur>E</riasec_majeur>
<riasec_mineur>c</riasec_mineur>
</item_as>
</activite_specifique>
<savoir_theorique_et_proceduraux nbItemSTP_AS="0">
</savoir_theorique_et_proceduraux>
<savoir_action nbItemSA_AS="0">
</savoir_action>
</bloc>
<bloc>
<position_bloc>9</position_bloc>
<activite_specifique nbItemActivite_AS="1">
<item_as>
<code_ogr>123397</code_ogr>
<libelle>G&#0233;rer le budget global d&#0039;une structure</libelle>
<code_type_activite>3</code_type_activite>
<code_type_item_activite>2</code_type_item_activite>
<position_item>1</position_item>
<priorisation>1</priorisation>
<riasec_majeur>C</riasec_majeur>
</item_as>
</activite_specifique>
<savoir_theorique_et_proceduraux nbItemSTP_AS="1">
<item_as_stp>
<code_ogr>102216</code_ogr>
<libelle>Gestion budg&#0233;taire</libelle>
<code_type_competence>1</code_type_competence>
<position_item>1</position_item>
<priorisation>1</priorisation>
</item_as_stp>
</savoir_theorique_et_proceduraux>
<savoir_action nbItemSA_AS="0">
</savoir_action>
</bloc>
<bloc>
<position_bloc>10</position_bloc>
<activite_specifique nbItemActivite_AS="2">
<item_as>
<code_ogr>109802</code_ogr>
<libelle>Diriger un service, une structure</libelle>
<code_type_activite>3</code_type_activite>
<code_type_item_activite>2</code_type_item_activite>
<position_item>1</position_item>
<priorisation>1</priorisation>
<riasec_majeur>E</riasec_majeur>
</item_as>
<item_as>
<code_ogr>102359</code_ogr>
<libelle>Coordonner l&#0039;activit&#0233; d&#0039;une &#0233;quipe</libelle>
<code_type_activite>3</code_type_activite>
<code_type_item_activite>2</code_type_item_activite>
<position_item>2</position_item>
<priorisation>1</priorisation>
<riasec_majeur>E</riasec_majeur>
<riasec_mineur>s</riasec_mineur>
</item_as>
</activite_specifique>
<savoir_theorique_et_proceduraux nbItemSTP_AS="1">
<item_as_stp>
<code_ogr>119842</code_ogr>
<libelle>Management</libelle>
<code_type_competence>1</code_type_competence>
<position_item>2</position_item>
<priorisation>1</priorisation>
</item_as_stp>
</savoir_theorique_et_proceduraux>
<savoir_action nbItemSA_AS="0">
</savoir_action>
</bloc>
</bloc_activites_specifiques>
<bloc_mobilites>
<mobilites_proches nbItemMob="5">
<item_mob_pr><code_type_mobilite>1</code_type_mobilite>
<liste_appellation_source>
<code_appellation_source>0</code_appellation_source>
<libelle_appellation_source>Toutes les appellations</libelle_appellation_source>
</liste_appellation_source>
<code_rome_cible>G1102</code_rome_cible>
<libelle_rome_cible>Promotion du tourisme local</libelle_rome_cible>
<liste_appellation_cible>
<code_appellation_cible>11851</code_appellation_cible>
<libelle_appellation_cible>Charg&#0233; / Charg&#0233;e de promotion du patrimoine</libelle_appellation_cible>
</liste_appellation_cible>
</item_mob_pr>
<item_mob_pr><code_type_mobilite>1</code_type_mobilite>
<liste_appellation_source>
<code_appellation_source>0</code_appellation_source>
<libelle_appellation_source>Toutes les appellations</libelle_appellation_source>
</liste_appellation_source>
<code_rome_cible>K1206</code_rome_cible>
<libelle_rome_cible>Intervention socioculturelle</libelle_rome_cible>
<liste_appellation_cible>
<code_appellation_cible>14236</code_appellation_cible>
<libelle_appellation_cible>Directeur / Directrice de centre socioculturel</libelle_appellation_cible>
</liste_appellation_cible>
</item_mob_pr>
<item_mob_pr><code_type_mobilite>1</code_type_mobilite>
<liste_appellation_source>
<code_appellation_source>0</code_appellation_source>
<libelle_appellation_source>Toutes les appellations</libelle_appellation_source>
</liste_appellation_source>
<code_rome_cible>K1601</code_rome_cible>
<libelle_rome_cible>Gestion de l&#0039;information et de la documentation</libelle_rome_cible>
<liste_appellation_cible>
<code_appellation_cible>0</code_appellation_cible>
<libelle_appellation_cible>Toutes les appellations</libelle_appellation_cible>
</liste_appellation_cible>
</item_mob_pr>
<item_mob_pr><code_type_mobilite>1</code_type_mobilite>
<liste_appellation_source>
<code_appellation_source>0</code_appellation_source>
<libelle_appellation_source>Toutes les appellations</libelle_appellation_source>
<code_appellation_source>0</code_appellation_source>
<libelle_appellation_source> </libelle_appellation_source>
</liste_appellation_source>
<code_rome_cible>K1802</code_rome_cible>
<libelle_rome_cible>D&#0233;veloppement local</libelle_rome_cible>
<liste_appellation_cible>
<code_appellation_cible>11790</code_appellation_cible>
<libelle_appellation_cible>Charg&#0233; / Charg&#0233;e de d&#0233;veloppement culturel</libelle_appellation_cible>
<code_appellation_cible>14147</code_appellation_cible>
<libelle_appellation_cible>D&#0233;veloppeur culturel / D&#0233;veloppeuse culturelle</libelle_appellation_cible>
</liste_appellation_cible>
</item_mob_pr>
<item_mob_pr><code_type_mobilite>1</code_type_mobilite>
<liste_appellation_source>
<code_appellation_source>0</code_appellation_source>
<libelle_appellation_source>Toutes les appellations</libelle_appellation_source>
</liste_appellation_source>
<code_rome_cible>M1302</code_rome_cible>
<libelle_rome_cible>Direction de petite ou moyenne entreprise</libelle_rome_cible>
<liste_appellation_cible>
<code_appellation_cible>0</code_appellation_cible>
<libelle_appellation_cible>Toutes les appellations</libelle_appellation_cible>
</liste_appellation_cible>
</item_mob_pr>
</mobilites_proches>
<mobilites_si_evolution nbItemMob="5">
<item_mob_ev><code_type_mobilite>2</code_type_mobilite>
<liste_appellation_source>
<code_appellation_source>0</code_appellation_source>
<libelle_appellation_source>Toutes les appellations</libelle_appellation_source>
</liste_appellation_source>
<code_rome_cible>E1106</code_rome_cible>
<libelle_rome_cible>Journalisme et information m&#0233;dia</libelle_rome_cible>
<liste_appellation_cible>
<code_appellation_cible>0</code_appellation_cible>
<libelle_appellation_cible>Toutes les appellations</libelle_appellation_cible>
</liste_appellation_cible>
</item_mob_ev>
<item_mob_ev><code_type_mobilite>2</code_type_mobilite>
<liste_appellation_source>
<code_appellation_source>0</code_appellation_source>
<libelle_appellation_source>Toutes les appellations</libelle_appellation_source>
</liste_appellation_source>
<code_rome_cible>G1201</code_rome_cible>
<libelle_rome_cible>Accompagnement de voyages, d&#0039;activit&#0233;s culturelles ou sportives</libelle_rome_cible>
<liste_appellation_cible>
<code_appellation_cible>15441</code_appellation_cible>
<libelle_appellation_cible>Guide conf&#0233;rencier / conf&#0233;renci&#0232;re</libelle_appellation_cible>
</liste_appellation_cible>
</item_mob_ev>
<item_mob_ev><code_type_mobilite>2</code_type_mobilite>
<liste_appellation_source>
<code_appellation_source>0</code_appellation_source>
<libelle_appellation_source>Toutes les appellations</libelle_appellation_source>
<code_appellation_source>0</code_appellation_source>
<libelle_appellation_source> </libelle_appellation_source>
</liste_appellation_source>
<code_rome_cible>G1403</code_rome_cible>
<libelle_rome_cible>Gestion de structure de loisirs ou d&#0039;h&#0233;bergement touristique</libelle_rome_cible>
<liste_appellation_cible>
<code_appellation_cible>18799</code_appellation_cible>
<libelle_appellation_cible>Responsable de parc naturel</libelle_appellation_cible>
<code_appellation_cible>18804</code_appellation_cible>
<libelle_appellation_cible>Responsable de plan&#0233;tarium</libelle_appellation_cible>
</liste_appellation_cible>
</item_mob_ev>
<item_mob_ev><code_type_mobilite>2</code_type_mobilite>
<liste_appellation_source>
<code_appellation_source>0</code_appellation_source>
<libelle_appellation_source>Toutes les appellations</libelle_appellation_source>
</liste_appellation_source>
<code_rome_cible>K2401</code_rome_cible>
<libelle_rome_cible>Recherche en sciences de l&#0039;homme et de la soci&#0233;t&#0233;</libelle_rome_cible>
<liste_appellation_cible>
<code_appellation_cible>0</code_appellation_cible>
<libelle_appellation_cible>Toutes les appellations</libelle_appellation_cible>
</liste_appellation_cible>
</item_mob_ev>
<item_mob_ev><code_type_mobilite>2</code_type_mobilite>
<liste_appellation_source>
<code_appellation_source>0</code_appellation_source>
<libelle_appellation_source>Toutes les appellations</libelle_appellation_source>
</liste_appellation_source>
<code_rome_cible>L1302</code_rome_cible>
<libelle_rome_cible>Production et administration spectacle, cin&#0233;ma et audiovisuel</libelle_rome_cible>
<liste_appellation_cible>
<code_appellation_cible>0</code_appellation_cible>
<libelle_appellation_cible>Toutes les appellations</libelle_appellation_cible>
</liste_appellation_cible>
</item_mob_ev>
</mobilites_si_evolution>
</bloc_mobilites>
</fiche_emploi_metier>