<?xml version="1.0" encoding="UTF-8" ?>
<fiche_emploi_metier>
<type_fiche>2</type_fiche>
<libelle_type_fiche>priorise</libelle_type_fiche>
<version_SI>
<version_rome>333</version_rome>
<date_version_si>01/10/2017</date_version_si>
<mois_version_si>Octobre</mois_version_si>
<annee_version_si>2017</annee_version_si>
</version_SI>
<bloc_code_rome>
<code_rome>K1707</code_rome>
<intitule>Surveillance municipale</intitule>
<code_ogr>397</code_ogr>
<riasec_majeur>C</riasec_majeur>
<riasec_mineur>r</riasec_mineur>
</bloc_code_rome>
<bloc_appellation nbItemAppellation="18">
<item_app>
<code_ogr>10466</code_ogr>
<libelle>Agent / Agente de la surveillance sp&#0233;cialis&#0233;e de la commune</libelle>
<libelle_court>Agent / Agente de la surveillance sp&#0233;cialis&#0233;e de la commune</libelle_court>
<priorisation>1</priorisation>
</item_app>
<item_app>
<code_ogr>10549</code_ogr>
<libelle>Agent / Agente de police municipale</libelle>
<libelle_court>Agent / Agente de police municipale</libelle_court>
<priorisation>1</priorisation>
</item_app>
<item_app>
<code_ogr>10610</code_ogr>
<libelle>Agent / Agente de stationnement de la voirie</libelle>
<libelle_court>Agent / Agente de stationnement de la voirie</libelle_court>
<priorisation>1</priorisation>
</item_app>
<item_app>
<code_ogr>10618</code_ogr>
<libelle>Agent / Agente de surveillance de stationnement payant</libelle>
<libelle_court>Agent / Agente de surveillance de stationnement payant</libelle_court>
<priorisation>1</priorisation>
</item_app>
<item_app>
<code_ogr>10619</code_ogr>
<libelle>Agent / Agente de surveillance des parcs et jardins</libelle>
<libelle_court>Agent / Agente de surveillance des parcs et jardins</libelle_court>
<priorisation>1</priorisation>
</item_app>
<item_app>
<code_ogr>10620</code_ogr>
<libelle>Agent / Agente de surveillance des voies publiques</libelle>
<libelle_court>Agent / Agente de surveillance des voies publiques</libelle_court>
<priorisation>1</priorisation>
</item_app>
<item_app>
<code_ogr>11594</code_ogr>
<libelle>Brigadier / Brigadi&#0232;re de police municipale</libelle>
<libelle_court>Brigadier / Brigadi&#0232;re de police municipale</libelle_court>
<priorisation>1</priorisation>
</item_app>
<item_app>
<code_ogr>11595</code_ogr>
<libelle>Brigadier-chef / Brigadi&#0232;re-chef de police municipale</libelle>
<libelle_court>Brigadier-chef / Brigadi&#0232;re-chef de police municipale</libelle_court>
<priorisation>1</priorisation>
</item_app>
<item_app>
<code_ogr>12210</code_ogr>
<libelle>Chef de police municipale</libelle>
<libelle_court>Chef de police municipale</libelle_court>
<priorisation>1</priorisation>
</item_app>
<item_app>
<code_ogr>12346</code_ogr>
<libelle>Chef de service de police municipale</libelle>
<libelle_court>Chef de service de police municipale</libelle_court>
<priorisation>1</priorisation>
</item_app>
<item_app>
<code_ogr>15194</code_ogr>
<libelle>Garde champ&#0234;tre</libelle>
<libelle_court>Garde champ&#0234;tre</libelle_court>
<priorisation>1</priorisation>
</item_app>
<item_app>
<code_ogr>15215</code_ogr>
<libelle>Gardien / Gardienne de cimeti&#0232;re municipal</libelle>
<libelle_court>Gardien / Gardienne de cimeti&#0232;re municipal</libelle_court>
<priorisation>1</priorisation>
</item_app>
<item_app>
<code_ogr>15226</code_ogr>
<libelle>Gardien / Gardienne des parcs et jardins</libelle>
<libelle_court>Gardien / Gardienne des parcs et jardins</libelle_court>
<priorisation>1</priorisation>
</item_app>
<item_app>
<code_ogr>15231</code_ogr>
<libelle>Gardien principal / Gardienne principale de police municipale</libelle>
<libelle_court>Gardien principal/Gardienne principale de police municipale</libelle_court>
<priorisation>1</priorisation>
</item_app>
<item_app>
<code_ogr>15955</code_ogr>
<libelle>Inspecteur / Inspectrice de s&#0233;curit&#0233; de la commune</libelle>
<libelle_court>Inspecteur / Inspectrice de s&#0233;curit&#0233; de la commune</libelle_court>
<priorisation>1</priorisation>
</item_app>
<item_app>
<code_ogr>17176</code_ogr>
<libelle>Op&#0233;rateur / Op&#0233;ratrice de vid&#0233;osurveillance de police municipale</libelle>
<libelle_court>Op&#0233;rateur(trice) de vid&#0233;osurveillance de police municipale</libelle_court>
<priorisation>1</priorisation>
</item_app>
<item_app>
<code_ogr>38390</code_ogr>
<libelle>Placier r&#0233;gisseur / Placi&#0232;re r&#0233;gisseuse de march&#0233;</libelle>
<libelle_court>Placier r&#0233;gisseur / Placi&#0232;re r&#0233;gisseuse de march&#0233;</libelle_court>
<priorisation>1</priorisation>
</item_app>
<item_app>
<code_ogr>17864</code_ogr>
<libelle>Policier municipal / Polici&#0232;re municipale</libelle>
<libelle_court>Policier municipal / Polici&#0232;re municipale</libelle_court>
<priorisation>1</priorisation>
</item_app>
</bloc_appellation>
<definition nbItemDefinition="2">
R&#0233;alise l&#0039;ex&#0233;cution des arr&#0234;t&#0233;s de police du maire en mati&#0232;re de pr&#0233;vention et de surveillance, de s&#0233;curit&#0233; et de salubrit&#0233; publique (circulation, urbanisme, voisinage, ...) et v&#0233;rifie la conformit&#0233; d&#0039;application de la l&#0233;gislation (arr&#0234;t&#0233;s municipaux et r&#0232;glements) sur le territoire de la commune.
Peut coordonner une &#0233;quipe.
</definition>
<acces_emploi_metier nbItemAccesEmploiMetier="2">
Cet emploi/m&#0233;tier est accessible avec un CAP/BEP.
Un casier judiciaire exempt de toute mention contradictoire est obligatoire. Le port d&#0039;arme pour les policiers municipaux est soumis &#0224; autorisation pr&#0233;fectorale.
</acces_emploi_metier>
<condition_exercice_activite nbItemConditionExercice="5">
L&#0039;activit&#0233; de cet emploi/m&#0233;tier s&#0039;exerce au sein de services d&#0039;incendie et de secours, dans les entreprises et les arm&#0233;es, en contact avec diff&#0233;rents intervenants (SAMU, police, gendarmerie, ...). Elle peut impliquer des d&#0233;placements et un &#0233;loignement du domicile de plusieurs jours ou mois.
Elle varie selon le lieu et le type d&#0039;intervention.
Elle peut s&#0039;exercer les fins de semaine, jours f&#0233;ri&#0233;s, de nuit et &#0234;tre soumise &#0224; des astreintes.
Elle peut s&#0039;effectuer en grande hauteur et impliquer le port de charges.
Le port d&#0039;une tenue professionnelle (tenue de feu, casque, appareil respiratoire, uniforme, ...) est requis.
</condition_exercice_activite>
<bloc_environnement_de_travail nbItemEnvTrav="4">
<item_env>
<code_ogr>23808</code_ogr>
<libelle>Collectivit&#0233; territoriale</libelle>
<code_type_section_env>1</code_type_section_env>
<priorisation>1</priorisation>
</item_env>
<item_env>
<code_ogr>23816</code_ogr>
<libelle>Commune de + de 20000 habitants</libelle>
<code_type_section_env>1</code_type_section_env>
<priorisation>1</priorisation>
</item_env>
<item_env>
<code_ogr>23815</code_ogr>
<libelle>Commune de - de 5000 habitants</libelle>
<code_type_section_env>1</code_type_section_env>
<priorisation>1</priorisation>
</item_env>
<item_env>
<code_ogr>23818</code_ogr>
<libelle>Commune de 5000 &#0224; 20000 habitants</libelle>
<code_type_section_env>1</code_type_section_env>
<priorisation>1</priorisation>
</item_env>
</bloc_environnement_de_travail>
<bloc_activites_de_base nbBlocActiviteBase="1">
<activites_de_base nbItemActivite_AB="7">
<item_ab>
<code_ogr>125854</code_ogr>
<libelle>Renseigner un public, des usagers</libelle>
<code_type_activite>3</code_type_activite>
<code_type_item_activite>2</code_type_item_activite>
<position_item>1</position_item>
<priorisation>1</priorisation>
<riasec_majeur>S</riasec_majeur>
</item_ab>
<item_ab>
<code_ogr>108264</code_ogr>
<libelle>Surveiller les biens communaux (b&#0226;timents, &#0233;coles, transport public, parcs, cimeti&#0232;res, ...), les manifestations et lieux publics</libelle>
<code_type_activite>3</code_type_activite>
<code_type_item_activite>2</code_type_item_activite>
<position_item>2</position_item>
<priorisation>1</priorisation>
<riasec_majeur>C</riasec_majeur>
</item_ab>
<item_ab>
<code_ogr>123649</code_ogr>
<libelle>Contr&#0244;ler l&#0039;application d&#0039;une r&#0233;glementation</libelle>
<code_type_activite>3</code_type_activite>
<code_type_item_activite>2</code_type_item_activite>
<position_item>3</position_item>
<priorisation>1</priorisation>
<riasec_majeur>C</riasec_majeur>
</item_ab>
<item_ab>
<code_ogr>123650</code_ogr>
<libelle>Relever une infraction</libelle>
<code_type_activite>3</code_type_activite>
<code_type_item_activite>2</code_type_item_activite>
<position_item>4</position_item>
<priorisation>1</priorisation>
<riasec_majeur>C</riasec_majeur>
</item_ab>
<item_ab>
<code_ogr>108266</code_ogr>
<libelle>Assister et apporter un appui technique sur les lieux de troubles &#0224; la tranquillit&#0233; et &#0224; la s&#0233;curit&#0233; publiques</libelle>
<code_type_activite>3</code_type_activite>
<code_type_item_activite>2</code_type_item_activite>
<position_item>5</position_item>
<priorisation>1</priorisation>
<riasec_majeur>R</riasec_majeur>
<riasec_mineur>s</riasec_mineur>
</item_ab>
<item_ab>
<code_ogr>108267</code_ogr>
<libelle>Pr&#0233;venir les troubles &#0224; la tranquillit&#0233; publique par &#0238;lotage, ronde, et r&#0233;gler les conflits</libelle>
<code_type_activite>3</code_type_activite>
<code_type_item_activite>2</code_type_item_activite>
<position_item>6</position_item>
<priorisation>1</priorisation>
<riasec_majeur>C</riasec_majeur>
</item_ab>
<item_ab>
<code_ogr>124825</code_ogr>
<libelle>Etablir un rapport de s&#0233;curit&#0233; publique</libelle>
<code_type_activite>3</code_type_activite>
<code_type_item_activite>2</code_type_item_activite>
<position_item>7</position_item>
<priorisation>1</priorisation>
<riasec_majeur>C</riasec_majeur>
<riasec_mineur>r</riasec_mineur>
</item_ab>
</activites_de_base>
<savoir_theorique_et_proceduraux nbItemSTP_AB="7">
<item_ab_stp>
<code_ogr>120848</code_ogr>
<libelle>Droit de l&#0039;environnement</libelle>
<code_type_competence>1</code_type_competence>
<position_item>1</position_item>
<priorisation>1</priorisation>
</item_ab_stp>
<item_ab_stp>
<code_ogr>102146</code_ogr>
<libelle>Maniement d&#0039;arme</libelle>
<code_type_competence>1</code_type_competence>
<position_item>2</position_item>
<priorisation>1</priorisation>
</item_ab_stp>
<item_ab_stp>
<code_ogr>118975</code_ogr>
<libelle>Outils bureautiques</libelle>
<code_type_competence>1</code_type_competence>
<position_item>3</position_item>
<priorisation>1</priorisation>
</item_ab_stp>
<item_ab_stp>
<code_ogr>108027</code_ogr>
<libelle>Droit p&#0233;nal</libelle>
<code_type_competence>1</code_type_competence>
<position_item>4</position_item>
<priorisation>1</priorisation>
</item_ab_stp>
<item_ab_stp>
<code_ogr>121831</code_ogr>
<libelle>Techniques de sauvetage et secourisme</libelle>
<code_type_competence>1</code_type_competence>
<position_item>5</position_item>
<priorisation>1</priorisation>
</item_ab_stp>
<item_ab_stp>
<code_ogr>101654</code_ogr>
<libelle>Techniques de m&#0233;diation</libelle>
<code_type_competence>1</code_type_competence>
<position_item>6</position_item>
<priorisation>1</priorisation>
</item_ab_stp>
<item_ab_stp>
<code_ogr>103070</code_ogr>
<libelle>Lecture de plan, de sch&#0233;ma</libelle>
<code_type_competence>1</code_type_competence>
<position_item>7</position_item>
<priorisation>1</priorisation>
</item_ab_stp>
</savoir_theorique_et_proceduraux>
<savoir_action nbItemSA_AB="0">
</savoir_action>
</bloc_activites_de_base>
<bloc_activites_specifiques nbBlocActiviteSpecifique="9">
<bloc>
<position_bloc>1</position_bloc>
<activite_specifique nbItemActivite_AS="1">
<item_as>
<code_ogr>125733</code_ogr>
<libelle>R&#0233;aliser une mission d&#0039;ordre public</libelle>
<code_type_activite>3</code_type_activite>
<code_type_item_activite>2</code_type_item_activite>
<position_item>1</position_item>
<priorisation>1</priorisation>
<riasec_majeur>C</riasec_majeur>
<riasec_mineur>r</riasec_mineur>
</item_as>
</activite_specifique>
<savoir_theorique_et_proceduraux nbItemSTP_AS="1">
<item_as_stp>
<code_ogr>100078</code_ogr>
<libelle>R&#0233;glementation de la p&#0234;che</libelle>
<code_type_competence>1</code_type_competence>
<position_item>1</position_item>
<priorisation>1</priorisation>
</item_as_stp>
</savoir_theorique_et_proceduraux>
<savoir_action nbItemSA_AS="0">
</savoir_action>
</bloc>
<bloc>
<position_bloc>2</position_bloc>
<activite_specifique nbItemActivite_AS="5">
<item_as>
<code_ogr>108272</code_ogr>
<libelle>Surveiller l&#0039;application des arr&#0234;t&#0233;s du maire et des r&#0232;glements sur les cimeti&#0232;res</libelle>
<code_type_activite>3</code_type_activite>
<code_type_item_activite>2</code_type_item_activite>
<position_item>1</position_item>
<priorisation>1</priorisation>
<riasec_majeur>C</riasec_majeur>
</item_as>
<item_as>
<code_ogr>108273</code_ogr>
<libelle>Surveiller l&#0039;application des arr&#0234;t&#0233;s du maire et des r&#0232;glements sur les march&#0233;s</libelle>
<code_type_activite>3</code_type_activite>
<code_type_item_activite>2</code_type_item_activite>
<position_item>2</position_item>
<priorisation>1</priorisation>
<riasec_majeur>C</riasec_majeur>
</item_as>
<item_as>
<code_ogr>108274</code_ogr>
<libelle>Surveiller l&#0039;application des arr&#0234;t&#0233;s du maire et des r&#0232;glements sur les parcs et jardins</libelle>
<code_type_activite>3</code_type_activite>
<code_type_item_activite>2</code_type_item_activite>
<position_item>3</position_item>
<priorisation>1</priorisation>
<riasec_majeur>C</riasec_majeur>
</item_as>
<item_as>
<code_ogr>108275</code_ogr>
<libelle>Surveiller l&#0039;application des arr&#0234;t&#0233;s du maire et des r&#0232;glements sur les stationnements</libelle>
<code_type_activite>3</code_type_activite>
<code_type_item_activite>2</code_type_item_activite>
<position_item>4</position_item>
<priorisation>1</priorisation>
<riasec_majeur>C</riasec_majeur>
</item_as>
<item_as>
<code_ogr>108276</code_ogr>
<libelle>Surveiller l&#0039;application des arr&#0234;t&#0233;s du maire et des r&#0232;glements sur les terrains/aires d&#0039;accueil des gens du voyage</libelle>
<code_type_activite>3</code_type_activite>
<code_type_item_activite>2</code_type_item_activite>
<position_item>5</position_item>
<priorisation>1</priorisation>
<riasec_majeur>C</riasec_majeur>
</item_as>
</activite_specifique>
<savoir_theorique_et_proceduraux nbItemSTP_AS="0">
</savoir_theorique_et_proceduraux>
<savoir_action nbItemSA_AS="0">
</savoir_action>
</bloc>
<bloc>
<position_bloc>3</position_bloc>
<activite_specifique nbItemActivite_AS="1">
<item_as>
<code_ogr>114883</code_ogr>
<libelle>Surveiller des lieux, voiries, circulations par vid&#0233;osurveillance</libelle>
<code_type_activite>3</code_type_activite>
<code_type_item_activite>2</code_type_item_activite>
<position_item>1</position_item>
<priorisation>1</priorisation>
<riasec_majeur>C</riasec_majeur>
</item_as>
</activite_specifique>
<savoir_theorique_et_proceduraux nbItemSTP_AS="0">
</savoir_theorique_et_proceduraux>
<savoir_action nbItemSA_AS="0">
</savoir_action>
</bloc>
<bloc>
<position_bloc>4</position_bloc>
<activite_specifique nbItemActivite_AS="1">
<item_as>
<code_ogr>115195</code_ogr>
<libelle>Diriger un chien sur une action de protection ou de recherche</libelle>
<code_type_activite>3</code_type_activite>
<code_type_item_activite>2</code_type_item_activite>
<position_item>1</position_item>
<priorisation>1</priorisation>
<riasec_majeur>R</riasec_majeur>
</item_as>
</activite_specifique>
<savoir_theorique_et_proceduraux nbItemSTP_AS="1">
<item_as_stp>
<code_ogr>108183</code_ogr>
<libelle>Techniques cynophiles</libelle>
<code_type_competence>1</code_type_competence>
<position_item>1</position_item>
<priorisation>1</priorisation>
</item_as_stp>
</savoir_theorique_et_proceduraux>
<savoir_action nbItemSA_AS="0">
</savoir_action>
</bloc>
<bloc>
<position_bloc>5</position_bloc>
<activite_specifique nbItemActivite_AS="1">
<item_as>
<code_ogr>115215</code_ogr>
<libelle>Rep&#0233;rer et signaler des anomalies concernant la voirie, l&#0039;&#0233;clairage public, les signalisations d&#0233;fectueuses</libelle>
<code_type_activite>3</code_type_activite>
<code_type_item_activite>2</code_type_item_activite>
<position_item>1</position_item>
<priorisation>1</priorisation>
<riasec_majeur>C</riasec_majeur>
<riasec_mineur>r</riasec_mineur>
</item_as>
</activite_specifique>
<savoir_theorique_et_proceduraux nbItemSTP_AS="0">
</savoir_theorique_et_proceduraux>
<savoir_action nbItemSA_AS="0">
</savoir_action>
</bloc>
<bloc>
<position_bloc>6</position_bloc>
<activite_specifique nbItemActivite_AS="1">
<item_as>
<code_ogr>124426</code_ogr>
<libelle>Superviser une op&#0233;ration d&#0039;enl&#0232;vement de v&#0233;hicule</libelle>
<code_type_activite>3</code_type_activite>
<code_type_item_activite>2</code_type_item_activite>
<position_item>1</position_item>
<priorisation>1</priorisation>
<riasec_majeur>C</riasec_majeur>
</item_as>
</activite_specifique>
<savoir_theorique_et_proceduraux nbItemSTP_AS="0">
</savoir_theorique_et_proceduraux>
<savoir_action nbItemSA_AS="0">
</savoir_action>
</bloc>
<bloc>
<position_bloc>7</position_bloc>
<activite_specifique nbItemActivite_AS="1">
<item_as>
<code_ogr>115217</code_ogr>
<libelle>Superviser la capture et la mise en fourri&#0232;re d&#0039;animaux errants ou dangereux</libelle>
<code_type_activite>3</code_type_activite>
<code_type_item_activite>2</code_type_item_activite>
<position_item>1</position_item>
<priorisation>1</priorisation>
<riasec_majeur>R</riasec_majeur>
</item_as>
</activite_specifique>
<savoir_theorique_et_proceduraux nbItemSTP_AS="0">
</savoir_theorique_et_proceduraux>
<savoir_action nbItemSA_AS="0">
</savoir_action>
</bloc>
<bloc>
<position_bloc>8</position_bloc>
<activite_specifique nbItemActivite_AS="1">
<item_as>
<code_ogr>123996</code_ogr>
<libelle>R&#0233;aliser une enqu&#0234;te administrative aupr&#0232;s d&#0039;une instance publique</libelle>
<code_type_activite>3</code_type_activite>
<code_type_item_activite>2</code_type_item_activite>
<position_item>1</position_item>
<priorisation>1</priorisation>
<riasec_majeur>C</riasec_majeur>
<riasec_mineur>i</riasec_mineur>
</item_as>
</activite_specifique>
<savoir_theorique_et_proceduraux nbItemSTP_AS="0">
</savoir_theorique_et_proceduraux>
<savoir_action nbItemSA_AS="0">
</savoir_action>
</bloc>
<bloc>
<position_bloc>9</position_bloc>
<activite_specifique nbItemActivite_AS="2">
<item_as>
<code_ogr>102359</code_ogr>
<libelle>Coordonner l&#0039;activit&#0233; d&#0039;une &#0233;quipe</libelle>
<code_type_activite>3</code_type_activite>
<code_type_item_activite>2</code_type_item_activite>
<position_item>1</position_item>
<priorisation>1</priorisation>
<riasec_majeur>E</riasec_majeur>
<riasec_mineur>s</riasec_mineur>
</item_as>
<item_as>
<code_ogr>109802</code_ogr>
<libelle>Diriger un service, une structure</libelle>
<code_type_activite>3</code_type_activite>
<code_type_item_activite>2</code_type_item_activite>
<position_item>2</position_item>
<priorisation>1</priorisation>
<riasec_majeur>E</riasec_majeur>
</item_as>
</activite_specifique>
<savoir_theorique_et_proceduraux nbItemSTP_AS="1">
<item_as_stp>
<code_ogr>119842</code_ogr>
<libelle>Management</libelle>
<code_type_competence>1</code_type_competence>
<position_item>1</position_item>
<priorisation>1</priorisation>
</item_as_stp>
</savoir_theorique_et_proceduraux>
<savoir_action nbItemSA_AS="0">
</savoir_action>
</bloc>
</bloc_activites_specifiques>
<bloc_mobilites>
<mobilites_proches nbItemMob="6">
<item_mob_pr><code_type_mobilite>1</code_type_mobilite>
<liste_appellation_source>
<code_appellation_source>0</code_appellation_source>
<libelle_appellation_source>Toutes les appellations</libelle_appellation_source>
</liste_appellation_source>
<code_rome_cible>A1204</code_rome_cible>
<libelle_rome_cible>Protection du patrimoine naturel</libelle_rome_cible>
<liste_appellation_cible>
<code_appellation_cible>0</code_appellation_cible>
<libelle_appellation_cible>Toutes les appellations</libelle_appellation_cible>
</liste_appellation_cible>
</item_mob_pr>
<item_mob_pr><code_type_mobilite>1</code_type_mobilite>
<liste_appellation_source>
<code_appellation_source>0</code_appellation_source>
<libelle_appellation_source>Toutes les appellations</libelle_appellation_source>
</liste_appellation_source>
<code_rome_cible>I1202</code_rome_cible>
<libelle_rome_cible>Entretien et surveillance du trac&#0233; routier</libelle_rome_cible>
<liste_appellation_cible>
<code_appellation_cible>17596</code_appellation_cible>
<libelle_appellation_cible>Patrouilleur autoroutier / Patrouilleuse autorouti&#0232;re</libelle_appellation_cible>
</liste_appellation_cible>
</item_mob_pr>
<item_mob_pr><code_type_mobilite>1</code_type_mobilite>
<liste_appellation_source>
<code_appellation_source>0</code_appellation_source>
<libelle_appellation_source>Toutes les appellations</libelle_appellation_source>
</liste_appellation_source>
<code_rome_cible>K1706</code_rome_cible>
<libelle_rome_cible>S&#0233;curit&#0233; publique</libelle_rome_cible>
<liste_appellation_cible>
<code_appellation_cible>0</code_appellation_cible>
<libelle_appellation_cible>Toutes les appellations</libelle_appellation_cible>
</liste_appellation_cible>
</item_mob_pr>
<item_mob_pr><code_type_mobilite>1</code_type_mobilite>
<liste_appellation_source>
<code_appellation_source>0</code_appellation_source>
<libelle_appellation_source>Toutes les appellations</libelle_appellation_source>
</liste_appellation_source>
<code_rome_cible>K2501</code_rome_cible>
<libelle_rome_cible>Gardiennage de locaux</libelle_rome_cible>
<liste_appellation_cible>
<code_appellation_cible>0</code_appellation_cible>
<libelle_appellation_cible>Toutes les appellations</libelle_appellation_cible>
</liste_appellation_cible>
</item_mob_pr>
<item_mob_pr><code_type_mobilite>1</code_type_mobilite>
<liste_appellation_source>
<code_appellation_source>0</code_appellation_source>
<libelle_appellation_source>Toutes les appellations</libelle_appellation_source>
</liste_appellation_source>
<code_rome_cible>K2503</code_rome_cible>
<libelle_rome_cible>S&#0233;curit&#0233; et surveillance priv&#0233;es</libelle_rome_cible>
<liste_appellation_cible>
<code_appellation_cible>0</code_appellation_cible>
<libelle_appellation_cible>Toutes les appellations</libelle_appellation_cible>
</liste_appellation_cible>
</item_mob_pr>
<item_mob_pr><code_type_mobilite>1</code_type_mobilite>
<liste_appellation_source>
<code_appellation_source>0</code_appellation_source>
<libelle_appellation_source>Toutes les appellations</libelle_appellation_source>
</liste_appellation_source>
<code_rome_cible>N4302</code_rome_cible>
<libelle_rome_cible>Contr&#0244;le des transports en commun</libelle_rome_cible>
<liste_appellation_cible>
<code_appellation_cible>0</code_appellation_cible>
<libelle_appellation_cible>Toutes les appellations</libelle_appellation_cible>
</liste_appellation_cible>
</item_mob_pr>
</mobilites_proches>
<mobilites_si_evolution nbItemMob="2">
<item_mob_ev><code_type_mobilite>2</code_type_mobilite>
<liste_appellation_source>
<code_appellation_source>0</code_appellation_source>
<libelle_appellation_source>Toutes les appellations</libelle_appellation_source>
</liste_appellation_source>
<code_rome_cible>K1705</code_rome_cible>
<libelle_rome_cible>S&#0233;curit&#0233; civile et secours</libelle_rome_cible>
<liste_appellation_cible>
<code_appellation_cible>0</code_appellation_cible>
<libelle_appellation_cible>Toutes les appellations</libelle_appellation_cible>
</liste_appellation_cible>
</item_mob_ev>
<item_mob_ev><code_type_mobilite>2</code_type_mobilite>
<liste_appellation_source>
<code_appellation_source>0</code_appellation_source>
<libelle_appellation_source>Toutes les appellations</libelle_appellation_source>
</liste_appellation_source>
<code_rome_cible>K2502</code_rome_cible>
<libelle_rome_cible>Management de s&#0233;curit&#0233; priv&#0233;e</libelle_rome_cible>
<liste_appellation_cible>
<code_appellation_cible>0</code_appellation_cible>
<libelle_appellation_cible>Toutes les appellations</libelle_appellation_cible>
</liste_appellation_cible>
</item_mob_ev>
</mobilites_si_evolution>
</bloc_mobilites>
</fiche_emploi_metier>