<?xml version="1.0" encoding="UTF-8" ?>
<fiche_emploi_metier>
<type_fiche>2</type_fiche>
<libelle_type_fiche>priorise</libelle_type_fiche>
<version_SI>
<version_rome>333</version_rome>
<date_version_si>01/10/2017</date_version_si>
<mois_version_si>Octobre</mois_version_si>
<annee_version_si>2017</annee_version_si>
</version_SI>
<bloc_code_rome>
<code_rome>K2106</code_rome>
<intitule>Enseignement des &#0233;coles</intitule>
<code_ogr>409</code_ogr>
<riasec_majeur>S</riasec_majeur>
<riasec_mineur>c</riasec_mineur>
</bloc_code_rome>
<bloc_appellation nbItemAppellation="24">
<item_app>
<code_ogr>12507</code_ogr>
<libelle>Chef d&#0039;&#0233;tablissement du premier degr&#0233;</libelle>
<libelle_court>Chef d&#0039;&#0233;tablissement du premier degr&#0233;</libelle_court>
<priorisation>1</priorisation>
</item_app>
<item_app>
<code_ogr>14339</code_ogr>
<libelle>Directeur / Directrice d&#0039;&#0233;cole charg&#0233; d&#0039;enseignement</libelle>
<libelle_court>Directeur / Directrice d&#0039;&#0233;cole charg&#0233; d&#0039;enseignement</libelle_court>
<priorisation>1</priorisation>
</item_app>
<item_app>
<code_ogr>14344</code_ogr>
<libelle>Directeur / Directrice d&#0039;&#0233;cole du premier degr&#0233;</libelle>
<libelle_court>Directeur / Directrice d&#0039;&#0233;cole du premier degr&#0233;</libelle_court>
<priorisation>1</priorisation>
</item_app>
<item_app>
<code_ogr>14345</code_ogr>
<libelle>Directeur / Directrice d&#0039;&#0233;cole maternelle</libelle>
<libelle_court>Directeur / Directrice d&#0039;&#0233;cole maternelle</libelle_court>
<priorisation>1</priorisation>
</item_app>
<item_app>
<code_ogr>14347</code_ogr>
<libelle>Directeur / Directrice d&#0039;&#0233;cole primaire</libelle>
<libelle_court>Directeur / Directrice d&#0039;&#0233;cole primaire</libelle_court>
<priorisation>1</priorisation>
</item_app>
<item_app>
<code_ogr>14853</code_ogr>
<libelle>Enseignant / Enseignante des &#0233;coles</libelle>
<libelle_court>Enseignant / Enseignante des &#0233;coles</libelle_court>
<priorisation>1</priorisation>
</item_app>
<item_app>
<code_ogr>16007</code_ogr>
<libelle>Instituteur / Institutrice</libelle>
<libelle_court>Instituteur / Institutrice</libelle_court>
<priorisation>1</priorisation>
</item_app>
<item_app>
<code_ogr>16008</code_ogr>
<libelle>Instituteur / Institutrice d&#0039;adaptation et d&#0039;int&#0233;gration scolaire</libelle>
<libelle_court>Instituteur(trice) d&#0039;adaptation et d&#0039;int&#0233;gration scolaire</libelle_court>
<priorisation>1</priorisation>
</item_app>
<item_app>
<code_ogr>16009</code_ogr>
<libelle>Instituteur / Institutrice de section d&#0039;&#0233;ducation sp&#0233;cialis&#0233;e</libelle>
<libelle_court>Instituteur/Institutrice de section d&#0039;&#0233;ducation sp&#0233;cialis&#0233;e</libelle_court>
<priorisation>1</priorisation>
</item_app>
<item_app>
<code_ogr>16010</code_ogr>
<libelle>Instituteur / Institutrice d&#0039;&#0233;cole maternelle</libelle>
<libelle_court>Instituteur / Institutrice d&#0039;&#0233;cole maternelle</libelle_court>
<priorisation>1</priorisation>
</item_app>
<item_app>
<code_ogr>16011</code_ogr>
<libelle>Instituteur / Institutrice d&#0039;&#0233;cole primaire</libelle>
<libelle_court>Instituteur / Institutrice d&#0039;&#0233;cole primaire</libelle_court>
<priorisation>1</priorisation>
</item_app>
<item_app>
<code_ogr>16012</code_ogr>
<libelle>Instituteur itin&#0233;rant / Institutrice itin&#0233;rante</libelle>
<libelle_court>Instituteur itin&#0233;rant / Institutrice itin&#0233;rante</libelle_court>
<priorisation>1</priorisation>
</item_app>
<item_app>
<code_ogr>16014</code_ogr>
<libelle>Instituteur rempla&#0231;ant / Institutrice rempla&#0231;ante</libelle>
<libelle_court>Instituteur rempla&#0231;ant / Institutrice rempla&#0231;ante</libelle_court>
<priorisation>1</priorisation>
</item_app>
<item_app>
<code_ogr>16015</code_ogr>
<libelle>Instituteur sp&#0233;cialis&#0233; / Institutrice sp&#0233;cialis&#0233;e</libelle>
<libelle_court>Instituteur sp&#0233;cialis&#0233; / Institutrice sp&#0233;cialis&#0233;e</libelle_court>
<priorisation>1</priorisation>
</item_app>
<item_app>
<code_ogr>16302</code_ogr>
<libelle>Ma&#0238;tre / Ma&#0238;tresse d&#0039;&#0233;cole</libelle>
<libelle_court>Ma&#0238;tre / Ma&#0238;tresse d&#0039;&#0233;cole</libelle_court>
<priorisation>1</priorisation>
</item_app>
<item_app>
<code_ogr>16303</code_ogr>
<libelle>Ma&#0238;tre / Ma&#0238;tresse d&#0039;&#0233;cole maternelle</libelle>
<libelle_court>Ma&#0238;tre / Ma&#0238;tresse d&#0039;&#0233;cole maternelle</libelle_court>
<priorisation>1</priorisation>
</item_app>
<item_app>
<code_ogr>16304</code_ogr>
<libelle>Ma&#0238;tre / Ma&#0238;tresse d&#0039;&#0233;cole primaire</libelle>
<libelle_court>Ma&#0238;tre / Ma&#0238;tresse d&#0039;&#0233;cole primaire</libelle_court>
<priorisation>1</priorisation>
</item_app>
<item_app>
<code_ogr>16305</code_ogr>
<libelle>Ma&#0238;tre d&#0233;l&#0233;gu&#0233; / Ma&#0238;tresse d&#0233;l&#0233;gu&#0233;e en &#0233;ducation nationale</libelle>
<libelle_court>Ma&#0238;tre d&#0233;l&#0233;gu&#0233; / Ma&#0238;tresse d&#0233;l&#0233;gu&#0233;e en &#0233;ducation nationale</libelle_court>
<priorisation>1</priorisation>
</item_app>
<item_app>
<code_ogr>16306</code_ogr>
<libelle>Ma&#0238;tre d&#0233;l&#0233;gu&#0233; / Ma&#0238;tresse d&#0233;l&#0233;gu&#0233;e pour l&#0039;enseignement de la musique</libelle>
<libelle_court>Ma&#0238;tre(sse) d&#0233;l&#0233;gu&#0233;(e) pour l&#0039;enseigt de la musique</libelle_court>
<priorisation>1</priorisation>
</item_app>
<item_app>
<code_ogr>16307</code_ogr>
<libelle>Ma&#0238;tre d&#0233;l&#0233;gu&#0233; / Ma&#0238;tresse d&#0233;l&#0233;gu&#0233;e pour l&#0039;enseignement de l&#0039;&#0233;ducation physique</libelle>
<libelle_court>Ma&#0238;tre(sse) d&#0233;l&#0233;gu&#0233;(e) enseignement de l&#0039;&#0233;ducation physique</libelle_court>
<priorisation>1</priorisation>
</item_app>
<item_app>
<code_ogr>16308</code_ogr>
<libelle>Ma&#0238;tre d&#0233;l&#0233;gu&#0233; / Ma&#0238;tresse d&#0233;l&#0233;gu&#0233;e pour l&#0039;enseignement du dessin-arts plastiques</libelle>
<libelle_court>Ma&#0238;tre(sse) d&#0233;l&#0233;gu&#0233;(e) enseignement dessin-arts plastiques</libelle_court>
<priorisation>1</priorisation>
</item_app>
<item_app>
<code_ogr>17965</code_ogr>
<libelle>Pr&#0233;cepteur / Pr&#0233;ceptrice</libelle>
<libelle_court>Pr&#0233;cepteur / Pr&#0233;ceptrice</libelle_court>
<priorisation>1</priorisation>
</item_app>
<item_app>
<code_ogr>18161</code_ogr>
<libelle>Professeur / Professeure des &#0233;coles</libelle>
<libelle_court>Professeur / Professeure des &#0233;coles</libelle_court>
<priorisation>1</priorisation>
</item_app>
<item_app>
<code_ogr>18546</code_ogr>
<libelle>R&#0233;p&#0233;titeur / R&#0233;p&#0233;titrice</libelle>
<libelle_court>R&#0233;p&#0233;titeur / R&#0233;p&#0233;titrice</libelle_court>
<priorisation>1</priorisation>
</item_app>
</bloc_appellation>
<definition nbItemDefinition="2">
Enseigne aux &#0233;l&#0232;ves les apprentissages premiers et fondamentaux (lecture, &#0233;criture, ...) ou les mati&#0232;res d&#0039;enseignement g&#0233;n&#0233;ral (fran&#0231;ais, math&#0233;matiques, histoire, g&#0233;ographie, ...) selon les programmes d&#0039;enseignement nationaux.
Peut administrer un &#0233;tablissement du premier degr&#0233;.
</definition>
<acces_emploi_metier nbItemAccesEmploiMetier="4">
Cet emploi/m&#0233;tier est accessible avec un dipl&#0244;me de niveau Bac + 5 (master ou &#0233;quivalent) et la r&#0233;ussite du concours de recrutement des professeurs des &#0233;coles (CRPE).
Le Certificat d&#0039;Aptitude Professionnelle pour les Aides Sp&#0233;cialis&#0233;es (enseignements adapt&#0233;s, scolarisation des &#0233;l&#0232;ves en situation de Handicap) -CAPA SH- permet d&#0039;enseigner dans des &#0233;tablissements sp&#0233;cialis&#0233;s.
La fonction d&#0039;administrateur des &#0233;coles est accessible, dans le secteur public, &#0224; partir de 3 ans de service effectif en tant que professeur des &#0233;coles.
Un certificat de comp&#0233;tence en natation et une attestation de secourisme sont requis pour se pr&#0233;senter au concours.
</acces_emploi_metier>
<condition_exercice_activite nbItemConditionExercice="3">
L&#0039;activit&#0233; de cet emploi/m&#0233;tier s&#0039;exerce au sein d&#0039;&#0233;coles maternelles, primaires, d&#0039;&#0233;tablissements d&#0039;enseignement sp&#0233;cialis&#0233;, en contact avec diff&#0233;rents intervenants (parents, personnel &#0233;ducatif, m&#0233;dical, social, administratif, ...).
Elle peut s&#0039;exercer au domicile de l&#0039;&#0233;l&#0232;ve.
La fonction d&#0039;administrateur s&#0039;exerce avec une d&#0233;charge d&#0039;enseignement selon le nombre de classes.
</condition_exercice_activite>
<bloc_environnement_de_travail nbItemEnvTrav="8">
<item_env>
<code_ogr>23706</code_ogr>
<libelle>Association</libelle>
<code_type_section_env>1</code_type_section_env>
<priorisation>1</priorisation>
</item_env>
<item_env>
<code_ogr>23781</code_ogr>
<libelle>Centre d&#0039;enseignement &#0224; distance</libelle>
<code_type_section_env>1</code_type_section_env>
<priorisation>1</priorisation>
</item_env>
<item_env>
<code_ogr>23855</code_ogr>
<libelle>Ecole maternelle et primaire</libelle>
<code_type_section_env>1</code_type_section_env>
<priorisation>1</priorisation>
</item_env>
<item_env>
<code_ogr>23920</code_ogr>
<libelle>Etablissement d&#0039;enseignement sp&#0233;cialis&#0233;</libelle>
<code_type_section_env>1</code_type_section_env>
<priorisation>1</priorisation>
</item_env>
<item_env>
<code_ogr>23388</code_ogr>
<libelle>Administration / Services de l&#0039;Etat</libelle>
<code_type_section_env>2</code_type_section_env>
<priorisation>1</priorisation>
</item_env>
<item_env>
<code_ogr>23483</code_ogr>
<libelle>Enseignement priv&#0233; hors contrat</libelle>
<code_type_section_env>2</code_type_section_env>
<priorisation>1</priorisation>
</item_env>
<item_env>
<code_ogr>23484</code_ogr>
<libelle>Enseignement priv&#0233; sous contrat</libelle>
<code_type_section_env>2</code_type_section_env>
<priorisation>1</priorisation>
</item_env>
<item_env>
<code_ogr>23375</code_ogr>
<libelle>Au domicile de particulier</libelle>
<code_type_section_env>3</code_type_section_env>
<priorisation>1</priorisation>
</item_env>
</bloc_environnement_de_travail>
<bloc_activites_de_base nbBlocActiviteBase="1">
<activites_de_base nbItemActivite_AB="12">
<item_ab>
<code_ogr>108394</code_ogr>
<libelle>Surveiller la ponctualit&#0233;, l&#0039;assiduit&#0233; des &#0233;l&#0232;ves aux cours, contr&#0244;ler les justificatifs et informer les parents</libelle>
<code_type_activite>3</code_type_activite>
<code_type_item_activite>2</code_type_item_activite>
<position_item>1</position_item>
<priorisation>1</priorisation>
<riasec_majeur>C</riasec_majeur>
<riasec_mineur>s</riasec_mineur>
</item_ab>
<item_ab>
<code_ogr>108471</code_ogr>
<libelle>D&#0233;finir un objectif d&#0039;apprentissages et &#0233;tablir la programmation des activit&#0233;s p&#0233;dagogiques</libelle>
<code_type_activite>3</code_type_activite>
<code_type_item_activite>2</code_type_item_activite>
<position_item>1</position_item>
<priorisation>1</priorisation>
<riasec_majeur>S</riasec_majeur>
<riasec_mineur>c</riasec_mineur>
</item_ab>
<item_ab>
<code_ogr>108472</code_ogr>
<libelle>Collecter des informations et pr&#0233;parer la le&#0231;on en s&#0233;ance (fiche de pr&#0233;paration, m&#0233;thode d&#0039;apprentissage)</libelle>
<code_type_activite>3</code_type_activite>
<code_type_item_activite>2</code_type_item_activite>
<position_item>2</position_item>
<priorisation>1</priorisation>
<riasec_majeur>I</riasec_majeur>
<riasec_mineur>s</riasec_mineur>
</item_ab>
<item_ab>
<code_ogr>124850</code_ogr>
<libelle>V&#0233;rifier la tenue d&#0039;une classe</libelle>
<code_type_activite>3</code_type_activite>
<code_type_item_activite>2</code_type_item_activite>
<position_item>3</position_item>
<priorisation>1</priorisation>
<riasec_majeur>R</riasec_majeur>
</item_ab>
<item_ab>
<code_ogr>124849</code_ogr>
<libelle>Organiser l&#0039;espace p&#0233;dagogique de la classe</libelle>
<code_type_activite>3</code_type_activite>
<code_type_item_activite>2</code_type_item_activite>
<position_item>4</position_item>
<priorisation>1</priorisation>
<riasec_majeur>R</riasec_majeur>
</item_ab>
<item_ab>
<code_ogr>108400</code_ogr>
<libelle>Surveiller les &#0233;l&#0232;ves lors d&#0039;interclasses, activit&#0233;s p&#0233;riscolaires, internat et repas</libelle>
<code_type_activite>3</code_type_activite>
<code_type_item_activite>2</code_type_item_activite>
<position_item>5</position_item>
<priorisation>1</priorisation>
<riasec_majeur>C</riasec_majeur>
<riasec_mineur>s</riasec_mineur>
</item_ab>
<item_ab>
<code_ogr>108474</code_ogr>
<libelle>Accueillir les &#0233;l&#0232;ves &#0224; leur arriv&#0233;e en classe</libelle>
<code_type_activite>3</code_type_activite>
<code_type_item_activite>2</code_type_item_activite>
<position_item>6</position_item>
<priorisation>1</priorisation>
<riasec_majeur>C</riasec_majeur>
<riasec_mineur>s</riasec_mineur>
</item_ab>
<item_ab>
<code_ogr>108475</code_ogr>
<libelle>D&#0233;velopper la d&#0233;marche p&#0233;dagogique et enseigner les savoirs fondamentaux (fran&#0231;ais, math&#0233;matiques, sciences, ...)</libelle>
<code_type_activite>3</code_type_activite>
<code_type_item_activite>2</code_type_item_activite>
<position_item>7</position_item>
<priorisation>1</priorisation>
<riasec_majeur>S</riasec_majeur>
</item_ab>
<item_ab>
<code_ogr>108476</code_ogr>
<libelle>Adapter le d&#0233;roulement des apprentissages selon les difficult&#0233;s des &#0233;l&#0232;ves</libelle>
<code_type_activite>3</code_type_activite>
<code_type_item_activite>2</code_type_item_activite>
<position_item>8</position_item>
<priorisation>1</priorisation>
<riasec_majeur>S</riasec_majeur>
<riasec_mineur>i</riasec_mineur>
</item_ab>
<item_ab>
<code_ogr>116400</code_ogr>
<libelle>Mesurer les progr&#0232;s dans l&#0039;apprentissage de l&#0039;&#0233;l&#0232;ve</libelle>
<code_type_activite>3</code_type_activite>
<code_type_item_activite>2</code_type_item_activite>
<position_item>9</position_item>
<priorisation>1</priorisation>
<riasec_majeur>S</riasec_majeur>
<riasec_mineur>i</riasec_mineur>
</item_ab>
<item_ab>
<code_ogr>108477</code_ogr>
<libelle>Informer les familles, les &#0233;quipes p&#0233;dagogiques sur les modalit&#0233;s d&#0039;&#0233;valuation, r&#0233;sultats, difficult&#0233;s ou comportements de l&#0039;enfant</libelle>
<code_type_activite>3</code_type_activite>
<code_type_item_activite>2</code_type_item_activite>
<position_item>10</position_item>
<priorisation>1</priorisation>
<riasec_majeur>S</riasec_majeur>
</item_ab>
<item_ab>
<code_ogr>119114</code_ogr>
<libelle>Traiter l&#0039;information (collecter, classer et mettre &#0224; jour)</libelle>
<code_type_activite>3</code_type_activite>
<code_type_item_activite>2</code_type_item_activite>
<position_item>11</position_item>
<priorisation>1</priorisation>
<riasec_majeur>C</riasec_majeur>
<riasec_mineur>i</riasec_mineur>
</item_ab>
</activites_de_base>
<savoir_theorique_et_proceduraux nbItemSTP_AB="7">
<item_ab_stp>
<code_ogr>100090</code_ogr>
<libelle>Techniques p&#0233;dagogiques</libelle>
<code_type_competence>1</code_type_competence>
<position_item>1</position_item>
<priorisation>1</priorisation>
</item_ab_stp>
<item_ab_stp>
<code_ogr>118975</code_ogr>
<libelle>Outils bureautiques</libelle>
<code_type_competence>1</code_type_competence>
<position_item>2</position_item>
<priorisation>1</priorisation>
</item_ab_stp>
<item_ab_stp>
<code_ogr>108478</code_ogr>
<libelle>Programme de l&#0039;Education Nationale</libelle>
<code_type_competence>1</code_type_competence>
<position_item>3</position_item>
<priorisation>1</priorisation>
</item_ab_stp>
<item_ab_stp>
<code_ogr>107469</code_ogr>
<libelle>Etapes du d&#0233;veloppement de l&#0039;enfant</libelle>
<code_type_competence>1</code_type_competence>
<position_item>4</position_item>
<priorisation>1</priorisation>
</item_ab_stp>
<item_ab_stp>
<code_ogr>101949</code_ogr>
<libelle>Techniques de pr&#0233;vention et de gestion de conflits</libelle>
<code_type_competence>1</code_type_competence>
<position_item>5</position_item>
<priorisation>1</priorisation>
</item_ab_stp>
<item_ab_stp>
<code_ogr>107374</code_ogr>
<libelle>Psychologie de l&#0039;enfant</libelle>
<code_type_competence>1</code_type_competence>
<position_item>6</position_item>
<priorisation>1</priorisation>
</item_ab_stp>
<item_ab_stp>
<code_ogr>103848</code_ogr>
<libelle>Techniques d&#0039;animation de groupe</libelle>
<code_type_competence>1</code_type_competence>
<position_item>7</position_item>
<priorisation>1</priorisation>
</item_ab_stp>
</savoir_theorique_et_proceduraux>
<savoir_action nbItemSA_AB="0">
</savoir_action>
</bloc_activites_de_base>
<bloc_activites_specifiques nbBlocActiviteSpecifique="8">
<bloc>
<position_bloc>1</position_bloc>
<activite_specifique nbItemActivite_AS="3">
<item_as>
<code_ogr>108480</code_ogr>
<libelle>Intervenir aupr&#0232;s de publics ayant des difficult&#0233;s scolaires graves</libelle>
<code_type_activite>3</code_type_activite>
<code_type_item_activite>2</code_type_item_activite>
<position_item>1</position_item>
<priorisation>1</priorisation>
<riasec_majeur>S</riasec_majeur>
</item_as>
<item_as>
<code_ogr>117915</code_ogr>
<libelle>Intervenir aupr&#0232;s de personnes en situation de handicap</libelle>
<code_type_activite>3</code_type_activite>
<code_type_item_activite>2</code_type_item_activite>
<position_item>2</position_item>
<priorisation>1</priorisation>
<riasec_majeur>S</riasec_majeur>
</item_as>
<item_as>
<code_ogr>123950</code_ogr>
<libelle>Intervenir aupr&#0232;s d&#0039;enfants en situation de handicap</libelle>
<code_type_activite>3</code_type_activite>
<code_type_item_activite>2</code_type_item_activite>
<position_item>3</position_item>
<priorisation>1</priorisation>
<riasec_majeur>S</riasec_majeur>
</item_as>
</activite_specifique>
<savoir_theorique_et_proceduraux nbItemSTP_AS="3">
<item_as_stp>
<code_ogr>107383</code_ogr>
<libelle>Pathologies psychiatriques</libelle>
<code_type_competence>1</code_type_competence>
<position_item>1</position_item>
<priorisation>1</priorisation>
</item_as_stp>
<item_as_stp>
<code_ogr>102631</code_ogr>
<libelle>Braille</libelle>
<code_type_competence>1</code_type_competence>
<position_item>2</position_item>
<priorisation>1</priorisation>
</item_as_stp>
<item_as_stp>
<code_ogr>119375</code_ogr>
<libelle>Langue des signes</libelle>
<code_type_competence>1</code_type_competence>
<position_item>3</position_item>
<priorisation>1</priorisation>
</item_as_stp>
</savoir_theorique_et_proceduraux>
<savoir_action nbItemSA_AS="0">
</savoir_action>
</bloc>
<bloc>
<position_bloc>2</position_bloc>
<activite_specifique nbItemActivite_AS="1">
<item_as>
<code_ogr>123125</code_ogr>
<libelle>Enseigner une discipline &#0224; un groupe de personnes</libelle>
<code_type_activite>3</code_type_activite>
<code_type_item_activite>2</code_type_item_activite>
<position_item>1</position_item>
<priorisation>1</priorisation>
<riasec_majeur>S</riasec_majeur>
</item_as>
</activite_specifique>
<savoir_theorique_et_proceduraux nbItemSTP_AS="42">
<item_as_stp>
<code_ogr>118216</code_ogr>
<libelle>Education musicale</libelle>
<code_type_competence>1</code_type_competence>
<position_item>1</position_item>
<priorisation>1</priorisation>
</item_as_stp>
<item_as_stp>
<code_ogr>102141</code_ogr>
<libelle>Pratique de discipline sportive</libelle>
<code_type_competence>1</code_type_competence>
<position_item>2</position_item>
<priorisation>1</priorisation>
</item_as_stp>
<item_as_stp>
<code_ogr>115993</code_ogr>
<libelle>Langue &#0233;trang&#0232;re - Su&#0233;dois</libelle>
<code_type_competence>1</code_type_competence>
<position_item>3</position_item>
<priorisation>1</priorisation>
</item_as_stp>
<item_as_stp>
<code_ogr>115992</code_ogr>
<libelle>Langue &#0233;trang&#0232;re - Slov&#0232;ne</libelle>
<code_type_competence>1</code_type_competence>
<position_item>4</position_item>
<priorisation>1</priorisation>
</item_as_stp>
<item_as_stp>
<code_ogr>115991</code_ogr>
<libelle>Langue &#0233;trang&#0232;re - Slovaque</libelle>
<code_type_competence>1</code_type_competence>
<position_item>5</position_item>
<priorisation>1</priorisation>
</item_as_stp>
<item_as_stp>
<code_ogr>115990</code_ogr>
<libelle>Langue &#0233;trang&#0232;re - Serbe (version i&#0233;kavienne)</libelle>
<code_type_competence>1</code_type_competence>
<position_item>6</position_item>
<priorisation>1</priorisation>
</item_as_stp>
<item_as_stp>
<code_ogr>115989</code_ogr>
<libelle>Langue &#0233;trang&#0232;re - Russe</libelle>
<code_type_competence>1</code_type_competence>
<position_item>7</position_item>
<priorisation>1</priorisation>
</item_as_stp>
<item_as_stp>
<code_ogr>115988</code_ogr>
<libelle>Langue &#0233;trang&#0232;re - Portugais</libelle>
<code_type_competence>1</code_type_competence>
<position_item>8</position_item>
<priorisation>1</priorisation>
</item_as_stp>
<item_as_stp>
<code_ogr>115987</code_ogr>
<libelle>Langue &#0233;trang&#0232;re - Polonais</libelle>
<code_type_competence>1</code_type_competence>
<position_item>9</position_item>
<priorisation>1</priorisation>
</item_as_stp>
<item_as_stp>
<code_ogr>115986</code_ogr>
<libelle>Langue &#0233;trang&#0232;re - Norv&#0233;gien</libelle>
<code_type_competence>1</code_type_competence>
<position_item>10</position_item>
<priorisation>1</priorisation>
</item_as_stp>
<item_as_stp>
<code_ogr>115985</code_ogr>
<libelle>Langue &#0233;trang&#0232;re - N&#0233;erlandais</libelle>
<code_type_competence>1</code_type_competence>
<position_item>11</position_item>
<priorisation>1</priorisation>
</item_as_stp>
<item_as_stp>
<code_ogr>115984</code_ogr>
<libelle>Langue &#0233;trang&#0232;re - Moldave</libelle>
<code_type_competence>1</code_type_competence>
<position_item>12</position_item>
<priorisation>1</priorisation>
</item_as_stp>
<item_as_stp>
<code_ogr>115983</code_ogr>
<libelle>Langue &#0233;trang&#0232;re - Lituanien</libelle>
<code_type_competence>1</code_type_competence>
<position_item>13</position_item>
<priorisation>1</priorisation>
</item_as_stp>
<item_as_stp>
<code_ogr>115982</code_ogr>
<libelle>Langue &#0233;trang&#0232;re - Langue Mac&#0233;doine</libelle>
<code_type_competence>1</code_type_competence>
<position_item>14</position_item>
<priorisation>1</priorisation>
</item_as_stp>
<item_as_stp>
<code_ogr>115981</code_ogr>
<libelle>Langue &#0233;trang&#0232;re - Japonais</libelle>
<code_type_competence>1</code_type_competence>
<position_item>15</position_item>
<priorisation>1</priorisation>
</item_as_stp>
<item_as_stp>
<code_ogr>115979</code_ogr>
<libelle>Langue &#0233;trang&#0232;re - Hongrois</libelle>
<code_type_competence>1</code_type_competence>
<position_item>16</position_item>
<priorisation>1</priorisation>
</item_as_stp>
<item_as_stp>
<code_ogr>115978</code_ogr>
<libelle>Langue &#0233;trang&#0232;re - Grec</libelle>
<code_type_competence>1</code_type_competence>
<position_item>17</position_item>
<priorisation>1</priorisation>
</item_as_stp>
<item_as_stp>
<code_ogr>115977</code_ogr>
<libelle>Langue &#0233;trang&#0232;re - G&#0233;orgien</libelle>
<code_type_competence>1</code_type_competence>
<position_item>18</position_item>
<priorisation>1</priorisation>
</item_as_stp>
<item_as_stp>
<code_ogr>115976</code_ogr>
<libelle>Langue &#0233;trang&#0232;re - Galicien</libelle>
<code_type_competence>1</code_type_competence>
<position_item>19</position_item>
<priorisation>1</priorisation>
</item_as_stp>
<item_as_stp>
<code_ogr>115975</code_ogr>
<libelle>Langue &#0233;trang&#0232;re - Frioulan</libelle>
<code_type_competence>1</code_type_competence>
<position_item>20</position_item>
<priorisation>1</priorisation>
</item_as_stp>
<item_as_stp>
<code_ogr>115974</code_ogr>
<libelle>Langue &#0233;trang&#0232;re - Finlandais</libelle>
<code_type_competence>1</code_type_competence>
<position_item>21</position_item>
<priorisation>1</priorisation>
</item_as_stp>
<item_as_stp>
<code_ogr>115973</code_ogr>
<libelle>Langue &#0233;trang&#0232;re - Estonien</libelle>
<code_type_competence>1</code_type_competence>
<position_item>22</position_item>
<priorisation>1</priorisation>
</item_as_stp>
<item_as_stp>
<code_ogr>115972</code_ogr>
<libelle>Langue &#0233;trang&#0232;re - Esp&#0233;ranto</libelle>
<code_type_competence>1</code_type_competence>
<position_item>23</position_item>
<priorisation>1</priorisation>
</item_as_stp>
<item_as_stp>
<code_ogr>115970</code_ogr>
<libelle>Langue &#0233;trang&#0232;re - Danois</libelle>
<code_type_competence>1</code_type_competence>
<position_item>24</position_item>
<priorisation>1</priorisation>
</item_as_stp>
<item_as_stp>
<code_ogr>115969</code_ogr>
<libelle>Langue &#0233;trang&#0232;re - Croate</libelle>
<code_type_competence>1</code_type_competence>
<position_item>25</position_item>
<priorisation>1</priorisation>
</item_as_stp>
<item_as_stp>
<code_ogr>115968</code_ogr>
<libelle>Langue &#0233;trang&#0232;re - Cor&#0233;en</libelle>
<code_type_competence>1</code_type_competence>
<position_item>26</position_item>
<priorisation>1</priorisation>
</item_as_stp>
<item_as_stp>
<code_ogr>115967</code_ogr>
<libelle>Langue &#0233;trang&#0232;re - Chinois</libelle>
<code_type_competence>1</code_type_competence>
<position_item>27</position_item>
<priorisation>1</priorisation>
</item_as_stp>
<item_as_stp>
<code_ogr>115966</code_ogr>
<libelle>Langue &#0233;trang&#0232;re - Catalan</libelle>
<code_type_competence>1</code_type_competence>
<position_item>28</position_item>
<priorisation>1</priorisation>
</item_as_stp>
<item_as_stp>
<code_ogr>115965</code_ogr>
<libelle>Langue &#0233;trang&#0232;re - Bulgare</libelle>
<code_type_competence>1</code_type_competence>
<position_item>29</position_item>
<priorisation>1</priorisation>
</item_as_stp>
<item_as_stp>
<code_ogr>115964</code_ogr>
<libelle>Langue &#0233;trang&#0232;re - Basque</libelle>
<code_type_competence>1</code_type_competence>
<position_item>30</position_item>
<priorisation>1</priorisation>
</item_as_stp>
<item_as_stp>
<code_ogr>115963</code_ogr>
<libelle>Langue &#0233;trang&#0232;re - Aram&#0233;nien</libelle>
<code_type_competence>1</code_type_competence>
<position_item>31</position_item>
<priorisation>1</priorisation>
</item_as_stp>
<item_as_stp>
<code_ogr>115962</code_ogr>
<libelle>Langue &#0233;trang&#0232;re - Arabe</libelle>
<code_type_competence>1</code_type_competence>
<position_item>32</position_item>
<priorisation>1</priorisation>
</item_as_stp>
<item_as_stp>
<code_ogr>115961</code_ogr>
<libelle>Langue &#0233;trang&#0232;re - Albanais</libelle>
<code_type_competence>1</code_type_competence>
<position_item>33</position_item>
<priorisation>1</priorisation>
</item_as_stp>
<item_as_stp>
<code_ogr>118474</code_ogr>
<libelle>Langue &#0233;trang&#0232;re - Espagnol</libelle>
<code_type_competence>1</code_type_competence>
<position_item>34</position_item>
<priorisation>1</priorisation>
</item_as_stp>
<item_as_stp>
<code_ogr>118475</code_ogr>
<libelle>Langue &#0233;trang&#0232;re - Allemand</libelle>
<code_type_competence>1</code_type_competence>
<position_item>35</position_item>
<priorisation>1</priorisation>
</item_as_stp>
<item_as_stp>
<code_ogr>125081</code_ogr>
<libelle>Langue &#0233;trang&#0232;re - Arm&#0233;nien</libelle>
<code_type_competence>1</code_type_competence>
<position_item>36</position_item>
<priorisation>1</priorisation>
</item_as_stp>
<item_as_stp>
<code_ogr>118232</code_ogr>
<libelle>Langues r&#0233;gionales</libelle>
<code_type_competence>1</code_type_competence>
<position_item>37</position_item>
<priorisation>1</priorisation>
</item_as_stp>
<item_as_stp>
<code_ogr>115994</code_ogr>
<libelle>Langue &#0233;trang&#0232;re - Tch&#0232;que</libelle>
<code_type_competence>1</code_type_competence>
<position_item>38</position_item>
<priorisation>1</priorisation>
</item_as_stp>
<item_as_stp>
<code_ogr>115995</code_ogr>
<libelle>Langue &#0233;trang&#0232;re - Turc</libelle>
<code_type_competence>1</code_type_competence>
<position_item>39</position_item>
<priorisation>1</priorisation>
</item_as_stp>
<item_as_stp>
<code_ogr>118472</code_ogr>
<libelle>Langue &#0233;trang&#0232;re - Italien</libelle>
<code_type_competence>1</code_type_competence>
<position_item>40</position_item>
<priorisation>1</priorisation>
</item_as_stp>
<item_as_stp>
<code_ogr>118471</code_ogr>
<libelle>Langue &#0233;trang&#0232;re - Anglais</libelle>
<code_type_competence>1</code_type_competence>
<position_item>41</position_item>
<priorisation>1</priorisation>
</item_as_stp>
<item_as_stp>
<code_ogr>115996</code_ogr>
<libelle>Langue &#0233;trang&#0232;re - Ukrainien</libelle>
<code_type_competence>1</code_type_competence>
<position_item>42</position_item>
<priorisation>1</priorisation>
</item_as_stp>
</savoir_theorique_et_proceduraux>
<savoir_action nbItemSA_AS="0">
</savoir_action>
</bloc>
<bloc>
<position_bloc>3</position_bloc>
<activite_specifique nbItemActivite_AS="1">
<item_as>
<code_ogr>115277</code_ogr>
<libelle>Participer &#0224; l&#0039;&#0233;laboration du projet p&#0233;dagogique de l&#0039;&#0233;tablissement</libelle>
<code_type_activite>3</code_type_activite>
<code_type_item_activite>2</code_type_item_activite>
<position_item>1</position_item>
<priorisation>1</priorisation>
<riasec_majeur>S</riasec_majeur>
<riasec_mineur>i</riasec_mineur>
</item_as>
</activite_specifique>
<savoir_theorique_et_proceduraux nbItemSTP_AS="0">
</savoir_theorique_et_proceduraux>
<savoir_action nbItemSA_AS="0">
</savoir_action>
</bloc>
<bloc>
<position_bloc>4</position_bloc>
<activite_specifique nbItemActivite_AS="2">
<item_as>
<code_ogr>123649</code_ogr>
<libelle>Contr&#0244;ler l&#0039;application d&#0039;une r&#0233;glementation</libelle>
<code_type_activite>3</code_type_activite>
<code_type_item_activite>2</code_type_item_activite>
<position_item>1</position_item>
<priorisation>1</priorisation>
<riasec_majeur>C</riasec_majeur>
</item_as>
<item_as>
<code_ogr>123658</code_ogr>
<libelle>Contr&#0244;ler la conformit&#0233; d&#0039;un &#0233;quipement ou de locaux</libelle>
<code_type_activite>3</code_type_activite>
<code_type_item_activite>2</code_type_item_activite>
<position_item>2</position_item>
<priorisation>1</priorisation>
<riasec_majeur>C</riasec_majeur>
</item_as>
</activite_specifique>
<savoir_theorique_et_proceduraux nbItemSTP_AS="0">
</savoir_theorique_et_proceduraux>
<savoir_action nbItemSA_AS="0">
</savoir_action>
</bloc>
<bloc>
<position_bloc>5</position_bloc>
<activite_specifique nbItemActivite_AS="3">
<item_as>
<code_ogr>125971</code_ogr>
<libelle>D&#0233;finir des besoins en approvisionnement</libelle>
<code_type_activite>3</code_type_activite>
<code_type_item_activite>2</code_type_item_activite>
<position_item>1</position_item>
<priorisation>1</priorisation>
<riasec_majeur>C</riasec_majeur>
</item_as>
<item_as>
<code_ogr>113786</code_ogr>
<libelle>R&#0233;aliser les commandes de mat&#0233;riel, de fournitures, de consommables et v&#0233;rifier la conformit&#0233; des livraisons</libelle>
<code_type_activite>3</code_type_activite>
<code_type_item_activite>2</code_type_item_activite>
<position_item>2</position_item>
<priorisation>1</priorisation>
<riasec_majeur>C</riasec_majeur>
</item_as>
<item_as>
<code_ogr>120982</code_ogr>
<libelle>Suivre les besoins en &#0233;quipements, mat&#0233;riels et consommables</libelle>
<code_type_activite>3</code_type_activite>
<code_type_item_activite>2</code_type_item_activite>
<position_item>3</position_item>
<priorisation>1</priorisation>
<riasec_majeur>C</riasec_majeur>
</item_as>
</activite_specifique>
<savoir_theorique_et_proceduraux nbItemSTP_AS="0">
</savoir_theorique_et_proceduraux>
<savoir_action nbItemSA_AS="0">
</savoir_action>
</bloc>
<bloc>
<position_bloc>6</position_bloc>
<activite_specifique nbItemActivite_AS="1">
<item_as>
<code_ogr>115280</code_ogr>
<libelle>Former des enseignants, des directeurs d&#0039;&#0233;cole</libelle>
<code_type_activite>3</code_type_activite>
<code_type_item_activite>2</code_type_item_activite>
<position_item>1</position_item>
<priorisation>1</priorisation>
<riasec_majeur>S</riasec_majeur>
</item_as>
</activite_specifique>
<savoir_theorique_et_proceduraux nbItemSTP_AS="0">
</savoir_theorique_et_proceduraux>
<savoir_action nbItemSA_AS="0">
</savoir_action>
</bloc>
<bloc>
<position_bloc>7</position_bloc>
<activite_specifique nbItemActivite_AS="1">
<item_as>
<code_ogr>124851</code_ogr>
<libelle>Organiser des conseils d&#0039;&#0233;cole ou de ma&#0238;tres</libelle>
<code_type_activite>3</code_type_activite>
<code_type_item_activite>2</code_type_item_activite>
<position_item>1</position_item>
<priorisation>1</priorisation>
<riasec_majeur>C</riasec_majeur>
</item_as>
</activite_specifique>
<savoir_theorique_et_proceduraux nbItemSTP_AS="0">
</savoir_theorique_et_proceduraux>
<savoir_action nbItemSA_AS="0">
</savoir_action>
</bloc>
<bloc>
<position_bloc>8</position_bloc>
<activite_specifique nbItemActivite_AS="1">
<item_as>
<code_ogr>124848</code_ogr>
<libelle>Coordonner l&#0039;activit&#0233; de l&#0039;&#0233;quipe p&#0233;dagogique et des personnels</libelle>
<code_type_activite>3</code_type_activite>
<code_type_item_activite>2</code_type_item_activite>
<position_item>1</position_item>
<priorisation>1</priorisation>
<riasec_majeur>E</riasec_majeur>
<riasec_mineur>s</riasec_mineur>
</item_as>
</activite_specifique>
<savoir_theorique_et_proceduraux nbItemSTP_AS="0">
</savoir_theorique_et_proceduraux>
<savoir_action nbItemSA_AS="0">
</savoir_action>
</bloc>
</bloc_activites_specifiques>
<bloc_mobilites>
<mobilites_proches nbItemMob="1">
<item_mob_pr><code_type_mobilite>1</code_type_mobilite>
<liste_appellation_source>
<code_appellation_source>0</code_appellation_source>
<libelle_appellation_source>Toutes les appellations</libelle_appellation_source>
</liste_appellation_source>
<code_rome_cible>K2107</code_rome_cible>
<libelle_rome_cible>Enseignement g&#0233;n&#0233;ral du second degr&#0233;</libelle_rome_cible>
<liste_appellation_cible>
<code_appellation_cible>0</code_appellation_cible>
<libelle_appellation_cible>Toutes les appellations</libelle_appellation_cible>
</liste_appellation_cible>
</item_mob_pr>
</mobilites_proches>
<mobilites_si_evolution nbItemMob="7">
<item_mob_ev><code_type_mobilite>2</code_type_mobilite>
<liste_appellation_source>
<code_appellation_source>0</code_appellation_source>
<libelle_appellation_source>Toutes les appellations</libelle_appellation_source>
</liste_appellation_source>
<code_rome_cible>K1104</code_rome_cible>
<libelle_rome_cible>Psychologie</libelle_rome_cible>
<liste_appellation_cible>
<code_appellation_cible>18232</code_appellation_cible>
<libelle_appellation_cible>Psychologue scolaire</libelle_appellation_cible>
</liste_appellation_cible>
</item_mob_ev>
<item_mob_ev><code_type_mobilite>2</code_type_mobilite>
<liste_appellation_source>
<code_appellation_source>0</code_appellation_source>
<libelle_appellation_source>Toutes les appellations</libelle_appellation_source>
</liste_appellation_source>
<code_rome_cible>K1403</code_rome_cible>
<libelle_rome_cible>Management de structure de sant&#0233;, sociale ou p&#0233;nitentiaire</libelle_rome_cible>
<liste_appellation_cible>
<code_appellation_cible>0</code_appellation_cible>
<libelle_appellation_cible>Toutes les appellations</libelle_appellation_cible>
</liste_appellation_cible>
</item_mob_ev>
<item_mob_ev><code_type_mobilite>2</code_type_mobilite>
<liste_appellation_source>
<code_appellation_source>0</code_appellation_source>
<libelle_appellation_source>Toutes les appellations</libelle_appellation_source>
</liste_appellation_source>
<code_rome_cible>K1601</code_rome_cible>
<libelle_rome_cible>Gestion de l&#0039;information et de la documentation</libelle_rome_cible>
<liste_appellation_cible>
<code_appellation_cible>0</code_appellation_cible>
<libelle_appellation_cible>Toutes les appellations</libelle_appellation_cible>
</liste_appellation_cible>
</item_mob_ev>
<item_mob_ev><code_type_mobilite>2</code_type_mobilite>
<liste_appellation_source>
<code_appellation_source>0</code_appellation_source>
<libelle_appellation_source>Toutes les appellations</libelle_appellation_source>
</liste_appellation_source>
<code_rome_cible>K2101</code_rome_cible>
<libelle_rome_cible>Conseil en formation</libelle_rome_cible>
<liste_appellation_cible>
<code_appellation_cible>0</code_appellation_cible>
<libelle_appellation_cible>Toutes les appellations</libelle_appellation_cible>
</liste_appellation_cible>
</item_mob_ev>
<item_mob_ev><code_type_mobilite>2</code_type_mobilite>
<liste_appellation_source>
<code_appellation_source>0</code_appellation_source>
<libelle_appellation_source>Toutes les appellations</libelle_appellation_source>
</liste_appellation_source>
<code_rome_cible>K2103</code_rome_cible>
<libelle_rome_cible>Direction d&#0039;&#0233;tablissement et d&#0039;enseignement</libelle_rome_cible>
<liste_appellation_cible>
<code_appellation_cible>0</code_appellation_cible>
<libelle_appellation_cible>Toutes les appellations</libelle_appellation_cible>
</liste_appellation_cible>
</item_mob_ev>
<item_mob_ev><code_type_mobilite>2</code_type_mobilite>
<liste_appellation_source>
<code_appellation_source>0</code_appellation_source>
<libelle_appellation_source>Toutes les appellations</libelle_appellation_source>
</liste_appellation_source>
<code_rome_cible>K2105</code_rome_cible>
<libelle_rome_cible>Enseignement artistique</libelle_rome_cible>
<liste_appellation_cible>
<code_appellation_cible>0</code_appellation_cible>
<libelle_appellation_cible>Toutes les appellations</libelle_appellation_cible>
</liste_appellation_cible>
</item_mob_ev>
<item_mob_ev><code_type_mobilite>2</code_type_mobilite>
<liste_appellation_source>
<code_appellation_source>0</code_appellation_source>
<libelle_appellation_source>Toutes les appellations</libelle_appellation_source>
</liste_appellation_source>
<code_rome_cible>K2112</code_rome_cible>
<libelle_rome_cible>Orientation scolaire et professionnelle</libelle_rome_cible>
<liste_appellation_cible>
<code_appellation_cible>0</code_appellation_cible>
<libelle_appellation_cible>Toutes les appellations</libelle_appellation_cible>
</liste_appellation_cible>
</item_mob_ev>
</mobilites_si_evolution>
</bloc_mobilites>
</fiche_emploi_metier>