<?xml version="1.0" encoding="UTF-8" ?>
<fiche_emploi_metier>
<type_fiche>2</type_fiche>
<libelle_type_fiche>priorise</libelle_type_fiche>
<version_SI>
<version_rome>333</version_rome>
<date_version_si>01/10/2017</date_version_si>
<mois_version_si>Octobre</mois_version_si>
<annee_version_si>2017</annee_version_si>
</version_SI>
<bloc_code_rome>
<code_rome>L1102</code_rome>
<intitule>Mannequinat et pose artistique</intitule>
<code_ogr>436</code_ogr>
<riasec_majeur>R</riasec_majeur>
<riasec_mineur>a</riasec_mineur>
</bloc_code_rome>
<bloc_appellation nbItemAppellation="7">
<item_app>
<code_ogr>16346</code_ogr>
<libelle>Mannequin</libelle>
<libelle_court>Mannequin</libelle_court>
<priorisation>1</priorisation>
</item_app>
<item_app>
<code_ogr>16347</code_ogr>
<libelle>Mannequin cabine</libelle>
<libelle_court>Mannequin cabine</libelle_court>
<priorisation>1</priorisation>
</item_app>
<item_app>
<code_ogr>16348</code_ogr>
<libelle>Mannequin d&#0039;essayage</libelle>
<libelle_court>Mannequin d&#0039;essayage</libelle_court>
<priorisation>1</priorisation>
</item_app>
<item_app>
<code_ogr>16349</code_ogr>
<libelle>Mannequin d&#0233;tail</libelle>
<libelle_court>Mannequin d&#0233;tail</libelle_court>
<priorisation>1</priorisation>
</item_app>
<item_app>
<code_ogr>16350</code_ogr>
<libelle>Mannequin haute couture</libelle>
<libelle_court>Mannequin haute couture</libelle_court>
<priorisation>1</priorisation>
</item_app>
<item_app>
<code_ogr>16689</code_ogr>
<libelle>Mod&#0232;le</libelle>
<libelle_court>Mod&#0232;le</libelle_court>
<priorisation>1</priorisation>
</item_app>
<item_app>
<code_ogr>16690</code_ogr>
<libelle>Mod&#0232;le Vivant</libelle>
<libelle_court>Mod&#0232;le Vivant</libelle_court>
<priorisation>1</priorisation>
</item_app>
</bloc_appellation>
<definition nbItemDefinition="2">
D&#0233;file, adopte des poses ou des attitudes sur les directives d&#0039;un styliste, d&#0039;un photographe, d&#0039;un artiste, dans le cadre de d&#0233;fil&#0233;s, de s&#0233;ances photos, de r&#0233;alisation d&#0039;oeuvres d&#0039;art (peintures, sculptures, ...), selon la r&#0233;glementation du code du travail (droit &#0224; l&#0039;image, ...), les imp&#0233;ratifs de diffusion des collections et la planification de campagnes publicitaires ou de manifestations artistiques.
Peut exposer un d&#0233;tail de son corps &#0224; l&#0039;objectif ou &#0224; la cam&#0233;ra dans le cadre de campagnes publicitaires pour des bijoux, des cosm&#0233;tiques, de la lingerie, ...
</definition>
<acces_emploi_metier nbItemAccesEmploiMetier="4">
Cet emploi/m&#0233;tier est accessible sur des crit&#0232;res de mensurations, de taille ou des caract&#0233;ristiques physiques sp&#0233;cifiques (visage, &#0226;ge, ...) sans dipl&#0244;me particulier.
Des d&#0233;marches actives (casting, book, composite, ...) sont n&#0233;cessaires pour l&#0039;obtention de contrats.
Les recrutements sont g&#0233;n&#0233;ralement ouverts sur contrat de travail &#0224; dur&#0233;e d&#0233;termin&#0233;e, sur contrat de mise &#0224; disposition (mannequin) ou sur vacation (mod&#0232;le).
La pratique d&#0039;une langue &#0233;trang&#0232;re, en particulier l&#0039;anglais, peut &#0234;tre requise.
</acces_emploi_metier>
<condition_exercice_activite nbItemConditionExercice="6">
L&#0039;activit&#0233; de cet emploi/m&#0233;tier s&#0039;exerce sur podium, sur des plateaux de tournage, en studios photos, en ateliers d&#0039;artistes, en contact avec diff&#0233;rents intervenants (maquilleur, coiffeur, stylistes, ...).
Elle peut impliquer des d&#0233;placements nationaux et internationaux.
Elle varie selon le secteur (mode, publicit&#0233;, arts plastiques, ...) et le type de produit (v&#0234;tements, bijoux, cosm&#0233;tiques, ...).
Elle peut s&#0039;exercer en soir&#0233;e, les fins de semaine, jours f&#0233;ri&#0233;s et &#0234;tre soumise au rythme des collections.
La r&#0233;mun&#0233;ration est constitu&#0233;e d&#0039;un fixe et peut &#0234;tre compl&#0233;t&#0233;e par une r&#0233;tribution au titre du droit &#0224; l&#0039;image.
L&#0039;activit&#0233; peut s&#0039;effectuer en ext&#0233;rieur et impliquer des poses statiques prolong&#0233;es ou des poses d&#0233;nud&#0233;es.
</condition_exercice_activite>
<bloc_environnement_de_travail nbItemEnvTrav="13">
<item_env>
<code_ogr>23689</code_ogr>
<libelle>Agence de mannequins</libelle>
<code_type_section_env>1</code_type_section_env>
<priorisation>1</priorisation>
</item_env>
<item_env>
<code_ogr>23692</code_ogr>
<libelle>Agence de publicit&#0233;</libelle>
<code_type_section_env>1</code_type_section_env>
<priorisation>1</priorisation>
</item_env>
<item_env>
<code_ogr>23712</code_ogr>
<libelle>Atelier d&#0039;artiste</libelle>
<code_type_section_env>1</code_type_section_env>
<priorisation>1</priorisation>
</item_env>
<item_env>
<code_ogr>23713</code_ogr>
<libelle>Atelier de confection</libelle>
<code_type_section_env>1</code_type_section_env>
<priorisation>1</priorisation>
</item_env>
<item_env>
<code_ogr>23854</code_ogr>
<libelle>Ecole d&#0039;enseignement artistique et conservatoire</libelle>
<code_type_section_env>1</code_type_section_env>
<priorisation>1</priorisation>
</item_env>
<item_env>
<code_ogr>24113</code_ogr>
<libelle>Studio de photographie</libelle>
<code_type_section_env>1</code_type_section_env>
<priorisation>1</priorisation>
</item_env>
<item_env>
<code_ogr>23407</code_ogr>
<libelle>Arts plastiques</libelle>
<code_type_section_env>2</code_type_section_env>
<priorisation>1</priorisation>
</item_env>
<item_env>
<code_ogr>23516</code_ogr>
<libelle>Haute couture</libelle>
<code_type_section_env>2</code_type_section_env>
<priorisation>1</priorisation>
</item_env>
<item_env>
<code_ogr>23562</code_ogr>
<libelle>Mode</libelle>
<code_type_section_env>2</code_type_section_env>
<priorisation>1</priorisation>
</item_env>
<item_env>
<code_ogr>23595</code_ogr>
<libelle>Presse</libelle>
<code_type_section_env>2</code_type_section_env>
<priorisation>1</priorisation>
</item_env>
<item_env>
<code_ogr>23597</code_ogr>
<libelle>Pr&#0234;t-&#0224;-porter</libelle>
<code_type_section_env>2</code_type_section_env>
<priorisation>1</priorisation>
</item_env>
<item_env>
<code_ogr>23603</code_ogr>
<libelle>Publicit&#0233;</libelle>
<code_type_section_env>2</code_type_section_env>
<priorisation>1</priorisation>
</item_env>
<item_env>
<code_ogr>24844</code_ogr>
<libelle>Travail en ind&#0233;pendant</libelle>
<code_type_section_env>3</code_type_section_env>
<priorisation>1</priorisation>
</item_env>
</bloc_environnement_de_travail>
<bloc_activites_de_base nbBlocActiviteBase="1">
<activites_de_base nbItemActivite_AB="2">
<item_ab>
<code_ogr>125669</code_ogr>
<libelle>Poser en suivant les indications d&#0039;un artiste, styliste ou photographe</libelle>
<code_type_activite>3</code_type_activite>
<code_type_item_activite>2</code_type_item_activite>
<position_item>1</position_item>
<priorisation>1</priorisation>
<riasec_majeur>R</riasec_majeur>
<riasec_mineur>a</riasec_mineur>
</item_ab>
<item_ab>
<code_ogr>108913</code_ogr>
<libelle>D&#0233;filer lors de manifestations publiques selon les indications du styliste et les r&#0233;p&#0233;titions</libelle>
<code_type_activite>3</code_type_activite>
<code_type_item_activite>2</code_type_item_activite>
<position_item>2</position_item>
<priorisation>1</priorisation>
<riasec_majeur>R</riasec_majeur>
<riasec_mineur>a</riasec_mineur>
</item_ab>
</activites_de_base>
<savoir_theorique_et_proceduraux nbItemSTP_AB="2">
<item_ab_stp>
<code_ogr>108915</code_ogr>
<libelle>Techniques de parcours de d&#0233;fil&#0233; de mode</libelle>
<code_type_competence>1</code_type_competence>
<position_item>1</position_item>
<priorisation>1</priorisation>
</item_ab_stp>
<item_ab_stp>
<code_ogr>103919</code_ogr>
<libelle>Techniques d&#0039;expression corporelle</libelle>
<code_type_competence>1</code_type_competence>
<position_item>2</position_item>
<priorisation>1</priorisation>
</item_ab_stp>
</savoir_theorique_et_proceduraux>
<savoir_action nbItemSA_AB="0">
</savoir_action>
</bloc_activites_de_base>
<bloc_activites_specifiques nbBlocActiviteSpecifique="5">
<bloc>
<position_bloc>1</position_bloc>
<activite_specifique nbItemActivite_AS="7">
<item_as>
<code_ogr>119137</code_ogr>
<libelle>D&#0233;filer en lingerie, maillot de bain</libelle>
<code_type_activite>3</code_type_activite>
<code_type_item_activite>2</code_type_item_activite>
<position_item>1</position_item>
<priorisation>1</priorisation>
<riasec_majeur>R</riasec_majeur>
<riasec_mineur>a</riasec_mineur>
</item_as>
<item_as>
<code_ogr>119138</code_ogr>
<libelle>D&#0233;filer en v&#0234;tements haute couture</libelle>
<code_type_activite>3</code_type_activite>
<code_type_item_activite>2</code_type_item_activite>
<position_item>2</position_item>
<priorisation>1</priorisation>
<riasec_majeur>R</riasec_majeur>
<riasec_mineur>a</riasec_mineur>
</item_as>
<item_as>
<code_ogr>119139</code_ogr>
<libelle>D&#0233;filer en v&#0234;tements pr&#0234;t-&#0224;-porter</libelle>
<code_type_activite>3</code_type_activite>
<code_type_item_activite>2</code_type_item_activite>
<position_item>3</position_item>
<priorisation>1</priorisation>
<riasec_majeur>R</riasec_majeur>
<riasec_mineur>a</riasec_mineur>
</item_as>
<item_as>
<code_ogr>125468</code_ogr>
<libelle>R&#0233;aliser des essayages</libelle>
<code_type_activite>3</code_type_activite>
<code_type_item_activite>2</code_type_item_activite>
<position_item>4</position_item>
<priorisation>1</priorisation>
<riasec_majeur>R</riasec_majeur>
<riasec_mineur>a</riasec_mineur>
</item_as>
<item_as>
<code_ogr>125469</code_ogr>
<libelle>Jouer dans un film publicitaire</libelle>
<code_type_activite>3</code_type_activite>
<code_type_item_activite>2</code_type_item_activite>
<position_item>5</position_item>
<priorisation>1</priorisation>
<riasec_majeur>A</riasec_majeur>
</item_as>
<item_as>
<code_ogr>125470</code_ogr>
<libelle>Poser en tant que mod&#0232;le vivant</libelle>
<code_type_activite>3</code_type_activite>
<code_type_item_activite>2</code_type_item_activite>
<position_item>6</position_item>
<priorisation>1</priorisation>
<riasec_majeur>R</riasec_majeur>
<riasec_mineur>a</riasec_mineur>
</item_as>
<item_as>
<code_ogr>125472</code_ogr>
<libelle>Poser pour des photos de mode, de publicit&#0233;</libelle>
<code_type_activite>3</code_type_activite>
<code_type_item_activite>2</code_type_item_activite>
<position_item>7</position_item>
<priorisation>1</priorisation>
<riasec_majeur>R</riasec_majeur>
<riasec_mineur>a</riasec_mineur>
</item_as>
</activite_specifique>
<savoir_theorique_et_proceduraux nbItemSTP_AS="0">
</savoir_theorique_et_proceduraux>
<savoir_action nbItemSA_AS="0">
</savoir_action>
</bloc>
<bloc>
<position_bloc>2</position_bloc>
<activite_specifique nbItemActivite_AS="1">
<item_as>
<code_ogr>119140</code_ogr>
<libelle>Exposer un d&#0233;tail de son corps devant un objectif ou une cam&#0233;ra</libelle>
<code_type_activite>3</code_type_activite>
<code_type_item_activite>2</code_type_item_activite>
<position_item>1</position_item>
<priorisation>1</priorisation>
<riasec_majeur>R</riasec_majeur>
<riasec_mineur>a</riasec_mineur>
</item_as>
</activite_specifique>
<savoir_theorique_et_proceduraux nbItemSTP_AS="0">
</savoir_theorique_et_proceduraux>
<savoir_action nbItemSA_AS="0">
</savoir_action>
</bloc>
<bloc>
<position_bloc>3</position_bloc>
<activite_specifique nbItemActivite_AS="1">
<item_as>
<code_ogr>115379</code_ogr>
<libelle>Tenir des postures d&#0039;essayage de prototypes de v&#0234;tements ou d&#0039;accessoires et effectuer les mouvements requis par le styliste, le couturier ...</libelle>
<code_type_activite>3</code_type_activite>
<code_type_item_activite>2</code_type_item_activite>
<position_item>1</position_item>
<priorisation>1</priorisation>
<riasec_majeur>R</riasec_majeur>
<riasec_mineur>a</riasec_mineur>
</item_as>
</activite_specifique>
<savoir_theorique_et_proceduraux nbItemSTP_AS="0">
</savoir_theorique_et_proceduraux>
<savoir_action nbItemSA_AS="0">
</savoir_action>
</bloc>
<bloc>
<position_bloc>4</position_bloc>
<activite_specifique nbItemActivite_AS="1">
<item_as>
<code_ogr>125009</code_ogr>
<libelle>Appara&#0238;tre en tant que silhouette dans un film, une pi&#0232;ce de th&#0233;&#0226;tre, un clip etc.</libelle>
<code_type_activite>3</code_type_activite>
<code_type_item_activite>2</code_type_item_activite>
<position_item>1</position_item>
<priorisation>1</priorisation>
<riasec_majeur>A</riasec_majeur>
</item_as>
</activite_specifique>
<savoir_theorique_et_proceduraux nbItemSTP_AS="0">
</savoir_theorique_et_proceduraux>
<savoir_action nbItemSA_AS="0">
</savoir_action>
</bloc>
<bloc>
<position_bloc>5</position_bloc>
<activite_specifique nbItemActivite_AS="1">
<item_as>
<code_ogr>125670</code_ogr>
<libelle>Proc&#0233;der &#0224; la pr&#0233;paration d&#0039;un &#0233;v&#0232;nement artistique (coiffure, maquillage, costume)</libelle>
<code_type_activite>3</code_type_activite>
<code_type_item_activite>2</code_type_item_activite>
<position_item>1</position_item>
<priorisation>1</priorisation>
<riasec_majeur>R</riasec_majeur>
<riasec_mineur>a</riasec_mineur>
</item_as>
</activite_specifique>
<savoir_theorique_et_proceduraux nbItemSTP_AS="2">
<item_as_stp>
<code_ogr>102199</code_ogr>
<libelle>Techniques de maquillage</libelle>
<code_type_competence>1</code_type_competence>
<position_item>1</position_item>
<priorisation>1</priorisation>
</item_as_stp>
<item_as_stp>
<code_ogr>108923</code_ogr>
<libelle>Techniques de coiffage</libelle>
<code_type_competence>1</code_type_competence>
<position_item>2</position_item>
<priorisation>1</priorisation>
</item_as_stp>
</savoir_theorique_et_proceduraux>
<savoir_action nbItemSA_AS="0">
</savoir_action>
</bloc>
</bloc_activites_specifiques>
<bloc_mobilites>
<mobilites_proches nbItemMob="0">
</mobilites_proches>
<mobilites_si_evolution nbItemMob="2">
<item_mob_ev><code_type_mobilite>2</code_type_mobilite>
<liste_appellation_source>
<code_appellation_source>0</code_appellation_source>
<libelle_appellation_source>Toutes les appellations</libelle_appellation_source>
</liste_appellation_source>
<code_rome_cible>L1203</code_rome_cible>
<libelle_rome_cible>Art dramatique</libelle_rome_cible>
<liste_appellation_cible>
<code_appellation_cible>0</code_appellation_cible>
<libelle_appellation_cible>Toutes les appellations</libelle_appellation_cible>
</liste_appellation_cible>
</item_mob_ev>
<item_mob_ev><code_type_mobilite>2</code_type_mobilite>
<liste_appellation_source>
<code_appellation_source>0</code_appellation_source>
<libelle_appellation_source>Toutes les appellations</libelle_appellation_source>
</liste_appellation_source>
<code_rome_cible>L1303</code_rome_cible>
<libelle_rome_cible>Promotion d&#0039;artistes et de spectacles</libelle_rome_cible>
<liste_appellation_cible>
<code_appellation_cible>11556</code_appellation_cible>
<libelle_appellation_cible>Booker / Bookeuse</libelle_appellation_cible>
</liste_appellation_cible>
</item_mob_ev>
</mobilites_si_evolution>
</bloc_mobilites>
</fiche_emploi_metier>