<?xml version="1.0" encoding="UTF-8" ?>
<fiche_emploi_metier>
<type_fiche>2</type_fiche>
<libelle_type_fiche>priorise</libelle_type_fiche>
<version_SI>
<version_rome>333</version_rome>
<date_version_si>01/10/2017</date_version_si>
<mois_version_si>Octobre</mois_version_si>
<annee_version_si>2017</annee_version_si>
</version_SI>
<bloc_code_rome>
<code_rome>L1203</code_rome>
<intitule>Art dramatique</intitule>
<code_ogr>440</code_ogr>
<riasec_majeur>A</riasec_majeur>
<riasec_mineur>e</riasec_mineur>
</bloc_code_rome>
<bloc_appellation nbItemAppellation="14">
<item_app>
<code_ogr>10263</code_ogr>
<libelle>Acteur / Actrice</libelle>
<libelle_court>Acteur / Actrice</libelle_court>
<priorisation>1</priorisation>
</item_app>
<item_app>
<code_ogr>10264</code_ogr>
<libelle>Acteur / Actrice de compl&#0233;ment</libelle>
<libelle_court>Acteur / Actrice de compl&#0233;ment</libelle_court>
<priorisation>1</priorisation>
</item_app>
<item_app>
<code_ogr>10265</code_ogr>
<libelle>Acteur principal / Actrice principale</libelle>
<libelle_court>Acteur principal / Actrice principale</libelle_court>
<priorisation>1</priorisation>
</item_app>
<item_app>
<code_ogr>11157</code_ogr>
<libelle>Artiste dramatique</libelle>
<libelle_court>Artiste dramatique</libelle_court>
<priorisation>1</priorisation>
</item_app>
<item_app>
<code_ogr>12724</code_ogr>
<libelle>Com&#0233;dien / Com&#0233;dienne</libelle>
<libelle_court>Com&#0233;dien / Com&#0233;dienne</libelle_court>
<priorisation>1</priorisation>
</item_app>
<item_app>
<code_ogr>13555</code_ogr>
<libelle>Conteur / Conteuse</libelle>
<libelle_court>Conteur / Conteuse</libelle_court>
<priorisation>1</priorisation>
</item_app>
<item_app>
<code_ogr>14527</code_ogr>
<libelle>Doublure</libelle>
<libelle_court>Doublure</libelle_court>
<priorisation>1</priorisation>
</item_app>
<item_app>
<code_ogr>38823</code_ogr>
<libelle>Doublure cascadeur / cascadeuse</libelle>
<libelle_court>Doublure cascadeur / cascadeuse</libelle_court>
<priorisation>1</priorisation>
</item_app>
<item_app>
<code_ogr>15078</code_ogr>
<libelle>Figurant / Figurante</libelle>
<libelle_court>Figurant / Figurante</libelle_court>
<priorisation>1</priorisation>
</item_app>
<item_app>
<code_ogr>17667</code_ogr>
<libelle>Personnage</libelle>
<libelle_court>Personnage</libelle_court>
<priorisation>1</priorisation>
</item_app>
<item_app>
<code_ogr>17668</code_ogr>
<libelle>Personnage de No&#0235;l</libelle>
<libelle_court>Personnage de No&#0235;l</libelle_court>
<priorisation>1</priorisation>
</item_app>
<item_app>
<code_ogr>18548</code_ogr>
<libelle>R&#0233;p&#0233;titeur / R&#0233;p&#0233;titrice de dialogues</libelle>
<libelle_court>R&#0233;p&#0233;titeur / R&#0233;p&#0233;titrice de dialogues</libelle_court>
<priorisation>1</priorisation>
</item_app>
<item_app>
<code_ogr>19433</code_ogr>
<libelle>Silhouette</libelle>
<libelle_court>Silhouette</libelle_court>
<priorisation>1</priorisation>
</item_app>
<item_app>
<code_ogr>20718</code_ogr>
<libelle>Voix off</libelle>
<libelle_court>Voix off</libelle_court>
<priorisation>1</priorisation>
</item_app>
</bloc_appellation>
<definition nbItemDefinition="3">
Interpr&#0232;te des r&#0244;les, des personnages dans des oeuvres cin&#0233;matographiques, des productions audiovisuelles (t&#0233;l&#0233;films, s&#0233;ries, feuilletons radiophoniques, films publicitaires, ...), des spectacles (pi&#0232;ces de th&#0233;&#0226;tre, com&#0233;dies musicales, ...), selon les intentions artistiques d&#0039;un metteur en sc&#0232;ne, d&#0039;un r&#0233;alisateur, ... et les imp&#0233;ratifs de tournage, de programmation.
Peut intervenir en tant que figurant ou silhouette.
Peut effectuer du doublage vocal.
</definition>
<acces_emploi_metier nbItemAccesEmploiMetier="4">
Cet emploi m&#0233;tier est accessible avec une formation en art dramatique (conservatoires, &#0233;coles nationales sup&#0233;rieures de th&#0233;&#0226;tre, cours priv&#0233;s).
Il est &#0233;galement accessible avec une exp&#0233;rience professionnelle dans ce secteur sans dipl&#0244;me particulier.
Des d&#0233;marches actives (casting, auditions, ...) sont n&#0233;cessaires pour l&#0039;obtention de contrats.
Les recrutements sont g&#0233;n&#0233;ralement ouverts sur contrats de travail &#0224; dur&#0233;e d&#0233;termin&#0233;e d&#0039;usage.
</acces_emploi_metier>
<condition_exercice_activite nbItemConditionExercice="4">
L&#0039;activit&#0233; de cet emploi/m&#0233;tier s&#0039;exerce sur des lieux de tournage, de spectacle, en studio, en relation avec un metteur en sc&#0232;ne, un r&#0233;alisateur et des &#0233;quipes techniques (coiffure, maquillage, costume, ...).
Elle peut impliquer des d&#0233;placements et un &#0233;loignement du domicile de plusieurs jours ou semaines.
L&#0039;activit&#0233; est soumise au rythme de la programmation des spectacles et des tournages.
La r&#0233;mun&#0233;ration est g&#0233;n&#0233;ralement sous forme de cachet.
</condition_exercice_activite>
<bloc_environnement_de_travail nbItemEnvTrav="15">
<item_env>
<code_ogr>23708</code_ogr>
<libelle>Association culturelle ou de loisirs</libelle>
<code_type_section_env>1</code_type_section_env>
<priorisation>1</priorisation>
</item_env>
<item_env>
<code_ogr>23821</code_ogr>
<libelle>Compagnie artistique (th&#0233;&#0226;tre, danse, arts de la rue, ...)</libelle>
<code_type_section_env>1</code_type_section_env>
<priorisation>1</priorisation>
</item_env>
<item_env>
<code_ogr>23854</code_ogr>
<libelle>Ecole d&#0039;enseignement artistique et conservatoire</libelle>
<code_type_section_env>1</code_type_section_env>
<priorisation>1</priorisation>
</item_env>
<item_env>
<code_ogr>24029</code_ogr>
<libelle>Parc de loisirs</libelle>
<code_type_section_env>1</code_type_section_env>
<priorisation>1</priorisation>
</item_env>
<item_env>
<code_ogr>24059</code_ogr>
<libelle>Salle de spectacles</libelle>
<code_type_section_env>1</code_type_section_env>
<priorisation>1</priorisation>
</item_env>
<item_env>
<code_ogr>24085</code_ogr>
<libelle>Soci&#0233;t&#0233; de post-production cin&#0233;matographique</libelle>
<code_type_section_env>1</code_type_section_env>
<priorisation>1</priorisation>
</item_env>
<item_env>
<code_ogr>24086</code_ogr>
<libelle>Soci&#0233;t&#0233; de production audiovisuelle, cin&#0233;matographique</libelle>
<code_type_section_env>1</code_type_section_env>
<priorisation>1</priorisation>
</item_env>
<item_env>
<code_ogr>24087</code_ogr>
<libelle>Soci&#0233;t&#0233; de production de spectacles</libelle>
<code_type_section_env>1</code_type_section_env>
<priorisation>1</priorisation>
</item_env>
<item_env>
<code_ogr>24114</code_ogr>
<libelle>Studio d&#0039;enregistrement radiophonique</libelle>
<code_type_section_env>1</code_type_section_env>
<priorisation>1</priorisation>
</item_env>
<item_env>
<code_ogr>23441</code_ogr>
<libelle>Cin&#0233;ma</libelle>
<code_type_section_env>2</code_type_section_env>
<priorisation>1</priorisation>
</item_env>
<item_env>
<code_ogr>23487</code_ogr>
<libelle>Ev&#0232;nementiel</libelle>
<code_type_section_env>2</code_type_section_env>
<priorisation>1</priorisation>
</item_env>
<item_env>
<code_ogr>23603</code_ogr>
<libelle>Publicit&#0233;</libelle>
<code_type_section_env>2</code_type_section_env>
<priorisation>1</priorisation>
</item_env>
<item_env>
<code_ogr>23606</code_ogr>
<libelle>Radio</libelle>
<code_type_section_env>2</code_type_section_env>
<priorisation>1</priorisation>
</item_env>
<item_env>
<code_ogr>23639</code_ogr>
<libelle>Spectacle vivant</libelle>
<code_type_section_env>2</code_type_section_env>
<priorisation>1</priorisation>
</item_env>
<item_env>
<code_ogr>23648</code_ogr>
<libelle>T&#0233;l&#0233;vision</libelle>
<code_type_section_env>2</code_type_section_env>
<priorisation>1</priorisation>
</item_env>
</bloc_environnement_de_travail>
<bloc_activites_de_base nbBlocActiviteBase="1">
<activites_de_base nbItemActivite_AB="9">
<item_ab>
<code_ogr>125222</code_ogr>
<libelle>D&#0233;fricher un sc&#0233;nario</libelle>
<code_type_activite>3</code_type_activite>
<code_type_item_activite>2</code_type_item_activite>
<position_item>1</position_item>
<priorisation>1</priorisation>
<riasec_majeur>A</riasec_majeur>
</item_ab>
<item_ab>
<code_ogr>125738</code_ogr>
<libelle>R&#0233;aliser un &#0233;chauffement corporel et vocal avant une r&#0233;p&#0233;tition ou une repr&#0233;sentation</libelle>
<code_type_activite>3</code_type_activite>
<code_type_item_activite>2</code_type_item_activite>
<position_item>2</position_item>
<priorisation>1</priorisation>
<riasec_majeur>A</riasec_majeur>
</item_ab>
<item_ab>
<code_ogr>125431</code_ogr>
<libelle>Proposer et am&#0233;liorer des axes d&#0039;interpr&#0233;tation / jeu</libelle>
<code_type_activite>3</code_type_activite>
<code_type_item_activite>2</code_type_item_activite>
<position_item>3</position_item>
<priorisation>1</priorisation>
<riasec_majeur>A</riasec_majeur>
</item_ab>
<item_ab>
<code_ogr>125839</code_ogr>
<libelle>R&#0233;p&#0233;ter un r&#0244;le</libelle>
<code_type_activite>3</code_type_activite>
<code_type_item_activite>2</code_type_item_activite>
<position_item>4</position_item>
<priorisation>1</priorisation>
<riasec_majeur>A</riasec_majeur>
</item_ab>
<item_ab>
<code_ogr>124074</code_ogr>
<libelle>Interpr&#0233;ter un r&#0244;le</libelle>
<code_type_activite>3</code_type_activite>
<code_type_item_activite>2</code_type_item_activite>
<position_item>5</position_item>
<priorisation>1</priorisation>
<riasec_majeur>A</riasec_majeur>
</item_ab>
<item_ab>
<code_ogr>122452</code_ogr>
<libelle>Promouvoir une oeuvre</libelle>
<code_type_activite>3</code_type_activite>
<code_type_item_activite>2</code_type_item_activite>
<position_item>6</position_item>
<priorisation>1</priorisation>
<riasec_majeur>E</riasec_majeur>
</item_ab>
<item_ab>
<code_ogr>122729</code_ogr>
<libelle>M&#0233;moriser des textes, dialogues</libelle>
<code_type_activite>3</code_type_activite>
<code_type_item_activite>2</code_type_item_activite>
<position_item>7</position_item>
<priorisation>1</priorisation>
<riasec_majeur>A</riasec_majeur>
</item_ab>
<item_ab>
<code_ogr>126185</code_ogr>
<libelle>D&#0233;fricher le texte d&#0039;une pi&#0232;ce de th&#0233;&#0226;tre</libelle>
<code_type_activite>3</code_type_activite>
<code_type_item_activite>2</code_type_item_activite>
<position_item>8</position_item>
<priorisation>1</priorisation>
<riasec_majeur>A</riasec_majeur>
</item_ab>
<item_ab>
<code_ogr>126228</code_ogr>
<libelle>Contribuer &#0224; des actions de promotion dans les m&#0233;dias et sur les r&#0233;seaux sociaux</libelle>
<code_type_activite>3</code_type_activite>
<code_type_item_activite>2</code_type_item_activite>
<position_item>9</position_item>
<priorisation>1</priorisation>
<riasec_majeur>E</riasec_majeur>
<riasec_mineur>a</riasec_mineur>
</item_ab>
</activites_de_base>
<savoir_theorique_et_proceduraux nbItemSTP_AB="10">
<item_ab_stp>
<code_ogr>102482</code_ogr>
<libelle>Techniques d&#0039;improvisation</libelle>
<code_type_competence>1</code_type_competence>
<position_item>1</position_item>
<priorisation>1</priorisation>
</item_ab_stp>
<item_ab_stp>
<code_ogr>103919</code_ogr>
<libelle>Techniques d&#0039;expression corporelle</libelle>
<code_type_competence>1</code_type_competence>
<position_item>2</position_item>
<priorisation>1</priorisation>
</item_ab_stp>
<item_ab_stp>
<code_ogr>104027</code_ogr>
<libelle>Techniques gestuelles</libelle>
<code_type_competence>1</code_type_competence>
<position_item>3</position_item>
<priorisation>1</priorisation>
</item_ab_stp>
<item_ab_stp>
<code_ogr>108932</code_ogr>
<libelle>Techniques de diction</libelle>
<code_type_competence>1</code_type_competence>
<position_item>4</position_item>
<priorisation>1</priorisation>
</item_ab_stp>
<item_ab_stp>
<code_ogr>107554</code_ogr>
<libelle>Techniques respiratoires</libelle>
<code_type_competence>1</code_type_competence>
<position_item>5</position_item>
<priorisation>1</priorisation>
</item_ab_stp>
<item_ab_stp>
<code_ogr>109044</code_ogr>
<libelle>Histoire du th&#0233;&#0226;tre</libelle>
<code_type_competence>1</code_type_competence>
<position_item>6</position_item>
<priorisation>1</priorisation>
</item_ab_stp>
<item_ab_stp>
<code_ogr>109043</code_ogr>
<libelle>Histoire du cin&#0233;ma</libelle>
<code_type_competence>1</code_type_competence>
<position_item>7</position_item>
<priorisation>1</priorisation>
</item_ab_stp>
<item_ab_stp>
<code_ogr>108984</code_ogr>
<libelle>Placement de voix</libelle>
<code_type_competence>1</code_type_competence>
<position_item>8</position_item>
<priorisation>1</priorisation>
</item_ab_stp>
<item_ab_stp>
<code_ogr>108930</code_ogr>
<libelle>Appropriation d&#0039;espace sc&#0233;nique</libelle>
<code_type_competence>1</code_type_competence>
<position_item>9</position_item>
<priorisation>1</priorisation>
</item_ab_stp>
<item_ab_stp>
<code_ogr>107269</code_ogr>
<libelle>Techniques de relaxation</libelle>
<code_type_competence>1</code_type_competence>
<position_item>39</position_item>
<priorisation>1</priorisation>
</item_ab_stp>
</savoir_theorique_et_proceduraux>
<savoir_action nbItemSA_AB="0">
</savoir_action>
</bloc_activites_de_base>
<bloc_activites_specifiques nbBlocActiviteSpecifique="7">
<bloc>
<position_bloc>1</position_bloc>
<activite_specifique nbItemActivite_AS="3">
<item_as>
<code_ogr>124057</code_ogr>
<libelle>Interpr&#0233;ter un r&#0244;le au cin&#0233;ma</libelle>
<code_type_activite>3</code_type_activite>
<code_type_item_activite>2</code_type_item_activite>
<position_item>1</position_item>
<priorisation>1</priorisation>
<riasec_majeur>A</riasec_majeur>
</item_as>
<item_as>
<code_ogr>124053</code_ogr>
<libelle>Interpr&#0233;ter un r&#0244;le au th&#0233;&#0226;tre</libelle>
<code_type_activite>3</code_type_activite>
<code_type_item_activite>2</code_type_item_activite>
<position_item>2</position_item>
<priorisation>1</priorisation>
<riasec_majeur>A</riasec_majeur>
</item_as>
<item_as>
<code_ogr>126516</code_ogr>
<libelle>Interpr&#0233;ter un r&#0244;le au th&#0233;&#0226;tre exp&#0233;rimental (improvisation, outrapo, ...)</libelle>
<code_type_activite>3</code_type_activite>
<code_type_item_activite>2</code_type_item_activite>
<position_item>3</position_item>
<priorisation>1</priorisation>
<riasec_majeur>A</riasec_majeur>
</item_as>
</activite_specifique>
<savoir_theorique_et_proceduraux nbItemSTP_AS="16">
<item_as_stp>
<code_ogr>126408</code_ogr>
<libelle>Th&#0233;&#0226;tre classique</libelle>
<code_type_competence>1</code_type_competence>
<position_item>1</position_item>
<priorisation>1</priorisation>
</item_as_stp>
<item_as_stp>
<code_ogr>126158</code_ogr>
<libelle>Th&#0233;&#0226;tre contemporain</libelle>
<code_type_competence>1</code_type_competence>
<position_item>2</position_item>
<priorisation>1</priorisation>
</item_as_stp>
<item_as_stp>
<code_ogr>126249</code_ogr>
<libelle>Th&#0233;&#0226;tre de boulevard</libelle>
<code_type_competence>1</code_type_competence>
<position_item>3</position_item>
<priorisation>1</priorisation>
</item_as_stp>
<item_as_stp>
<code_ogr>126307</code_ogr>
<libelle>Pratique du conte</libelle>
<code_type_competence>1</code_type_competence>
<position_item>4</position_item>
<priorisation>1</priorisation>
</item_as_stp>
<item_as_stp>
<code_ogr>126407</code_ogr>
<libelle>Feuilleton radiophonique</libelle>
<code_type_competence>1</code_type_competence>
<position_item>5</position_item>
<priorisation>1</priorisation>
</item_as_stp>
<item_as_stp>
<code_ogr>126118</code_ogr>
<libelle>Film &#0233;rotique, pornographique</libelle>
<code_type_competence>1</code_type_competence>
<position_item>6</position_item>
<priorisation>1</priorisation>
</item_as_stp>
<item_as_stp>
<code_ogr>126208</code_ogr>
<libelle>Film court m&#0233;trage</libelle>
<code_type_competence>1</code_type_competence>
<position_item>7</position_item>
<priorisation>1</priorisation>
</item_as_stp>
<item_as_stp>
<code_ogr>126156</code_ogr>
<libelle>Film institutionnel</libelle>
<code_type_competence>1</code_type_competence>
<position_item>8</position_item>
<priorisation>1</priorisation>
</item_as_stp>
<item_as_stp>
<code_ogr>126367</code_ogr>
<libelle>Film long m&#0233;trage</libelle>
<code_type_competence>1</code_type_competence>
<position_item>9</position_item>
<priorisation>1</priorisation>
</item_as_stp>
<item_as_stp>
<code_ogr>126368</code_ogr>
<libelle>Film publicitaire</libelle>
<code_type_competence>1</code_type_competence>
<position_item>10</position_item>
<priorisation>1</priorisation>
</item_as_stp>
<item_as_stp>
<code_ogr>126209</code_ogr>
<libelle>Lecture-spectacle / monologue</libelle>
<code_type_competence>1</code_type_competence>
<position_item>11</position_item>
<priorisation>1</priorisation>
</item_as_stp>
<item_as_stp>
<code_ogr>126157</code_ogr>
<libelle>Caract&#0233;ristiques des s&#0233;ries t&#0233;l&#0233;vis&#0233;es</libelle>
<code_type_competence>1</code_type_competence>
<position_item>12</position_item>
<priorisation>1</priorisation>
</item_as_stp>
<item_as_stp>
<code_ogr>126308</code_ogr>
<libelle>Caract&#0233;ristiques des t&#0233;l&#0233;films</libelle>
<code_type_competence>1</code_type_competence>
<position_item>13</position_item>
<priorisation>1</priorisation>
</item_as_stp>
<item_as_stp>
<code_ogr>124016</code_ogr>
<libelle>Pratique du chant</libelle>
<code_type_competence>1</code_type_competence>
<position_item>14</position_item>
<priorisation>1</priorisation>
</item_as_stp>
<item_as_stp>
<code_ogr>126207</code_ogr>
<libelle>Pratique d&#0039;un instrument de musique</libelle>
<code_type_competence>1</code_type_competence>
<position_item>15</position_item>
<priorisation>1</priorisation>
</item_as_stp>
<item_as_stp>
<code_ogr>126316</code_ogr>
<libelle>Pratique de la danse</libelle>
<code_type_competence>1</code_type_competence>
<position_item>16</position_item>
<priorisation>1</priorisation>
</item_as_stp>
</savoir_theorique_et_proceduraux>
<savoir_action nbItemSA_AS="0">
</savoir_action>
</bloc>
<bloc>
<position_bloc>2</position_bloc>
<activite_specifique nbItemActivite_AS="1">
<item_as>
<code_ogr>120481</code_ogr>
<libelle>R&#0233;aliser des cascades</libelle>
<code_type_activite>3</code_type_activite>
<code_type_item_activite>2</code_type_item_activite>
<position_item>1</position_item>
<priorisation>1</priorisation>
<riasec_majeur>A</riasec_majeur>
</item_as>
</activite_specifique>
<savoir_theorique_et_proceduraux nbItemSTP_AS="1">
<item_as_stp>
<code_ogr>109094</code_ogr>
<libelle>Techniques de cascades</libelle>
<code_type_competence>1</code_type_competence>
<position_item>1</position_item>
<priorisation>1</priorisation>
</item_as_stp>
</savoir_theorique_et_proceduraux>
<savoir_action nbItemSA_AS="0">
</savoir_action>
</bloc>
<bloc>
<position_bloc>3</position_bloc>
<activite_specifique nbItemActivite_AS="2">
<item_as>
<code_ogr>125840</code_ogr>
<libelle>Appara&#0238;tre en tant que figurant pour un tournage ou une repr&#0233;sentation</libelle>
<code_type_activite>3</code_type_activite>
<code_type_item_activite>2</code_type_item_activite>
<position_item>1</position_item>
<priorisation>1</priorisation>
<riasec_majeur>A</riasec_majeur>
</item_as>
<item_as>
<code_ogr>125009</code_ogr>
<libelle>Appara&#0238;tre en tant que silhouette dans un film, une pi&#0232;ce de th&#0233;&#0226;tre, un clip etc.</libelle>
<code_type_activite>3</code_type_activite>
<code_type_item_activite>2</code_type_item_activite>
<position_item>2</position_item>
<priorisation>1</priorisation>
<riasec_majeur>A</riasec_majeur>
</item_as>
</activite_specifique>
<savoir_theorique_et_proceduraux nbItemSTP_AS="0">
</savoir_theorique_et_proceduraux>
<savoir_action nbItemSA_AS="0">
</savoir_action>
</bloc>
<bloc>
<position_bloc>4</position_bloc>
<activite_specifique nbItemActivite_AS="1">
<item_as>
<code_ogr>125682</code_ogr>
<libelle>R&#0233;aliser un doublage vocal</libelle>
<code_type_activite>3</code_type_activite>
<code_type_item_activite>2</code_type_item_activite>
<position_item>1</position_item>
<priorisation>1</priorisation>
<riasec_majeur>A</riasec_majeur>
</item_as>
</activite_specifique>
<savoir_theorique_et_proceduraux nbItemSTP_AS="2">
<item_as_stp>
<code_ogr>109066</code_ogr>
<libelle>Techniques de transformation de la voix</libelle>
<code_type_competence>1</code_type_competence>
<position_item>1</position_item>
<priorisation>1</priorisation>
</item_as_stp>
<item_as_stp>
<code_ogr>109065</code_ogr>
<libelle>Techniques de doublage vocal</libelle>
<code_type_competence>1</code_type_competence>
<position_item>2</position_item>
<priorisation>1</priorisation>
</item_as_stp>
</savoir_theorique_et_proceduraux>
<savoir_action nbItemSA_AS="0">
</savoir_action>
</bloc>
<bloc>
<position_bloc>5</position_bloc>
<activite_specifique nbItemActivite_AS="1">
<item_as>
<code_ogr>125681</code_ogr>
<libelle>Parler en voix off</libelle>
<code_type_activite>3</code_type_activite>
<code_type_item_activite>2</code_type_item_activite>
<position_item>1</position_item>
<priorisation>1</priorisation>
<riasec_majeur>A</riasec_majeur>
</item_as>
</activite_specifique>
<savoir_theorique_et_proceduraux nbItemSTP_AS="0">
</savoir_theorique_et_proceduraux>
<savoir_action nbItemSA_AS="0">
</savoir_action>
</bloc>
<bloc>
<position_bloc>6</position_bloc>
<activite_specifique nbItemActivite_AS="1">
<item_as>
<code_ogr>125670</code_ogr>
<libelle>Proc&#0233;der &#0224; la pr&#0233;paration d&#0039;un &#0233;v&#0232;nement artistique (coiffure, maquillage, costume)</libelle>
<code_type_activite>3</code_type_activite>
<code_type_item_activite>2</code_type_item_activite>
<position_item>1</position_item>
<priorisation>1</priorisation>
<riasec_majeur>R</riasec_majeur>
<riasec_mineur>a</riasec_mineur>
</item_as>
</activite_specifique>
<savoir_theorique_et_proceduraux nbItemSTP_AS="2">
<item_as_stp>
<code_ogr>108923</code_ogr>
<libelle>Techniques de coiffage</libelle>
<code_type_competence>1</code_type_competence>
<position_item>1</position_item>
<priorisation>1</priorisation>
</item_as_stp>
<item_as_stp>
<code_ogr>102199</code_ogr>
<libelle>Techniques de maquillage</libelle>
<code_type_competence>1</code_type_competence>
<position_item>2</position_item>
<priorisation>1</priorisation>
</item_as_stp>
</savoir_theorique_et_proceduraux>
<savoir_action nbItemSA_AS="0">
</savoir_action>
</bloc>
<bloc>
<position_bloc>7</position_bloc>
<activite_specifique nbItemActivite_AS="1">
<item_as>
<code_ogr>123674</code_ogr>
<libelle>Mener des r&#0233;p&#0233;tition avec des acteurs, com&#0233;diens</libelle>
<code_type_activite>3</code_type_activite>
<code_type_item_activite>2</code_type_item_activite>
<position_item>1</position_item>
<priorisation>1</priorisation>
<riasec_majeur>A</riasec_majeur>
</item_as>
</activite_specifique>
<savoir_theorique_et_proceduraux nbItemSTP_AS="0">
</savoir_theorique_et_proceduraux>
<savoir_action nbItemSA_AS="0">
</savoir_action>
</bloc>
</bloc_activites_specifiques>
<bloc_mobilites>
<mobilites_proches nbItemMob="3">
<item_mob_pr><code_type_mobilite>1</code_type_mobilite>
<liste_appellation_source>
<code_appellation_source>0</code_appellation_source>
<libelle_appellation_source>Toutes les appellations</libelle_appellation_source>
</liste_appellation_source>
<code_rome_cible>L1201</code_rome_cible>
<libelle_rome_cible>Danse</libelle_rome_cible>
<liste_appellation_cible>
<code_appellation_cible>0</code_appellation_cible>
<libelle_appellation_cible>Toutes les appellations</libelle_appellation_cible>
</liste_appellation_cible>
</item_mob_pr>
<item_mob_pr><code_type_mobilite>1</code_type_mobilite>
<liste_appellation_source>
<code_appellation_source>0</code_appellation_source>
<libelle_appellation_source>Toutes les appellations</libelle_appellation_source>
</liste_appellation_source>
<code_rome_cible>L1202</code_rome_cible>
<libelle_rome_cible>Musique et chant</libelle_rome_cible>
<liste_appellation_cible>
<code_appellation_cible>0</code_appellation_cible>
<libelle_appellation_cible>Toutes les appellations</libelle_appellation_cible>
</liste_appellation_cible>
</item_mob_pr>
<item_mob_pr><code_type_mobilite>1</code_type_mobilite>
<liste_appellation_source>
<code_appellation_source>0</code_appellation_source>
<libelle_appellation_source>Toutes les appellations</libelle_appellation_source>
</liste_appellation_source>
<code_rome_cible>L1204</code_rome_cible>
<libelle_rome_cible>Arts du cirque et arts visuels</libelle_rome_cible>
<liste_appellation_cible>
<code_appellation_cible>0</code_appellation_cible>
<libelle_appellation_cible>Toutes les appellations</libelle_appellation_cible>
</liste_appellation_cible>
</item_mob_pr>
</mobilites_proches>
<mobilites_si_evolution nbItemMob="4">
<item_mob_ev><code_type_mobilite>2</code_type_mobilite>
<liste_appellation_source>
<code_appellation_source>0</code_appellation_source>
<libelle_appellation_source>Toutes les appellations</libelle_appellation_source>
</liste_appellation_source>
<code_rome_cible>K2105</code_rome_cible>
<libelle_rome_cible>Enseignement artistique</libelle_rome_cible>
<liste_appellation_cible>
<code_appellation_cible>18111</code_appellation_cible>
<libelle_appellation_cible>Professeur / Professeure d&#0039;art dramatique</libelle_appellation_cible>
</liste_appellation_cible>
</item_mob_ev>
<item_mob_ev><code_type_mobilite>2</code_type_mobilite>
<liste_appellation_source>
<code_appellation_source>0</code_appellation_source>
<libelle_appellation_source>Toutes les appellations</libelle_appellation_source>
</liste_appellation_source>
<code_rome_cible>L1301</code_rome_cible>
<libelle_rome_cible>Mise en sc&#0232;ne de spectacles vivants</libelle_rome_cible>
<liste_appellation_cible>
<code_appellation_cible>0</code_appellation_cible>
<libelle_appellation_cible>Toutes les appellations</libelle_appellation_cible>
</liste_appellation_cible>
</item_mob_ev>
<item_mob_ev><code_type_mobilite>2</code_type_mobilite>
<liste_appellation_source>
<code_appellation_source>0</code_appellation_source>
<libelle_appellation_source>Toutes les appellations</libelle_appellation_source>
</liste_appellation_source>
<code_rome_cible>L1303</code_rome_cible>
<libelle_rome_cible>Promotion d&#0039;artistes et de spectacles</libelle_rome_cible>
<liste_appellation_cible>
<code_appellation_cible>0</code_appellation_cible>
<libelle_appellation_cible>Toutes les appellations</libelle_appellation_cible>
</liste_appellation_cible>
</item_mob_ev>
<item_mob_ev><code_type_mobilite>2</code_type_mobilite>
<liste_appellation_source>
<code_appellation_source>0</code_appellation_source>
<libelle_appellation_source>Toutes les appellations</libelle_appellation_source>
</liste_appellation_source>
<code_rome_cible>L1304</code_rome_cible>
<libelle_rome_cible>R&#0233;alisation cin&#0233;matographique et audiovisuelle</libelle_rome_cible>
<liste_appellation_cible>
<code_appellation_cible>0</code_appellation_cible>
<libelle_appellation_cible>Toutes les appellations</libelle_appellation_cible>
</liste_appellation_cible>
</item_mob_ev>
</mobilites_si_evolution>
</bloc_mobilites>
</fiche_emploi_metier>