<?xml version="1.0" encoding="UTF-8" ?>
<fiche_emploi_metier>
<type_fiche>2</type_fiche>
<libelle_type_fiche>priorise</libelle_type_fiche>
<version_SI>
<version_rome>333</version_rome>
<date_version_si>01/10/2017</date_version_si>
<mois_version_si>Octobre</mois_version_si>
<annee_version_si>2017</annee_version_si>
</version_SI>
<bloc_code_rome>
<code_rome>L1506</code_rome>
<intitule>Machinerie spectacle</intitule>
<code_ogr>452</code_ogr>
<riasec_majeur>R</riasec_majeur>
<riasec_mineur>a</riasec_mineur>
</bloc_code_rome>
<bloc_appellation nbItemAppellation="13">
<item_app>
<code_ogr>12572</code_ogr>
<libelle>Chef machiniste spectacle</libelle>
<libelle_court>Chef machiniste spectacle</libelle_court>
<priorisation>1</priorisation>
</item_app>
<item_app>
<code_ogr>12643</code_ogr>
<libelle>Cintrier / Cintri&#0232;re</libelle>
<libelle_court>Cintrier / Cintri&#0232;re</libelle_court>
<priorisation>1</priorisation>
</item_app>
<item_app>
<code_ogr>12644</code_ogr>
<libelle>Cintrier-machiniste / Cintri&#0232;re-machiniste</libelle>
<libelle_court>Cintrier-machiniste / Cintri&#0232;re-machiniste</libelle_court>
<priorisation>1</priorisation>
</item_app>
<item_app>
<code_ogr>16235</code_ogr>
<libelle>Machiniste cin&#0233;ma</libelle>
<libelle_court>Machiniste cin&#0233;ma</libelle_court>
<priorisation>1</priorisation>
</item_app>
<item_app>
<code_ogr>16242</code_ogr>
<libelle>Machiniste spectacle</libelle>
<libelle_court>Machiniste spectacle</libelle_court>
<priorisation>1</priorisation>
</item_app>
<item_app>
<code_ogr>16245</code_ogr>
<libelle>Machiniste t&#0233;l&#0233;vision</libelle>
<libelle_court>Machiniste t&#0233;l&#0233;vision</libelle_court>
<priorisation>1</priorisation>
</item_app>
<item_app>
<code_ogr>16246</code_ogr>
<libelle>Machiniste th&#0233;&#0226;tre</libelle>
<libelle_court>Machiniste th&#0233;&#0226;tre</libelle_court>
<priorisation>1</priorisation>
</item_app>
<item_app>
<code_ogr>16247</code_ogr>
<libelle>Machiniste vid&#0233;o</libelle>
<libelle_court>Machiniste vid&#0233;o</libelle_court>
<priorisation>1</priorisation>
</item_app>
<item_app>
<code_ogr>16248</code_ogr>
<libelle>Machiniste-constructeur / Machiniste-constructrice de d&#0233;cors</libelle>
<libelle_court>Machiniste-constructeur / Machiniste-constructrice de d&#0233;cors</libelle_court>
<priorisation>1</priorisation>
</item_app>
<item_app>
<code_ogr>19262</code_ogr>
<libelle>Rigger</libelle>
<libelle_court>Rigger</libelle_court>
<priorisation>1</priorisation>
</item_app>
<item_app>
<code_ogr>19264</code_ogr>
<libelle>Rippeur / Rippeuse spectacle</libelle>
<libelle_court>Rippeur / Rippeuse spectacle</libelle_court>
<priorisation>1</priorisation>
</item_app>
<item_app>
<code_ogr>19267</code_ogr>
<libelle>Road</libelle>
<libelle_court>Road</libelle_court>
<priorisation>1</priorisation>
</item_app>
<item_app>
<code_ogr>20214</code_ogr>
<libelle>Technicien / Technicienne plateau</libelle>
<libelle_court>Technicien / Technicienne plateau</libelle_court>
<priorisation>1</priorisation>
</item_app>
</bloc_appellation>
<definition nbItemDefinition="3">
Effectue le montage et l&#0039;installation des d&#0233;cors, des &#0233;quipements de cam&#0233;ra et des mat&#0233;riels (&#0233;clairage, sonorisation) pour des spectacles, des tournages, selon la r&#0233;glementation s&#0233;curit&#0233; et les imp&#0233;ratifs de la production.
Peut monter des structures de sc&#0232;ne.
Peut coordonner une &#0233;quipe.
</definition>
<acces_emploi_metier nbItemAccesEmploiMetier="4">
Cet emploi/m&#0233;tier est accessible avec un CAP/BEP en machinerie de spectacle, menuiserie, serrurerie.
Il est &#0233;galement accessible avec une exp&#0233;rience professionnelle dans le spectacle sans dipl&#0244;me particulier.
Les recrutements sont g&#0233;n&#0233;ralement ouverts sur contrat de travail &#0224; dur&#0233;e d&#0233;termin&#0233;e d&#0039;usage, parfois sur contrat de travail &#0224; dur&#0233;e ind&#0233;termin&#0233;e.
Un ou plusieurs Certificat(s) d&#0039;Aptitude &#0224; la Conduite en S&#0233;curit&#0233; - CACES- conditionn&#0233;(s) par une aptitude m&#0233;dicale &#0224; renouveler p&#0233;riodiquement peu(ven)t &#0234;tre requis.
</acces_emploi_metier>
<condition_exercice_activite nbItemConditionExercice="5">
L&#0039;activit&#0233; de cet emploi/m&#0233;tier s&#0039;exerce au sein de salles de spectacles, de soci&#0233;t&#0233;s de production audiovisuelles, cin&#0233;matographiques ou de spectacles en coordination avec d&#0039;autres &#0233;quipes techniques (d&#0233;cors, son, lumi&#0232;re, ...). Elle peut impliquer des d&#0233;placements (tourn&#0233;es, tournages, ...) et un &#0233;loignement du domicile de plusieurs jours ou mois.
Elle varie selon le secteur (spectacle vivant, cin&#0233;ma, audiovisuel) et le degr&#0233; d&#0039;automatisation de la machinerie.
Elle peut s&#0039;exercer par roulement, les fins de semaine, jours f&#0233;ri&#0233;s ou de nuit.
L&#0039;activit&#0233; peut s&#0039;effectuer sur plateau de tournage, sur sc&#0232;ne, &#0224; l&#0039;ext&#0233;rieur, en hauteur et implique le port de charges.
Le port d&#0039;&#0233;quipements de protection (gants, harnais, casque, chaussures de s&#0233;curit&#0233;) est requis.
</condition_exercice_activite>
<bloc_environnement_de_travail nbItemEnvTrav="10">
<item_env>
<code_ogr>24029</code_ogr>
<libelle>Parc de loisirs</libelle>
<code_type_section_env>1</code_type_section_env>
<priorisation>1</priorisation>
</item_env>
<item_env>
<code_ogr>24059</code_ogr>
<libelle>Salle de spectacles</libelle>
<code_type_section_env>1</code_type_section_env>
<priorisation>1</priorisation>
</item_env>
<item_env>
<code_ogr>24086</code_ogr>
<libelle>Soci&#0233;t&#0233; de production audiovisuelle, cin&#0233;matographique</libelle>
<code_type_section_env>1</code_type_section_env>
<priorisation>1</priorisation>
</item_env>
<item_env>
<code_ogr>24087</code_ogr>
<libelle>Soci&#0233;t&#0233; de production de spectacles</libelle>
<code_type_section_env>1</code_type_section_env>
<priorisation>1</priorisation>
</item_env>
<item_env>
<code_ogr>24093</code_ogr>
<libelle>Soci&#0233;t&#0233; de services</libelle>
<code_type_section_env>1</code_type_section_env>
<priorisation>1</priorisation>
</item_env>
<item_env>
<code_ogr>23409</code_ogr>
<libelle>Audiovisuel</libelle>
<code_type_section_env>2</code_type_section_env>
<priorisation>1</priorisation>
</item_env>
<item_env>
<code_ogr>23441</code_ogr>
<libelle>Cin&#0233;ma</libelle>
<code_type_section_env>2</code_type_section_env>
<priorisation>1</priorisation>
</item_env>
<item_env>
<code_ogr>23487</code_ogr>
<libelle>Ev&#0232;nementiel</libelle>
<code_type_section_env>2</code_type_section_env>
<priorisation>1</priorisation>
</item_env>
<item_env>
<code_ogr>23639</code_ogr>
<libelle>Spectacle vivant</libelle>
<code_type_section_env>2</code_type_section_env>
<priorisation>1</priorisation>
</item_env>
<item_env>
<code_ogr>23378</code_ogr>
<libelle>En ext&#0233;rieur</libelle>
<code_type_section_env>3</code_type_section_env>
<priorisation>1</priorisation>
</item_env>
</bloc_environnement_de_travail>
<bloc_activites_de_base nbBlocActiviteBase="1">
<activites_de_base nbItemActivite_AB="8">
<item_ab>
<code_ogr>125844</code_ogr>
<libelle>Rep&#0233;rer des lieux d&#0039;implantation de d&#0233;cors</libelle>
<code_type_activite>3</code_type_activite>
<code_type_item_activite>2</code_type_item_activite>
<position_item>1</position_item>
<priorisation>1</priorisation>
<riasec_majeur>R</riasec_majeur>
<riasec_mineur>a</riasec_mineur>
</item_ab>
<item_ab>
<code_ogr>125845</code_ogr>
<libelle>Identifier des contraintes techniques li&#0233;s &#0224; l&#0039;installation d&#0039;un d&#0233;cors</libelle>
<code_type_activite>3</code_type_activite>
<code_type_item_activite>2</code_type_item_activite>
<position_item>2</position_item>
<priorisation>1</priorisation>
<riasec_majeur>R</riasec_majeur>
<riasec_mineur>a</riasec_mineur>
</item_ab>
<item_ab>
<code_ogr>125022</code_ogr>
<libelle>Transporter des &#0233;l&#0233;ments de d&#0233;cors, de mat&#0233;riel</libelle>
<code_type_activite>3</code_type_activite>
<code_type_item_activite>2</code_type_item_activite>
<position_item>3</position_item>
<priorisation>1</priorisation>
<riasec_majeur>R</riasec_majeur>
<riasec_mineur>a</riasec_mineur>
</item_ab>
<item_ab>
<code_ogr>125015</code_ogr>
<libelle>Installer du mat&#0233;riel d&#0039;&#0233;clairage, de sonorisation, des &#0233;quipements de cam&#0233;ra</libelle>
<code_type_activite>3</code_type_activite>
<code_type_item_activite>2</code_type_item_activite>
<position_item>4</position_item>
<priorisation>1</priorisation>
<riasec_majeur>R</riasec_majeur>
<riasec_mineur>a</riasec_mineur>
</item_ab>
<item_ab>
<code_ogr>125014</code_ogr>
<libelle>Assembler un d&#0233;cors</libelle>
<code_type_activite>3</code_type_activite>
<code_type_item_activite>2</code_type_item_activite>
<position_item>5</position_item>
<priorisation>1</priorisation>
<riasec_majeur>R</riasec_majeur>
<riasec_mineur>a</riasec_mineur>
</item_ab>
<item_ab>
<code_ogr>125238</code_ogr>
<libelle>D&#0233;placer des &#0233;l&#0233;ments de d&#0233;cors, de mat&#0233;riel en fonction du mouvement des acteurs</libelle>
<code_type_activite>3</code_type_activite>
<code_type_item_activite>2</code_type_item_activite>
<position_item>6</position_item>
<priorisation>1</priorisation>
<riasec_majeur>R</riasec_majeur>
</item_ab>
<item_ab>
<code_ogr>125816</code_ogr>
<libelle>R&#0233;aliser une op&#0233;ration de maintenance</libelle>
<code_type_activite>3</code_type_activite>
<code_type_item_activite>2</code_type_item_activite>
<position_item>7</position_item>
<priorisation>1</priorisation>
<riasec_majeur>R</riasec_majeur>
</item_ab>
<item_ab>
<code_ogr>121249</code_ogr>
<libelle>Analyser un plan d&#0039;implantation</libelle>
<code_type_activite>3</code_type_activite>
<code_type_item_activite>2</code_type_item_activite>
<position_item>8</position_item>
<priorisation>1</priorisation>
<riasec_majeur>R</riasec_majeur>
</item_ab>
</activites_de_base>
<savoir_theorique_et_proceduraux nbItemSTP_AB="22">
<item_ab_stp>
<code_ogr>116755</code_ogr>
<libelle>Proc&#0233;dures de maintenance de mat&#0233;riels et &#0233;quipements de cam&#0233;ra</libelle>
<code_type_competence>1</code_type_competence>
<position_item>1</position_item>
<priorisation>1</priorisation>
</item_ab_stp>
<item_ab_stp>
<code_ogr>116753</code_ogr>
<libelle>Proc&#0233;dures de maintenance de d&#0233;cors</libelle>
<code_type_competence>1</code_type_competence>
<position_item>2</position_item>
<priorisation>1</priorisation>
</item_ab_stp>
<item_ab_stp>
<code_ogr>116756</code_ogr>
<libelle>Proc&#0233;dures d&#0039;entretien de mat&#0233;riels et &#0233;quipements de cam&#0233;ra</libelle>
<code_type_competence>1</code_type_competence>
<position_item>3</position_item>
<priorisation>1</priorisation>
</item_ab_stp>
<item_ab_stp>
<code_ogr>116754</code_ogr>
<libelle>Proc&#0233;dures d&#0039;entretien de d&#0233;cors</libelle>
<code_type_competence>1</code_type_competence>
<position_item>4</position_item>
<priorisation>1</priorisation>
</item_ab_stp>
<item_ab_stp>
<code_ogr>109289</code_ogr>
<libelle>Utilisation de grue &#0224; bras</libelle>
<code_type_competence>1</code_type_competence>
<position_item>5</position_item>
<priorisation>1</priorisation>
</item_ab_stp>
<item_ab_stp>
<code_ogr>109288</code_ogr>
<libelle>Utilisation de chariot de travelling</libelle>
<code_type_competence>1</code_type_competence>
<position_item>6</position_item>
<priorisation>1</priorisation>
</item_ab_stp>
<item_ab_stp>
<code_ogr>109287</code_ogr>
<libelle>Techniques de boulonnage</libelle>
<code_type_competence>1</code_type_competence>
<position_item>7</position_item>
<priorisation>1</priorisation>
</item_ab_stp>
<item_ab_stp>
<code_ogr>102023</code_ogr>
<libelle>Lecture de fiche technique</libelle>
<code_type_competence>1</code_type_competence>
<position_item>8</position_item>
<priorisation>1</priorisation>
</item_ab_stp>
<item_ab_stp>
<code_ogr>118331</code_ogr>
<libelle>Utilisation d&#0039;outillages manuels</libelle>
<code_type_competence>1</code_type_competence>
<position_item>9</position_item>
<priorisation>1</priorisation>
</item_ab_stp>
<item_ab_stp>
<code_ogr>101506</code_ogr>
<libelle>R&#0232;gles et consignes de s&#0233;curit&#0233;</libelle>
<code_type_competence>1</code_type_competence>
<position_item>10</position_item>
<priorisation>1</priorisation>
</item_ab_stp>
<item_ab_stp>
<code_ogr>100634</code_ogr>
<libelle>Techniques de peinture</libelle>
<code_type_competence>1</code_type_competence>
<position_item>11</position_item>
<priorisation>1</priorisation>
</item_ab_stp>
<item_ab_stp>
<code_ogr>105942</code_ogr>
<libelle>Techniques de serrurerie</libelle>
<code_type_competence>1</code_type_competence>
<position_item>12</position_item>
<priorisation>1</priorisation>
</item_ab_stp>
<item_ab_stp>
<code_ogr>120092</code_ogr>
<libelle>Menuiserie bois massif</libelle>
<code_type_competence>1</code_type_competence>
<position_item>13</position_item>
<priorisation>1</priorisation>
</item_ab_stp>
<item_ab_stp>
<code_ogr>120091</code_ogr>
<libelle>Menuiserie bois de placage</libelle>
<code_type_competence>1</code_type_competence>
<position_item>14</position_item>
<priorisation>1</priorisation>
</item_ab_stp>
<item_ab_stp>
<code_ogr>103598</code_ogr>
<libelle>Menuiserie PVC</libelle>
<code_type_competence>1</code_type_competence>
<position_item>15</position_item>
<priorisation>1</priorisation>
</item_ab_stp>
<item_ab_stp>
<code_ogr>103597</code_ogr>
<libelle>Menuiserie aluminium</libelle>
<code_type_competence>1</code_type_competence>
<position_item>16</position_item>
<priorisation>1</priorisation>
</item_ab_stp>
<item_ab_stp>
<code_ogr>103596</code_ogr>
<libelle>Menuiserie bois</libelle>
<code_type_competence>1</code_type_competence>
<position_item>17</position_item>
<priorisation>1</priorisation>
</item_ab_stp>
<item_ab_stp>
<code_ogr>120093</code_ogr>
<libelle>Menuiserie d&#0233;riv&#0233;s du bois</libelle>
<code_type_competence>1</code_type_competence>
<position_item>18</position_item>
<priorisation>1</priorisation>
</item_ab_stp>
<item_ab_stp>
<code_ogr>109292</code_ogr>
<libelle>Techniques de montage/d&#0233;montage de d&#0233;cors</libelle>
<code_type_competence>1</code_type_competence>
<position_item>19</position_item>
<priorisation>1</priorisation>
</item_ab_stp>
<item_ab_stp>
<code_ogr>109291</code_ogr>
<libelle>Terminologie de la cage de sc&#0232;ne</libelle>
<code_type_competence>1</code_type_competence>
<position_item>20</position_item>
<priorisation>1</priorisation>
</item_ab_stp>
<item_ab_stp>
<code_ogr>109290</code_ogr>
<libelle>Types de c&#0226;bles</libelle>
<code_type_competence>1</code_type_competence>
<position_item>21</position_item>
<priorisation>1</priorisation>
</item_ab_stp>
<item_ab_stp>
<code_ogr>100016</code_ogr>
<libelle>Gestes et postures de manutention</libelle>
<code_type_competence>1</code_type_competence>
<position_item>22</position_item>
<priorisation>1</priorisation>
</item_ab_stp>
</savoir_theorique_et_proceduraux>
<savoir_action nbItemSA_AB="0">
</savoir_action>
</bloc_activites_de_base>
<bloc_activites_specifiques nbBlocActiviteSpecifique="8">
<bloc>
<position_bloc>1</position_bloc>
<activite_specifique nbItemActivite_AS="1">
<item_as>
<code_ogr>120405</code_ogr>
<libelle>Utiliser un engin n&#0233;cessitant une habilitation</libelle>
<code_type_activite>3</code_type_activite>
<code_type_item_activite>2</code_type_item_activite>
<position_item>1</position_item>
<priorisation>1</priorisation>
<riasec_majeur>R</riasec_majeur>
</item_as>
</activite_specifique>
<savoir_theorique_et_proceduraux nbItemSTP_AS="6">
<item_as_stp>
<code_ogr>121311</code_ogr>
<libelle>Plates-formes &#0233;l&#0233;vatrices mobiles de personnes ou PEMP (CACES R 386)</libelle>
<code_type_competence>1</code_type_competence>
<position_item>1</position_item>
<priorisation>1</priorisation>
</item_as_stp>
<item_as_stp>
<code_ogr>123696</code_ogr>
<libelle>Transpalettes &#0224; conducteur port&#0233; et pr&#0233;parateurs de commandes au sol (CACES R 389-1)</libelle>
<code_type_competence>1</code_type_competence>
<position_item>2</position_item>
<priorisation>1</priorisation>
</item_as_stp>
<item_as_stp>
<code_ogr>123697</code_ogr>
<libelle>Chariots tracteurs et &#0224; plateau porteur de capacit&#0233; inf&#0233;rieure &#0224; 6 000 kg (CACES R 389-2)</libelle>
<code_type_competence>1</code_type_competence>
<position_item>3</position_item>
<priorisation>1</priorisation>
</item_as_stp>
<item_as_stp>
<code_ogr>123698</code_ogr>
<libelle>Chariots &#0233;l&#0233;vateurs en porte-&#0224;-faux de capacit&#0233; inf&#0233;rieure ou &#0233;gale &#0224; 6000 kg (CACES R 389-3)</libelle>
<code_type_competence>1</code_type_competence>
<position_item>4</position_item>
<priorisation>1</priorisation>
</item_as_stp>
<item_as_stp>
<code_ogr>123722</code_ogr>
<libelle>D&#0233;placement, chargement, transfert de chariots sans activit&#0233; de production (CACES R 389-6)</libelle>
<code_type_competence>1</code_type_competence>
<position_item>5</position_item>
<priorisation>1</priorisation>
</item_as_stp>
<item_as_stp>
<code_ogr>121310</code_ogr>
<libelle>Grues mobiles (CACES R 383)</libelle>
<code_type_competence>1</code_type_competence>
<position_item>6</position_item>
<priorisation>1</priorisation>
</item_as_stp>
</savoir_theorique_et_proceduraux>
<savoir_action nbItemSA_AS="0">
</savoir_action>
</bloc>
<bloc>
<position_bloc>2</position_bloc>
<activite_specifique nbItemActivite_AS="2">
<item_as>
<code_ogr>119848</code_ogr>
<libelle>D&#0233;charger des marchandises, des produits</libelle>
<code_type_activite>3</code_type_activite>
<code_type_item_activite>2</code_type_item_activite>
<position_item>1</position_item>
<priorisation>1</priorisation>
<riasec_majeur>R</riasec_majeur>
</item_as>
<item_as>
<code_ogr>119849</code_ogr>
<libelle>Charger des marchandises, des produits</libelle>
<code_type_activite>3</code_type_activite>
<code_type_item_activite>2</code_type_item_activite>
<position_item>2</position_item>
<priorisation>1</priorisation>
<riasec_majeur>R</riasec_majeur>
</item_as>
</activite_specifique>
<savoir_theorique_et_proceduraux nbItemSTP_AS="1">
<item_as_stp>
<code_ogr>101829</code_ogr>
<libelle>Utilisation d&#0039;engins de manutention non motoris&#0233;s (transpalette, diable, ...)</libelle>
<code_type_competence>1</code_type_competence>
<position_item>1</position_item>
<priorisation>1</priorisation>
</item_as_stp>
</savoir_theorique_et_proceduraux>
<savoir_action nbItemSA_AS="0">
</savoir_action>
</bloc>
<bloc>
<position_bloc>3</position_bloc>
<activite_specifique nbItemActivite_AS="1">
<item_as>
<code_ogr>125233</code_ogr>
<libelle>D&#0233;terminer les &#0233;quipements n&#0233;cessaires aux mouvements d&#0039;une cam&#0233;ra</libelle>
<code_type_activite>3</code_type_activite>
<code_type_item_activite>2</code_type_item_activite>
<position_item>1</position_item>
<priorisation>1</priorisation>
<riasec_majeur>R</riasec_majeur>
<riasec_mineur>a</riasec_mineur>
</item_as>
</activite_specifique>
<savoir_theorique_et_proceduraux nbItemSTP_AS="0">
</savoir_theorique_et_proceduraux>
<savoir_action nbItemSA_AS="0">
</savoir_action>
</bloc>
<bloc>
<position_bloc>4</position_bloc>
<activite_specifique nbItemActivite_AS="1">
<item_as>
<code_ogr>125432</code_ogr>
<libelle>Installer des structures de sc&#0232;ne</libelle>
<code_type_activite>3</code_type_activite>
<code_type_item_activite>2</code_type_item_activite>
<position_item>1</position_item>
<priorisation>1</priorisation>
<riasec_majeur>R</riasec_majeur>
</item_as>
</activite_specifique>
<savoir_theorique_et_proceduraux nbItemSTP_AS="1">
<item_as_stp>
<code_ogr>109295</code_ogr>
<libelle>Techniques d&#0039;accrochage</libelle>
<code_type_competence>1</code_type_competence>
<position_item>1</position_item>
<priorisation>1</priorisation>
</item_as_stp>
</savoir_theorique_et_proceduraux>
<savoir_action nbItemSA_AS="0">
</savoir_action>
</bloc>
<bloc>
<position_bloc>5</position_bloc>
<activite_specifique nbItemActivite_AS="1">
<item_as>
<code_ogr>125012</code_ogr>
<libelle>Accrocher des &#0233;l&#0233;ments de d&#0233;cors sur des porteuses</libelle>
<code_type_activite>3</code_type_activite>
<code_type_item_activite>2</code_type_item_activite>
<position_item>1</position_item>
<priorisation>1</priorisation>
<riasec_majeur>R</riasec_majeur>
</item_as>
</activite_specifique>
<savoir_theorique_et_proceduraux nbItemSTP_AS="1">
<item_as_stp>
<code_ogr>109296</code_ogr>
<libelle>Caract&#0233;ristiques de la machinerie de th&#0233;&#0226;tre (d&#0233;placement des d&#0233;cors, changements de sc&#0232;ne, /...)</libelle>
<code_type_competence>1</code_type_competence>
<position_item>1</position_item>
<priorisation>1</priorisation>
</item_as_stp>
</savoir_theorique_et_proceduraux>
<savoir_action nbItemSA_AS="0">
</savoir_action>
</bloc>
<bloc>
<position_bloc>6</position_bloc>
<activite_specifique nbItemActivite_AS="1">
<item_as>
<code_ogr>125013</code_ogr>
<libelle>Actionner des porteuses, des perches pour la mise en place de d&#0233;cors</libelle>
<code_type_activite>3</code_type_activite>
<code_type_item_activite>2</code_type_item_activite>
<position_item>1</position_item>
<priorisation>1</priorisation>
<riasec_majeur>R</riasec_majeur>
<riasec_mineur>a</riasec_mineur>
</item_as>
</activite_specifique>
<savoir_theorique_et_proceduraux nbItemSTP_AS="2">
<item_as_stp>
<code_ogr>109297</code_ogr>
<libelle>Utilisation de porteuse, de perche motoris&#0233;e</libelle>
<code_type_competence>1</code_type_competence>
<position_item>1</position_item>
<priorisation>1</priorisation>
</item_as_stp>
<item_as_stp>
<code_ogr>104514</code_ogr>
<libelle>M&#0233;canique</libelle>
<code_type_competence>1</code_type_competence>
<position_item>2</position_item>
<priorisation>1</priorisation>
</item_as_stp>
</savoir_theorique_et_proceduraux>
<savoir_action nbItemSA_AS="0">
</savoir_action>
</bloc>
<bloc>
<position_bloc>7</position_bloc>
<activite_specifique nbItemActivite_AS="1">
<item_as>
<code_ogr>102359</code_ogr>
<libelle>Coordonner l&#0039;activit&#0233; d&#0039;une &#0233;quipe</libelle>
<code_type_activite>3</code_type_activite>
<code_type_item_activite>2</code_type_item_activite>
<position_item>1</position_item>
<priorisation>1</priorisation>
<riasec_majeur>E</riasec_majeur>
<riasec_mineur>s</riasec_mineur>
</item_as>
</activite_specifique>
<savoir_theorique_et_proceduraux nbItemSTP_AS="0">
</savoir_theorique_et_proceduraux>
<savoir_action nbItemSA_AS="0">
</savoir_action>
</bloc>
<bloc>
<position_bloc>8</position_bloc>
<activite_specifique nbItemActivite_AS="1">
<item_as>
<code_ogr>123036</code_ogr>
<libelle>Former un public</libelle>
<code_type_activite>3</code_type_activite>
<code_type_item_activite>2</code_type_item_activite>
<position_item>1</position_item>
<priorisation>1</priorisation>
<riasec_majeur>S</riasec_majeur>
</item_as>
</activite_specifique>
<savoir_theorique_et_proceduraux nbItemSTP_AS="0">
</savoir_theorique_et_proceduraux>
<savoir_action nbItemSA_AS="0">
</savoir_action>
</bloc>
</bloc_activites_specifiques>
<bloc_mobilites>
<mobilites_proches nbItemMob="2">
<item_mob_pr><code_type_mobilite>1</code_type_mobilite>
<liste_appellation_source>
<code_appellation_source>0</code_appellation_source>
<libelle_appellation_source>Toutes les appellations</libelle_appellation_source>
</liste_appellation_source>
<code_rome_cible>N1102</code_rome_cible>
<libelle_rome_cible>D&#0233;m&#0233;nagement</libelle_rome_cible>
<liste_appellation_cible>
<code_appellation_cible>0</code_appellation_cible>
<libelle_appellation_cible>Toutes les appellations</libelle_appellation_cible>
</liste_appellation_cible>
</item_mob_pr>
<item_mob_pr><code_type_mobilite>1</code_type_mobilite>
<liste_appellation_source>
<code_appellation_source>0</code_appellation_source>
<libelle_appellation_source>Toutes les appellations</libelle_appellation_source>
</liste_appellation_source>
<code_rome_cible>N1105</code_rome_cible>
<libelle_rome_cible>Manutention manuelle de charges</libelle_rome_cible>
<liste_appellation_cible>
<code_appellation_cible>0</code_appellation_cible>
<libelle_appellation_cible>Toutes les appellations</libelle_appellation_cible>
</liste_appellation_cible>
</item_mob_pr>
</mobilites_proches>
<mobilites_si_evolution nbItemMob="2">
<item_mob_ev><code_type_mobilite>2</code_type_mobilite>
<liste_appellation_source>
<code_appellation_source>0</code_appellation_source>
<libelle_appellation_source>Toutes les appellations</libelle_appellation_source>
</liste_appellation_source>
<code_rome_cible>L1503</code_rome_cible>
<libelle_rome_cible>D&#0233;cor et accessoires spectacle</libelle_rome_cible>
<liste_appellation_cible>
<code_appellation_cible>10203</code_appellation_cible>
<libelle_appellation_cible>Accessoiriste</libelle_appellation_cible>
</liste_appellation_cible>
</item_mob_ev>
<item_mob_ev><code_type_mobilite>2</code_type_mobilite>
<liste_appellation_source>
<code_appellation_source>0</code_appellation_source>
<libelle_appellation_source>Toutes les appellations</libelle_appellation_source>
</liste_appellation_source>
<code_rome_cible>L1509</code_rome_cible>
<libelle_rome_cible>R&#0233;gie g&#0233;n&#0233;rale</libelle_rome_cible>
<liste_appellation_cible>
<code_appellation_cible>18404</code_appellation_cible>
<libelle_appellation_cible>R&#0233;gisseur / R&#0233;gisseuse de plateau</libelle_appellation_cible>
</liste_appellation_cible>
</item_mob_ev>
</mobilites_si_evolution>
</bloc_mobilites>
</fiche_emploi_metier>