<?xml version="1.0" encoding="UTF-8" ?>
<fiche_emploi_metier>
<type_fiche>2</type_fiche>
<libelle_type_fiche>priorise</libelle_type_fiche>
<version_SI>
<version_rome>333</version_rome>
<date_version_si>01/10/2017</date_version_si>
<mois_version_si>Octobre</mois_version_si>
<annee_version_si>2017</annee_version_si>
</version_SI>
<bloc_code_rome>
<code_rome>M1501</code_rome>
<intitule>Assistanat en ressources humaines</intitule>
<code_ogr>471</code_ogr>
<riasec_majeur>C</riasec_majeur>
<riasec_mineur>s</riasec_mineur>
</bloc_code_rome>
<bloc_appellation nbItemAppellation="13">
<item_app>
<code_ogr>11199</code_ogr>
<libelle>Assistant / Assistante carri&#0232;res et paie</libelle>
<libelle_court>Assistant / Assistante carri&#0232;res et paie</libelle_court>
<priorisation>1</priorisation>
</item_app>
<item_app>
<code_ogr>11231</code_ogr>
<libelle>Assistant / Assistante de gestion administrative du personnel</libelle>
<libelle_court>Assistant/Assistante de gestion administrative du personnel</libelle_court>
<priorisation>1</priorisation>
</item_app>
<item_app>
<code_ogr>11233</code_ogr>
<libelle>Assistant / Assistante de gestion du personnel</libelle>
<libelle_court>Assistant / Assistante de gestion du personnel</libelle_court>
<priorisation>1</priorisation>
</item_app>
<item_app>
<code_ogr>11235</code_ogr>
<libelle>Assistant / Assistante de gestion en ressources humaines</libelle>
<libelle_court>Assistant / Assistante de gestion en ressources humaines</libelle_court>
<priorisation>1</priorisation>
</item_app>
<item_app>
<code_ogr>11251</code_ogr>
<libelle>Assistant / Assistante de service formation</libelle>
<libelle_court>Assistant / Assistante de service formation</libelle_court>
<priorisation>1</priorisation>
</item_app>
<item_app>
<code_ogr>11278</code_ogr>
<libelle>Assistant / Assistante du service personnel</libelle>
<libelle_court>Assistant / Assistante du service personnel</libelle_court>
<priorisation>1</priorisation>
</item_app>
<item_app>
<code_ogr>11280</code_ogr>
<libelle>Assistant / Assistante emploi formation</libelle>
<libelle_court>Assistant / Assistante emploi formation</libelle_court>
<priorisation>1</priorisation>
</item_app>
<item_app>
<code_ogr>11329</code_ogr>
<libelle>Assistant / Assistante ressources humaines</libelle>
<libelle_court>Assistant / Assistante ressources humaines</libelle_court>
<priorisation>1</priorisation>
</item_app>
<item_app>
<code_ogr>11804</code_ogr>
<libelle>Charg&#0233; / Charg&#0233;e de la gestion administrative du personnel</libelle>
<libelle_court>Charg&#0233; / Charg&#0233;e de la gestion administrative du personnel</libelle_court>
<priorisation>1</priorisation>
</item_app>
<item_app>
<code_ogr>15316</code_ogr>
<libelle>Gestionnaire administratif / administrative ressources humaines</libelle>
<libelle_court>Gestionnaire administratif(ve) ressources humaines</libelle_court>
<priorisation>1</priorisation>
</item_app>
<item_app>
<code_ogr>15334</code_ogr>
<libelle>Gestionnaire de l&#0039;administration du personnel</libelle>
<libelle_court>Gestionnaire de l&#0039;administration du personnel</libelle_court>
<priorisation>1</priorisation>
</item_app>
<item_app>
<code_ogr>15369</code_ogr>
<libelle>Gestionnaire paie et administration du personnel</libelle>
<libelle_court>Gestionnaire paie et administration du personnel</libelle_court>
<priorisation>1</priorisation>
</item_app>
<item_app>
<code_ogr>19384</code_ogr>
<libelle>Secr&#0233;taire du service personnel</libelle>
<libelle_court>Secr&#0233;taire du service personnel</libelle_court>
<priorisation>1</priorisation>
</item_app>
</bloc_appellation>
<definition nbItemDefinition="3">
R&#0233;alise le suivi administratif de la gestion du personnel (contrats, absences, visites m&#0233;dicales, d&#0233;clarations aux organismes sociaux, ...) et de la formation continue selon la l&#0233;gislation sociale, la r&#0233;glementation du travail et la politique des ressources humaines de la structure.
Peut pr&#0233;parer et contr&#0244;ler les bulletins de salaires. Peut r&#0233;aliser le suivi de contrats d&#0039;externalisation de services (paies, ...).
Peut coordonner une &#0233;quipe.
</definition>
<acces_emploi_metier nbItemAccesEmploiMetier="4">
Cet emploi/m&#0233;tier est accessible avec un dipl&#0244;me de niveau Bac+2 (BTS, DUT, ...) &#0224; Licence en gestion des ressources humaines, gestion des entreprises, administration &#0233;conomique et sociale, ...
Il est &#0233;galement accessible avec un dipl&#0244;me de niveau Bac (professionnel, technologique,...) compl&#0233;t&#0233; par une exp&#0233;rience professionnelle dans le domaine des ressources humaines.
La pratique d&#0039;une langue &#0233;trang&#0232;re, en particulier l&#0039;anglais, peut &#0234;tre demand&#0233;e.
La ma&#0238;trise de l&#0039;outil informatique (tableur, logiciels de paie, ...) est requise.
</acces_emploi_metier>
<condition_exercice_activite nbItemConditionExercice="2">
L&#0039;activit&#0233; de cet emploi/m&#0233;tier s&#0039;exerce au sein d&#0039;entreprises priv&#0233;es, publiques, de collectivit&#0233;s territoriales ou de cabinets conseil, en relation avec diff&#0233;rents services et intervenants (comptabilit&#0233;, direction, prestataires de services, ...).
Elle varie selon la taille de la structure (PME, grande entreprise,...).
</condition_exercice_activite>
<bloc_environnement_de_travail nbItemEnvTrav="6">
<item_env>
<code_ogr>23706</code_ogr>
<libelle>Association</libelle>
<code_type_section_env>1</code_type_section_env>
<priorisation>1</priorisation>
</item_env>
<item_env>
<code_ogr>23808</code_ogr>
<libelle>Collectivit&#0233; territoriale</libelle>
<code_type_section_env>1</code_type_section_env>
<priorisation>1</priorisation>
</item_env>
<item_env>
<code_ogr>23867</code_ogr>
<libelle>Entreprise</libelle>
<code_type_section_env>1</code_type_section_env>
<priorisation>1</priorisation>
</item_env>
<item_env>
<code_ogr>24081</code_ogr>
<libelle>Soci&#0233;t&#0233; de conseil</libelle>
<code_type_section_env>1</code_type_section_env>
<priorisation>1</priorisation>
</item_env>
<item_env>
<code_ogr>24093</code_ogr>
<libelle>Soci&#0233;t&#0233; de services</libelle>
<code_type_section_env>1</code_type_section_env>
<priorisation>1</priorisation>
</item_env>
<item_env>
<code_ogr>23388</code_ogr>
<libelle>Administration / Services de l&#0039;Etat</libelle>
<code_type_section_env>2</code_type_section_env>
<priorisation>1</priorisation>
</item_env>
</bloc_environnement_de_travail>
<bloc_activites_de_base nbBlocActiviteBase="1">
<activites_de_base nbItemActivite_AB="11">
<item_ab>
<code_ogr>122252</code_ogr>
<libelle>Administrer des dossiers individuels de salari&#0233;s</libelle>
<code_type_activite>3</code_type_activite>
<code_type_item_activite>2</code_type_item_activite>
<position_item>1</position_item>
<priorisation>1</priorisation>
<riasec_majeur>C</riasec_majeur>
</item_ab>
<item_ab>
<code_ogr>124607</code_ogr>
<libelle>R&#0233;aliser des d&#0233;clarations r&#0233;glementaires</libelle>
<code_type_activite>3</code_type_activite>
<code_type_item_activite>2</code_type_item_activite>
<position_item>2</position_item>
<priorisation>1</priorisation>
<riasec_majeur>C</riasec_majeur>
</item_ab>
<item_ab>
<code_ogr>126091</code_ogr>
<libelle>Collecter les besoins en formation du personnel</libelle>
<code_type_activite>3</code_type_activite>
<code_type_item_activite>2</code_type_item_activite>
<position_item>3</position_item>
<priorisation>1</priorisation>
<riasec_majeur>C</riasec_majeur>
<riasec_mineur>s</riasec_mineur>
</item_ab>
<item_ab>
<code_ogr>119762</code_ogr>
<libelle>D&#0233;finir des besoins en formation</libelle>
<code_type_activite>3</code_type_activite>
<code_type_item_activite>2</code_type_item_activite>
<position_item>4</position_item>
<priorisation>1</priorisation>
<riasec_majeur>S</riasec_majeur>
</item_ab>
<item_ab>
<code_ogr>119324</code_ogr>
<libelle>Actualiser des processus, des m&#0233;thodes et outils de gestion</libelle>
<code_type_activite>3</code_type_activite>
<code_type_item_activite>2</code_type_item_activite>
<position_item>5</position_item>
<priorisation>1</priorisation>
<riasec_majeur>C</riasec_majeur>
</item_ab>
<item_ab>
<code_ogr>119320</code_ogr>
<libelle>Concevoir des supports de suivi et de gestion</libelle>
<code_type_activite>3</code_type_activite>
<code_type_item_activite>2</code_type_item_activite>
<position_item>6</position_item>
<priorisation>1</priorisation>
<riasec_majeur>C</riasec_majeur>
</item_ab>
<item_ab>
<code_ogr>126186</code_ogr>
<libelle>Renseigner le personnel sur la l&#0233;gislation sociale et les sp&#0233;cificit&#0233;s de l&#0039;entreprise</libelle>
<code_type_activite>3</code_type_activite>
<code_type_item_activite>2</code_type_item_activite>
<position_item>7</position_item>
<priorisation>1</priorisation>
<riasec_majeur>S</riasec_majeur>
</item_ab>
<item_ab>
<code_ogr>123892</code_ogr>
<libelle>Organiser une &#0233;lection des repr&#0233;sentants du personnel</libelle>
<code_type_activite>3</code_type_activite>
<code_type_item_activite>2</code_type_item_activite>
<position_item>8</position_item>
<priorisation>1</priorisation>
<riasec_majeur>C</riasec_majeur>
<riasec_mineur>e</riasec_mineur>
</item_ab>
<item_ab>
<code_ogr>124787</code_ogr>
<libelle>Suivre le traitement des relations avec des instances l&#0233;gales</libelle>
<code_type_activite>3</code_type_activite>
<code_type_item_activite>2</code_type_item_activite>
<position_item>9</position_item>
<priorisation>1</priorisation>
<riasec_majeur>C</riasec_majeur>
</item_ab>
<item_ab>
<code_ogr>124786</code_ogr>
<libelle>Suivre le traitement de mesures disciplinaires</libelle>
<code_type_activite>3</code_type_activite>
<code_type_item_activite>2</code_type_item_activite>
<position_item>10</position_item>
<priorisation>1</priorisation>
<riasec_majeur>C</riasec_majeur>
</item_ab>
<item_ab>
<code_ogr>126033</code_ogr>
<libelle>Accompagner l&#0039;int&#0233;gration de nouveaux salari&#0233;s</libelle>
<code_type_activite>3</code_type_activite>
<code_type_item_activite>2</code_type_item_activite>
<position_item>11</position_item>
<priorisation>1</priorisation>
<riasec_majeur>S</riasec_majeur>
</item_ab>
</activites_de_base>
<savoir_theorique_et_proceduraux nbItemSTP_AB="9">
<item_ab_stp>
<code_ogr>107775</code_ogr>
<libelle>Techniques de conduite d&#0039;entretien</libelle>
<code_type_competence>1</code_type_competence>
<position_item>1</position_item>
<priorisation>1</priorisation>
</item_ab_stp>
<item_ab_stp>
<code_ogr>101388</code_ogr>
<libelle>Gestion des Ressources Humaines</libelle>
<code_type_competence>1</code_type_competence>
<position_item>2</position_item>
<priorisation>1</priorisation>
</item_ab_stp>
<item_ab_stp>
<code_ogr>122958</code_ogr>
<libelle>Gestion administrative des contrats de travail</libelle>
<code_type_competence>1</code_type_competence>
<position_item>3</position_item>
<priorisation>1</priorisation>
</item_ab_stp>
<item_ab_stp>
<code_ogr>124785</code_ogr>
<libelle>Gestion administrative du temps de travail</libelle>
<code_type_competence>1</code_type_competence>
<position_item>4</position_item>
<priorisation>1</priorisation>
</item_ab_stp>
<item_ab_stp>
<code_ogr>100343</code_ogr>
<libelle>L&#0233;gislation sociale</libelle>
<code_type_competence>1</code_type_competence>
<position_item>5</position_item>
<priorisation>1</priorisation>
</item_ab_stp>
<item_ab_stp>
<code_ogr>102226</code_ogr>
<libelle>Normes r&#0233;dactionnelles</libelle>
<code_type_competence>1</code_type_competence>
<position_item>6</position_item>
<priorisation>1</priorisation>
</item_ab_stp>
<item_ab_stp>
<code_ogr>121099</code_ogr>
<libelle>Syst&#0232;me d&#0039;Information de Gestion des Ressources Humaines (SIRH)</libelle>
<code_type_competence>1</code_type_competence>
<position_item>7</position_item>
<priorisation>1</priorisation>
</item_ab_stp>
<item_ab_stp>
<code_ogr>122466</code_ogr>
<libelle>Logiciels de gestion du temps de travail</libelle>
<code_type_competence>1</code_type_competence>
<position_item>8</position_item>
<priorisation>1</priorisation>
</item_ab_stp>
<item_ab_stp>
<code_ogr>118975</code_ogr>
<libelle>Outils bureautiques</libelle>
<code_type_competence>1</code_type_competence>
<position_item>9</position_item>
<priorisation>1</priorisation>
</item_ab_stp>
</savoir_theorique_et_proceduraux>
<savoir_action nbItemSA_AB="0">
</savoir_action>
</bloc_activites_de_base>
<bloc_activites_specifiques nbBlocActiviteSpecifique="4">
<bloc>
<position_bloc>1</position_bloc>
<activite_specifique nbItemActivite_AS="2">
<item_as>
<code_ogr>122090</code_ogr>
<libelle>Contr&#0244;ler les bulletins de salaires du personnel</libelle>
<code_type_activite>3</code_type_activite>
<code_type_item_activite>2</code_type_item_activite>
<position_item>1</position_item>
<priorisation>1</priorisation>
<riasec_majeur>C</riasec_majeur>
</item_as>
<item_as>
<code_ogr>117600</code_ogr>
<libelle>Etablir un bulletin de paie</libelle>
<code_type_activite>3</code_type_activite>
<code_type_item_activite>2</code_type_item_activite>
<position_item>2</position_item>
<priorisation>1</priorisation>
<riasec_majeur>C</riasec_majeur>
</item_as>
</activite_specifique>
<savoir_theorique_et_proceduraux nbItemSTP_AS="1">
<item_as_stp>
<code_ogr>119437</code_ogr>
<libelle>Logiciels de paie</libelle>
<code_type_competence>1</code_type_competence>
<position_item>1</position_item>
<priorisation>1</priorisation>
</item_as_stp>
</savoir_theorique_et_proceduraux>
<savoir_action nbItemSA_AS="0">
</savoir_action>
</bloc>
<bloc>
<position_bloc>2</position_bloc>
<activite_specifique nbItemActivite_AS="3">
<item_as>
<code_ogr>119322</code_ogr>
<libelle>R&#0233;aliser un suivi administratif des op&#0233;rations de gestion des ressources humaines</libelle>
<code_type_activite>3</code_type_activite>
<code_type_item_activite>2</code_type_item_activite>
<position_item>1</position_item>
<priorisation>1</priorisation>
<riasec_majeur>C</riasec_majeur>
</item_as>
<item_as>
<code_ogr>126390</code_ogr>
<libelle>Suivre des actions de formation, de mobilit&#0233; ou de reclassement</libelle>
<code_type_activite>3</code_type_activite>
<code_type_item_activite>2</code_type_item_activite>
<position_item>2</position_item>
<priorisation>1</priorisation>
<riasec_majeur>C</riasec_majeur>
<riasec_mineur>s</riasec_mineur>
</item_as>
<item_as>
<code_ogr>119701</code_ogr>
<libelle>R&#0233;aliser des entretiens de recrutement</libelle>
<code_type_activite>3</code_type_activite>
<code_type_item_activite>2</code_type_item_activite>
<position_item>3</position_item>
<priorisation>1</priorisation>
<riasec_majeur>C</riasec_majeur>
<riasec_mineur>e</riasec_mineur>
</item_as>
</activite_specifique>
<savoir_theorique_et_proceduraux nbItemSTP_AS="1">
<item_as_stp>
<code_ogr>104098</code_ogr>
<libelle>Techniques de recrutement</libelle>
<code_type_competence>1</code_type_competence>
<position_item>1</position_item>
<priorisation>1</priorisation>
</item_as_stp>
</savoir_theorique_et_proceduraux>
<savoir_action nbItemSA_AS="0">
</savoir_action>
</bloc>
<bloc>
<position_bloc>3</position_bloc>
<activite_specifique nbItemActivite_AS="1">
<item_as>
<code_ogr>126131</code_ogr>
<libelle>Suivre des contrats d&#0039;externalisation de services</libelle>
<code_type_activite>3</code_type_activite>
<code_type_item_activite>2</code_type_item_activite>
<position_item>1</position_item>
<priorisation>1</priorisation>
<riasec_majeur>C</riasec_majeur>
</item_as>
</activite_specifique>
<savoir_theorique_et_proceduraux nbItemSTP_AS="0">
</savoir_theorique_et_proceduraux>
<savoir_action nbItemSA_AS="0">
</savoir_action>
</bloc>
<bloc>
<position_bloc>4</position_bloc>
<activite_specifique nbItemActivite_AS="1">
<item_as>
<code_ogr>102359</code_ogr>
<libelle>Coordonner l&#0039;activit&#0233; d&#0039;une &#0233;quipe</libelle>
<code_type_activite>3</code_type_activite>
<code_type_item_activite>2</code_type_item_activite>
<position_item>1</position_item>
<priorisation>1</priorisation>
<riasec_majeur>E</riasec_majeur>
<riasec_mineur>s</riasec_mineur>
</item_as>
</activite_specifique>
<savoir_theorique_et_proceduraux nbItemSTP_AS="1">
<item_as_stp>
<code_ogr>102250</code_ogr>
<libelle>Techniques d&#0039;animation d&#0039;&#0233;quipe</libelle>
<code_type_competence>1</code_type_competence>
<position_item>1</position_item>
<priorisation>1</priorisation>
</item_as_stp>
</savoir_theorique_et_proceduraux>
<savoir_action nbItemSA_AS="0">
</savoir_action>
</bloc>
</bloc_activites_specifiques>
<bloc_mobilites>
<mobilites_proches nbItemMob="1">
<item_mob_pr><code_type_mobilite>1</code_type_mobilite>
<liste_appellation_source>
<code_appellation_source>0</code_appellation_source>
<libelle_appellation_source>Toutes les appellations</libelle_appellation_source>
</liste_appellation_source>
<code_rome_cible>M1604</code_rome_cible>
<libelle_rome_cible>Assistanat de direction</libelle_rome_cible>
<liste_appellation_cible>
<code_appellation_cible>0</code_appellation_cible>
<libelle_appellation_cible>Toutes les appellations</libelle_appellation_cible>
</liste_appellation_cible>
</item_mob_pr>
</mobilites_proches>
<mobilites_si_evolution nbItemMob="6">
<item_mob_ev><code_type_mobilite>2</code_type_mobilite>
<liste_appellation_source>
<code_appellation_source>0</code_appellation_source>
<libelle_appellation_source>Toutes les appellations</libelle_appellation_source>
</liste_appellation_source>
<code_rome_cible>K1801</code_rome_cible>
<libelle_rome_cible>Conseil en emploi et insertion socioprofessionnelle</libelle_rome_cible>
<liste_appellation_cible>
<code_appellation_cible>11876</code_appellation_cible>
<libelle_appellation_cible>Charg&#0233; / Charg&#0233;e d&#0039;emploi en entreprise de travail temporaire</libelle_appellation_cible>
</liste_appellation_cible>
</item_mob_ev>
<item_mob_ev><code_type_mobilite>2</code_type_mobilite>
<liste_appellation_source>
<code_appellation_source>0</code_appellation_source>
<libelle_appellation_source>Toutes les appellations</libelle_appellation_source>
</liste_appellation_source>
<code_rome_cible>K2102</code_rome_cible>
<libelle_rome_cible>Coordination p&#0233;dagogique</libelle_rome_cible>
<liste_appellation_cible>
<code_appellation_cible>13702</code_appellation_cible>
<libelle_appellation_cible>Coordonnateur / Coordonnatrice de dispositif de formation</libelle_appellation_cible>
</liste_appellation_cible>
</item_mob_ev>
<item_mob_ev><code_type_mobilite>2</code_type_mobilite>
<liste_appellation_source>
<code_appellation_source>0</code_appellation_source>
<libelle_appellation_source>Toutes les appellations</libelle_appellation_source>
<code_appellation_source>0</code_appellation_source>
<libelle_appellation_source> </libelle_appellation_source>
</liste_appellation_source>
<code_rome_cible>K2111</code_rome_cible>
<libelle_rome_cible>Formation professionnelle</libelle_rome_cible>
<liste_appellation_cible>
<code_appellation_cible>38246</code_appellation_cible>
<libelle_appellation_cible>Formateur / Formatrice ressources humaines</libelle_appellation_cible>
<code_appellation_cible>38247</code_appellation_cible>
<libelle_appellation_cible>Formateur / Formatrice secr&#0233;tariat assistanat</libelle_appellation_cible>
</liste_appellation_cible>
</item_mob_ev>
<item_mob_ev><code_type_mobilite>2</code_type_mobilite>
<liste_appellation_source>
<code_appellation_source>0</code_appellation_source>
<libelle_appellation_source>Toutes les appellations</libelle_appellation_source>
</liste_appellation_source>
<code_rome_cible>M1203</code_rome_cible>
<libelle_rome_cible>Comptabilit&#0233;</libelle_rome_cible>
<liste_appellation_cible>
<code_appellation_cible>0</code_appellation_cible>
<libelle_appellation_cible>Toutes les appellations</libelle_appellation_cible>
</liste_appellation_cible>
</item_mob_ev>
<item_mob_ev><code_type_mobilite>2</code_type_mobilite>
<liste_appellation_source>
<code_appellation_source>0</code_appellation_source>
<libelle_appellation_source>Toutes les appellations</libelle_appellation_source>
</liste_appellation_source>
<code_rome_cible>M1502</code_rome_cible>
<libelle_rome_cible>D&#0233;veloppement des ressources humaines</libelle_rome_cible>
<liste_appellation_cible>
<code_appellation_cible>0</code_appellation_cible>
<libelle_appellation_cible>Toutes les appellations</libelle_appellation_cible>
</liste_appellation_cible>
</item_mob_ev>
<item_mob_ev><code_type_mobilite>2</code_type_mobilite>
<liste_appellation_source>
<code_appellation_source>0</code_appellation_source>
<libelle_appellation_source>Toutes les appellations</libelle_appellation_source>
</liste_appellation_source>
<code_rome_cible>M1503</code_rome_cible>
<libelle_rome_cible>Management des ressources humaines</libelle_rome_cible>
<liste_appellation_cible>
<code_appellation_cible>0</code_appellation_cible>
<libelle_appellation_cible>Toutes les appellations</libelle_appellation_cible>
</liste_appellation_cible>
</item_mob_ev>
</mobilites_si_evolution>
</bloc_mobilites>
</fiche_emploi_metier>