<?xml version="1.0" encoding="UTF-8" ?>
<fiche_emploi_metier>
<type_fiche>2</type_fiche>
<libelle_type_fiche>priorise</libelle_type_fiche>
<version_SI>
<version_rome>333</version_rome>
<date_version_si>01/10/2017</date_version_si>
<mois_version_si>Octobre</mois_version_si>
<annee_version_si>2017</annee_version_si>
</version_SI>
<bloc_code_rome>
<code_rome>M1808</code_rome>
<intitule>Information g&#0233;ographique</intitule>
<code_ogr>497</code_ogr>
<riasec_majeur>C</riasec_majeur>
<riasec_mineur>i</riasec_mineur>
</bloc_code_rome>
<bloc_appellation nbItemAppellation="32">
<item_app>
<code_ogr>10300</code_ogr>
<libelle>Administrateur / Administratrice bases de donn&#0233;es g&#0233;ographiques</libelle>
<libelle_court>Administrateur(trice) bases de donn&#0233;es g&#0233;ographiques</libelle_court>
<priorisation>1</priorisation>
</item_app>
<item_app>
<code_ogr>10317</code_ogr>
<libelle>Administrateur / Administratrice Syst&#0232;mes d&#0039;Information G&#0233;ographique -SIG-</libelle>
<libelle_court>Administrateur / Administratrice Syst&#0232;mes d&#0039;Info G&#0233;ogr -SIG-</libelle_court>
<priorisation>1</priorisation>
</item_app>
<item_app>
<code_ogr>10946</code_ogr>
<libelle>Analyste en g&#0233;omatique</libelle>
<libelle_court>Analyste en g&#0233;omatique</libelle_court>
<priorisation>1</priorisation>
</item_app>
<item_app>
<code_ogr>11176</code_ogr>
<libelle>Assembleur / Assembleuse photogramm&#0232;tre cartographe</libelle>
<libelle_court>Assembleur / Assembleuse photogramm&#0232;tre cartographe</libelle_court>
<priorisation>1</priorisation>
</item_app>
<item_app>
<code_ogr>11704</code_ogr>
<libelle>Cartographe</libelle>
<libelle_court>Cartographe</libelle_court>
<priorisation>1</priorisation>
</item_app>
<item_app>
<code_ogr>11705</code_ogr>
<libelle>Cartographe g&#0233;omaticien / g&#0233;omaticienne</libelle>
<libelle_court>Cartographe g&#0233;omaticien / g&#0233;omaticienne</libelle_court>
<priorisation>1</priorisation>
</item_app>
<item_app>
<code_ogr>11893</code_ogr>
<libelle>Charg&#0233; / Charg&#0233;e d&#0039;&#0233;tudes Syst&#0232;mes d&#0039;Information G&#0233;ographique -SIG-</libelle>
<libelle_court>Charg&#0233;/Charg&#0233;e &#0233;tudes Syst&#0232;mes d&#0039;Information G&#0233;ographique</libelle_court>
<priorisation>1</priorisation>
</item_app>
<item_app>
<code_ogr>12068</code_ogr>
<libelle>Chef de batterie g&#0233;ographie</libelle>
<libelle_court>Chef de batterie g&#0233;ographie</libelle_court>
<priorisation>1</priorisation>
</item_app>
<item_app>
<code_ogr>12240</code_ogr>
<libelle>Chef de projet en g&#0233;omatique</libelle>
<libelle_court>Chef de projet en g&#0233;omatique</libelle_court>
<priorisation>1</priorisation>
</item_app>
<item_app>
<code_ogr>12566</code_ogr>
<libelle>Chef exploitation images drones</libelle>
<libelle_court>Chef exploitation images drones</libelle_court>
<priorisation>1</priorisation>
</item_app>
<item_app>
<code_ogr>12567</code_ogr>
<libelle>Chef g&#0233;ographe</libelle>
<libelle_court>Chef g&#0233;ographe</libelle_court>
<priorisation>1</priorisation>
</item_app>
<item_app>
<code_ogr>12840</code_ogr>
<libelle>Concepteur-analyste / Conceptrice-analyste en syst&#0232;mes d&#0039;information g&#0233;ographique -SIG-</libelle>
<libelle_court>Concepteur(trice)-analyste syst&#0232;mes information g&#0233;ographique</libelle_court>
<priorisation>1</priorisation>
</item_app>
<item_app>
<code_ogr>13425</code_ogr>
<libelle>Conseiller / Conseill&#0232;re en g&#0233;omatique</libelle>
<libelle_court>Conseiller / Conseill&#0232;re en g&#0233;omatique</libelle_court>
<priorisation>1</priorisation>
</item_app>
<item_app>
<code_ogr>14014</code_ogr>
<libelle>Dessinateur / Dessinatrice cartographe</libelle>
<libelle_court>Dessinateur / Dessinatrice cartographe</libelle_court>
<priorisation>1</priorisation>
</item_app>
<item_app>
<code_ogr>15253</code_ogr>
<libelle>G&#0233;ographe-g&#0233;omaticien / G&#0233;ographe-g&#0233;omaticienne</libelle>
<libelle_court>G&#0233;ographe-g&#0233;omaticien / G&#0233;ographe-g&#0233;omaticienne</libelle_court>
<priorisation>1</priorisation>
</item_app>
<item_app>
<code_ogr>15261</code_ogr>
<libelle>G&#0233;omaticien / G&#0233;omaticienne</libelle>
<libelle_court>G&#0233;omaticien / G&#0233;omaticienne</libelle_court>
<priorisation>1</priorisation>
</item_app>
<item_app>
<code_ogr>15374</code_ogr>
<libelle>Gestionnaire Syst&#0232;mes d&#0039;Information G&#0233;ographique -SIG-</libelle>
<libelle_court>Gestionnaire Syst&#0232;mes d&#0039;Information G&#0233;ographique -SIG-</libelle_court>
<priorisation>1</priorisation>
</item_app>
<item_app>
<code_ogr>15504</code_ogr>
<libelle>Hydrographe</libelle>
<libelle_court>Hydrographe</libelle_court>
<priorisation>1</priorisation>
</item_app>
<item_app>
<code_ogr>15819</code_ogr>
<libelle>Ing&#0233;nieur / Ing&#0233;nieure hydrographe</libelle>
<libelle_court>Ing&#0233;nieur / Ing&#0233;nieure hydrographe</libelle_court>
<priorisation>1</priorisation>
</item_app>
<item_app>
<code_ogr>15895</code_ogr>
<libelle>Ing&#0233;nieur / Ing&#0233;nieure Syst&#0232;mes d&#0039;Information G&#0233;ographique -SIG</libelle>
<libelle_court>Ing&#0233;nieur(e) Syst&#0232;mes d&#0039;Information G&#0233;ographique -SIG</libelle_court>
<priorisation>1</priorisation>
</item_app>
<item_app>
<code_ogr>16041</code_ogr>
<libelle>Interpr&#0233;tateur / Interpr&#0233;tatrice d&#0039;images g&#0233;ographiques</libelle>
<libelle_court>Interpr&#0233;tateur / Interpr&#0233;tatrice d&#0039;images g&#0233;ographiques</libelle_court>
<priorisation>1</priorisation>
</item_app>
<item_app>
<code_ogr>16042</code_ogr>
<libelle>Interpr&#0233;tateur / Interpr&#0233;tatrice d&#0039;images photographiques</libelle>
<libelle_court>Interpr&#0233;tateur / Interpr&#0233;tatrice d&#0039;images photographiques</libelle_court>
<priorisation>1</priorisation>
</item_app>
<item_app>
<code_ogr>17013</code_ogr>
<libelle>Officier / Offici&#0232;re cartographe</libelle>
<libelle_court>Officier / Offici&#0232;re cartographe</libelle_court>
<priorisation>1</priorisation>
</item_app>
<item_app>
<code_ogr>17028</code_ogr>
<libelle>Officier / Offici&#0232;re g&#0233;ographe</libelle>
<libelle_court>Officier / Offici&#0232;re g&#0233;ographe</libelle_court>
<priorisation>1</priorisation>
</item_app>
<item_app>
<code_ogr>17032</code_ogr>
<libelle>Officier marinier / Offici&#0232;re marini&#0232;re hydrographe</libelle>
<libelle_court>Officier marinier / Offici&#0232;re marini&#0232;re hydrographe</libelle_court>
<priorisation>1</priorisation>
</item_app>
<item_app>
<code_ogr>17233</code_ogr>
<libelle>Op&#0233;rateur / Op&#0233;ratrice g&#0233;ographe</libelle>
<libelle_court>Op&#0233;rateur / Op&#0233;ratrice g&#0233;ographe</libelle_court>
<priorisation>1</priorisation>
</item_app>
<item_app>
<code_ogr>19196</code_ogr>
<libelle>Responsable Syst&#0232;me d&#0039;Information G&#0233;ographique -SIG-</libelle>
<libelle_court>Responsable Syst&#0232;me d&#0039;Information G&#0233;ographique -SIG-</libelle_court>
<priorisation>1</priorisation>
</item_app>
<item_app>
<code_ogr>19501</code_ogr>
<libelle>Sp&#0233;cialiste de l&#0039;information g&#0233;ographique</libelle>
<libelle_court>Sp&#0233;cialiste de l&#0039;information g&#0233;ographique</libelle_court>
<priorisation>1</priorisation>
</item_app>
<item_app>
<code_ogr>19507</code_ogr>
<libelle>Sp&#0233;cialiste en g&#0233;od&#0233;sie et satellites</libelle>
<libelle_court>Sp&#0233;cialiste en g&#0233;od&#0233;sie et satellites</libelle_court>
<priorisation>1</priorisation>
</item_app>
<item_app>
<code_ogr>20280</code_ogr>
<libelle>Technicien / Technicienne Syst&#0232;mes d&#0039;Information G&#0233;ographique -SIG-</libelle>
<libelle_court>Technicien(ne) Syst&#0232;mes d&#0039;Information G&#0233;ographique -SIG-</libelle_court>
<priorisation>1</priorisation>
</item_app>
<item_app>
<code_ogr>20159</code_ogr>
<libelle>Technicien g&#0233;omaticien / Technicienne g&#0233;omaticienne</libelle>
<libelle_court>Technicien g&#0233;omaticien / Technicienne g&#0233;omaticienne</libelle_court>
<priorisation>1</priorisation>
</item_app>
<item_app>
<code_ogr>20245</code_ogr>
<libelle>Technicien restituteur / Technicienne restitutrice photogramm&#0232;tre</libelle>
<libelle_court>Technicien(ne) restituteur(trice) photogramm&#0232;tre</libelle_court>
<priorisation>1</priorisation>
</item_app>
</bloc_appellation>
<definition nbItemDefinition="3">
Exploite et produit des donn&#0233;es d&#0039;informations g&#0233;ographiques, g&#0233;o localis&#0233;es et de cartographies th&#0233;matiques &#0224; destination de clients, usagers (partenaires, entreprises, publics, ...).
Peut d&#0233;velopper et exploiter un Syst&#0232;me d&#0039;Information G&#0233;ographique -SIG-.
Peut diriger un projet et coordonner une &#0233;quipe.
</definition>
<acces_emploi_metier nbItemAccesEmploiMetier="3">
Cet emploi/m&#0233;tier est accessible avec un dipl&#0244;me de niveau Bac+2 (BTS, DUT) ou Bac+3 (Licence, Licence professionnelle, ...) en cartographie, topographie, hydrographie, am&#0233;nagement du territoire et urbanisme, ...
Un Master (Master professionnel, Grandes Ecoles, ...) en g&#0233;ographie, sciences de la vie et de la terre, urbanisme, ... peut &#0234;tre demand&#0233; selon le niveau de technicit&#0233; requis par le secteur d&#0039;activit&#0233;.
La ma&#0238;trise de l&#0039;outil informatique (logiciel de mod&#0233;lisation, bases de donn&#0233;es g&#0233;o r&#0233;f&#0233;renc&#0233;es, ...) est requise.
</acces_emploi_metier>
<condition_exercice_activite nbItemConditionExercice="4">
L&#0039;activit&#0233; de cet emploi/m&#0233;tier s&#0039;exerce au sein d&#0039;organismes publics, d&#0039;entreprises de travaux publics, de soci&#0233;t&#0233;s de services, de bureaux d&#0039;&#0233;tudes et d&#0039;ing&#0233;nierie, des arm&#0233;es, ... en relation avec diff&#0233;rents intervenants (dessinateurs, g&#0233;om&#0232;tres, informaticiens, ma&#0238;tres d&#0039;ouvrage, g&#0233;ologues, ...). Elle peut impliquer des d&#0233;placements et un &#0233;loignement du domicile de plusieurs jours.
Elle varie selon le secteur (environnement, d&#0233;fense, ...) et le type de travaux effectu&#0233;s.
Elle peut s&#0039;exercer les fins de semaine, jours f&#0233;ri&#0233;s, de nuit et &#0234;tre soumise &#0224; des astreintes.
Elle peut s&#0039;effectuer en milieu naturel (marin, forestier, ...), &#0224; bord de navire, d&#0039;a&#0233;ronef.
</condition_exercice_activite>
<bloc_environnement_de_travail nbItemEnvTrav="9">
<item_env>
<code_ogr>23706</code_ogr>
<libelle>Association</libelle>
<code_type_section_env>1</code_type_section_env>
<priorisation>1</priorisation>
</item_env>
<item_env>
<code_ogr>23735</code_ogr>
<libelle>Bureau d&#0039;&#0233;tudes et d&#0039;ing&#0233;nierie</libelle>
<code_type_section_env>1</code_type_section_env>
<priorisation>1</priorisation>
</item_env>
<item_env>
<code_ogr>23808</code_ogr>
<libelle>Collectivit&#0233; territoriale</libelle>
<code_type_section_env>1</code_type_section_env>
<priorisation>1</priorisation>
</item_env>
<item_env>
<code_ogr>23912</code_ogr>
<libelle>Entreprise publique/&#0233;tablissement public</libelle>
<code_type_section_env>1</code_type_section_env>
<priorisation>1</priorisation>
</item_env>
<item_env>
<code_ogr>24014</code_ogr>
<libelle>Organisation humanitaire</libelle>
<code_type_section_env>1</code_type_section_env>
<priorisation>1</priorisation>
</item_env>
<item_env>
<code_ogr>24093</code_ogr>
<libelle>Soci&#0233;t&#0233; de services</libelle>
<code_type_section_env>1</code_type_section_env>
<priorisation>1</priorisation>
</item_env>
<item_env>
<code_ogr>23388</code_ogr>
<libelle>Administration / Services de l&#0039;Etat</libelle>
<code_type_section_env>2</code_type_section_env>
<priorisation>1</priorisation>
</item_env>
<item_env>
<code_ogr>23401</code_ogr>
<libelle>Arm&#0233;e</libelle>
<code_type_section_env>2</code_type_section_env>
<priorisation>1</priorisation>
</item_env>
<item_env>
<code_ogr>23535</code_ogr>
<libelle>Informatique et t&#0233;l&#0233;communications</libelle>
<code_type_section_env>2</code_type_section_env>
<priorisation>1</priorisation>
</item_env>
</bloc_environnement_de_travail>
<bloc_activites_de_base nbBlocActiviteBase="1">
<activites_de_base nbItemActivite_AB="9">
<item_ab>
<code_ogr>109916</code_ogr>
<libelle>R&#0233;aliser les relev&#0233;s terrain et collecter des donn&#0233;es alphanum&#0233;riques et graphiques</libelle>
<code_type_activite>3</code_type_activite>
<code_type_item_activite>2</code_type_item_activite>
<position_item>1</position_item>
<priorisation>1</priorisation>
<riasec_majeur>C</riasec_majeur>
<riasec_mineur>r</riasec_mineur>
</item_ab>
<item_ab>
<code_ogr>109917</code_ogr>
<libelle>S&#0233;lectionner, traiter et r&#0233;aliser l&#0039;analyse spatiale de donn&#0233;es g&#0233;ographiques</libelle>
<code_type_activite>3</code_type_activite>
<code_type_item_activite>2</code_type_item_activite>
<position_item>2</position_item>
<priorisation>1</priorisation>
<riasec_majeur>C</riasec_majeur>
<riasec_mineur>i</riasec_mineur>
</item_ab>
<item_ab>
<code_ogr>109918</code_ogr>
<libelle>Identifier et interpr&#0233;ter les donn&#0233;es et caract&#0233;ristiques g&#0233;ographiques et analyser les r&#0233;sultats</libelle>
<code_type_activite>3</code_type_activite>
<code_type_item_activite>2</code_type_item_activite>
<position_item>3</position_item>
<priorisation>1</priorisation>
<riasec_majeur>I</riasec_majeur>
<riasec_mineur>c</riasec_mineur>
</item_ab>
<item_ab>
<code_ogr>121647</code_ogr>
<libelle>Collecter des informations g&#0233;ographiques</libelle>
<code_type_activite>3</code_type_activite>
<code_type_item_activite>2</code_type_item_activite>
<position_item>4</position_item>
<priorisation>1</priorisation>
<riasec_majeur>I</riasec_majeur>
<riasec_mineur>r</riasec_mineur>
</item_ab>
<item_ab>
<code_ogr>121648</code_ogr>
<libelle>Structurer des informations g&#0233;ographiques</libelle>
<code_type_activite>3</code_type_activite>
<code_type_item_activite>2</code_type_item_activite>
<position_item>5</position_item>
<priorisation>1</priorisation>
<riasec_majeur>I</riasec_majeur>
<riasec_mineur>r</riasec_mineur>
</item_ab>
<item_ab>
<code_ogr>109920</code_ogr>
<libelle>Restituer et mettre en forme les donn&#0233;es g&#0233;ographiques pour l&#0039;&#0233;dition cartographique</libelle>
<code_type_activite>3</code_type_activite>
<code_type_item_activite>2</code_type_item_activite>
<position_item>6</position_item>
<priorisation>1</priorisation>
<riasec_majeur>R</riasec_majeur>
</item_ab>
<item_ab>
<code_ogr>109921</code_ogr>
<libelle>S&#0233;lectionner une gamme de donn&#0233;es g&#0233;or&#0233;ferenc&#0233;es sur requ&#0234;tes selon la demande du client</libelle>
<code_type_activite>3</code_type_activite>
<code_type_item_activite>2</code_type_item_activite>
<position_item>7</position_item>
<priorisation>1</priorisation>
<riasec_majeur>C</riasec_majeur>
<riasec_mineur>i</riasec_mineur>
</item_ab>
<item_ab>
<code_ogr>109922</code_ogr>
<libelle>Formaliser des donn&#0233;es cartographiques et les diffuser sur des r&#0233;seaux d&#0039;information</libelle>
<code_type_activite>3</code_type_activite>
<code_type_item_activite>2</code_type_item_activite>
<position_item>8</position_item>
<priorisation>1</priorisation>
<riasec_majeur>I</riasec_majeur>
<riasec_mineur>r</riasec_mineur>
</item_ab>
<item_ab>
<code_ogr>121543</code_ogr>
<libelle>Assister techniquement un client</libelle>
<code_type_activite>3</code_type_activite>
<code_type_item_activite>2</code_type_item_activite>
<position_item>9</position_item>
<priorisation>1</priorisation>
<riasec_majeur>R</riasec_majeur>
<riasec_mineur>s</riasec_mineur>
</item_ab>
</activites_de_base>
<savoir_theorique_et_proceduraux nbItemSTP_AB="14">
<item_ab_stp>
<code_ogr>118899</code_ogr>
<libelle>G&#0233;ographie</libelle>
<code_type_competence>1</code_type_competence>
<position_item>1</position_item>
<priorisation>1</priorisation>
</item_ab_stp>
<item_ab_stp>
<code_ogr>119432</code_ogr>
<libelle>Syst&#0232;me d&#0039;Information G&#0233;ographique (SIG)</libelle>
<code_type_competence>1</code_type_competence>
<position_item>2</position_item>
<priorisation>1</priorisation>
</item_ab_stp>
<item_ab_stp>
<code_ogr>119407</code_ogr>
<libelle>Logiciel de cartographie</libelle>
<code_type_competence>1</code_type_competence>
<position_item>3</position_item>
<priorisation>1</priorisation>
</item_ab_stp>
<item_ab_stp>
<code_ogr>101312</code_ogr>
<libelle>Logiciels de statistiques</libelle>
<code_type_competence>1</code_type_competence>
<position_item>4</position_item>
<priorisation>1</priorisation>
</item_ab_stp>
<item_ab_stp>
<code_ogr>103126</code_ogr>
<libelle>Utilisation d&#0039;appareils de mesure topographique</libelle>
<code_type_competence>1</code_type_competence>
<position_item>5</position_item>
<priorisation>1</priorisation>
</item_ab_stp>
<item_ab_stp>
<code_ogr>118975</code_ogr>
<libelle>Outils bureautiques</libelle>
<code_type_competence>1</code_type_competence>
<position_item>6</position_item>
<priorisation>1</priorisation>
</item_ab_stp>
<item_ab_stp>
<code_ogr>102462</code_ogr>
<libelle>Droit de la propri&#0233;t&#0233; intellectuelle</libelle>
<code_type_competence>1</code_type_competence>
<position_item>7</position_item>
<priorisation>1</priorisation>
</item_ab_stp>
<item_ab_stp>
<code_ogr>102531</code_ogr>
<libelle>Techniques d&#0039;infographie</libelle>
<code_type_competence>1</code_type_competence>
<position_item>8</position_item>
<priorisation>1</priorisation>
</item_ab_stp>
<item_ab_stp>
<code_ogr>103060</code_ogr>
<libelle>Topographie</libelle>
<code_type_competence>1</code_type_competence>
<position_item>9</position_item>
<priorisation>1</priorisation>
</item_ab_stp>
<item_ab_stp>
<code_ogr>101332</code_ogr>
<libelle>Mod&#0233;lisation math&#0233;matique</libelle>
<code_type_competence>1</code_type_competence>
<position_item>10</position_item>
<priorisation>1</priorisation>
</item_ab_stp>
<item_ab_stp>
<code_ogr>121741</code_ogr>
<libelle>Photogramm&#0233;trie</libelle>
<code_type_competence>1</code_type_competence>
<position_item>11</position_item>
<priorisation>1</priorisation>
</item_ab_stp>
<item_ab_stp>
<code_ogr>109659</code_ogr>
<libelle>Techniques de num&#0233;risation</libelle>
<code_type_competence>1</code_type_competence>
<position_item>12</position_item>
<priorisation>1</priorisation>
</item_ab_stp>
<item_ab_stp>
<code_ogr>104486</code_ogr>
<libelle>Techniques de digitalisation</libelle>
<code_type_competence>1</code_type_competence>
<position_item>13</position_item>
<priorisation>1</priorisation>
</item_ab_stp>
<item_ab_stp>
<code_ogr>101315</code_ogr>
<libelle>Analyse statistique</libelle>
<code_type_competence>1</code_type_competence>
<position_item>14</position_item>
<priorisation>1</priorisation>
</item_ab_stp>
</savoir_theorique_et_proceduraux>
<savoir_action nbItemSA_AB="0">
</savoir_action>
</bloc_activites_de_base>
<bloc_activites_specifiques nbBlocActiviteSpecifique="9">
<bloc>
<position_bloc>1</position_bloc>
<activite_specifique nbItemActivite_AS="1">
<item_as>
<code_ogr>124212</code_ogr>
<libelle>Restituer des informations g&#0233;ographiques par une cartographie &#0224; th&#0232;mes</libelle>
<code_type_activite>3</code_type_activite>
<code_type_item_activite>2</code_type_item_activite>
<position_item>1</position_item>
<priorisation>1</priorisation>
<riasec_majeur>I</riasec_majeur>
<riasec_mineur>c</riasec_mineur>
</item_as>
</activite_specifique>
<savoir_theorique_et_proceduraux nbItemSTP_AS="0">
</savoir_theorique_et_proceduraux>
<savoir_action nbItemSA_AS="0">
</savoir_action>
</bloc>
<bloc>
<position_bloc>2</position_bloc>
<activite_specifique nbItemActivite_AS="1">
<item_as>
<code_ogr>115540</code_ogr>
<libelle>D&#0233;velopper et administrer une base de donn&#0233;es g&#0233;ographiques (catalogues de donn&#0233;es, de meta-donn&#0233;es)</libelle>
<code_type_activite>3</code_type_activite>
<code_type_item_activite>2</code_type_item_activite>
<position_item>1</position_item>
<priorisation>1</priorisation>
<riasec_majeur>I</riasec_majeur>
<riasec_mineur>r</riasec_mineur>
</item_as>
</activite_specifique>
<savoir_theorique_et_proceduraux nbItemSTP_AS="1">
<item_as_stp>
<code_ogr>102732</code_ogr>
<libelle>Langages de programmation informatique</libelle>
<code_type_competence>1</code_type_competence>
<position_item>1</position_item>
<priorisation>1</priorisation>
</item_as_stp>
</savoir_theorique_et_proceduraux>
<savoir_action nbItemSA_AS="0">
</savoir_action>
</bloc>
<bloc>
<position_bloc>3</position_bloc>
<activite_specifique nbItemActivite_AS="2">
<item_as>
<code_ogr>119945</code_ogr>
<libelle>Identifier les besoins d&#0039;un client</libelle>
<code_type_activite>3</code_type_activite>
<code_type_item_activite>2</code_type_item_activite>
<position_item>1</position_item>
<priorisation>1</priorisation>
<riasec_majeur>E</riasec_majeur>
<riasec_mineur>s</riasec_mineur>
</item_as>
<item_as>
<code_ogr>124094</code_ogr>
<libelle>Proposer des solutions techniques &#0224; un client</libelle>
<code_type_activite>3</code_type_activite>
<code_type_item_activite>2</code_type_item_activite>
<position_item>2</position_item>
<priorisation>1</priorisation>
<riasec_majeur>I</riasec_majeur>
<riasec_mineur>r</riasec_mineur>
</item_as>
</activite_specifique>
<savoir_theorique_et_proceduraux nbItemSTP_AS="0">
</savoir_theorique_et_proceduraux>
<savoir_action nbItemSA_AS="0">
</savoir_action>
</bloc>
<bloc>
<position_bloc>4</position_bloc>
<activite_specifique nbItemActivite_AS="1">
<item_as>
<code_ogr>115542</code_ogr>
<libelle>R&#0233;aliser des documents nautiques et oc&#0233;anographiques (cartes marines, bases de donn&#0233;es) &#0224; partir de param&#0232;tres m&#0233;trologiques (mar&#0233;es, courants, profondeur, temp&#0233;rature, ...)</libelle>
<code_type_activite>3</code_type_activite>
<code_type_item_activite>2</code_type_item_activite>
<position_item>1</position_item>
<priorisation>1</priorisation>
<riasec_majeur>R</riasec_majeur>
<riasec_mineur>c</riasec_mineur>
</item_as>
</activite_specifique>
<savoir_theorique_et_proceduraux nbItemSTP_AS="3">
<item_as_stp>
<code_ogr>109946</code_ogr>
<libelle>Oc&#0233;anographie</libelle>
<code_type_competence>1</code_type_competence>
<position_item>1</position_item>
<priorisation>1</priorisation>
</item_as_stp>
<item_as_stp>
<code_ogr>106915</code_ogr>
<libelle>Hydrographie</libelle>
<code_type_competence>1</code_type_competence>
<position_item>2</position_item>
<priorisation>1</priorisation>
</item_as_stp>
<item_as_stp>
<code_ogr>103162</code_ogr>
<libelle>G&#0233;od&#0233;sie</libelle>
<code_type_competence>1</code_type_competence>
<position_item>3</position_item>
<priorisation>1</priorisation>
</item_as_stp>
</savoir_theorique_et_proceduraux>
<savoir_action nbItemSA_AS="0">
</savoir_action>
</bloc>
<bloc>
<position_bloc>5</position_bloc>
<activite_specifique nbItemActivite_AS="1">
<item_as>
<code_ogr>115543</code_ogr>
<libelle>R&#0233;aliser des cartes m&#0233;t&#0233;orologiques &#0224; partir de relev&#0233;s et donn&#0233;es d&#0039;observation m&#0233;t&#0233;o transmises</libelle>
<code_type_activite>3</code_type_activite>
<code_type_item_activite>2</code_type_item_activite>
<position_item>1</position_item>
<priorisation>1</priorisation>
<riasec_majeur>R</riasec_majeur>
<riasec_mineur>c</riasec_mineur>
</item_as>
</activite_specifique>
<savoir_theorique_et_proceduraux nbItemSTP_AS="0">
</savoir_theorique_et_proceduraux>
<savoir_action nbItemSA_AS="0">
</savoir_action>
</bloc>
<bloc>
<position_bloc>6</position_bloc>
<activite_specifique nbItemActivite_AS="1">
<item_as>
<code_ogr>115544</code_ogr>
<libelle>Coordonner et contr&#0244;ler la r&#0233;alisation d&#0039;un projet de d&#0233;veloppement d&#0039;un Syst&#0232;me d&#0039;Information G&#0233;ographique</libelle>
<code_type_activite>3</code_type_activite>
<code_type_item_activite>2</code_type_item_activite>
<position_item>1</position_item>
<priorisation>1</priorisation>
<riasec_majeur>E</riasec_majeur>
<riasec_mineur>c</riasec_mineur>
</item_as>
</activite_specifique>
<savoir_theorique_et_proceduraux nbItemSTP_AS="1">
<item_as_stp>
<code_ogr>120246</code_ogr>
<libelle>Gestion de projet</libelle>
<code_type_competence>1</code_type_competence>
<position_item>1</position_item>
<priorisation>1</priorisation>
</item_as_stp>
</savoir_theorique_et_proceduraux>
<savoir_action nbItemSA_AS="0">
</savoir_action>
</bloc>
<bloc>
<position_bloc>7</position_bloc>
<activite_specifique nbItemActivite_AS="3">
<item_as>
<code_ogr>117146</code_ogr>
<libelle>S&#0233;lectionner des fournisseurs, sous-traitants, prestataires</libelle>
<code_type_activite>3</code_type_activite>
<code_type_item_activite>2</code_type_item_activite>
<position_item>1</position_item>
<priorisation>1</priorisation>
<riasec_majeur>E</riasec_majeur>
<riasec_mineur>c</riasec_mineur>
</item_as>
<item_as>
<code_ogr>124007</code_ogr>
<libelle>Contr&#0244;ler la r&#0233;alisation d&#0039;une prestation</libelle>
<code_type_activite>3</code_type_activite>
<code_type_item_activite>2</code_type_item_activite>
<position_item>2</position_item>
<priorisation>1</priorisation>
<riasec_majeur>C</riasec_majeur>
</item_as>
<item_as>
<code_ogr>117180</code_ogr>
<libelle>N&#0233;gocier un contrat</libelle>
<code_type_activite>3</code_type_activite>
<code_type_item_activite>2</code_type_item_activite>
<position_item>3</position_item>
<priorisation>1</priorisation>
<riasec_majeur>E</riasec_majeur>
<riasec_mineur>c</riasec_mineur>
</item_as>
</activite_specifique>
<savoir_theorique_et_proceduraux nbItemSTP_AS="0">
</savoir_theorique_et_proceduraux>
<savoir_action nbItemSA_AS="0">
</savoir_action>
</bloc>
<bloc>
<position_bloc>8</position_bloc>
<activite_specifique nbItemActivite_AS="1">
<item_as>
<code_ogr>102359</code_ogr>
<libelle>Coordonner l&#0039;activit&#0233; d&#0039;une &#0233;quipe</libelle>
<code_type_activite>3</code_type_activite>
<code_type_item_activite>2</code_type_item_activite>
<position_item>1</position_item>
<priorisation>1</priorisation>
<riasec_majeur>E</riasec_majeur>
<riasec_mineur>s</riasec_mineur>
</item_as>
</activite_specifique>
<savoir_theorique_et_proceduraux nbItemSTP_AS="1">
<item_as_stp>
<code_ogr>119842</code_ogr>
<libelle>Management</libelle>
<code_type_competence>1</code_type_competence>
<position_item>1</position_item>
<priorisation>1</priorisation>
</item_as_stp>
</savoir_theorique_et_proceduraux>
<savoir_action nbItemSA_AS="0">
</savoir_action>
</bloc>
<bloc>
<position_bloc>9</position_bloc>
<activite_specifique nbItemActivite_AS="2">
<item_as>
<code_ogr>117309</code_ogr>
<libelle>Etablir un cahier des charges</libelle>
<code_type_activite>3</code_type_activite>
<code_type_item_activite>2</code_type_item_activite>
<position_item>1</position_item>
<priorisation>1</priorisation>
<riasec_majeur>C</riasec_majeur>
<riasec_mineur>e</riasec_mineur>
</item_as>
<item_as>
<code_ogr>117314</code_ogr>
<libelle>Analyser une r&#0233;ponse &#0224; un appel d&#0039;offres</libelle>
<code_type_activite>3</code_type_activite>
<code_type_item_activite>2</code_type_item_activite>
<position_item>2</position_item>
<priorisation>1</priorisation>
<riasec_majeur>C</riasec_majeur>
<riasec_mineur>e</riasec_mineur>
</item_as>
</activite_specifique>
<savoir_theorique_et_proceduraux nbItemSTP_AS="1">
<item_as_stp>
<code_ogr>126089</code_ogr>
<libelle>Proc&#0233;dures d&#0039;appels d&#0039;offres</libelle>
<code_type_competence>1</code_type_competence>
<position_item>1</position_item>
<priorisation>1</priorisation>
</item_as_stp>
</savoir_theorique_et_proceduraux>
<savoir_action nbItemSA_AS="0">
</savoir_action>
</bloc>
</bloc_activites_specifiques>
<bloc_mobilites>
<mobilites_proches nbItemMob="3">
<item_mob_pr><code_type_mobilite>1</code_type_mobilite>
<liste_appellation_source>
<code_appellation_source>0</code_appellation_source>
<libelle_appellation_source>Toutes les appellations</libelle_appellation_source>
</liste_appellation_source>
<code_rome_cible>F1107</code_rome_cible>
<libelle_rome_cible>Mesures topographiques</libelle_rome_cible>
<liste_appellation_cible>
<code_appellation_cible>0</code_appellation_cible>
<libelle_appellation_cible>Toutes les appellations</libelle_appellation_cible>
</liste_appellation_cible>
</item_mob_pr>
<item_mob_pr><code_type_mobilite>1</code_type_mobilite>
<liste_appellation_source>
<code_appellation_source>10300</code_appellation_source>
<libelle_appellation_source>Administrateur / Administratrice bases de donn&#0233;es g&#0233;ographiques</libelle_appellation_source>
</liste_appellation_source>
<code_rome_cible>M1801</code_rome_cible>
<libelle_rome_cible>Administration de syst&#0232;mes d&#0039;information</libelle_rome_cible>
<liste_appellation_cible>
<code_appellation_cible>0</code_appellation_cible>
<libelle_appellation_cible>Toutes les appellations</libelle_appellation_cible>
</liste_appellation_cible>
</item_mob_pr>
<item_mob_pr><code_type_mobilite>1</code_type_mobilite>
<liste_appellation_source>
<code_appellation_source>0</code_appellation_source>
<libelle_appellation_source>Toutes les appellations</libelle_appellation_source>
</liste_appellation_source>
<code_rome_cible>M1809</code_rome_cible>
<libelle_rome_cible>Information m&#0233;t&#0233;orologique</libelle_rome_cible>
<liste_appellation_cible>
<code_appellation_cible>0</code_appellation_cible>
<libelle_appellation_cible>Toutes les appellations</libelle_appellation_cible>
</liste_appellation_cible>
</item_mob_pr>
</mobilites_proches>
<mobilites_si_evolution nbItemMob="1">
<item_mob_ev><code_type_mobilite>2</code_type_mobilite>
<liste_appellation_source>
<code_appellation_source>0</code_appellation_source>
<libelle_appellation_source>Toutes les appellations</libelle_appellation_source>
</liste_appellation_source>
<code_rome_cible>K2402</code_rome_cible>
<libelle_rome_cible>Recherche en sciences de l&#0039;univers, de la mati&#0232;re et du vivant</libelle_rome_cible>
<liste_appellation_cible>
<code_appellation_cible>0</code_appellation_cible>
<libelle_appellation_cible>Toutes les appellations</libelle_appellation_cible>
</liste_appellation_cible>
</item_mob_ev>
</mobilites_si_evolution>
</bloc_mobilites>
</fiche_emploi_metier>