<?xml version="1.0" encoding="UTF-8" ?>
<fiche_emploi_metier>
<type_fiche>2</type_fiche>
<libelle_type_fiche>priorise</libelle_type_fiche>
<version_SI>
<version_rome>333</version_rome>
<date_version_si>01/10/2017</date_version_si>
<mois_version_si>Octobre</mois_version_si>
<annee_version_si>2017</annee_version_si>
</version_SI>
<bloc_code_rome>
<code_rome>M1810</code_rome>
<intitule>Production et exploitation de syst&#0232;mes d&#0039;information</intitule>
<code_ogr>499</code_ogr>
<riasec_majeur>R</riasec_majeur>
<riasec_mineur>c</riasec_mineur>
</bloc_code_rome>
<bloc_appellation nbItemAppellation="31">
<item_app>
<code_ogr>10295</code_ogr>
<libelle>Adjoint / Adjointe d&#0039;exploitation informatique</libelle>
<libelle_court>Adjoint / Adjointe d&#0039;exploitation informatique</libelle_court>
<priorisation>1</priorisation>
</item_app>
<item_app>
<code_ogr>10299</code_ogr>
<libelle>Adjoint technicien / Adjointe technicienne d&#0039;exploitation informatique</libelle>
<libelle_court>Adjoint(e) technicien(ne) d&#0039;exploitation informatique</libelle_court>
<priorisation>1</priorisation>
</item_app>
<item_app>
<code_ogr>10546</code_ogr>
<libelle>Agent / Agente de planning informatique</libelle>
<libelle_court>Agent / Agente de planning informatique</libelle_court>
<priorisation>1</priorisation>
</item_app>
<item_app>
<code_ogr>10715</code_ogr>
<libelle>Agent / Agente d&#0039;exploitation informatique</libelle>
<libelle_court>Agent / Agente d&#0039;exploitation informatique</libelle_court>
<priorisation>1</priorisation>
</item_app>
<item_app>
<code_ogr>10945</code_ogr>
<libelle>Analyste d&#0039;exploitation</libelle>
<libelle_court>Analyste d&#0039;exploitation</libelle_court>
<priorisation>1</priorisation>
</item_app>
<item_app>
<code_ogr>11269</code_ogr>
<libelle>Assistant / Assistante d&#0039;exploitation informatique</libelle>
<libelle_court>Assistant / Assistante d&#0039;exploitation informatique</libelle_court>
<priorisation>1</priorisation>
</item_app>
<item_app>
<code_ogr>11815</code_ogr>
<libelle>Charg&#0233; / Charg&#0233;e de mise en exploitation informatique</libelle>
<libelle_court>Charg&#0233; / Charg&#0233;e de mise en exploitation informatique</libelle_court>
<priorisation>1</priorisation>
</item_app>
<item_app>
<code_ogr>12430</code_ogr>
<libelle>Chef d&#0039;&#0233;quipe de production informatique</libelle>
<libelle_court>Chef d&#0039;&#0233;quipe de production informatique</libelle_court>
<priorisation>1</priorisation>
</item_app>
<item_app>
<code_ogr>12522</code_ogr>
<libelle>Chef d&#0039;exploitation informatique</libelle>
<libelle_court>Chef d&#0039;exploitation informatique</libelle_court>
<priorisation>1</priorisation>
</item_app>
<item_app>
<code_ogr>13614</code_ogr>
<libelle>Contr&#0244;leur / Contr&#0244;leuse de r&#0233;seau informatique</libelle>
<libelle_court>Contr&#0244;leur / Contr&#0244;leuse de r&#0233;seau informatique</libelle_court>
<priorisation>1</priorisation>
</item_app>
<item_app>
<code_ogr>15011</code_ogr>
<libelle>Exploitant / Exploitante informatique</libelle>
<libelle_court>Exploitant / Exploitante informatique</libelle_court>
<priorisation>1</priorisation>
</item_app>
<item_app>
<code_ogr>15345</code_ogr>
<libelle>Gestionnaire de production informatique</libelle>
<libelle_court>Gestionnaire de production informatique</libelle_court>
<priorisation>1</priorisation>
</item_app>
<item_app>
<code_ogr>15350</code_ogr>
<libelle>Gestionnaire de ressources informatiques</libelle>
<libelle_court>Gestionnaire de ressources informatiques</libelle_court>
<priorisation>1</priorisation>
</item_app>
<item_app>
<code_ogr>15351</code_ogr>
<libelle>Gestionnaire de ressources mat&#0233;rielles informatiques</libelle>
<libelle_court>Gestionnaire de ressources mat&#0233;rielles informatiques</libelle_court>
<priorisation>1</priorisation>
</item_app>
<item_app>
<code_ogr>15362</code_ogr>
<libelle>Gestionnaire du parc informatique</libelle>
<libelle_court>Gestionnaire du parc informatique</libelle_court>
<priorisation>1</priorisation>
</item_app>
<item_app>
<code_ogr>15660</code_ogr>
<libelle>Ing&#0233;nieur / Ing&#0233;nieure de production informatique</libelle>
<libelle_court>Ing&#0233;nieur / Ing&#0233;nieure de production informatique</libelle_court>
<priorisation>1</priorisation>
</item_app>
<item_app>
<code_ogr>15719</code_ogr>
<libelle>Ing&#0233;nieur / Ing&#0233;nieure d&#0039;exploitation informatique</libelle>
<libelle_court>Ing&#0233;nieur / Ing&#0233;nieure d&#0039;exploitation informatique</libelle_court>
<priorisation>1</priorisation>
</item_app>
<item_app>
<code_ogr>16028</code_ogr>
<libelle>Int&#0233;grateur / Int&#0233;gratrice d&#0039;exploitation informatique</libelle>
<libelle_court>Int&#0233;grateur / Int&#0233;gratrice d&#0039;exploitation informatique</libelle_court>
<priorisation>1</priorisation>
</item_app>
<item_app>
<code_ogr>38917</code_ogr>
<libelle>Op&#0233;rateur / Op&#0233;ratrice en cybers&#0233;curit&#0233;</libelle>
<libelle_court>Op&#0233;rateur / Op&#0233;ratrice en cybers&#0233;curit&#0233;</libelle_court>
<priorisation>1</priorisation>
</item_app>
<item_app>
<code_ogr>17238</code_ogr>
<libelle>Op&#0233;rateur / Op&#0233;ratrice informatique</libelle>
<libelle_court>Op&#0233;rateur / Op&#0233;ratrice informatique</libelle_court>
<priorisation>1</priorisation>
</item_app>
<item_app>
<code_ogr>17261</code_ogr>
<libelle>Op&#0233;rateur pupitreur / Op&#0233;ratrice pupitreuse informatique</libelle>
<libelle_court>Op&#0233;rateur pupitreur / Op&#0233;ratrice pupitreuse informatique</libelle_court>
<priorisation>1</priorisation>
</item_app>
<item_app>
<code_ogr>17754</code_ogr>
<libelle>Pilote de ressources informatiques</libelle>
<libelle_court>Pilote de ressources informatiques</libelle_court>
<priorisation>1</priorisation>
</item_app>
<item_app>
<code_ogr>17781</code_ogr>
<libelle>Pilote multiserveur informatique</libelle>
<libelle_court>Pilote multiserveur informatique</libelle_court>
<priorisation>1</priorisation>
</item_app>
<item_app>
<code_ogr>18247</code_ogr>
<libelle>Pupitreur / Pupitreuse d&#0039;exploitation informatique</libelle>
<libelle_court>Pupitreur / Pupitreuse d&#0039;exploitation informatique</libelle_court>
<priorisation>1</priorisation>
</item_app>
<item_app>
<code_ogr>18252</code_ogr>
<libelle>Pupitreur / Pupitreuse r&#0233;seau informatique</libelle>
<libelle_court>Pupitreur / Pupitreuse r&#0233;seau informatique</libelle_court>
<priorisation>1</priorisation>
</item_app>
<item_app>
<code_ogr>38918</code_ogr>
<libelle>Sp&#0233;cialiste en gestion de crise cyber</libelle>
<libelle_court>Sp&#0233;cialiste en gestion de crise cyber</libelle_court>
<priorisation>1</priorisation>
</item_app>
<item_app>
<code_ogr>19981</code_ogr>
<libelle>Technicien / Technicienne d&#0039;exploitation informatique</libelle>
<libelle_court>Technicien / Technicienne d&#0039;exploitation informatique</libelle_court>
<priorisation>1</priorisation>
</item_app>
<item_app>
<code_ogr>20168</code_ogr>
<libelle>Technicien / Technicienne informatique</libelle>
<libelle_court>Technicien / Technicienne informatique</libelle_court>
<priorisation>1</priorisation>
</item_app>
<item_app>
<code_ogr>20220</code_ogr>
<libelle>Technicien / Technicienne poste de travail en informatique</libelle>
<libelle_court>Technicien / Technicienne poste de travail en informatique</libelle_court>
<priorisation>1</priorisation>
</item_app>
<item_app>
<code_ogr>20241</code_ogr>
<libelle>Technicien / Technicienne r&#0233;seau informatique</libelle>
<libelle_court>Technicien / Technicienne r&#0233;seau informatique</libelle_court>
<priorisation>1</priorisation>
</item_app>
<item_app>
<code_ogr>20279</code_ogr>
<libelle>Technicien / Technicienne syst&#0232;me informatique</libelle>
<libelle_court>Technicien / Technicienne syst&#0232;me informatique</libelle_court>
<priorisation>1</priorisation>
</item_app>
</bloc_appellation>
<definition nbItemDefinition="3">
Met en oeuvre et assure la disponibilit&#0233; des ressources physiques (serveurs, disques, automates, ...) et des ressources logiques (logiciels, espaces disques, puissance...) n&#0233;cessaires au fonctionnement des syst&#0232;mes de production et d&#0039;exploitation informatiques et t&#0233;l&#0233;coms de l&#0039;entreprise.
Surveille le fonctionnement des diff&#0233;rents syst&#0232;mes, r&#0233;seaux, ... selon les normes et les m&#0233;thodes d&#0039;exploitation et de s&#0233;curit&#0233;.
Peut coordonner une &#0233;quipe.
</definition>
<acces_emploi_metier nbItemAccesEmploiMetier="3">
Cet emploi/m&#0233;tier est accessible &#0224; partir d&#0039;un dipl&#0244;me de niveau Bac+2 (BTS, DUT, ...) en informatique.
Il est &#0233;galement accessible avec une exp&#0233;rience professionnelle dans le secteur sans dipl&#0244;me particulier.
La pratique d&#0039;une langue &#0233;trang&#0232;re, en particulier l&#0039;anglais (vocabulaire technique), est requise.
</acces_emploi_metier>
<condition_exercice_activite nbItemConditionExercice="3">
L&#0039;activit&#0233; de cet emploi/m&#0233;tier s&#0039;exerce au sein de soci&#0233;t&#0233;s de services, entreprises, collectivit&#0233;s territoriales, ... en contact avec diff&#0233;rents intervenants (maintenance constructeurs, prestataires, utilisateurs, ...).
Elle varie selon le type de structure (entreprise utilisatrice, soci&#0233;t&#0233; de services, ...), d&#0039;organisation (infog&#0233;rance, ...).
Elle peut s&#0039;exercer les fins de semaine, jours f&#0233;ri&#0233;s et &#0234;tre soumise &#0224; des astreintes.
</condition_exercice_activite>
<bloc_environnement_de_travail nbItemEnvTrav="8">
<item_env>
<code_ogr>23808</code_ogr>
<libelle>Collectivit&#0233; territoriale</libelle>
<code_type_section_env>1</code_type_section_env>
<priorisation>1</priorisation>
</item_env>
<item_env>
<code_ogr>23867</code_ogr>
<libelle>Entreprise</libelle>
<code_type_section_env>1</code_type_section_env>
<priorisation>1</priorisation>
</item_env>
<item_env>
<code_ogr>24095</code_ogr>
<libelle>Entreprise de Services Num&#0233;riques - ESN</libelle>
<code_type_section_env>1</code_type_section_env>
<priorisation>1</priorisation>
</item_env>
<item_env>
<code_ogr>23912</code_ogr>
<libelle>Entreprise publique/&#0233;tablissement public</libelle>
<code_type_section_env>1</code_type_section_env>
<priorisation>1</priorisation>
</item_env>
<item_env>
<code_ogr>24081</code_ogr>
<libelle>Soci&#0233;t&#0233; de conseil</libelle>
<code_type_section_env>1</code_type_section_env>
<priorisation>1</priorisation>
</item_env>
<item_env>
<code_ogr>23388</code_ogr>
<libelle>Administration / Services de l&#0039;Etat</libelle>
<code_type_section_env>2</code_type_section_env>
<priorisation>1</priorisation>
</item_env>
<item_env>
<code_ogr>23401</code_ogr>
<libelle>Arm&#0233;e</libelle>
<code_type_section_env>2</code_type_section_env>
<priorisation>1</priorisation>
</item_env>
<item_env>
<code_ogr>23535</code_ogr>
<libelle>Informatique et t&#0233;l&#0233;communications</libelle>
<code_type_section_env>2</code_type_section_env>
<priorisation>1</priorisation>
</item_env>
</bloc_environnement_de_travail>
<bloc_activites_de_base nbBlocActiviteBase="1">
<activites_de_base nbItemActivite_AB="11">
<item_ab>
<code_ogr>109968</code_ogr>
<libelle>Ordonnancer le d&#0233;roulement des travaux et mettre en oeuvre les traitements d&#0039;exploitation/production des ressources informatiques</libelle>
<code_type_activite>3</code_type_activite>
<code_type_item_activite>2</code_type_item_activite>
<position_item>1</position_item>
<priorisation>1</priorisation>
<riasec_majeur>C</riasec_majeur>
<riasec_mineur>i</riasec_mineur>
</item_ab>
<item_ab>
<code_ogr>109969</code_ogr>
<libelle>Superviser et v&#0233;rifier l&#0039;&#0233;tat des ressources informatiques, r&#0233;aliser les sauvegardes et les archivages de donn&#0233;es</libelle>
<code_type_activite>3</code_type_activite>
<code_type_item_activite>2</code_type_item_activite>
<position_item>2</position_item>
<priorisation>1</priorisation>
<riasec_majeur>I</riasec_majeur>
<riasec_mineur>r</riasec_mineur>
</item_ab>
<item_ab>
<code_ogr>123564</code_ogr>
<libelle>Contr&#0244;ler le fonctionnement d&#0039;un outil ou &#0233;quipement</libelle>
<code_type_activite>3</code_type_activite>
<code_type_item_activite>2</code_type_item_activite>
<position_item>3</position_item>
<priorisation>1</priorisation>
<riasec_majeur>C</riasec_majeur>
<riasec_mineur>r</riasec_mineur>
</item_ab>
<item_ab>
<code_ogr>102176</code_ogr>
<libelle>R&#0233;aliser la maintenance de premier niveau de mat&#0233;riel informatique</libelle>
<code_type_activite>3</code_type_activite>
<code_type_item_activite>2</code_type_item_activite>
<position_item>4</position_item>
<priorisation>1</priorisation>
<riasec_majeur>R</riasec_majeur>
<riasec_mineur>i</riasec_mineur>
</item_ab>
<item_ab>
<code_ogr>123563</code_ogr>
<libelle>Contr&#0244;ler le d&#0233;roulement de travaux</libelle>
<code_type_activite>3</code_type_activite>
<code_type_item_activite>2</code_type_item_activite>
<position_item>5</position_item>
<priorisation>1</priorisation>
<riasec_majeur>C</riasec_majeur>
</item_ab>
<item_ab>
<code_ogr>109971</code_ogr>
<libelle>Diagnostiquer la nature et l&#0039;origine des incidents et mettre en oeuvre les mesures correctives</libelle>
<code_type_activite>3</code_type_activite>
<code_type_item_activite>2</code_type_item_activite>
<position_item>6</position_item>
<priorisation>1</priorisation>
<riasec_majeur>R</riasec_majeur>
<riasec_mineur>i</riasec_mineur>
</item_ab>
<item_ab>
<code_ogr>122329</code_ogr>
<libelle>Planifier des interventions de maintenance</libelle>
<code_type_activite>3</code_type_activite>
<code_type_item_activite>2</code_type_item_activite>
<position_item>7</position_item>
<priorisation>1</priorisation>
<riasec_majeur>R</riasec_majeur>
<riasec_mineur>c</riasec_mineur>
</item_ab>
<item_ab>
<code_ogr>123620</code_ogr>
<libelle>Contr&#0244;ler une op&#0233;ration de maintenance</libelle>
<code_type_activite>3</code_type_activite>
<code_type_item_activite>2</code_type_item_activite>
<position_item>8</position_item>
<priorisation>1</priorisation>
<riasec_majeur>C</riasec_majeur>
<riasec_mineur>r</riasec_mineur>
</item_ab>
<item_ab>
<code_ogr>109973</code_ogr>
<libelle>Installer et int&#0233;grer le mat&#0233;riel (station, &#0233;quipement r&#0233;seau, p&#0233;riph&#0233;riques, ...) dans l&#0039;environnement de production et configurer les ressources logiques et physiques</libelle>
<code_type_activite>3</code_type_activite>
<code_type_item_activite>2</code_type_item_activite>
<position_item>9</position_item>
<priorisation>1</priorisation>
<riasec_majeur>I</riasec_majeur>
<riasec_mineur>r</riasec_mineur>
</item_ab>
<item_ab>
<code_ogr>121643</code_ogr>
<libelle>Effectuer une assistance technique</libelle>
<code_type_activite>3</code_type_activite>
<code_type_item_activite>2</code_type_item_activite>
<position_item>10</position_item>
<priorisation>1</priorisation>
<riasec_majeur>R</riasec_majeur>
<riasec_mineur>s</riasec_mineur>
</item_ab>
<item_ab>
<code_ogr>119114</code_ogr>
<libelle>Traiter l&#0039;information (collecter, classer et mettre &#0224; jour)</libelle>
<code_type_activite>3</code_type_activite>
<code_type_item_activite>2</code_type_item_activite>
<position_item>11</position_item>
<priorisation>1</priorisation>
<riasec_majeur>C</riasec_majeur>
<riasec_mineur>i</riasec_mineur>
</item_ab>
</activites_de_base>
<savoir_theorique_et_proceduraux nbItemSTP_AB="14">
<item_ab_stp>
<code_ogr>106864</code_ogr>
<libelle>Connectique</libelle>
<code_type_competence>1</code_type_competence>
<position_item>1</position_item>
<priorisation>1</priorisation>
</item_ab_stp>
<item_ab_stp>
<code_ogr>103167</code_ogr>
<libelle>M&#0233;trologie</libelle>
<code_type_competence>1</code_type_competence>
<position_item>2</position_item>
<priorisation>1</priorisation>
</item_ab_stp>
<item_ab_stp>
<code_ogr>123729</code_ogr>
<libelle>Mod&#0233;lisation spatiale</libelle>
<code_type_competence>1</code_type_competence>
<position_item>3</position_item>
<priorisation>1</priorisation>
</item_ab_stp>
<item_ab_stp>
<code_ogr>120254</code_ogr>
<libelle>Architecture des syst&#0232;mes d&#0039;information</libelle>
<code_type_competence>1</code_type_competence>
<position_item>4</position_item>
<priorisation>1</priorisation>
</item_ab_stp>
<item_ab_stp>
<code_ogr>123516</code_ogr>
<libelle>Analyse de la performance</libelle>
<code_type_competence>1</code_type_competence>
<position_item>5</position_item>
<priorisation>1</priorisation>
</item_ab_stp>
<item_ab_stp>
<code_ogr>123515</code_ogr>
<libelle>Analyse d&#0039;incidents</libelle>
<code_type_competence>1</code_type_competence>
<position_item>6</position_item>
<priorisation>1</priorisation>
</item_ab_stp>
<item_ab_stp>
<code_ogr>102226</code_ogr>
<libelle>Normes r&#0233;dactionnelles</libelle>
<code_type_competence>1</code_type_competence>
<position_item>7</position_item>
<priorisation>1</priorisation>
</item_ab_stp>
<item_ab_stp>
<code_ogr>109978</code_ogr>
<libelle>Normes et standards d&#0039;exploitation</libelle>
<code_type_competence>1</code_type_competence>
<position_item>8</position_item>
<priorisation>1</priorisation>
</item_ab_stp>
<item_ab_stp>
<code_ogr>113245</code_ogr>
<libelle>Normes qualit&#0233;</libelle>
<code_type_competence>1</code_type_competence>
<position_item>9</position_item>
<priorisation>1</priorisation>
</item_ab_stp>
<item_ab_stp>
<code_ogr>106844</code_ogr>
<libelle>R&#0232;gles de s&#0233;curit&#0233; Informatique et T&#0233;l&#0233;coms</libelle>
<code_type_competence>1</code_type_competence>
<position_item>10</position_item>
<priorisation>1</priorisation>
</item_ab_stp>
<item_ab_stp>
<code_ogr>124908</code_ogr>
<libelle>Protection des donn&#0233;es num&#0233;riques</libelle>
<code_type_competence>1</code_type_competence>
<position_item>11</position_item>
<priorisation>1</priorisation>
</item_ab_stp>
<item_ab_stp>
<code_ogr>109770</code_ogr>
<libelle>Infog&#0233;rance / t&#0233;l&#0233;maintenance</libelle>
<code_type_competence>1</code_type_competence>
<position_item>12</position_item>
<priorisation>1</priorisation>
</item_ab_stp>
<item_ab_stp>
<code_ogr>120246</code_ogr>
<libelle>Gestion de projet</libelle>
<code_type_competence>1</code_type_competence>
<position_item>13</position_item>
<priorisation>1</priorisation>
</item_ab_stp>
<item_ab_stp>
<code_ogr>109977</code_ogr>
<libelle>Proc&#0233;dures de maintenance</libelle>
<code_type_competence>1</code_type_competence>
<position_item>14</position_item>
<priorisation>1</priorisation>
</item_ab_stp>
</savoir_theorique_et_proceduraux>
<savoir_action nbItemSA_AB="0">
</savoir_action>
</bloc_activites_de_base>
<bloc_activites_specifiques nbBlocActiviteSpecifique="8">
<bloc>
<position_bloc>1</position_bloc>
<activite_specifique nbItemActivite_AS="8">
<item_as>
<code_ogr>109979</code_ogr>
<libelle>Surveiller le fonctionnement d&#0039;applicatifs et logiciels</libelle>
<code_type_activite>3</code_type_activite>
<code_type_item_activite>2</code_type_item_activite>
<position_item>1</position_item>
<priorisation>1</priorisation>
<riasec_majeur>R</riasec_majeur>
<riasec_mineur>c</riasec_mineur>
</item_as>
<item_as>
<code_ogr>109980</code_ogr>
<libelle>Surveiller le fonctionnement de bases de donn&#0233;es</libelle>
<code_type_activite>3</code_type_activite>
<code_type_item_activite>2</code_type_item_activite>
<position_item>2</position_item>
<priorisation>1</priorisation>
<riasec_majeur>R</riasec_majeur>
<riasec_mineur>c</riasec_mineur>
</item_as>
<item_as>
<code_ogr>109981</code_ogr>
<libelle>Surveiller le fonctionnement de couches logiciels</libelle>
<code_type_activite>3</code_type_activite>
<code_type_item_activite>2</code_type_item_activite>
<position_item>3</position_item>
<priorisation>1</priorisation>
<riasec_majeur>R</riasec_majeur>
<riasec_mineur>c</riasec_mineur>
</item_as>
<item_as>
<code_ogr>109982</code_ogr>
<libelle>Surveiller le fonctionnement d&#0039;espaces disques</libelle>
<code_type_activite>3</code_type_activite>
<code_type_item_activite>2</code_type_item_activite>
<position_item>4</position_item>
<priorisation>1</priorisation>
<riasec_majeur>R</riasec_majeur>
<riasec_mineur>c</riasec_mineur>
</item_as>
<item_as>
<code_ogr>109983</code_ogr>
<libelle>Surveiller le fonctionnement de r&#0233;seaux de T&#0233;l&#0233;coms</libelle>
<code_type_activite>3</code_type_activite>
<code_type_item_activite>2</code_type_item_activite>
<position_item>5</position_item>
<priorisation>1</priorisation>
<riasec_majeur>R</riasec_majeur>
<riasec_mineur>c</riasec_mineur>
</item_as>
<item_as>
<code_ogr>109984</code_ogr>
<libelle>Surveiller le fonctionnement de r&#0233;seaux informatiques</libelle>
<code_type_activite>3</code_type_activite>
<code_type_item_activite>2</code_type_item_activite>
<position_item>6</position_item>
<priorisation>1</priorisation>
<riasec_majeur>R</riasec_majeur>
<riasec_mineur>c</riasec_mineur>
</item_as>
<item_as>
<code_ogr>109985</code_ogr>
<libelle>Surveiller le fonctionnement de serveurs</libelle>
<code_type_activite>3</code_type_activite>
<code_type_item_activite>2</code_type_item_activite>
<position_item>7</position_item>
<priorisation>1</priorisation>
<riasec_majeur>R</riasec_majeur>
<riasec_mineur>c</riasec_mineur>
</item_as>
<item_as>
<code_ogr>109986</code_ogr>
<libelle>Surveiller le fonctionnement de syst&#0232;mes</libelle>
<code_type_activite>3</code_type_activite>
<code_type_item_activite>2</code_type_item_activite>
<position_item>8</position_item>
<priorisation>1</priorisation>
<riasec_majeur>R</riasec_majeur>
<riasec_mineur>c</riasec_mineur>
</item_as>
</activite_specifique>
<savoir_theorique_et_proceduraux nbItemSTP_AS="17">
<item_as_stp>
<code_ogr>109764</code_ogr>
<libelle>Syst&#0232;me d&#0039;exploitation Windows</libelle>
<code_type_competence>1</code_type_competence>
<position_item>1</position_item>
<priorisation>1</priorisation>
</item_as_stp>
<item_as_stp>
<code_ogr>118402</code_ogr>
<libelle>Syst&#0232;me d&#0039;exploitation AS 400</libelle>
<code_type_competence>1</code_type_competence>
<position_item>2</position_item>
<priorisation>1</priorisation>
</item_as_stp>
<item_as_stp>
<code_ogr>109766</code_ogr>
<libelle>Syst&#0232;me d&#0039;exploitation Gcos</libelle>
<code_type_competence>1</code_type_competence>
<position_item>3</position_item>
<priorisation>1</priorisation>
</item_as_stp>
<item_as_stp>
<code_ogr>109761</code_ogr>
<libelle>Syst&#0232;me d&#0039;exploitation HP-Ux</libelle>
<code_type_competence>1</code_type_competence>
<position_item>4</position_item>
<priorisation>1</priorisation>
</item_as_stp>
<item_as_stp>
<code_ogr>109759</code_ogr>
<libelle>Syst&#0232;me d&#0039;exploitation IBM Aix</libelle>
<code_type_competence>1</code_type_competence>
<position_item>5</position_item>
<priorisation>1</priorisation>
</item_as_stp>
<item_as_stp>
<code_ogr>109758</code_ogr>
<libelle>Syst&#0232;me d&#0039;exploitation Unix</libelle>
<code_type_competence>1</code_type_competence>
<position_item>6</position_item>
<priorisation>1</priorisation>
</item_as_stp>
<item_as_stp>
<code_ogr>109763</code_ogr>
<libelle>Syst&#0232;me d&#0039;exploitation Linux</libelle>
<code_type_competence>1</code_type_competence>
<position_item>7</position_item>
<priorisation>1</priorisation>
</item_as_stp>
<item_as_stp>
<code_ogr>109767</code_ogr>
<libelle>Syst&#0232;me d&#0039;exploitation MacOS</libelle>
<code_type_competence>1</code_type_competence>
<position_item>8</position_item>
<priorisation>1</priorisation>
</item_as_stp>
<item_as_stp>
<code_ogr>109768</code_ogr>
<libelle>Syst&#0232;me d&#0039;exploitation MVS</libelle>
<code_type_competence>1</code_type_competence>
<position_item>9</position_item>
<priorisation>1</priorisation>
</item_as_stp>
<item_as_stp>
<code_ogr>109760</code_ogr>
<libelle>Syst&#0232;me d&#0039;exploitation Solaris</libelle>
<code_type_competence>1</code_type_competence>
<position_item>10</position_item>
<priorisation>1</priorisation>
</item_as_stp>
<item_as_stp>
<code_ogr>109762</code_ogr>
<libelle>Syst&#0232;me d&#0039;exploitation Irix</libelle>
<code_type_competence>1</code_type_competence>
<position_item>11</position_item>
<priorisation>1</priorisation>
</item_as_stp>
<item_as_stp>
<code_ogr>113292</code_ogr>
<libelle>Syst&#0232;me d&#0039;exploitation informatique Android</libelle>
<code_type_competence>1</code_type_competence>
<position_item>12</position_item>
<priorisation>1</priorisation>
</item_as_stp>
<item_as_stp>
<code_ogr>113250</code_ogr>
<libelle>Syst&#0232;me d&#0039;exploitation informatique Apache Tomcat</libelle>
<code_type_competence>1</code_type_competence>
<position_item>13</position_item>
<priorisation>1</priorisation>
</item_as_stp>
<item_as_stp>
<code_ogr>113839</code_ogr>
<libelle>Syst&#0232;me d&#0039;exploitation informatique Open BSD</libelle>
<code_type_competence>1</code_type_competence>
<position_item>14</position_item>
<priorisation>1</priorisation>
</item_as_stp>
<item_as_stp>
<code_ogr>113840</code_ogr>
<libelle>Syst&#0232;me d&#0039;exploitation informatique Sun OS</libelle>
<code_type_competence>1</code_type_competence>
<position_item>15</position_item>
<priorisation>1</priorisation>
</item_as_stp>
<item_as_stp>
<code_ogr>113268</code_ogr>
<libelle>Syst&#0232;me d&#0039;exploitation informatique VirtualBox</libelle>
<code_type_competence>1</code_type_competence>
<position_item>16</position_item>
<priorisation>1</priorisation>
</item_as_stp>
<item_as_stp>
<code_ogr>113269</code_ogr>
<libelle>Syst&#0232;me d&#0039;exploitation informatique VMWare (virtualisation d&#0039;architecture)</libelle>
<code_type_competence>1</code_type_competence>
<position_item>17</position_item>
<priorisation>1</priorisation>
</item_as_stp>
</savoir_theorique_et_proceduraux>
<savoir_action nbItemSA_AS="0">
</savoir_action>
</bloc>
<bloc>
<position_bloc>2</position_bloc>
<activite_specifique nbItemActivite_AS="1">
<item_as>
<code_ogr>115552</code_ogr>
<libelle>Cr&#0233;er des droits d&#0039;acc&#0232;s, des comptes utilisateurs en fonction des profils</libelle>
<code_type_activite>3</code_type_activite>
<code_type_item_activite>2</code_type_item_activite>
<position_item>1</position_item>
<priorisation>1</priorisation>
<riasec_majeur>R</riasec_majeur>
</item_as>
</activite_specifique>
<savoir_theorique_et_proceduraux nbItemSTP_AS="0">
</savoir_theorique_et_proceduraux>
<savoir_action nbItemSA_AS="0">
</savoir_action>
</bloc>
<bloc>
<position_bloc>3</position_bloc>
<activite_specifique nbItemActivite_AS="3">
<item_as>
<code_ogr>116932</code_ogr>
<libelle>Suivre l&#0039;&#0233;tat des stocks</libelle>
<code_type_activite>3</code_type_activite>
<code_type_item_activite>2</code_type_item_activite>
<position_item>1</position_item>
<priorisation>1</priorisation>
<riasec_majeur>C</riasec_majeur>
</item_as>
<item_as>
<code_ogr>125971</code_ogr>
<libelle>D&#0233;finir des besoins en approvisionnement</libelle>
<code_type_activite>3</code_type_activite>
<code_type_item_activite>2</code_type_item_activite>
<position_item>2</position_item>
<priorisation>1</priorisation>
<riasec_majeur>C</riasec_majeur>
</item_as>
<item_as>
<code_ogr>119860</code_ogr>
<libelle>Pr&#0233;parer les commandes</libelle>
<code_type_activite>3</code_type_activite>
<code_type_item_activite>2</code_type_item_activite>
<position_item>3</position_item>
<priorisation>1</priorisation>
<riasec_majeur>C</riasec_majeur>
<riasec_mineur>r</riasec_mineur>
</item_as>
</activite_specifique>
<savoir_theorique_et_proceduraux nbItemSTP_AS="0">
</savoir_theorique_et_proceduraux>
<savoir_action nbItemSA_AS="0">
</savoir_action>
</bloc>
<bloc>
<position_bloc>4</position_bloc>
<activite_specifique nbItemActivite_AS="1">
<item_as>
<code_ogr>113830</code_ogr>
<libelle>Suivre et contr&#0244;ler la conformit&#0233; des interventions de prestataires de maintenance</libelle>
<code_type_activite>3</code_type_activite>
<code_type_item_activite>2</code_type_item_activite>
<position_item>1</position_item>
<priorisation>1</priorisation>
<riasec_majeur>C</riasec_majeur>
</item_as>
</activite_specifique>
<savoir_theorique_et_proceduraux nbItemSTP_AS="0">
</savoir_theorique_et_proceduraux>
<savoir_action nbItemSA_AS="0">
</savoir_action>
</bloc>
<bloc>
<position_bloc>5</position_bloc>
<activite_specifique nbItemActivite_AS="1">
<item_as>
<code_ogr>115553</code_ogr>
<libelle>Pr&#0233;coniser des choix techniques ou effectuer des pr&#0233;visions d&#0039;acquisition d&#0039;&#0233;quipements informatiques, d&#0039;applicatifs</libelle>
<code_type_activite>3</code_type_activite>
<code_type_item_activite>2</code_type_item_activite>
<position_item>1</position_item>
<priorisation>1</priorisation>
<riasec_majeur>I</riasec_majeur>
<riasec_mineur>e</riasec_mineur>
</item_as>
</activite_specifique>
<savoir_theorique_et_proceduraux nbItemSTP_AS="0">
</savoir_theorique_et_proceduraux>
<savoir_action nbItemSA_AS="0">
</savoir_action>
</bloc>
<bloc>
<position_bloc>6</position_bloc>
<activite_specifique nbItemActivite_AS="1">
<item_as>
<code_ogr>113831</code_ogr>
<libelle>Suivre et g&#0233;rer un parc d&#0039;&#0233;quipements informatiques et organiser des salles informatiques</libelle>
<code_type_activite>3</code_type_activite>
<code_type_item_activite>2</code_type_item_activite>
<position_item>1</position_item>
<priorisation>1</priorisation>
<riasec_majeur>C</riasec_majeur>
</item_as>
</activite_specifique>
<savoir_theorique_et_proceduraux nbItemSTP_AS="0">
</savoir_theorique_et_proceduraux>
<savoir_action nbItemSA_AS="0">
</savoir_action>
</bloc>
<bloc>
<position_bloc>7</position_bloc>
<activite_specifique nbItemActivite_AS="1">
<item_as>
<code_ogr>113309</code_ogr>
<libelle>Superviser et organiser les travaux d&#0039;exploitation/production informatique</libelle>
<code_type_activite>3</code_type_activite>
<code_type_item_activite>2</code_type_item_activite>
<position_item>1</position_item>
<priorisation>1</priorisation>
<riasec_majeur>I</riasec_majeur>
<riasec_mineur>c</riasec_mineur>
</item_as>
</activite_specifique>
<savoir_theorique_et_proceduraux nbItemSTP_AS="0">
</savoir_theorique_et_proceduraux>
<savoir_action nbItemSA_AS="0">
</savoir_action>
</bloc>
<bloc>
<position_bloc>8</position_bloc>
<activite_specifique nbItemActivite_AS="1">
<item_as>
<code_ogr>102359</code_ogr>
<libelle>Coordonner l&#0039;activit&#0233; d&#0039;une &#0233;quipe</libelle>
<code_type_activite>3</code_type_activite>
<code_type_item_activite>2</code_type_item_activite>
<position_item>1</position_item>
<priorisation>1</priorisation>
<riasec_majeur>E</riasec_majeur>
<riasec_mineur>s</riasec_mineur>
</item_as>
</activite_specifique>
<savoir_theorique_et_proceduraux nbItemSTP_AS="1">
<item_as_stp>
<code_ogr>102250</code_ogr>
<libelle>Techniques d&#0039;animation d&#0039;&#0233;quipe</libelle>
<code_type_competence>1</code_type_competence>
<position_item>1</position_item>
<priorisation>1</priorisation>
</item_as_stp>
</savoir_theorique_et_proceduraux>
<savoir_action nbItemSA_AS="0">
</savoir_action>
</bloc>
</bloc_activites_specifiques>
<bloc_mobilites>
<mobilites_proches nbItemMob="2">
<item_mob_pr><code_type_mobilite>1</code_type_mobilite>
<liste_appellation_source>
<code_appellation_source>0</code_appellation_source>
<libelle_appellation_source>Toutes les appellations</libelle_appellation_source>
</liste_appellation_source>
<code_rome_cible>M1801</code_rome_cible>
<libelle_rome_cible>Administration de syst&#0232;mes d&#0039;information</libelle_rome_cible>
<liste_appellation_cible>
<code_appellation_cible>0</code_appellation_cible>
<libelle_appellation_cible>Toutes les appellations</libelle_appellation_cible>
</liste_appellation_cible>
</item_mob_pr>
<item_mob_pr><code_type_mobilite>1</code_type_mobilite>
<liste_appellation_source>
<code_appellation_source>0</code_appellation_source>
<libelle_appellation_source>Toutes les appellations</libelle_appellation_source>
</liste_appellation_source>
<code_rome_cible>M1806</code_rome_cible>
<libelle_rome_cible>Conseil et ma&#0238;trise d&#0039;ouvrage en syst&#0232;mes d&#0039;information</libelle_rome_cible>
<liste_appellation_cible>
<code_appellation_cible>0</code_appellation_cible>
<libelle_appellation_cible>Toutes les appellations</libelle_appellation_cible>
</liste_appellation_cible>
</item_mob_pr>
</mobilites_proches>
<mobilites_si_evolution nbItemMob="5">
<item_mob_ev><code_type_mobilite>2</code_type_mobilite>
<liste_appellation_source>
<code_appellation_source>0</code_appellation_source>
<libelle_appellation_source>Toutes les appellations</libelle_appellation_source>
</liste_appellation_source>
<code_rome_cible>H1101</code_rome_cible>
<libelle_rome_cible>Assistance et support technique client</libelle_rome_cible>
<liste_appellation_cible>
<code_appellation_cible>0</code_appellation_cible>
<libelle_appellation_cible>Toutes les appellations</libelle_appellation_cible>
</liste_appellation_cible>
</item_mob_ev>
<item_mob_ev><code_type_mobilite>2</code_type_mobilite>
<liste_appellation_source>
<code_appellation_source>0</code_appellation_source>
<libelle_appellation_source>Toutes les appellations</libelle_appellation_source>
</liste_appellation_source>
<code_rome_cible>M1402</code_rome_cible>
<libelle_rome_cible>Conseil en organisation et management d&#0039;entreprise</libelle_rome_cible>
<liste_appellation_cible>
<code_appellation_cible>0</code_appellation_cible>
<libelle_appellation_cible>Toutes les appellations</libelle_appellation_cible>
</liste_appellation_cible>
</item_mob_ev>
<item_mob_ev><code_type_mobilite>2</code_type_mobilite>
<liste_appellation_source>
<code_appellation_source>0</code_appellation_source>
<libelle_appellation_source>Toutes les appellations</libelle_appellation_source>
</liste_appellation_source>
<code_rome_cible>M1802</code_rome_cible>
<libelle_rome_cible>Expertise et support en syst&#0232;mes d&#0039;information</libelle_rome_cible>
<liste_appellation_cible>
<code_appellation_cible>0</code_appellation_cible>
<libelle_appellation_cible>Toutes les appellations</libelle_appellation_cible>
</liste_appellation_cible>
</item_mob_ev>
<item_mob_ev><code_type_mobilite>2</code_type_mobilite>
<liste_appellation_source>
<code_appellation_source>0</code_appellation_source>
<libelle_appellation_source>Toutes les appellations</libelle_appellation_source>
</liste_appellation_source>
<code_rome_cible>M1803</code_rome_cible>
<libelle_rome_cible>Direction des syst&#0232;mes d&#0039;information</libelle_rome_cible>
<liste_appellation_cible>
<code_appellation_cible>0</code_appellation_cible>
<libelle_appellation_cible>Toutes les appellations</libelle_appellation_cible>
</liste_appellation_cible>
</item_mob_ev>
<item_mob_ev><code_type_mobilite>2</code_type_mobilite>
<liste_appellation_source>
<code_appellation_source>0</code_appellation_source>
<libelle_appellation_source>Toutes les appellations</libelle_appellation_source>
</liste_appellation_source>
<code_rome_cible>M1805</code_rome_cible>
<libelle_rome_cible>&#0201;tudes et d&#0233;veloppement informatique</libelle_rome_cible>
<liste_appellation_cible>
<code_appellation_cible>0</code_appellation_cible>
<libelle_appellation_cible>Toutes les appellations</libelle_appellation_cible>
</liste_appellation_cible>
</item_mob_ev>
</mobilites_si_evolution>
</bloc_mobilites>
</fiche_emploi_metier>