<?xml version="1.0" encoding="UTF-8" ?>
<fiche_emploi_metier>
<type_fiche>2</type_fiche>
<libelle_type_fiche>priorise</libelle_type_fiche>
<version_SI>
<version_rome>333</version_rome>
<date_version_si>01/10/2017</date_version_si>
<mois_version_si>Octobre</mois_version_si>
<annee_version_si>2017</annee_version_si>
</version_SI>
<bloc_code_rome>
<code_rome>N1104</code_rome>
<intitule>Manoeuvre et conduite d&#0039;engins lourds de manutention</intitule>
<code_ogr>503</code_ogr>
<riasec_majeur>R</riasec_majeur>
<riasec_mineur>c</riasec_mineur>
</bloc_code_rome>
<bloc_appellation nbItemAppellation="15">
<item_app>
<code_ogr>10522</code_ogr>
<libelle>Agent / Agente de manoeuvre et de conduite d&#0039;engins lourds de manutention</libelle>
<libelle_court>Agent(e) manoeuvre, conduite d&#0039;engins lourds de manutention</libelle_court>
<priorisation>1</priorisation>
</item_app>
<item_app>
<code_ogr>12083</code_ogr>
<libelle>Chef de cellule grue et portique de l&#0039;arm&#0233;e</libelle>
<libelle_court>Chef de cellule grue et portique de l&#0039;arm&#0233;e</libelle_court>
<priorisation>1</priorisation>
</item_app>
<item_app>
<code_ogr>12876</code_ogr>
<libelle>Conducteur / Conductrice d&#0039;auto-grue</libelle>
<libelle_court>Conducteur / Conductrice d&#0039;auto-grue</libelle_court>
<priorisation>1</priorisation>
</item_app>
<item_app>
<code_ogr>12963</code_ogr>
<libelle>Conducteur / Conductrice de grue mobile</libelle>
<libelle_court>Conducteur / Conductrice de grue mobile</libelle_court>
<priorisation>1</priorisation>
</item_app>
<item_app>
<code_ogr>12966</code_ogr>
<libelle>Conducteur / Conductrice de grue sur porteur</libelle>
<libelle_court>Conducteur / Conductrice de grue sur porteur</libelle_court>
<priorisation>1</priorisation>
</item_app>
<item_app>
<code_ogr>13137</code_ogr>
<libelle>Conducteur / Conductrice de pont roulant</libelle>
<libelle_court>Conducteur / Conductrice de pont roulant</libelle_court>
<priorisation>1</priorisation>
</item_app>
<item_app>
<code_ogr>13138</code_ogr>
<libelle>Conducteur / Conductrice de portique</libelle>
<libelle_court>Conducteur / Conductrice de portique</libelle_court>
<priorisation>1</priorisation>
</item_app>
<item_app>
<code_ogr>13257</code_ogr>
<libelle>Conducteur / Conductrice d&#0039;engins lourds de manutention</libelle>
<libelle_court>Conducteur / Conductrice d&#0039;engins lourds de manutention</libelle_court>
<priorisation>1</priorisation>
</item_app>
<item_app>
<code_ogr>14560</code_ogr>
<libelle>Eclusier / Eclusi&#0232;re</libelle>
<libelle_court>Eclusier / Eclusi&#0232;re</libelle_court>
<priorisation>1</priorisation>
</item_app>
<item_app>
<code_ogr>14561</code_ogr>
<libelle>Eclusier-barragiste / Eclusi&#0232;re-barragiste</libelle>
<libelle_court>Eclusier-barragiste / Eclusi&#0232;re-barragiste</libelle_court>
<priorisation>1</priorisation>
</item_app>
<item_app>
<code_ogr>17884</code_ogr>
<libelle>Pontier / Ponti&#0232;re</libelle>
<libelle_court>Pontier / Ponti&#0232;re</libelle_court>
<priorisation>1</priorisation>
</item_app>
<item_app>
<code_ogr>17885</code_ogr>
<libelle>Pontier &#0233;clusier r&#0233;gulateur / Ponti&#0232;re &#0233;clusi&#0232;re r&#0233;gulatrice</libelle>
<libelle_court>Pontier &#0233;clusier r&#0233;gulateur / Ponti&#0232;re &#0233;clusi&#0232;re r&#0233;gulatrice</libelle_court>
<priorisation>1</priorisation>
</item_app>
<item_app>
<code_ogr>17886</code_ogr>
<libelle>Pontier &#0233;lingueur / Ponti&#0232;re &#0233;lingueuse</libelle>
<libelle_court>Pontier &#0233;lingueur / Ponti&#0232;re &#0233;lingueuse</libelle_court>
<priorisation>1</priorisation>
</item_app>
<item_app>
<code_ogr>17887</code_ogr>
<libelle>Pontonnier / Pontonni&#0232;re</libelle>
<libelle_court>Pontonnier / Pontonni&#0232;re</libelle_court>
<priorisation>1</priorisation>
</item_app>
<item_app>
<code_ogr>17899</code_ogr>
<libelle>Portiqueur / Portiqueuse</libelle>
<libelle_court>Portiqueur / Portiqueuse</libelle_court>
<priorisation>1</priorisation>
</item_app>
</bloc_appellation>
<definition nbItemDefinition="2">
R&#0233;alise des manoeuvres ou la conduite d&#0039;engins lourds de manutention (portique, pont roulant, ...) en vue du chargement/d&#0233;chargement, transbordement, levage, positionnement de masses de toutes natures (conteneurs, mati&#0232;res dangereuses, machines, bateaux, ...), selon les r&#0232;gles de s&#0233;curit&#0233; des biens et des personnes.
Peut manoeuvrer des &#0233;quipements sp&#0233;cifiques (&#0233;cluses, ponts mobiles, ...).
</definition>
<acces_emploi_metier nbItemAccesEmploiMetier="5">
Cet emploi/m&#0233;tier est accessible &#0224; partir d&#0039;un CAP/BEP en &#0233;lectrotechnique, &#0233;lectrom&#0233;canique, maintenance industrielle.
Il est &#0233;galement accessible sans dipl&#0244;me ni exp&#0233;rience professionnelle.
Un ou plusieurs Certificat(s) d&#0039;Aptitude &#0224; la Conduite en S&#0233;curit&#0233; -CACES- conditionn&#0233;(s) par une aptitude m&#0233;dicale &#0224; renouveler p&#0233;riodiquement est (sont) exig&#0233;(s) pour la conduite d&#0039;engins motoris&#0233;s (pont roulant, grue mobile, ...).
Des habilitations sp&#0233;cifiques (certificats de formation ADR) peuvent &#0234;tre requises selon les produits transport&#0233;s (produits p&#0233;troliers, radioactifs, ...) d&#0233;finis par un code ONU.
Les permis poids lourds C, C1, CE, C1E (pr&#0233;c&#0233;demment C ou EC) compl&#0233;t&#0233;s par la Formation Initiale Minimale Obligatoire -FIMO- peuvent &#0234;tre demand&#0233;s. Un renouvellement p&#0233;riodique de la FIMO par la Formation Continue Obligatoire -FCO- est exig&#0233;.
</acces_emploi_metier>
<condition_exercice_activite nbItemConditionExercice="5">
L&#0039;activit&#0233; de cet emploi/m&#0233;tier s&#0039;exerce sur des zones de fret (gare, plate-forme logistique, terminal portuaire, ...) pour des entreprises industrielles (sid&#0233;rurgie, ...) ou de services (location de mat&#0233;riel, ...), des chantiers navals (construction, r&#0233;paration, ...).
Elle varie selon le lieu d&#0039;exercice (quai, chantier naval, site industriel, ...) et le type de charges manipul&#0233;es (conteneurs, voitures, grumes, pond&#0233;reux, ...).
Elle peut s&#0039;exercer les fins de semaine, jours f&#0233;ri&#0233;s ou de nuit.
L&#0039;activit&#0233; peut s&#0039;effectuer au sol (t&#0233;l&#0233;commande) ou en cabine situ&#0233;e &#0224; hauteur variable.
Le port d&#0039;&#0233;quipements de protection (chaussures de s&#0233;curit&#0233;, gants, casques, gilet fluorescent, ...) est requis.
</condition_exercice_activite>
<bloc_environnement_de_travail nbItemEnvTrav="15">
<item_env>
<code_ogr>23877</code_ogr>
<libelle>Entreprise de forage/extraction</libelle>
<code_type_section_env>1</code_type_section_env>
<priorisation>1</priorisation>
</item_env>
<item_env>
<code_ogr>23878</code_ogr>
<libelle>Entreprise de levage, manutention</libelle>
<code_type_section_env>1</code_type_section_env>
<priorisation>1</priorisation>
</item_env>
<item_env>
<code_ogr>23880</code_ogr>
<libelle>Entreprise de location de mat&#0233;riels</libelle>
<code_type_section_env>1</code_type_section_env>
<priorisation>1</priorisation>
</item_env>
<item_env>
<code_ogr>23897</code_ogr>
<libelle>Entreprise de transport multi-modal (fret maritime, fluvial, ferroviaire, ...)</libelle>
<code_type_section_env>1</code_type_section_env>
<priorisation>1</priorisation>
</item_env>
<item_env>
<code_ogr>23909</code_ogr>
<libelle>Entreprise industrielle</libelle>
<code_type_section_env>1</code_type_section_env>
<priorisation>1</priorisation>
</item_env>
<item_env>
<code_ogr>23912</code_ogr>
<libelle>Entreprise publique/&#0233;tablissement public</libelle>
<code_type_section_env>1</code_type_section_env>
<priorisation>1</priorisation>
</item_env>
<item_env>
<code_ogr>23969</code_ogr>
<libelle>Industrie manufacturi&#0232;re</libelle>
<code_type_section_env>1</code_type_section_env>
<priorisation>1</priorisation>
</item_env>
<item_env>
<code_ogr>23394</code_ogr>
<libelle>Agriculture</libelle>
<code_type_section_env>2</code_type_section_env>
<priorisation>1</priorisation>
</item_env>
<item_env>
<code_ogr>23401</code_ogr>
<libelle>Arm&#0233;e</libelle>
<code_type_section_env>2</code_type_section_env>
<priorisation>1</priorisation>
</item_env>
<item_env>
<code_ogr>23420</code_ogr>
<libelle>B&#0226;timent et Travaux Publics -BTP-</libelle>
<code_type_section_env>2</code_type_section_env>
<priorisation>1</priorisation>
</item_env>
<item_env>
<code_ogr>23445</code_ogr>
<libelle>Commerce/grande distribution</libelle>
<code_type_section_env>2</code_type_section_env>
<priorisation>1</priorisation>
</item_env>
<item_env>
<code_ogr>23523</code_ogr>
<libelle>Immobilier</libelle>
<code_type_section_env>2</code_type_section_env>
<priorisation>1</priorisation>
</item_env>
<item_env>
<code_ogr>23577</code_ogr>
<libelle>P&#0234;che</libelle>
<code_type_section_env>2</code_type_section_env>
<priorisation>1</priorisation>
</item_env>
<item_env>
<code_ogr>23645</code_ogr>
<libelle>Sylviculture</libelle>
<code_type_section_env>2</code_type_section_env>
<priorisation>1</priorisation>
</item_env>
<item_env>
<code_ogr>23659</code_ogr>
<libelle>Transport/logistique</libelle>
<code_type_section_env>2</code_type_section_env>
<priorisation>1</priorisation>
</item_env>
</bloc_environnement_de_travail>
<bloc_activites_de_base nbBlocActiviteBase="1">
<activites_de_base nbItemActivite_AB="5">
<item_ab>
<code_ogr>121574</code_ogr>
<libelle>Contr&#0244;ler l&#0039;&#0233;tat de fonctionnement de l&#0039;engin</libelle>
<code_type_activite>3</code_type_activite>
<code_type_item_activite>2</code_type_item_activite>
<position_item>1</position_item>
<priorisation>1</priorisation>
<riasec_majeur>R</riasec_majeur>
</item_ab>
<item_ab>
<code_ogr>121575</code_ogr>
<libelle>Positionner l&#0039;engin en fonction des manoeuvres</libelle>
<code_type_activite>3</code_type_activite>
<code_type_item_activite>2</code_type_item_activite>
<position_item>2</position_item>
<priorisation>1</priorisation>
<riasec_majeur>R</riasec_majeur>
</item_ab>
<item_ab>
<code_ogr>110044</code_ogr>
<libelle>R&#0233;aliser les op&#0233;rations de levage et de d&#0233;placement des charges selon les indications des &#0233;quipes au sol</libelle>
<code_type_activite>3</code_type_activite>
<code_type_item_activite>2</code_type_item_activite>
<position_item>3</position_item>
<priorisation>1</priorisation>
<riasec_majeur>R</riasec_majeur>
</item_ab>
<item_ab>
<code_ogr>110045</code_ogr>
<libelle>S&#0233;curiser l&#0039;engin de manutention et les &#0233;quipements</libelle>
<code_type_activite>3</code_type_activite>
<code_type_item_activite>2</code_type_item_activite>
<position_item>4</position_item>
<priorisation>1</priorisation>
<riasec_majeur>C</riasec_majeur>
</item_ab>
<item_ab>
<code_ogr>102695</code_ogr>
<libelle>R&#0233;aliser la maintenance de premier niveau des machines et &#0233;quipements</libelle>
<code_type_activite>3</code_type_activite>
<code_type_item_activite>2</code_type_item_activite>
<position_item>5</position_item>
<priorisation>1</priorisation>
<riasec_majeur>R</riasec_majeur>
</item_ab>
</activites_de_base>
<savoir_theorique_et_proceduraux nbItemSTP_AB="8">
<item_ab_stp>
<code_ogr>110048</code_ogr>
<libelle>Caract&#0233;ristiques des engins de levage</libelle>
<code_type_competence>1</code_type_competence>
<position_item>1</position_item>
<priorisation>1</priorisation>
</item_ab_stp>
<item_ab_stp>
<code_ogr>104514</code_ogr>
<libelle>M&#0233;canique</libelle>
<code_type_competence>1</code_type_competence>
<position_item>2</position_item>
<priorisation>1</priorisation>
</item_ab_stp>
<item_ab_stp>
<code_ogr>104425</code_ogr>
<libelle>Hydraulique</libelle>
<code_type_competence>1</code_type_competence>
<position_item>3</position_item>
<priorisation>1</priorisation>
</item_ab_stp>
<item_ab_stp>
<code_ogr>101506</code_ogr>
<libelle>R&#0232;gles et consignes de s&#0233;curit&#0233;</libelle>
<code_type_competence>1</code_type_competence>
<position_item>4</position_item>
<priorisation>1</priorisation>
</item_ab_stp>
<item_ab_stp>
<code_ogr>110049</code_ogr>
<libelle>Principe d&#0039;inertie des masses d&#0039;&#0233;quilibrage des charges</libelle>
<code_type_competence>1</code_type_competence>
<position_item>5</position_item>
<priorisation>1</priorisation>
</item_ab_stp>
<item_ab_stp>
<code_ogr>110047</code_ogr>
<libelle>Utilisation d&#0039;an&#0233;mom&#0232;tre</libelle>
<code_type_competence>1</code_type_competence>
<position_item>6</position_item>
<priorisation>1</priorisation>
</item_ab_stp>
<item_ab_stp>
<code_ogr>108834</code_ogr>
<libelle>Utilisation d&#0039;outils de radiocommunication</libelle>
<code_type_competence>1</code_type_competence>
<position_item>7</position_item>
<priorisation>1</priorisation>
</item_ab_stp>
<item_ab_stp>
<code_ogr>102717</code_ogr>
<libelle>Electricit&#0233;</libelle>
<code_type_competence>1</code_type_competence>
<position_item>8</position_item>
<priorisation>1</priorisation>
</item_ab_stp>
</savoir_theorique_et_proceduraux>
<savoir_action nbItemSA_AB="0">
</savoir_action>
</bloc_activites_de_base>
<bloc_activites_specifiques nbBlocActiviteSpecifique="7">
<bloc>
<position_bloc>1</position_bloc>
<activite_specifique nbItemActivite_AS="1">
<item_as>
<code_ogr>120405</code_ogr>
<libelle>Utiliser un engin n&#0233;cessitant une habilitation</libelle>
<code_type_activite>3</code_type_activite>
<code_type_item_activite>2</code_type_item_activite>
<position_item>1</position_item>
<priorisation>1</priorisation>
<riasec_majeur>R</riasec_majeur>
</item_as>
</activite_specifique>
<savoir_theorique_et_proceduraux nbItemSTP_AS="7">
<item_as_stp>
<code_ogr>121310</code_ogr>
<libelle>Grues mobiles (CACES R 383)</libelle>
<code_type_competence>1</code_type_competence>
<position_item>1</position_item>
<priorisation>1</priorisation>
</item_as_stp>
<item_as_stp>
<code_ogr>120409</code_ogr>
<libelle>Formation Initiale Minimum Obligatoire (FIMO)</libelle>
<code_type_competence>1</code_type_competence>
<position_item>1</position_item>
<priorisation>1</priorisation>
</item_as_stp>
<item_as_stp>
<code_ogr>123723</code_ogr>
<libelle>Formation Continue Obligatoire (FCO)</libelle>
<code_type_competence>1</code_type_competence>
<position_item>2</position_item>
<priorisation>1</priorisation>
</item_as_stp>
<item_as_stp>
<code_ogr>120394</code_ogr>
<libelle>Certificat de formation ADR - Formation de base (mati&#0232;res ou liquides dangereux)</libelle>
<code_type_competence>1</code_type_competence>
<position_item>3</position_item>
<priorisation>1</priorisation>
</item_as_stp>
<item_as_stp>
<code_ogr>121308</code_ogr>
<libelle>Ponts roulants (CACES R 318)</libelle>
<code_type_competence>1</code_type_competence>
<position_item>4</position_item>
<priorisation>1</priorisation>
</item_as_stp>
<item_as_stp>
<code_ogr>121311</code_ogr>
<libelle>Plates-formes &#0233;l&#0233;vatrices mobiles de personnes ou PEMP (CACES R 386)</libelle>
<code_type_competence>1</code_type_competence>
<position_item>5</position_item>
<priorisation>1</priorisation>
</item_as_stp>
<item_as_stp>
<code_ogr>120407</code_ogr>
<libelle>Chariots automoteurs de manutention &#0224; conducteur port&#0233; (CACES R 389)</libelle>
<code_type_competence>1</code_type_competence>
<position_item>6</position_item>
<priorisation>1</priorisation>
</item_as_stp>
</savoir_theorique_et_proceduraux>
<savoir_action nbItemSA_AS="0">
</savoir_action>
</bloc>
<bloc>
<position_bloc>2</position_bloc>
<activite_specifique nbItemActivite_AS="2">
<item_as>
<code_ogr>123004</code_ogr>
<libelle>Lever des charges</libelle>
<code_type_activite>3</code_type_activite>
<code_type_item_activite>2</code_type_item_activite>
<position_item>1</position_item>
<priorisation>1</priorisation>
<riasec_majeur>R</riasec_majeur>
</item_as>
<item_as>
<code_ogr>110565</code_ogr>
<libelle>Conduire un v&#0233;hicule citerne</libelle>
<code_type_activite>3</code_type_activite>
<code_type_item_activite>2</code_type_item_activite>
<position_item>2</position_item>
<priorisation>1</priorisation>
<riasec_majeur>R</riasec_majeur>
</item_as>
</activite_specifique>
<savoir_theorique_et_proceduraux nbItemSTP_AS="7">
<item_as_stp>
<code_ogr>120395</code_ogr>
<libelle>Certificat de formation ADR Citerne</libelle>
<code_type_competence>1</code_type_competence>
<position_item>1</position_item>
<priorisation>1</priorisation>
</item_as_stp>
<item_as_stp>
<code_ogr>120420</code_ogr>
<libelle>Certificat de formation ADR - Citerne &#0233;tendue</libelle>
<code_type_competence>1</code_type_competence>
<position_item>2</position_item>
<priorisation>1</priorisation>
</item_as_stp>
<item_as_stp>
<code_ogr>120396</code_ogr>
<libelle>Certificat de formation ADR Citerne gaz</libelle>
<code_type_competence>1</code_type_competence>
<position_item>3</position_item>
<priorisation>1</priorisation>
</item_as_stp>
<item_as_stp>
<code_ogr>120399</code_ogr>
<libelle>Certificat de formation ADR sp&#0233;cialisation classe 1 (explosibles)</libelle>
<code_type_competence>1</code_type_competence>
<position_item>4</position_item>
<priorisation>1</priorisation>
</item_as_stp>
<item_as_stp>
<code_ogr>120421</code_ogr>
<libelle>Certificat de formation ADR - Sp&#0233;cialisation classe 7 (mati&#0232;res radioactives)</libelle>
<code_type_competence>1</code_type_competence>
<position_item>5</position_item>
<priorisation>1</priorisation>
</item_as_stp>
<item_as_stp>
<code_ogr>120397</code_ogr>
<libelle>Certificat de formation ADR sp&#0233;cialisation GPL</libelle>
<code_type_competence>1</code_type_competence>
<position_item>6</position_item>
<priorisation>1</priorisation>
</item_as_stp>
<item_as_stp>
<code_ogr>120398</code_ogr>
<libelle>Certificat de formation ADR sp&#0233;cialisation produits p&#0233;troliers</libelle>
<code_type_competence>1</code_type_competence>
<position_item>7</position_item>
<priorisation>1</priorisation>
</item_as_stp>
</savoir_theorique_et_proceduraux>
<savoir_action nbItemSA_AS="0">
</savoir_action>
</bloc>
<bloc>
<position_bloc>3</position_bloc>
<activite_specifique nbItemActivite_AS="7">
<item_as>
<code_ogr>110055</code_ogr>
<libelle>Lever des bateaux</libelle>
<code_type_activite>3</code_type_activite>
<code_type_item_activite>2</code_type_item_activite>
<position_item>1</position_item>
<priorisation>1</priorisation>
<riasec_majeur>R</riasec_majeur>
</item_as>
<item_as>
<code_ogr>110056</code_ogr>
<libelle>Lever des c&#0233;r&#0233;ales</libelle>
<code_type_activite>3</code_type_activite>
<code_type_item_activite>2</code_type_item_activite>
<position_item>2</position_item>
<priorisation>1</priorisation>
<riasec_majeur>R</riasec_majeur>
</item_as>
<item_as>
<code_ogr>110057</code_ogr>
<libelle>Lever des conteneurs</libelle>
<code_type_activite>3</code_type_activite>
<code_type_item_activite>2</code_type_item_activite>
<position_item>3</position_item>
<priorisation>1</priorisation>
<riasec_majeur>R</riasec_majeur>
</item_as>
<item_as>
<code_ogr>110058</code_ogr>
<libelle>Lever des grumes</libelle>
<code_type_activite>3</code_type_activite>
<code_type_item_activite>2</code_type_item_activite>
<position_item>4</position_item>
<priorisation>1</priorisation>
<riasec_majeur>R</riasec_majeur>
</item_as>
<item_as>
<code_ogr>110059</code_ogr>
<libelle>Lever du m&#0233;tal en fusion</libelle>
<code_type_activite>3</code_type_activite>
<code_type_item_activite>2</code_type_item_activite>
<position_item>5</position_item>
<priorisation>1</priorisation>
<riasec_majeur>R</riasec_majeur>
</item_as>
<item_as>
<code_ogr>110060</code_ogr>
<libelle>Lever des mati&#0232;res dangereuses</libelle>
<code_type_activite>3</code_type_activite>
<code_type_item_activite>2</code_type_item_activite>
<position_item>6</position_item>
<priorisation>1</priorisation>
<riasec_majeur>R</riasec_majeur>
</item_as>
<item_as>
<code_ogr>123394</code_ogr>
<libelle>Lever des produits pond&#0233;reux</libelle>
<code_type_activite>3</code_type_activite>
<code_type_item_activite>2</code_type_item_activite>
<position_item>7</position_item>
<priorisation>1</priorisation>
<riasec_majeur>R</riasec_majeur>
</item_as>
</activite_specifique>
<savoir_theorique_et_proceduraux nbItemSTP_AS="0">
</savoir_theorique_et_proceduraux>
<savoir_action nbItemSA_AS="0">
</savoir_action>
</bloc>
<bloc>
<position_bloc>4</position_bloc>
<activite_specifique nbItemActivite_AS="1">
<item_as>
<code_ogr>115561</code_ogr>
<libelle>Actualiser un carnet de bord d&#0039;engin (registre d&#0039;entretien, interventions, dysfonctionnements)</libelle>
<code_type_activite>3</code_type_activite>
<code_type_item_activite>2</code_type_item_activite>
<position_item>1</position_item>
<priorisation>1</priorisation>
<riasec_majeur>C</riasec_majeur>
<riasec_mineur>r</riasec_mineur>
</item_as>
</activite_specifique>
<savoir_theorique_et_proceduraux nbItemSTP_AS="0">
</savoir_theorique_et_proceduraux>
<savoir_action nbItemSA_AS="0">
</savoir_action>
</bloc>
<bloc>
<position_bloc>5</position_bloc>
<activite_specifique nbItemActivite_AS="1">
<item_as>
<code_ogr>125978</code_ogr>
<libelle>Pr&#0233;parer le mat&#0233;riel, les mat&#0233;riaux et les outillages</libelle>
<code_type_activite>3</code_type_activite>
<code_type_item_activite>2</code_type_item_activite>
<position_item>1</position_item>
<priorisation>1</priorisation>
<riasec_majeur>R</riasec_majeur>
</item_as>
</activite_specifique>
<savoir_theorique_et_proceduraux nbItemSTP_AS="0">
</savoir_theorique_et_proceduraux>
<savoir_action nbItemSA_AS="0">
</savoir_action>
</bloc>
<bloc>
<position_bloc>6</position_bloc>
<activite_specifique nbItemActivite_AS="2">
<item_as>
<code_ogr>119106</code_ogr>
<libelle>R&#0233;aliser un suivi d&#0039;activit&#0233;</libelle>
<code_type_activite>3</code_type_activite>
<code_type_item_activite>2</code_type_item_activite>
<position_item>1</position_item>
<priorisation>1</priorisation>
<riasec_majeur>C</riasec_majeur>
<riasec_mineur>e</riasec_mineur>
</item_as>
<item_as>
<code_ogr>124083</code_ogr>
<libelle>R&#0233;aliser des actions de communication interne</libelle>
<code_type_activite>3</code_type_activite>
<code_type_item_activite>2</code_type_item_activite>
<position_item>2</position_item>
<priorisation>1</priorisation>
<riasec_majeur>C</riasec_majeur>
<riasec_mineur>e</riasec_mineur>
</item_as>
</activite_specifique>
<savoir_theorique_et_proceduraux nbItemSTP_AS="0">
</savoir_theorique_et_proceduraux>
<savoir_action nbItemSA_AS="0">
</savoir_action>
</bloc>
<bloc>
<position_bloc>7</position_bloc>
<activite_specifique nbItemActivite_AS="5">
<item_as>
<code_ogr>110062</code_ogr>
<libelle>Manoeuvrer une &#0233;cluse</libelle>
<code_type_activite>3</code_type_activite>
<code_type_item_activite>2</code_type_item_activite>
<position_item>1</position_item>
<priorisation>1</priorisation>
<riasec_majeur>R</riasec_majeur>
</item_as>
<item_as>
<code_ogr>110063</code_ogr>
<libelle>Manoeuvrer une grue de quai</libelle>
<code_type_activite>3</code_type_activite>
<code_type_item_activite>2</code_type_item_activite>
<position_item>2</position_item>
<priorisation>1</priorisation>
<riasec_majeur>R</riasec_majeur>
</item_as>
<item_as>
<code_ogr>110064</code_ogr>
<libelle>Manoeuvrer une passerelle</libelle>
<code_type_activite>3</code_type_activite>
<code_type_item_activite>2</code_type_item_activite>
<position_item>3</position_item>
<priorisation>1</priorisation>
<riasec_majeur>R</riasec_majeur>
</item_as>
<item_as>
<code_ogr>110065</code_ogr>
<libelle>Manoeuvrer un pont-mobile</libelle>
<code_type_activite>3</code_type_activite>
<code_type_item_activite>2</code_type_item_activite>
<position_item>4</position_item>
<priorisation>1</priorisation>
<riasec_majeur>R</riasec_majeur>
</item_as>
<item_as>
<code_ogr>110066</code_ogr>
<libelle>Manoeuvrer un portique</libelle>
<code_type_activite>3</code_type_activite>
<code_type_item_activite>2</code_type_item_activite>
<position_item>5</position_item>
<priorisation>1</priorisation>
<riasec_majeur>R</riasec_majeur>
</item_as>
</activite_specifique>
<savoir_theorique_et_proceduraux nbItemSTP_AS="1">
<item_as_stp>
<code_ogr>121761</code_ogr>
<libelle>Console de visualisation et de r&#0233;gulation</libelle>
<code_type_competence>1</code_type_competence>
<position_item>1</position_item>
<priorisation>1</priorisation>
</item_as_stp>
</savoir_theorique_et_proceduraux>
<savoir_action nbItemSA_AS="0">
</savoir_action>
</bloc>
</bloc_activites_specifiques>
<bloc_mobilites>
<mobilites_proches nbItemMob="7">
<item_mob_pr><code_type_mobilite>1</code_type_mobilite>
<liste_appellation_source>
<code_appellation_source>0</code_appellation_source>
<libelle_appellation_source>Toutes les appellations</libelle_appellation_source>
</liste_appellation_source>
<code_rome_cible>F1301</code_rome_cible>
<libelle_rome_cible>Conduite de grue</libelle_rome_cible>
<liste_appellation_cible>
<code_appellation_cible>0</code_appellation_cible>
<libelle_appellation_cible>Toutes les appellations</libelle_appellation_cible>
</liste_appellation_cible>
</item_mob_pr>
<item_mob_pr><code_type_mobilite>1</code_type_mobilite>
<liste_appellation_source>
<code_appellation_source>0</code_appellation_source>
<libelle_appellation_source>Toutes les appellations</libelle_appellation_source>
</liste_appellation_source>
<code_rome_cible>F1706</code_rome_cible>
<libelle_rome_cible>Pr&#0233;fabrication en b&#0233;ton industriel</libelle_rome_cible>
<liste_appellation_cible>
<code_appellation_cible>0</code_appellation_cible>
<libelle_appellation_cible>Toutes les appellations</libelle_appellation_cible>
</liste_appellation_cible>
</item_mob_pr>
<item_mob_pr><code_type_mobilite>1</code_type_mobilite>
<liste_appellation_source>
<code_appellation_source>0</code_appellation_source>
<libelle_appellation_source>Toutes les appellations</libelle_appellation_source>
</liste_appellation_source>
<code_rome_cible>N1101</code_rome_cible>
<libelle_rome_cible>Conduite d&#0039;engins de d&#0233;placement des charges</libelle_rome_cible>
<liste_appellation_cible>
<code_appellation_cible>0</code_appellation_cible>
<libelle_appellation_cible>Toutes les appellations</libelle_appellation_cible>
</liste_appellation_cible>
</item_mob_pr>
<item_mob_pr><code_type_mobilite>1</code_type_mobilite>
<liste_appellation_source>
<code_appellation_source>0</code_appellation_source>
<libelle_appellation_source>Toutes les appellations</libelle_appellation_source>
</liste_appellation_source>
<code_rome_cible>N3202</code_rome_cible>
<libelle_rome_cible>Exploitation du transport fluvial</libelle_rome_cible>
<liste_appellation_cible>
<code_appellation_cible>0</code_appellation_cible>
<libelle_appellation_cible>Toutes les appellations</libelle_appellation_cible>
</liste_appellation_cible>
</item_mob_pr>
<item_mob_pr><code_type_mobilite>1</code_type_mobilite>
<liste_appellation_source>
<code_appellation_source>0</code_appellation_source>
<libelle_appellation_source>Toutes les appellations</libelle_appellation_source>
</liste_appellation_source>
<code_rome_cible>N3203</code_rome_cible>
<libelle_rome_cible>Manutention portuaire</libelle_rome_cible>
<liste_appellation_cible>
<code_appellation_cible>0</code_appellation_cible>
<libelle_appellation_cible>Toutes les appellations</libelle_appellation_cible>
</liste_appellation_cible>
</item_mob_pr>
<item_mob_pr><code_type_mobilite>1</code_type_mobilite>
<liste_appellation_source>
<code_appellation_source>0</code_appellation_source>
<libelle_appellation_source>Toutes les appellations</libelle_appellation_source>
</liste_appellation_source>
<code_rome_cible>N4402</code_rome_cible>
<libelle_rome_cible>Exploitation et manoeuvre des remont&#0233;es m&#0233;caniques</libelle_rome_cible>
<liste_appellation_cible>
<code_appellation_cible>0</code_appellation_cible>
<libelle_appellation_cible>Toutes les appellations</libelle_appellation_cible>
</liste_appellation_cible>
</item_mob_pr>
<item_mob_pr><code_type_mobilite>1</code_type_mobilite>
<liste_appellation_source>
<code_appellation_source>0</code_appellation_source>
<libelle_appellation_source>Toutes les appellations</libelle_appellation_source>
</liste_appellation_source>
<code_rome_cible>N4403</code_rome_cible>
<libelle_rome_cible>Manoeuvre du r&#0233;seau ferr&#0233;</libelle_rome_cible>
<liste_appellation_cible>
<code_appellation_cible>0</code_appellation_cible>
<libelle_appellation_cible>Toutes les appellations</libelle_appellation_cible>
</liste_appellation_cible>
</item_mob_pr>
</mobilites_proches>
<mobilites_si_evolution nbItemMob="3">
<item_mob_ev><code_type_mobilite>2</code_type_mobilite>
<liste_appellation_source>
<code_appellation_source>0</code_appellation_source>
<libelle_appellation_source>Toutes les appellations</libelle_appellation_source>
</liste_appellation_source>
<code_rome_cible>A1101</code_rome_cible>
<libelle_rome_cible>Conduite d&#0039;engins agricoles et forestiers</libelle_rome_cible>
<liste_appellation_cible>
<code_appellation_cible>0</code_appellation_cible>
<libelle_appellation_cible>Toutes les appellations</libelle_appellation_cible>
</liste_appellation_cible>
</item_mob_ev>
<item_mob_ev><code_type_mobilite>2</code_type_mobilite>
<liste_appellation_source>
<code_appellation_source>0</code_appellation_source>
<libelle_appellation_source>Toutes les appellations</libelle_appellation_source>
</liste_appellation_source>
<code_rome_cible>F1302</code_rome_cible>
<libelle_rome_cible>Conduite d&#0039;engins de terrassement et de carri&#0232;re</libelle_rome_cible>
<liste_appellation_cible>
<code_appellation_cible>0</code_appellation_cible>
<libelle_appellation_cible>Toutes les appellations</libelle_appellation_cible>
</liste_appellation_cible>
</item_mob_ev>
<item_mob_ev><code_type_mobilite>2</code_type_mobilite>
<liste_appellation_source>
<code_appellation_source>0</code_appellation_source>
<libelle_appellation_source>Toutes les appellations</libelle_appellation_source>
</liste_appellation_source>
<code_rome_cible>K2110</code_rome_cible>
<libelle_rome_cible>Formation en conduite de v&#0233;hicules</libelle_rome_cible>
<liste_appellation_cible>
<code_appellation_cible>15127</code_appellation_cible>
<libelle_appellation_cible>Formateur / Formatrice conduite d&#0039;engins motoris&#0233;s et de levage</libelle_appellation_cible>
</liste_appellation_cible>
</item_mob_ev>
</mobilites_si_evolution>
</bloc_mobilites>
</fiche_emploi_metier>