<?xml version="1.0" encoding="UTF-8" ?>
<fiche_emploi_metier>
<type_fiche>2</type_fiche>
<libelle_type_fiche>priorise</libelle_type_fiche>
<version_SI>
<version_rome>333</version_rome>
<date_version_si>01/10/2017</date_version_si>
<mois_version_si>Octobre</mois_version_si>
<annee_version_si>2017</annee_version_si>
</version_SI>
<bloc_code_rome>
<code_rome>N1102</code_rome>
<intitule>D&#0233;m&#0233;nagement</intitule>
<code_ogr>501</code_ogr>
<riasec_majeur>R</riasec_majeur>
<riasec_mineur>c</riasec_mineur>
</bloc_code_rome>
<bloc_appellation nbItemAppellation="8">
<item_app>
<code_ogr>10875</code_ogr>
<libelle>Aide-d&#0233;m&#0233;nageur / Aide-d&#0233;m&#0233;nageuse</libelle>
<libelle_court>Aide-d&#0233;m&#0233;nageur / Aide-d&#0233;m&#0233;nageuse</libelle_court>
<priorisation>1</priorisation>
</item_app>
<item_app>
<code_ogr>11493</code_ogr>
<libelle>Bardeur / Bardeuse en d&#0233;m&#0233;nagement de transfert industriel</libelle>
<libelle_court>Bardeur / Bardeuse en d&#0233;m&#0233;nagement de transfert industriel</libelle_court>
<priorisation>1</priorisation>
</item_app>
<item_app>
<code_ogr>12385</code_ogr>
<libelle>Chef d&#0233;m&#0233;nageur / d&#0233;m&#0233;nageuse</libelle>
<libelle_court>Chef d&#0233;m&#0233;nageur / d&#0233;m&#0233;nageuse</libelle_court>
<priorisation>1</priorisation>
</item_app>
<item_app>
<code_ogr>12437</code_ogr>
<libelle>Chef d&#0039;&#0233;quipe d&#0233;m&#0233;nageur / d&#0233;m&#0233;nageuse</libelle>
<libelle_court>Chef d&#0039;&#0233;quipe d&#0233;m&#0233;nageur / d&#0233;m&#0233;nageuse</libelle_court>
<priorisation>1</priorisation>
</item_app>
<item_app>
<code_ogr>13947</code_ogr>
<libelle>D&#0233;m&#0233;nageur / D&#0233;m&#0233;nageuse</libelle>
<libelle_court>D&#0233;m&#0233;nageur / D&#0233;m&#0233;nageuse</libelle_court>
<priorisation>1</priorisation>
</item_app>
<item_app>
<code_ogr>13948</code_ogr>
<libelle>D&#0233;m&#0233;nageur conducteur / D&#0233;m&#0233;nageuse conductrice de poids lourd</libelle>
<libelle_court>D&#0233;m&#0233;nageur conducteur/D&#0233;m&#0233;nageuse conductrice de poids lourd</libelle_court>
<priorisation>1</priorisation>
</item_app>
<item_app>
<code_ogr>13949</code_ogr>
<libelle>D&#0233;m&#0233;nageur emballeur / D&#0233;m&#0233;nageuse emballeuse</libelle>
<libelle_court>D&#0233;m&#0233;nageur emballeur / D&#0233;m&#0233;nageuse emballeuse</libelle_court>
<priorisation>1</priorisation>
</item_app>
<item_app>
<code_ogr>13950</code_ogr>
<libelle>D&#0233;m&#0233;nageur professionnel / D&#0233;m&#0233;nageuse professionnelle</libelle>
<libelle_court>D&#0233;m&#0233;nageur professionnel / D&#0233;m&#0233;nageuse professionnelle</libelle_court>
<priorisation>1</priorisation>
</item_app>
</bloc_appellation>
<definition nbItemDefinition="4">
R&#0233;alise le d&#0233;m&#0233;nagement de biens mat&#0233;riels (mobilier, appareils, objets, machines, ...) d&#0039;un lieu &#0224; un autre, pour le compte d&#0039;un client.
Effectue tout ou partie des op&#0233;rations de manutention (emballage/d&#0233;ballage, montage/d&#0233;montage, protection, chargement/d&#0233;chargement du v&#0233;hicule, r&#0233;installation dans les nouveaux locaux, ...) selon la r&#0233;glementation (s&#0233;curit&#0233;), les instructions fix&#0233;es et les imp&#0233;ratifs de satisfaction de la client&#0232;le (qualit&#0233;, d&#0233;lai, ...).
Peut conduire le v&#0233;hicule de d&#0233;m&#0233;nagement.
Peut coordonner l&#0039;activit&#0233; d&#0039;une &#0233;quipe et les op&#0233;rations de d&#0233;m&#0233;nagement.
</definition>
<acces_emploi_metier nbItemAccesEmploiMetier="4">
Cet emploi/m&#0233;tier est accessible avec un CAP de d&#0233;m&#0233;nageur professionnel. Il est &#0233;galement accessible sans dipl&#0244;me ni exp&#0233;rience professionnelle.
Les permis poids lourds C, C1, CE, C1E (pr&#0233;c&#0233;demment C ou EC) compl&#0233;t&#0233;s par la Formation Initiale Minimale Obligatoire -FIMO- sont exig&#0233;s pour les conducteurs de v&#0233;hicules. Un renouvellement p&#0233;riodique de la FIMO par la Formation Continue Obligatoire -FCO- est exig&#0233;.
Une bonne condition physique est requise.
Un ou plusieurs Certificat(s) d&#0039;Aptitude &#0224; la Conduite en S&#0233;curit&#0233; -CACES- conditionn&#0233;(s) par une aptitude m&#0233;dicale &#0224; renouveler p&#0233;riodiquement peu(ven)t &#0234;tre demand&#0233;(s).
</acces_emploi_metier>
<condition_exercice_activite nbItemConditionExercice="3">
L&#0039;activit&#0233; de cet emploi/m&#0233;tier s&#0039;exerce au sein d&#0039;entreprises de d&#0233;m&#0233;nagement, de transfert industriel ou de garde-meuble, en contact avec la client&#0232;le (particuliers, entreprises, administrations, ...). Elle peut impliquer des d&#0233;placements de plusieurs jours (d&#0233;placements nationaux).
Elle peut s&#0039;exercer les fins de semaine, les jours f&#0233;ri&#0233;s ou de nuit.
L&#0039;activit&#0233; implique le port r&#0233;p&#0233;titif de charges lourdes et encombrantes.
</condition_exercice_activite>
<bloc_environnement_de_travail nbItemEnvTrav="3">
<item_env>
<code_ogr>23873</code_ogr>
<libelle>Entreprise de d&#0233;m&#0233;nagement</libelle>
<code_type_section_env>1</code_type_section_env>
<priorisation>1</priorisation>
</item_env>
<item_env>
<code_ogr>23887</code_ogr>
<libelle>Entreprise de transfert industriel</libelle>
<code_type_section_env>1</code_type_section_env>
<priorisation>1</priorisation>
</item_env>
<item_env>
<code_ogr>23948</code_ogr>
<libelle>Garde-meuble</libelle>
<code_type_section_env>1</code_type_section_env>
<priorisation>1</priorisation>
</item_env>
</bloc_environnement_de_travail>
<bloc_activites_de_base nbBlocActiviteBase="1">
<activites_de_base nbItemActivite_AB="8">
<item_ab>
<code_ogr>110012</code_ogr>
<libelle>S&#0233;lectionner et charger le mat&#0233;riel de d&#0233;m&#0233;nagement en fonction de la commande</libelle>
<code_type_activite>3</code_type_activite>
<code_type_item_activite>2</code_type_item_activite>
<position_item>1</position_item>
<priorisation>1</priorisation>
<riasec_majeur>R</riasec_majeur>
</item_ab>
<item_ab>
<code_ogr>126111</code_ogr>
<libelle>Faire un &#0233;tat des &#0233;l&#0233;ments &#0224; d&#0233;m&#0233;nager et signaler les anomalies au client</libelle>
<code_type_activite>3</code_type_activite>
<code_type_item_activite>2</code_type_item_activite>
<position_item>1</position_item>
<priorisation>1</priorisation>
<riasec_majeur>C</riasec_majeur>
</item_ab>
<item_ab>
<code_ogr>124081</code_ogr>
<libelle>Contr&#0244;ler un produit fini</libelle>
<code_type_activite>3</code_type_activite>
<code_type_item_activite>2</code_type_item_activite>
<position_item>2</position_item>
<priorisation>1</priorisation>
<riasec_majeur>C</riasec_majeur>
<riasec_mineur>r</riasec_mineur>
</item_ab>
<item_ab>
<code_ogr>123605</code_ogr>
<libelle>Conditionner un produit selon les caract&#0233;ristiques et les modes de transport</libelle>
<code_type_activite>3</code_type_activite>
<code_type_item_activite>2</code_type_item_activite>
<position_item>3</position_item>
<priorisation>1</priorisation>
<riasec_majeur>R</riasec_majeur>
</item_ab>
<item_ab>
<code_ogr>124407</code_ogr>
<libelle>D&#0233;m&#0233;nager des charges lourdes</libelle>
<code_type_activite>3</code_type_activite>
<code_type_item_activite>2</code_type_item_activite>
<position_item>4</position_item>
<priorisation>1</priorisation>
<riasec_majeur>R</riasec_majeur>
</item_ab>
<item_ab>
<code_ogr>124347</code_ogr>
<libelle>D&#0233;monter un &#0233;quipement</libelle>
<code_type_activite>3</code_type_activite>
<code_type_item_activite>2</code_type_item_activite>
<position_item>5</position_item>
<priorisation>1</priorisation>
<riasec_majeur>R</riasec_majeur>
</item_ab>
<item_ab>
<code_ogr>124348</code_ogr>
<libelle>Installer un &#0233;quipement</libelle>
<code_type_activite>3</code_type_activite>
<code_type_item_activite>2</code_type_item_activite>
<position_item>6</position_item>
<priorisation>1</priorisation>
<riasec_majeur>R</riasec_majeur>
</item_ab>
<item_ab>
<code_ogr>124021</code_ogr>
<libelle>D&#0233;baller et ranger des cartons</libelle>
<code_type_activite>3</code_type_activite>
<code_type_item_activite>2</code_type_item_activite>
<position_item>7</position_item>
<priorisation>1</priorisation>
<riasec_majeur>R</riasec_majeur>
</item_ab>
</activites_de_base>
<savoir_theorique_et_proceduraux nbItemSTP_AB="8">
<item_ab_stp>
<code_ogr>121002</code_ogr>
<libelle>Maintenance de v&#0233;hicules</libelle>
<code_type_competence>1</code_type_competence>
<position_item>1</position_item>
<priorisation>1</priorisation>
</item_ab_stp>
<item_ab_stp>
<code_ogr>118331</code_ogr>
<libelle>Utilisation d&#0039;outillages manuels</libelle>
<code_type_competence>1</code_type_competence>
<position_item>2</position_item>
<priorisation>1</priorisation>
</item_ab_stp>
<item_ab_stp>
<code_ogr>110018</code_ogr>
<libelle>Utilisation de mat&#0233;riel de protection d&#0039;objets</libelle>
<code_type_competence>1</code_type_competence>
<position_item>3</position_item>
<priorisation>1</priorisation>
</item_ab_stp>
<item_ab_stp>
<code_ogr>103070</code_ogr>
<libelle>Lecture de plan, de sch&#0233;ma</libelle>
<code_type_competence>1</code_type_competence>
<position_item>4</position_item>
<priorisation>1</priorisation>
</item_ab_stp>
<item_ab_stp>
<code_ogr>110019</code_ogr>
<libelle>R&#0233;glementation li&#0233;e au d&#0233;m&#0233;nagement</libelle>
<code_type_competence>1</code_type_competence>
<position_item>5</position_item>
<priorisation>1</priorisation>
</item_ab_stp>
<item_ab_stp>
<code_ogr>123019</code_ogr>
<libelle>Techniques de conditionnement</libelle>
<code_type_competence>1</code_type_competence>
<position_item>6</position_item>
<priorisation>1</priorisation>
</item_ab_stp>
<item_ab_stp>
<code_ogr>100016</code_ogr>
<libelle>Gestes et postures de manutention</libelle>
<code_type_competence>1</code_type_competence>
<position_item>7</position_item>
<priorisation>1</priorisation>
</item_ab_stp>
<item_ab_stp>
<code_ogr>110020</code_ogr>
<libelle>Techniques d&#0039;arrimage</libelle>
<code_type_competence>1</code_type_competence>
<position_item>8</position_item>
<priorisation>1</priorisation>
</item_ab_stp>
</savoir_theorique_et_proceduraux>
<savoir_action nbItemSA_AB="0">
</savoir_action>
</bloc_activites_de_base>
<bloc_activites_specifiques nbBlocActiviteSpecifique="9">
<bloc>
<position_bloc>1</position_bloc>
<activite_specifique nbItemActivite_AS="1">
<item_as>
<code_ogr>120405</code_ogr>
<libelle>Utiliser un engin n&#0233;cessitant une habilitation</libelle>
<code_type_activite>3</code_type_activite>
<code_type_item_activite>2</code_type_item_activite>
<position_item>1</position_item>
<priorisation>1</priorisation>
<riasec_majeur>R</riasec_majeur>
</item_as>
</activite_specifique>
<savoir_theorique_et_proceduraux nbItemSTP_AS="13">
<item_as_stp>
<code_ogr>120409</code_ogr>
<libelle>Formation Initiale Minimum Obligatoire (FIMO)</libelle>
<code_type_competence>1</code_type_competence>
<position_item>1</position_item>
<priorisation>1</priorisation>
</item_as_stp>
<item_as_stp>
<code_ogr>121310</code_ogr>
<libelle>Grues mobiles (CACES R 383)</libelle>
<code_type_competence>1</code_type_competence>
<position_item>1</position_item>
<priorisation>1</priorisation>
</item_as_stp>
<item_as_stp>
<code_ogr>126162</code_ogr>
<libelle>CACES Attestation de formation monte-meubles</libelle>
<code_type_competence>1</code_type_competence>
<position_item>1</position_item>
<priorisation>1</priorisation>
</item_as_stp>
<item_as_stp>
<code_ogr>123723</code_ogr>
<libelle>Formation Continue Obligatoire (FCO)</libelle>
<code_type_competence>1</code_type_competence>
<position_item>2</position_item>
<priorisation>1</priorisation>
</item_as_stp>
<item_as_stp>
<code_ogr>120408</code_ogr>
<libelle>Grues auxiliaires de chargement de v&#0233;hicules (CACES R 390)</libelle>
<code_type_competence>1</code_type_competence>
<position_item>3</position_item>
<priorisation>1</priorisation>
</item_as_stp>
<item_as_stp>
<code_ogr>121311</code_ogr>
<libelle>Plates-formes &#0233;l&#0233;vatrices mobiles de personnes ou PEMP (CACES R 386)</libelle>
<code_type_competence>1</code_type_competence>
<position_item>4</position_item>
<priorisation>1</priorisation>
</item_as_stp>
<item_as_stp>
<code_ogr>123696</code_ogr>
<libelle>Transpalettes &#0224; conducteur port&#0233; et pr&#0233;parateurs de commandes au sol (CACES R 389-1)</libelle>
<code_type_competence>1</code_type_competence>
<position_item>5</position_item>
<priorisation>1</priorisation>
</item_as_stp>
<item_as_stp>
<code_ogr>123697</code_ogr>
<libelle>Chariots tracteurs et &#0224; plateau porteur de capacit&#0233; inf&#0233;rieure &#0224; 6 000 kg (CACES R 389-2)</libelle>
<code_type_competence>1</code_type_competence>
<position_item>6</position_item>
<priorisation>1</priorisation>
</item_as_stp>
<item_as_stp>
<code_ogr>123698</code_ogr>
<libelle>Chariots &#0233;l&#0233;vateurs en porte-&#0224;-faux de capacit&#0233; inf&#0233;rieure ou &#0233;gale &#0224; 6000 kg (CACES R 389-3)</libelle>
<code_type_competence>1</code_type_competence>
<position_item>7</position_item>
<priorisation>1</priorisation>
</item_as_stp>
<item_as_stp>
<code_ogr>123718</code_ogr>
<libelle>Chariots &#0233;l&#0233;vateurs en porte-&#0224;-faux de capacit&#0233; sup&#0233;rieure &#0224; 6000 kg (CACES R 389-4)</libelle>
<code_type_competence>1</code_type_competence>
<position_item>8</position_item>
<priorisation>1</priorisation>
</item_as_stp>
<item_as_stp>
<code_ogr>123721</code_ogr>
<libelle>Chariots &#0233;l&#0233;vateurs &#0224; m&#0226;t r&#0233;tractable (CACES R 389-5)</libelle>
<code_type_competence>1</code_type_competence>
<position_item>9</position_item>
<priorisation>1</priorisation>
</item_as_stp>
<item_as_stp>
<code_ogr>123722</code_ogr>
<libelle>D&#0233;placement, chargement, transfert de chariots sans activit&#0233; de production (CACES R 389-6)</libelle>
<code_type_competence>1</code_type_competence>
<position_item>10</position_item>
<priorisation>1</priorisation>
</item_as_stp>
<item_as_stp>
<code_ogr>120407</code_ogr>
<libelle>Chariots automoteurs de manutention &#0224; conducteur port&#0233; (CACES R 389)</libelle>
<code_type_competence>1</code_type_competence>
<position_item>11</position_item>
<priorisation>1</priorisation>
</item_as_stp>
</savoir_theorique_et_proceduraux>
<savoir_action nbItemSA_AS="0">
</savoir_action>
</bloc>
<bloc>
<position_bloc>2</position_bloc>
<activite_specifique nbItemActivite_AS="3">
<item_as>
<code_ogr>110024</code_ogr>
<libelle>Conduire un v&#0233;hicule articul&#0233;</libelle>
<code_type_activite>3</code_type_activite>
<code_type_item_activite>2</code_type_item_activite>
<position_item>1</position_item>
<priorisation>1</priorisation>
<riasec_majeur>R</riasec_majeur>
</item_as>
<item_as>
<code_ogr>110025</code_ogr>
<libelle>Conduire un v&#0233;hicule avec grue auxiliaire de chargement</libelle>
<code_type_activite>3</code_type_activite>
<code_type_item_activite>2</code_type_item_activite>
<position_item>2</position_item>
<priorisation>1</priorisation>
<riasec_majeur>R</riasec_majeur>
</item_as>
<item_as>
<code_ogr>110026</code_ogr>
<libelle>Conduire un v&#0233;hicule porteur de plus de 3,5 t</libelle>
<code_type_activite>3</code_type_activite>
<code_type_item_activite>2</code_type_item_activite>
<position_item>3</position_item>
<priorisation>1</priorisation>
<riasec_majeur>R</riasec_majeur>
</item_as>
</activite_specifique>
<savoir_theorique_et_proceduraux nbItemSTP_AS="3">
<item_as_stp>
<code_ogr>104084</code_ogr>
<libelle>R&#0233;glementation du transport de marchandises</libelle>
<code_type_competence>1</code_type_competence>
<position_item>1</position_item>
<priorisation>1</priorisation>
</item_as_stp>
<item_as_stp>
<code_ogr>110028</code_ogr>
<libelle>Lecture de carte routi&#0232;re</libelle>
<code_type_competence>1</code_type_competence>
<position_item>2</position_item>
<priorisation>1</priorisation>
</item_as_stp>
<item_as_stp>
<code_ogr>119055</code_ogr>
<libelle>Caract&#0233;ristiques du chronotachygraphe</libelle>
<code_type_competence>1</code_type_competence>
<position_item>3</position_item>
<priorisation>1</priorisation>
</item_as_stp>
</savoir_theorique_et_proceduraux>
<savoir_action nbItemSA_AS="0">
</savoir_action>
</bloc>
<bloc>
<position_bloc>3</position_bloc>
<activite_specifique nbItemActivite_AS="2">
<item_as>
<code_ogr>124405</code_ogr>
<libelle>D&#0233;m&#0233;nager des mati&#0232;res dangereuses</libelle>
<code_type_activite>3</code_type_activite>
<code_type_item_activite>2</code_type_item_activite>
<position_item>1</position_item>
<priorisation>1</priorisation>
<riasec_majeur>R</riasec_majeur>
</item_as>
<item_as>
<code_ogr>124406</code_ogr>
<libelle>D&#0233;m&#0233;nager des objets fragiles ou pr&#0233;cieux</libelle>
<code_type_activite>3</code_type_activite>
<code_type_item_activite>2</code_type_item_activite>
<position_item>2</position_item>
<priorisation>1</priorisation>
<riasec_majeur>R</riasec_majeur>
</item_as>
</activite_specifique>
<savoir_theorique_et_proceduraux nbItemSTP_AS="0">
</savoir_theorique_et_proceduraux>
<savoir_action nbItemSA_AS="0">
</savoir_action>
</bloc>
<bloc>
<position_bloc>4</position_bloc>
<activite_specifique nbItemActivite_AS="1">
<item_as>
<code_ogr>125653</code_ogr>
<libelle>Ranger les &#0233;l&#0233;ments d&#0233;m&#0233;nag&#0233;s dans un v&#0233;hicule ou un conteneur</libelle>
<code_type_activite>3</code_type_activite>
<code_type_item_activite>2</code_type_item_activite>
<position_item>1</position_item>
<priorisation>1</priorisation>
<riasec_majeur>R</riasec_majeur>
</item_as>
</activite_specifique>
<savoir_theorique_et_proceduraux nbItemSTP_AS="1">
<item_as_stp>
<code_ogr>110034</code_ogr>
<libelle>Modalit&#0233;s de chargement/d&#0233;chargement de marchandises</libelle>
<code_type_competence>1</code_type_competence>
<position_item>1</position_item>
<priorisation>1</priorisation>
</item_as_stp>
</savoir_theorique_et_proceduraux>
<savoir_action nbItemSA_AS="0">
</savoir_action>
</bloc>
<bloc>
<position_bloc>5</position_bloc>
<activite_specifique nbItemActivite_AS="1">
<item_as>
<code_ogr>125652</code_ogr>
<libelle>Proc&#0233;der &#0224; une op&#0233;ration de transfert de machine industrielle</libelle>
<code_type_activite>3</code_type_activite>
<code_type_item_activite>2</code_type_item_activite>
<position_item>1</position_item>
<priorisation>1</priorisation>
<riasec_majeur>R</riasec_majeur>
</item_as>
</activite_specifique>
<savoir_theorique_et_proceduraux nbItemSTP_AS="2">
<item_as_stp>
<code_ogr>104514</code_ogr>
<libelle>M&#0233;canique</libelle>
<code_type_competence>1</code_type_competence>
<position_item>1</position_item>
<priorisation>1</priorisation>
</item_as_stp>
<item_as_stp>
<code_ogr>102717</code_ogr>
<libelle>Electricit&#0233;</libelle>
<code_type_competence>1</code_type_competence>
<position_item>2</position_item>
<priorisation>1</priorisation>
</item_as_stp>
</savoir_theorique_et_proceduraux>
<savoir_action nbItemSA_AS="0">
</savoir_action>
</bloc>
<bloc>
<position_bloc>6</position_bloc>
<activite_specifique nbItemActivite_AS="2">
<item_as>
<code_ogr>121555</code_ogr>
<libelle>Contr&#0244;ler une prestation avec un client</libelle>
<code_type_activite>3</code_type_activite>
<code_type_item_activite>2</code_type_item_activite>
<position_item>1</position_item>
<priorisation>1</priorisation>
<riasec_majeur>C</riasec_majeur>
</item_as>
<item_as>
<code_ogr>110579</code_ogr>
<libelle>Coordonner des op&#0233;rations de d&#0233;m&#0233;nagement</libelle>
<code_type_activite>3</code_type_activite>
<code_type_item_activite>2</code_type_item_activite>
<position_item>2</position_item>
<priorisation>1</priorisation>
<riasec_majeur>E</riasec_majeur>
<riasec_mineur>c</riasec_mineur>
</item_as>
</activite_specifique>
<savoir_theorique_et_proceduraux nbItemSTP_AS="2">
<item_as_stp>
<code_ogr>102181</code_ogr>
<libelle>Calcul dimensionnel (surface, volume, ...)</libelle>
<code_type_competence>1</code_type_competence>
<position_item>1</position_item>
<priorisation>1</priorisation>
</item_as_stp>
<item_as_stp>
<code_ogr>100038</code_ogr>
<libelle>Chiffrage/calcul de co&#0251;t</libelle>
<code_type_competence>1</code_type_competence>
<position_item>2</position_item>
<priorisation>1</priorisation>
</item_as_stp>
</savoir_theorique_et_proceduraux>
<savoir_action nbItemSA_AS="0">
</savoir_action>
</bloc>
<bloc>
<position_bloc>7</position_bloc>
<activite_specifique nbItemActivite_AS="1">
<item_as>
<code_ogr>115559</code_ogr>
<libelle>Effectuer le transit international d&#0039;un convoi de d&#0233;m&#0233;nagement routier</libelle>
<code_type_activite>3</code_type_activite>
<code_type_item_activite>2</code_type_item_activite>
<position_item>1</position_item>
<priorisation>1</priorisation>
<riasec_majeur>R</riasec_majeur>
</item_as>
</activite_specifique>
<savoir_theorique_et_proceduraux nbItemSTP_AS="1">
<item_as_stp>
<code_ogr>104663</code_ogr>
<libelle>R&#0233;glementation des douanes</libelle>
<code_type_competence>1</code_type_competence>
<position_item>1</position_item>
<priorisation>1</priorisation>
</item_as_stp>
</savoir_theorique_et_proceduraux>
<savoir_action nbItemSA_AS="0">
</savoir_action>
</bloc>
<bloc>
<position_bloc>8</position_bloc>
<activite_specifique nbItemActivite_AS="2">
<item_as>
<code_ogr>119210</code_ogr>
<libelle>Assurer une maintenance de premier niveau</libelle>
<code_type_activite>3</code_type_activite>
<code_type_item_activite>2</code_type_item_activite>
<position_item>1</position_item>
<priorisation>1</priorisation>
<riasec_majeur>R</riasec_majeur>
</item_as>
<item_as>
<code_ogr>116663</code_ogr>
<libelle>R&#0233;aliser l&#0039;entretien du mat&#0233;riel</libelle>
<code_type_activite>3</code_type_activite>
<code_type_item_activite>2</code_type_item_activite>
<position_item>2</position_item>
<priorisation>1</priorisation>
<riasec_majeur>R</riasec_majeur>
</item_as>
</activite_specifique>
<savoir_theorique_et_proceduraux nbItemSTP_AS="2">
<item_as_stp>
<code_ogr>119260</code_ogr>
<libelle>Maintenance de premier niveau</libelle>
<code_type_competence>1</code_type_competence>
<position_item>1</position_item>
<priorisation>1</priorisation>
</item_as_stp>
<item_as_stp>
<code_ogr>119048</code_ogr>
<libelle>M&#0233;canique poids lourds</libelle>
<code_type_competence>1</code_type_competence>
<position_item>2</position_item>
<priorisation>1</priorisation>
</item_as_stp>
</savoir_theorique_et_proceduraux>
<savoir_action nbItemSA_AS="0">
</savoir_action>
</bloc>
<bloc>
<position_bloc>9</position_bloc>
<activite_specifique nbItemActivite_AS="1">
<item_as>
<code_ogr>102359</code_ogr>
<libelle>Coordonner l&#0039;activit&#0233; d&#0039;une &#0233;quipe</libelle>
<code_type_activite>3</code_type_activite>
<code_type_item_activite>2</code_type_item_activite>
<position_item>1</position_item>
<priorisation>1</priorisation>
<riasec_majeur>E</riasec_majeur>
<riasec_mineur>s</riasec_mineur>
</item_as>
</activite_specifique>
<savoir_theorique_et_proceduraux nbItemSTP_AS="1">
<item_as_stp>
<code_ogr>100343</code_ogr>
<libelle>L&#0233;gislation sociale</libelle>
<code_type_competence>1</code_type_competence>
<position_item>1</position_item>
<priorisation>1</priorisation>
</item_as_stp>
</savoir_theorique_et_proceduraux>
<savoir_action nbItemSA_AS="0">
</savoir_action>
</bloc>
</bloc_activites_specifiques>
<bloc_mobilites>
<mobilites_proches nbItemMob="5">
<item_mob_pr><code_type_mobilite>1</code_type_mobilite>
<liste_appellation_source>
<code_appellation_source>0</code_appellation_source>
<libelle_appellation_source>Toutes les appellations</libelle_appellation_source>
</liste_appellation_source>
<code_rome_cible>N1101</code_rome_cible>
<libelle_rome_cible>Conduite d&#0039;engins de d&#0233;placement des charges</libelle_rome_cible>
<liste_appellation_cible>
<code_appellation_cible>0</code_appellation_cible>
<libelle_appellation_cible>Toutes les appellations</libelle_appellation_cible>
</liste_appellation_cible>
</item_mob_pr>
<item_mob_pr><code_type_mobilite>1</code_type_mobilite>
<liste_appellation_source>
<code_appellation_source>0</code_appellation_source>
<libelle_appellation_source>Toutes les appellations</libelle_appellation_source>
</liste_appellation_source>
<code_rome_cible>N1103</code_rome_cible>
<libelle_rome_cible>Magasinage et pr&#0233;paration de commandes</libelle_rome_cible>
<liste_appellation_cible>
<code_appellation_cible>0</code_appellation_cible>
<libelle_appellation_cible>Toutes les appellations</libelle_appellation_cible>
</liste_appellation_cible>
</item_mob_pr>
<item_mob_pr><code_type_mobilite>1</code_type_mobilite>
<liste_appellation_source>
<code_appellation_source>0</code_appellation_source>
<libelle_appellation_source>Toutes les appellations</libelle_appellation_source>
</liste_appellation_source>
<code_rome_cible>N3203</code_rome_cible>
<libelle_rome_cible>Manutention portuaire</libelle_rome_cible>
<liste_appellation_cible>
<code_appellation_cible>0</code_appellation_cible>
<libelle_appellation_cible>Toutes les appellations</libelle_appellation_cible>
</liste_appellation_cible>
</item_mob_pr>
<item_mob_pr><code_type_mobilite>1</code_type_mobilite>
<liste_appellation_source>
<code_appellation_source>13948</code_appellation_source>
<libelle_appellation_source>D&#0233;m&#0233;nageur conducteur / D&#0233;m&#0233;nageuse conductrice de poids lourd</libelle_appellation_source>
</liste_appellation_source>
<code_rome_cible>N4101</code_rome_cible>
<libelle_rome_cible>Conduite de transport de marchandises sur longue distance</libelle_rome_cible>
<liste_appellation_cible>
<code_appellation_cible>0</code_appellation_cible>
<libelle_appellation_cible>Toutes les appellations</libelle_appellation_cible>
</liste_appellation_cible>
</item_mob_pr>
<item_mob_pr><code_type_mobilite>1</code_type_mobilite>
<liste_appellation_source>
<code_appellation_source>13948</code_appellation_source>
<libelle_appellation_source>D&#0233;m&#0233;nageur conducteur / D&#0233;m&#0233;nageuse conductrice de poids lourd</libelle_appellation_source>
</liste_appellation_source>
<code_rome_cible>N4105</code_rome_cible>
<libelle_rome_cible>Conduite et livraison par tourn&#0233;es sur courte distance</libelle_rome_cible>
<liste_appellation_cible>
<code_appellation_cible>0</code_appellation_cible>
<libelle_appellation_cible>Toutes les appellations</libelle_appellation_cible>
</liste_appellation_cible>
</item_mob_pr>
</mobilites_proches>
<mobilites_si_evolution nbItemMob="5">
<item_mob_ev><code_type_mobilite>2</code_type_mobilite>
<liste_appellation_source>
<code_appellation_source>0</code_appellation_source>
<libelle_appellation_source>Toutes les appellations</libelle_appellation_source>
</liste_appellation_source>
<code_rome_cible>D1403</code_rome_cible>
<libelle_rome_cible>Relation commerciale aupr&#0232;s de particuliers</libelle_rome_cible>
<liste_appellation_cible>
<code_appellation_cible>13365</code_appellation_cible>
<libelle_appellation_cible>Conseiller commercial / Conseill&#0232;re commerciale en d&#0233;m&#0233;nagement</libelle_appellation_cible>
</liste_appellation_cible>
</item_mob_ev>
<item_mob_ev><code_type_mobilite>2</code_type_mobilite>
<liste_appellation_source>
<code_appellation_source>0</code_appellation_source>
<libelle_appellation_source>Toutes les appellations</libelle_appellation_source>
</liste_appellation_source>
<code_rome_cible>N1104</code_rome_cible>
<libelle_rome_cible>Manoeuvre et conduite d&#0039;engins lourds de manutention</libelle_rome_cible>
<liste_appellation_cible>
<code_appellation_cible>0</code_appellation_cible>
<libelle_appellation_cible>Toutes les appellations</libelle_appellation_cible>
</liste_appellation_cible>
</item_mob_ev>
<item_mob_ev><code_type_mobilite>2</code_type_mobilite>
<liste_appellation_source>
<code_appellation_source>0</code_appellation_source>
<libelle_appellation_source>Toutes les appellations</libelle_appellation_source>
<code_appellation_source>0</code_appellation_source>
<libelle_appellation_source> </libelle_appellation_source>
<code_appellation_source>0</code_appellation_source>
<libelle_appellation_source> </libelle_appellation_source>
</liste_appellation_source>
<code_rome_cible>N1303</code_rome_cible>
<libelle_rome_cible>Intervention technique d&#0039;exploitation logistique</libelle_rome_cible>
<liste_appellation_cible>
<code_appellation_cible>12455</code_appellation_cible>
<libelle_appellation_cible>Chef d&#0039;&#0233;quipe en entrep&#0244;t</libelle_appellation_cible>
<code_appellation_cible>19746</code_appellation_cible>
<libelle_appellation_cible>Technicien / Technicienne de d&#0233;p&#0244;t garde-meubles</libelle_appellation_cible>
<code_appellation_cible>20184</code_appellation_cible>
<libelle_appellation_cible>Technicien / Technicienne logistique entrep&#0244;t</libelle_appellation_cible>
</liste_appellation_cible>
</item_mob_ev>
<item_mob_ev><code_type_mobilite>2</code_type_mobilite>
<liste_appellation_source>
<code_appellation_source>0</code_appellation_source>
<libelle_appellation_source>Toutes les appellations</libelle_appellation_source>
</liste_appellation_source>
<code_rome_cible>N4201</code_rome_cible>
<libelle_rome_cible>Direction d&#0039;exploitation des transports routiers de marchandises</libelle_rome_cible>
<liste_appellation_cible>
<code_appellation_cible>12348</code_appellation_cible>
<libelle_appellation_cible>Chef de service d&#0233;m&#0233;nagement</libelle_appellation_cible>
</liste_appellation_cible>
</item_mob_ev>
<item_mob_ev><code_type_mobilite>2</code_type_mobilite>
<liste_appellation_source>
<code_appellation_source>0</code_appellation_source>
<libelle_appellation_source>Toutes les appellations</libelle_appellation_source>
</liste_appellation_source>
<code_rome_cible>N4203</code_rome_cible>
<libelle_rome_cible>Intervention technique d&#0039;exploitation des transports routiers de marchandises</libelle_rome_cible>
<liste_appellation_cible>
<code_appellation_cible>0</code_appellation_cible>
<libelle_appellation_cible>Toutes les appellations</libelle_appellation_cible>
</liste_appellation_cible>
</item_mob_ev>
</mobilites_si_evolution>
</bloc_mobilites>
</fiche_emploi_metier>